Sample,True Label,Pred Label,Correct,Prob_0,Prob_100,Prob_500,Prob_1000,Prob_1500,Prob_2000
0,0,500,0,0.38843235,7.651425e-09,0.5989921,0.0035816536,0.008993968,4.2751214e-10
1,0,0,1,0.625517,5.9488745e-18,0.37445235,1.5913736e-05,1.4792944e-05,1.16269e-19
2,0,500,0,0.43396714,5.3178206e-10,0.5392941,0.01143745,0.01530131,2.5802149e-11
3,0,0,1,0.6377333,1.0493024e-12,0.3614868,0.00048021338,0.00029976023,2.1679766e-14
4,0,0,1,0.54274684,3.067328e-06,0.2191085,0.16121928,0.076922335,8.372579e-08
5,0,500,0,0.30056298,5.073174e-07,0.56760377,0.030809795,0.101022914,2.3769859e-08
6,0,0,1,0.611246,5.754202e-10,0.38331425,0.0026581462,0.002781629,6.8504117e-12
7,0,500,0,0.45784053,4.23323e-06,0.47371042,0.023070414,0.04537435,1.2450747e-07
8,0,500,0,0.443253,7.720431e-09,0.54714125,0.004941336,0.004664412,1.1152713e-09
9,0,0,1,0.54627585,7.847723e-14,0.4535656,5.8850528e-05,9.964635e-05,1.1477421e-15
10,0,0,1,0.57187253,5.6439033e-12,0.4274385,0.0003266558,0.00036232232,1.1724364e-13
11,0,500,0,0.14669065,1.6390394e-06,0.66876835,0.10413901,0.08039882,1.5244228e-06
12,0,500,0,0.43225083,2.6261375e-07,0.43804106,0.049217764,0.0804901,1.738288e-08
13,0,500,0,0.4505183,8.0526075e-10,0.5348882,0.0067043575,0.007889172,1.3262147e-10
14,0,500,0,0.25947076,0.00026424738,0.45700613,0.09272298,0.19050784,2.7948825e-05
15,0,0,1,0.5248245,2.0543748e-06,0.31522852,0.0866013,0.07334354,3.2456406e-08
16,0,500,0,0.2826544,1.735223e-08,0.62790513,0.022598559,0.06684187,5.3133986e-10
17,0,0,1,0.5866004,1.3070651e-14,0.412363,0.00053715735,0.00049946195,2.0892118e-16
18,0,0,1,0.76539576,4.2299452e-18,0.23457175,2.7391461e-05,5.1376846e-06,3.558017e-19
19,0,500,0,0.27914932,5.966303e-08,0.54057336,0.07631678,0.1039605,8.001125e-09
20,0,0,1,0.6140729,2.494822e-08,0.34089744,0.021437794,0.02359188,2.3618676e-10
21,0,500,0,0.34502012,6.9552925e-08,0.51171803,0.063815415,0.07944637,7.886646e-09
22,0,0,1,0.7067708,7.969769e-12,0.28472123,0.0055665383,0.0029414466,7.589555e-14
23,0,500,0,0.48809844,2.5655221e-11,0.50609064,0.0029830385,0.0028278755,2.7508276e-12
24,0,500,0,0.46250486,1.0355011e-12,0.53667957,0.00029800177,0.0005175826,1.0055845e-13
25,0,500,0,0.31999445,2.2011452e-08,0.607314,0.0217978,0.050893757,1.6444633e-09
26,0,0,1,0.48083505,1.4358709e-06,0.40858155,0.054479565,0.056102425,3.468892e-08
27,0,0,1,0.5654379,4.0316413e-12,0.4333166,0.00061254844,0.00063284504,4.3093323e-14
28,0,1500,0,0.13524191,0.00026143185,0.2097168,0.19480485,0.4599593,1.5735377e-05
29,0,1500,0,0.020623824,0.00034018687,0.081397004,0.24307875,0.6545076,5.265263e-05
30,0,500,0,0.38719732,7.3208173e-10,0.60341555,0.0036070335,0.00578011,1.2964745e-10
31,0,0,1,0.56585586,7.9714816e-08,0.302246,0.08029954,0.05159859,3.7168733e-09
32,0,0,1,0.6664732,5.4890453e-10,0.32676974,0.0041360008,0.002621086,1.5131318e-11
33,0,0,1,0.5163452,2.2265958e-09,0.4727609,0.0050350837,0.0058588022,8.282856e-11
34,0,1500,0,0.12752444,0.0014220669,0.008497086,0.23006195,0.63248897,5.5318624e-06
35,0,0,1,0.5927679,1.6846451e-07,0.31708795,0.05406369,0.036080327,1.2214997e-08
36,0,500,0,0.43849167,1.378133e-10,0.5446469,0.008250054,0.008611256,1.2778551e-11
37,0,0,1,0.8159985,1.7204135e-10,0.0826334,0.0815515,0.019816622,7.881113e-13
38,0,0,1,0.91890615,2.8636306e-15,0.06747748,0.013010699,0.0006056587,8.993398e-17
39,0,0,1,0.41710204,1.5150913e-07,0.34465685,0.1604473,0.07779359,9.093591e-09
40,0,0,1,0.52167624,3.0965094e-10,0.42283288,0.026543546,0.028947318,7.661369e-12
41,0,0,1,0.9918417,5.166105e-22,0.0062065106,0.0019422973,9.536032e-06,3.6963411e-25
42,0,0,1,0.6077015,6.1616077e-09,0.26948845,0.06569286,0.057117227,7.9274386e-11
43,0,0,1,0.44020015,1.4715566e-07,0.22914304,0.16603836,0.16461833,1.8967103e-09
44,0,0,1,0.7147583,1.4655731e-12,0.2736576,0.007198714,0.004385471,1.6930449e-14
45,0,0,1,0.5078746,4.322752e-11,0.38681692,0.046786975,0.058521435,2.995835e-12
46,0,0,1,0.8020911,1.9652043e-12,0.18210447,0.012443679,0.0033607613,3.8869132e-14
47,0,0,1,0.47573012,7.262683e-09,0.44510585,0.031467598,0.047696464,1.9600137e-10
48,0,0,1,0.6187395,2.3020723e-08,0.2684056,0.07767084,0.03518402,4.6314813e-10
49,0,0,1,0.78250253,4.3819598e-10,0.11238537,0.07952842,0.025583712,2.0149488e-12
50,0,0,1,0.5566622,2.9597908e-12,0.4405291,0.001273067,0.0015356544,3.6869894e-13
51,0,0,1,0.6551032,3.7488018e-10,0.14352678,0.121220805,0.08014911,9.98446e-13
52,0,0,1,0.75536996,7.753637e-13,0.22903624,0.010821284,0.0047723777,1.88782e-14
53,0,0,1,0.508778,5.3372573e-09,0.4531322,0.023238176,0.014851693,5.173321e-10
54,0,0,1,0.5440815,5.299181e-12,0.45392215,0.00090397254,0.0010924155,1.9235156e-13
55,0,0,1,0.50295126,5.335293e-09,0.3801497,0.04807714,0.06882202,8.258571e-11
56,0,0,1,0.6456222,3.1346037e-06,0.119989455,0.15310225,0.081282966,1.3527844e-08
57,0,0,1,0.5557562,8.264631e-09,0.27792177,0.119313255,0.04700884,2.5190308e-10
58,0,0,1,0.8012288,5.7555227e-09,0.031926457,0.14102232,0.02582236,9.737495e-12
59,0,0,1,0.4373788,3.1613268e-07,0.027306674,0.3694134,0.16590083,1.1298458e-09
60,0,0,1,0.67873204,4.7398512e-08,0.14338891,0.11547992,0.062399115,2.197546e-10
61,0,0,1,0.4292848,1.2810515e-06,0.12556684,0.16824724,0.27689987,7.179848e-09
62,0,1500,0,0.112681165,0.0048038717,0.028713146,0.1761363,0.67760766,5.782e-05
63,0,1000,0,0.16053857,3.0624212e-09,0.00014146173,0.82934004,0.009979937,2.2654796e-11
64,0,0,1,0.7859023,6.4970154e-13,0.008836772,0.19742468,0.007836338,1.0968889e-15
65,0,0,1,0.66769207,8.911536e-14,0.0034617693,0.31266248,0.016183648,1.7489428e-16
66,0,0,1,0.5275746,1.97465e-12,0.001777434,0.46245542,0.008192568,5.312626e-15
67,0,0,1,0.7050419,1.6087041e-10,0.118234016,0.14406866,0.032655414,2.0885609e-12
68,0,1000,0,0.45614618,1.1906772e-12,0.0011372457,0.53785586,0.0048606982,7.051831e-15
69,0,1000,0,0.2642092,3.1979353e-11,0.00016335976,0.72426057,0.0113669,2.6579216e-14
70,0,1000,0,0.17320809,6.03868e-11,0.00037634114,0.8063536,0.02006192,1.5894613e-13
71,0,1000,0,0.3074117,1.7496686e-11,0.0009988332,0.6801111,0.011478314,8.679637e-14
72,0,1000,0,0.10930367,1.9827892e-10,0.0045052595,0.813252,0.072939105,3.6198074e-12
73,0,1000,0,0.24974792,8.4492274e-11,0.0016553187,0.7278588,0.02073793,9.207963e-13
74,0,1000,0,0.25959647,3.7027373e-10,0.0012981066,0.70448434,0.03462103,1.3757213e-12
75,0,0,1,0.5167536,2.9636486e-12,0.0114066275,0.43405184,0.037787944,1.8290872e-14
76,0,1000,0,0.22489335,8.380102e-11,0.017647434,0.66899055,0.08846863,2.7258137e-12
77,0,1000,0,0.2868025,2.6495226e-09,0.007599105,0.61608905,0.08950934,3.4610873e-11
78,0,0,1,0.6877295,7.932037e-13,0.0012112865,0.3014047,0.009654474,1.0606593e-15
79,0,0,1,0.7336318,3.0641623e-10,0.044538993,0.18133503,0.04049421,9.581928e-13
80,0,1500,0,0.3572047,0.002198388,0.17648463,0.06509021,0.39902005,2.028564e-06
81,0,0,1,0.6736208,7.353135e-08,0.26907265,0.029883549,0.027422907,1.4648864e-10
82,0,0,1,0.5301938,1.5195869e-07,0.4213233,0.02089277,0.027590018,1.0876684e-09
83,0,0,1,0.48783064,5.023066e-07,0.43852806,0.023321994,0.05031879,1.314687e-09
84,0,1500,0,0.22384946,0.00010863074,0.106887445,0.19933379,0.46981996,8.3007853e-07
85,0,0,1,0.55590224,4.6471683e-07,0.09842736,0.19934621,0.14632365,4.254793e-09
86,0,0,1,0.54550236,9.670392e-08,0.41174918,0.016447078,0.02630134,7.708394e-10
87,0,0,1,0.6933653,7.2879733e-09,0.2590659,0.024015961,0.023552783,2.0308713e-11
88,0,500,0,0.2886161,4.9172677e-06,0.35716942,0.058560327,0.2956492,4.1784354e-08
89,0,500,0,0.40870497,1.7112324e-08,0.5790978,0.00301362,0.009183561,5.0683385e-10
90,0,0,1,0.55260366,1.4990465e-12,0.4470495,0.00016825586,0.0001785479,5.157818e-14
91,0,0,1,0.4767077,3.686934e-05,0.44223598,0.010827234,0.07019223,3.274569e-08
92,0,500,0,0.4621908,1.4272717e-09,0.5305489,0.0017809717,0.005479348,1.2479589e-11
93,0,0,1,0.6154565,4.8477073e-06,0.28879464,0.03378849,0.06195551,4.9287014e-09
94,0,500,0,0.3798757,6.1898895e-09,0.6078695,0.0030036613,0.009251068,7.297291e-11
95,0,0,1,0.49630642,1.0700426e-05,0.3836579,0.029062074,0.09096284,5.083039e-08
96,0,500,0,0.388193,2.0882153e-15,0.6117034,1.9506737e-05,8.397865e-05,4.9020086e-17
97,0,0,1,0.57707137,1.5938295e-10,0.41880485,0.0018800844,0.0022436362,3.1316898e-12
98,0,0,1,0.56218994,5.0441656e-10,0.41219163,0.0076595135,0.017958896,1.5901608e-12
99,0,500,0,0.30730394,0.00011710564,0.3393024,0.07673857,0.27653575,2.2713377e-06
100,0,0,1,0.51924086,9.709129e-14,0.48028594,0.00019134683,0.00028188544,2.3839622e-14
101,0,0,1,0.7182157,5.317187e-16,0.28154406,0.00016639035,7.386287e-05,4.6157017e-18
102,0,0,1,0.62475944,1.5685426e-16,0.37509543,7.0854825e-05,7.430162e-05,1.5917232e-18
103,0,0,1,0.5507733,4.3468535e-14,0.44889617,0.00017121663,0.00015921307,4.544509e-15
104,0,0,1,0.37174615,4.726832e-07,0.21958838,0.20367603,0.20498891,1.8221987e-08
105,0,0,1,0.58793896,5.164357e-11,0.3996178,0.0069855438,0.0054577454,1.9446875e-12
106,0,0,1,0.7657962,1.4316591e-19,0.23414117,4.7995472e-05,1.4622906e-05,1.9041132e-20
107,0,500,0,0.29511884,9.247637e-11,0.69508505,0.0031799253,0.006616188,2.5261484e-11
108,0,500,0,0.4774551,3.0303315e-13,0.5159304,0.0018603735,0.004754104,1.8169621e-15
109,0,500,0,0.26304156,7.0675683e-09,0.71677583,0.0056362334,0.014546368,1.8294005e-09
110,0,500,0,0.41734728,1.606702e-10,0.5768616,0.002642357,0.0031487255,3.8217148e-11
111,0,0,1,0.71384454,9.392148e-10,0.26192555,0.014374965,0.009854883,2.823181e-11
112,0,500,0,0.37944087,2.609784e-09,0.6093749,0.004212557,0.0069716843,3.3010886e-10
113,0,0,1,0.6295344,2.0818003e-13,0.36969143,0.0004349076,0.00033928768,7.530607e-15
114,0,0,1,0.6018748,7.903666e-20,0.39811823,2.4954343e-06,4.443555e-06,2.4794858e-21
115,0,500,0,0.12936437,7.803113e-10,0.8504363,0.0075915568,0.012607799,1.5496366e-09
116,0,500,0,0.38132855,8.4304254e-13,0.61596274,0.0016064065,0.0011023027,1.196289e-12
117,0,0,1,0.52396286,5.609621e-14,0.47598588,1.5382326e-05,3.5889963e-05,3.961436e-16
118,0,0,1,0.77962166,3.5392674e-24,0.22037832,8.07994e-08,3.1126593e-08,2.857789e-25
119,0,500,0,0.36775512,3.980005e-06,0.50841516,0.048816252,0.07500911,3.2816104e-07
120,0,0,1,0.6349642,2.2491644e-12,0.3639187,0.00058127916,0.0005359,2.5233178e-14
121,0,0,1,0.7574853,5.447083e-23,0.24251448,1.8809335e-07,8.022432e-08,3.413955e-23
122,0,500,0,0.38153362,1.1129326e-06,0.5967477,0.004769287,0.016948193,4.7593403e-08
123,0,0,1,0.5251679,6.618882e-12,0.47400576,0.00032791967,0.0004984127,9.066316e-13
124,0,0,1,0.5999523,5.4437394e-16,0.39992163,7.244048e-05,5.3650994e-05,1.6771214e-16
125,0,0,1,0.8184209,7.19347e-25,0.18157902,9.623559e-08,1.9526869e-08,8.530343e-25
126,0,0,1,0.60426307,5.6462293e-15,0.395688,2.3612783e-05,2.5313086e-05,4.2460758e-16
127,0,500,0,0.40199277,8.242735e-09,0.59070206,0.0013103578,0.0059948657,4.0509936e-11
128,0,500,0,0.39810017,1.87833e-11,0.6008302,0.00026003394,0.00080957275,1.0010113e-12
129,0,0,1,0.5227088,9.173619e-15,0.47712332,6.766199e-05,0.00010026235,1.7011035e-15
130,0,0,1,0.74350613,9.601306e-22,0.25649175,1.6291148e-06,5.69775e-07,5.475879e-22
131,0,0,1,0.7321937,4.741907e-21,0.267805,9.56479e-07,3.7673598e-07,3.0626798e-21
132,0,0,1,0.57774776,9.195402e-17,0.4222433,4.075068e-06,4.896171e-06,3.4155255e-18
133,0,0,1,0.52745193,1.1708799e-11,0.47167715,0.00040427738,0.00046667166,1.0042051e-12
134,0,500,0,0.36227497,1.1922144e-09,0.62832403,0.002074836,0.007326105,6.310375e-11
135,0,0,1,0.6801212,6.5547723e-09,0.30581543,0.006086252,0.007977121,1.9319721e-11
136,0,0,1,0.61604947,8.322206e-15,0.38391098,2.0199916e-05,1.9288922e-05,7.518856e-16
137,0,500,0,0.41292652,7.768548e-09,0.5563996,0.007991149,0.022682765,2.5516603e-10
138,0,0,1,0.5896922,3.3452844e-15,0.41028303,1.1444586e-05,1.331494e-05,2.1808064e-16
139,0,0,1,0.7148019,1.944207e-20,0.28519678,8.4724917e-07,4.226454e-07,2.8063607e-21
140,0,0,1,0.52234936,1.2523052e-08,0.47208676,0.001753769,0.0038101373,4.6120088e-10
141,0,500,0,0.30133533,3.513705e-07,0.6361085,0.021584235,0.04097148,3.6127737e-08
142,0,500,0,0.3582331,2.3029445e-09,0.63116795,0.003084433,0.0075145434,2.9297256e-10
143,0,500,0,0.39562646,1.8023232e-11,0.60246146,0.0003918172,0.0015202707,5.863417e-13
144,0,0,1,0.5033279,1.15076795e-14,0.49629375,0.00015586743,0.00022248387,5.91405e-15
145,0,0,1,0.6204485,2.224617e-15,0.37950686,2.7073453e-05,1.7606417e-05,1.5195583e-16
146,0,1500,0,0.03601707,1.9921628e-05,0.012659825,0.3668239,0.5844782,1.0529056e-06
147,0,1000,0,0.095649116,0.0021673895,0.008845069,0.45154232,0.441705,9.1238486e-05
148,0,1500,0,0.22038803,0.0002546117,0.014561494,0.32211664,0.44267696,2.244823e-06
149,0,0,1,0.52307796,1.02487974e-07,0.10794272,0.24618058,0.122798584,1.8394675e-09
150,0,0,1,0.3385412,5.298812e-06,0.048356283,0.2964978,0.3165992,1.2627987e-07
151,0,1000,0,0.14698724,0.00043181083,0.005352848,0.5616568,0.28556168,9.6358835e-06
152,0,0,1,0.5645383,3.4225254e-06,0.046526566,0.26008174,0.1288499,8.4699344e-08
153,0,0,1,0.4281646,1.7105687e-06,0.06864766,0.26160172,0.2415842,5.7284005e-08
154,0,1500,0,0.026998488,0.000665723,0.06266283,0.34186727,0.5675427,0.00026303265
155,0,0,1,0.469179,3.0769537e-05,0.015485778,0.20651166,0.30879268,6.37025e-08
156,0,1500,0,0.17789197,0.0004221697,0.10058211,0.33142218,0.38964063,4.0930594e-05
157,0,1500,0,0.23990549,0.006696747,0.0097856065,0.33155712,0.4119134,0.00014160103
158,0,0,1,0.56396925,6.201534e-08,0.29367882,0.063841544,0.07851028,5.8100164e-10
159,0,1000,0,0.20931162,1.1263741e-05,0.040812578,0.4235135,0.32635066,4.1208594e-07
160,0,1500,0,0.042735636,5.116238e-05,0.07160844,0.18579306,0.6998073,4.4164685e-06
161,0,1500,0,0.3650738,4.6409852e-05,0.08175705,0.15623355,0.39688882,3.491472e-07
162,0,1000,0,0.40364996,2.1508415e-09,0.025922365,0.5108856,0.059541974,3.447043e-11
163,0,0,1,0.71404356,1.1869213e-09,0.037776556,0.23065226,0.01752768,1.03433035e-11
164,0,0,1,0.6406668,7.217773e-09,0.02571093,0.2623568,0.07126553,3.330947e-11
165,0,1000,0,0.20443091,5.605345e-07,0.019372318,0.66176426,0.11443196,2.0030809e-08
166,0,1000,0,0.25474072,1.9804526e-07,0.004163488,0.6057643,0.13533126,9.163569e-10
167,0,0,1,0.5434307,1.6701973e-08,0.03270503,0.36072612,0.06313811,1.662206e-10
168,0,0,1,0.66465586,5.274782e-10,0.011667376,0.26887378,0.054802977,1.4950359e-12
169,0,1000,0,0.20542835,8.6891696e-08,0.005789213,0.59967864,0.18910366,6.6377814e-10
170,0,0,1,0.51675427,0.0007344513,0.0767087,0.09709295,0.30870953,1.07336554e-07
171,0,0,1,0.6957672,3.9009848e-10,0.25944853,0.025343971,0.019440275,4.53217e-12
172,0,0,1,0.50434613,2.5674788e-07,0.00963404,0.31497577,0.17104371,2.905282e-10
173,0,1500,0,0.14045388,0.010064647,0.036107898,0.35164446,0.4612618,0.00046729328
174,0,0,1,0.62273115,1.6217139e-07,0.15635607,0.1267258,0.094186746,2.727056e-09
175,0,0,1,0.46547857,1.6848509e-06,0.10263727,0.2126866,0.21919592,1.4325307e-08
176,0,0,1,0.7335318,8.14641e-10,0.13791743,0.09201262,0.03653811,1.1567644e-11
177,0,0,1,0.41244844,4.0918477e-09,0.021990012,0.2462177,0.31934386,5.346742e-12
178,0,0,1,0.3505907,4.5370816e-06,0.027287072,0.27489066,0.347227,3.7631917e-08
179,0,0,1,0.5434873,7.288983e-08,0.3841512,0.025601674,0.046759814,6.815228e-10
180,0,500,0,0.33292377,3.7047977e-07,0.5924504,0.023352463,0.051273074,3.0865117e-08
181,0,500,0,0.29899022,0.0013407558,0.34219483,0.07781303,0.27959707,6.411296e-05
182,0,1500,0,0.10975052,0.004798485,0.18345559,0.2102604,0.49073544,0.0009996777
183,0,0,1,0.5022435,2.6843608e-08,0.3255894,0.03813986,0.13402733,2.7109686e-11
184,0,0,1,0.6061217,1.761457e-05,0.13890955,0.080741115,0.17420997,7.1004442e-09
185,0,0,1,0.45453697,1.6249202e-05,0.35906512,0.04375526,0.14262627,1.1915058e-07
186,0,0,1,0.40717953,5.9598015e-06,0.21827787,0.16940385,0.20513265,1.3160427e-07
187,0,0,1,0.4118826,0.00027530317,0.26908463,0.068683855,0.25007236,1.1578232e-06
188,0,500,0,0.2960745,0.0007904034,0.4249595,0.059729043,0.21842478,2.1813938e-05
189,0,1500,0,0.10169519,8.932937e-05,0.22187035,0.20294106,0.47339025,1.3804426e-05
190,0,1500,0,0.23582792,5.4405333e-05,0.18096302,0.17825653,0.40489653,1.6235572e-06
191,0,1500,0,0.27286154,0.01940885,0.08621258,0.12544923,0.49581477,0.00025308167
192,0,1500,0,0.20396051,0.0007684446,0.04687078,0.18778354,0.5606099,6.9133866e-06
193,0,0,1,0.54692286,2.540186e-07,0.0761521,0.18364643,0.19327827,1.0755998e-09
194,0,0,1,0.7934615,6.3115646e-12,0.20071274,0.0044072405,0.0014184911,3.296558e-14
195,0,1500,0,0.27606016,0.000113786,0.17728989,0.16479015,0.38174364,2.353859e-06
196,0,0,1,0.53901345,5.761732e-08,0.21515344,0.17950155,0.066331536,3.5317143e-09
197,0,0,1,0.622591,1.04759266e-07,0.1383248,0.16504888,0.07403532,2.2625173e-09
198,0,0,1,0.61263,1.1008807e-09,0.2903538,0.056325257,0.040690955,6.559602e-11
199,0,0,1,0.5988874,4.747873e-09,0.07005426,0.2436774,0.08738097,3.3946568e-11
200,0,0,1,0.44116706,1.1479447e-07,0.11372533,0.29310545,0.152002,1.9966626e-09
201,0,1500,0,0.080773115,5.784958e-05,0.10788379,0.24713124,0.5641495,4.4841568e-06
202,0,0,1,0.46115932,7.3056964e-07,0.39578363,0.03610276,0.10695358,6.445409e-09
203,0,0,1,0.5572797,1.1653043e-05,0.28840932,0.05926003,0.095039345,6.157629e-08
204,0,0,1,0.50592256,6.008143e-11,0.49322212,0.0002901507,0.0005651856,9.0796766e-13
205,0,1500,0,0.1477979,0.00033814524,0.23547255,0.12616627,0.4902021,2.2986791e-05
206,0,0,1,0.6392321,2.8526096e-11,0.353737,0.0030268098,0.0040040496,3.0550507e-14
207,0,0,1,0.5240239,0.00029835763,0.25614116,0.059411205,0.16012494,4.7865086e-07
208,0,1500,0,0.1467812,0.0027077482,0.11585544,0.18105271,0.5534769,0.00012592757
209,0,1500,0,0.33695158,0.021245578,0.17450862,0.090216756,0.3766851,0.00039239996
210,0,0,1,0.79855895,9.698922e-12,0.027488798,0.14723733,0.026714966,1.5572355e-14
211,0,1000,0,0.31379494,1.686362e-05,0.058918383,0.45791054,0.1693585,7.953311e-07
212,0,0,1,0.8229721,6.639451e-11,0.021626286,0.1260517,0.029349929,2.9459077e-14
213,0,0,1,0.5362875,2.128348e-08,0.30914155,0.08546871,0.06910226,2.9178618e-10
214,0,0,1,0.5407566,1.733959e-08,0.22051118,0.1616466,0.077085584,4.2297676e-10
215,0,0,1,0.44052997,1.4598971e-08,0.24774006,0.21372578,0.098004214,5.094759e-10
216,0,0,1,0.682545,2.1840519e-08,0.05068042,0.21989301,0.04688156,1.6176857e-10
217,0,0,1,0.7660262,1.2381085e-11,0.03144202,0.16591144,0.03662034,8.880206e-14
218,0,1500,0,0.2926117,2.7601434e-05,0.057992917,0.21332426,0.43604335,2.1381989e-07
219,0,0,1,0.5986092,4.1197632e-07,0.12480329,0.18521045,0.0913767,2.279008e-09
220,0,1000,0,0.22384273,8.6401286e-07,0.06596263,0.48403963,0.22615412,6.915891e-08
221,0,0,1,0.54909086,5.706222e-07,0.3584952,0.05285993,0.03955346,1.3676483e-08
222,0,1500,0,0.17590874,5.3364633e-06,0.065557234,0.19072253,0.5678061,4.2204313e-08
223,0,0,1,0.5565665,2.216475e-05,0.058136117,0.16481248,0.22046278,2.3697453e-08
224,0,500,0,0.18546179,5.9348245e-06,0.35747674,0.107022196,0.35003325,1.1977258e-07
225,0,0,1,0.5904396,5.40369e-08,0.29477227,0.04691542,0.067872584,2.8355163e-09
226,0,0,1,0.6678424,2.5549497e-08,0.14461611,0.13007559,0.05746595,6.031101e-10
227,0,0,1,0.60732067,1.4637735e-09,0.21418205,0.13796651,0.04053079,4.8762026e-11
228,0,0,1,0.5324649,7.996701e-08,0.21612734,0.13832836,0.11307932,1.138639e-09
229,0,0,1,0.5346852,5.68143e-10,0.30593595,0.10686796,0.052510906,4.1776353e-11
230,0,0,1,0.74381435,3.14366e-10,0.0922267,0.13876192,0.025197001,3.279684e-12
231,0,0,1,0.63846123,1.7546582e-09,0.12662314,0.15867089,0.076244794,3.0283474e-11
232,0,0,1,0.45464182,4.5359734e-08,0.04486212,0.4219665,0.07852951,7.801329e-10
233,0,0,1,0.7346839,2.9529698e-08,0.13175835,0.10332771,0.030230138,1.9535723e-10
234,0,0,1,0.63365334,1.3606408e-09,0.22829017,0.09776861,0.04028785,2.5400607e-11
235,0,0,1,0.77370137,1.0886426e-12,0.213972,0.008803484,0.0035232226,4.3154584e-15
236,0,0,1,0.66489947,1.2460698e-13,0.33405071,0.00051804597,0.00053176505,3.0754962e-15
237,0,0,1,0.5980143,7.7745113e-07,0.08417399,0.16734976,0.15046121,3.002568e-09
238,0,500,0,0.23542958,2.6737977e-08,0.65056014,0.030169822,0.08384041,9.0835234e-10
239,0,0,1,0.5378811,5.0667244e-09,0.44851947,0.0068598404,0.0067396136,9.755801e-11
240,0,0,1,0.8745252,1.0352392e-08,0.06123211,0.052776527,0.011466204,3.454646e-12
241,0,0,1,0.8786514,3.2464206e-13,0.04784598,0.06738036,0.006122266,9.467492e-16
242,0,0,1,0.85340303,9.022535e-17,0.1454432,0.0009752397,0.00017855223,1.4694249e-18
243,0,1000,0,0.1323251,3.2471958e-06,0.011295543,0.5571953,0.2991807,5.4105968e-08
244,0,0,1,0.53616834,4.768085e-10,0.090289466,0.31448686,0.059055272,9.411682e-12
245,0,0,1,0.7025529,4.0031983e-10,0.1975227,0.06790264,0.03202179,3.2642474e-12
246,0,0,1,0.686248,3.724397e-12,0.01805933,0.24049321,0.05519941,1.0324981e-14
247,0,0,1,0.6041657,3.2661487e-09,0.10982248,0.18368798,0.102323934,2.389727e-11
248,0,0,1,0.75650734,2.3584112e-12,0.0127144605,0.21943228,0.011345856,2.1189838e-15
249,0,0,1,0.48530492,1.9208697e-10,0.22462904,0.20543896,0.084627055,3.764199e-12
250,0,0,1,0.8596077,6.062241e-13,0.02367909,0.10590884,0.010804344,3.617317e-15
251,0,0,1,0.93815136,8.4736165e-16,0.010500184,0.047148567,0.0041999435,7.7357264e-19
252,0,0,1,0.7518143,1.26853025e-11,0.059160553,0.16471128,0.02431378,2.0805371e-13
253,0,0,1,0.8738775,5.7671576e-13,0.041543275,0.07584959,0.008729629,1.9562779e-15
254,0,500,0,0.28918454,1.0769116e-11,0.5382501,0.059243176,0.11332219,4.377702e-13
255,0,0,1,0.6847542,4.095374e-11,0.072526105,0.2136178,0.02910187,1.0971156e-12
256,0,0,1,0.44404465,8.9419785e-08,0.14610882,0.27579328,0.13405325,2.4103175e-09
257,0,1500,0,0.23056199,0.0049029253,0.0371322,0.33302686,0.39428103,9.50553e-05
258,0,0,1,0.60017806,8.700051e-09,0.14728539,0.1408886,0.11164793,1.06375395e-10
259,0,0,1,0.81742275,1.5344902e-11,0.078773215,0.08787498,0.015928993,9.115923e-14
260,0,0,1,0.8387536,2.8065755e-12,0.050341807,0.09122562,0.019678986,1.058272e-14
261,0,0,1,0.76889074,1.8819439e-14,0.22933808,0.001445079,0.00032599227,4.7254835e-16
262,0,0,1,0.7077747,3.2988845e-10,0.20365635,0.06404243,0.024526507,9.663475e-12
263,0,0,1,0.49122185,7.8122966e-08,0.21314193,0.17870322,0.116932966,1.3270268e-09
264,0,0,1,0.66900253,3.4054264e-09,0.26588163,0.041483868,0.023631955,1.5869648e-11
265,0,0,1,0.50076175,1.9732093e-08,0.40168706,0.05648881,0.041062396,2.728187e-09
266,0,0,1,0.6347509,5.7532454e-11,0.35303444,0.00857582,0.003638894,4.6777274e-12
267,0,0,1,0.6638503,4.2302867e-12,0.33130166,0.00300279,0.0018451702,1.9001458e-13
268,0,1500,0,0.2950089,1.203706e-07,0.1998138,0.13154119,0.37363604,1.9476218e-09
269,0,0,1,0.80592275,4.0094435e-11,0.16520375,0.02085607,0.00801739,1.744436e-13
270,0,0,1,0.6752173,5.682076e-11,0.31613103,0.005510006,0.0031416556,3.204862e-12
271,0,0,1,0.4624262,1.0171982e-08,0.2589436,0.1171649,0.16146533,2.1209308e-10
272,0,500,0,0.41644862,2.4966912e-11,0.5703698,0.0056485943,0.0075329742,6.278306e-12
273,0,0,1,0.55905396,7.1913027e-09,0.35302678,0.049783062,0.03813624,9.932574e-11
274,0,0,1,0.44394,1.7477481e-07,0.05478517,0.38482556,0.11644903,2.7777023e-09
275,0,0,1,0.75826573,2.673903e-13,0.24057427,0.00076521485,0.0003948423,6.9947245e-16
276,0,0,1,0.95746034,1.1946287e-14,0.016203558,0.024831835,0.0015043971,2.001882e-18
277,0,1500,0,0.13339634,1.9584165e-06,0.25296545,0.13765042,0.47598568,7.8402586e-08
278,0,500,0,0.11729312,3.99687e-06,0.51759696,0.12126885,0.24383445,2.581573e-06
279,0,0,1,0.7632792,7.888723e-11,0.22277416,0.010207913,0.0037386685,1.089884e-12
280,0,0,1,0.6842788,4.1766907e-10,0.28438973,0.019095123,0.012236327,1.2375267e-11
281,0,0,1,0.5775161,6.7420586e-07,0.11342347,0.23907079,0.06998896,7.9847595e-09
282,0,500,0,0.4049325,5.7730676e-07,0.50121236,0.054494493,0.039360028,9.996445e-08
283,0,0,1,0.6239541,8.162018e-13,0.37397102,0.0013529982,0.0007218699,7.5322764e-14
284,0,0,1,0.62222457,7.374074e-13,0.37443706,0.0020671445,0.0012712902,2.5370231e-14
285,0,0,1,0.8082108,2.6659672e-10,0.096186824,0.07662162,0.018980786,3.864319e-12
286,0,0,1,0.5484424,2.8968387e-08,0.37362558,0.046542775,0.031389315,7.623068e-10
287,0,0,1,0.6014334,2.5019256e-07,0.14726135,0.17231353,0.07899145,4.337145e-09
288,0,0,1,0.58936995,0.00020356358,0.26086572,0.055709552,0.09385096,3.2124657e-07
289,0,500,0,0.27746555,4.2905057e-09,0.69650036,0.010422074,0.015612007,3.4521639e-09
290,0,500,0,0.49013934,7.8583e-13,0.50879765,0.00038009125,0.0006828935,1.9260814e-14
291,0,0,1,0.43341744,1.12276815e-07,0.4024086,0.06503817,0.09913566,3.4289078e-09
292,0,500,0,0.4493809,5.255683e-09,0.54010063,0.0035955405,0.0069229756,1.7147946e-10
293,0,0,1,0.39747706,0.000113858056,0.22525004,0.11135492,0.26580176,2.4058852e-06
294,0,500,0,0.27428684,2.2698772e-05,0.44422382,0.1331084,0.14835472,3.4944603e-06
295,0,0,1,0.7011563,5.517785e-20,0.2988389,2.9217822e-06,1.8484373e-06,3.477328e-21
296,0,0,1,0.5573924,4.8158543e-14,0.4422858,0.0001652315,0.00015653535,2.2424088e-15
297,0,0,1,0.6169952,3.5272156e-18,0.3829889,9.079232e-06,6.9269577e-06,1.261473e-18
298,0,0,1,0.7175223,1.4181836e-22,0.2824772,3.2954955e-07,1.8342003e-07,5.6918957e-24
299,0,0,1,0.7344158,1.2803783e-23,0.26558402,8.8889934e-08,5.864954e-08,7.1444485e-25
300,0,500,0,0.48525178,3.4213242e-12,0.51461154,4.2189648e-05,9.447992e-05,8.350095e-14
301,0,500,0,0.28494626,1.1215818e-06,0.6468447,0.02472953,0.043478195,2.474507e-07
302,0,0,1,0.75364894,4.089624e-20,0.24634288,6.046398e-06,2.1358912e-06,1.089495e-20
303,0,500,0,0.48678738,2.2526154e-09,0.50354224,0.004030947,0.0056393784,1.2555874e-10
304,0,0,1,0.7275588,3.5239226e-18,0.27228206,0.000118756594,4.039981e-05,9.5211894e-20
305,0,0,1,0.67689735,1.3709009e-15,0.32262385,0.00030895433,0.00016988754,2.5797699e-16
306,0,0,1,0.53100896,1.1181126e-13,0.46565104,0.0018191488,0.0015208257,1.0466374e-14
307,0,0,1,0.3977636,1.2081985e-09,0.30187604,0.09460952,0.20575076,8.443623e-12
308,0,0,1,0.48402765,1.7479399e-09,0.42574006,0.027292548,0.06293968,3.0460027e-11
309,0,0,1,0.71676755,2.2860886e-25,0.2832321,1.8459741e-07,1.6216572e-07,2.5751837e-27
310,0,0,1,0.5660758,6.7573375e-15,0.4335612,0.00018320802,0.00017982097,4.906047e-16
311,0,500,0,0.09910055,7.0682568e-06,0.5595306,0.08728437,0.2540749,2.470618e-06
312,0,0,1,0.5404475,3.1062102e-13,0.456722,0.0017452089,0.0010853474,3.7186803e-14
313,0,0,1,0.66798663,1.1046272e-14,0.3314444,0.00032050163,0.00024842474,1.156301e-16
314,0,500,0,0.3255595,1.7674846e-06,0.4387463,0.07358835,0.16210411,3.336903e-08
315,0,0,1,0.67718756,6.61849e-08,0.090931475,0.16593874,0.06594213,5.378131e-10
316,0,0,1,0.6988991,1.1167347e-16,0.3004814,0.0003786713,0.00024082737,1.9277328e-18
317,0,0,1,0.68623,9.4528e-13,0.30752978,0.004100465,0.002139669,3.4160873e-14
318,0,0,1,0.58692724,1.6749185e-10,0.38942772,0.014485051,0.009160018,1.6461789e-11
319,0,0,1,0.6609106,4.4789095e-07,0.14901617,0.070855506,0.119217165,5.279909e-10
320,0,0,1,0.892158,4.733051e-15,0.08718935,0.016519567,0.0041331486,9.461887e-18
321,0,0,1,0.772103,7.354595e-24,0.22789522,1.279028e-06,4.934823e-07,2.12752e-25
322,0,0,1,0.74324095,2.4714018e-12,0.25243503,0.002355435,0.0019685999,2.1565921e-14
323,0,0,1,0.64803725,1.6830558e-15,0.35115165,0.0004349264,0.00037611395,6.5184016e-17
324,0,0,1,0.74743134,1.4284173e-12,0.246895,0.0031322518,0.0025413947,6.3310415e-15
325,0,0,1,0.62648475,8.183674e-20,0.37349653,9.182949e-06,9.53838e-06,2.7781893e-21
326,0,0,1,0.69552064,1.8508186e-13,0.30352116,0.0006691005,0.00028903334,1.5195226e-14
327,0,500,0,0.18183066,4.2550546e-05,0.45116216,0.08919635,0.27776185,6.441294e-06
328,0,0,1,0.69873166,2.0036655e-15,0.3007501,0.00036227098,0.00015597539,6.936614e-17
329,0,500,0,0.42135546,3.0535616e-10,0.57619023,0.0006491617,0.0018051532,9.010274e-12
330,0,500,0,0.44863194,3.840086e-10,0.5492381,0.0007760948,0.0013539568,2.5032747e-11
331,0,500,0,0.45033532,1.2254016e-11,0.5485783,0.0004066458,0.00067979016,2.6018896e-12
332,0,0,1,0.60647815,1.5110024e-17,0.3934516,3.294177e-05,3.7322043e-05,2.3221602e-19
333,0,500,0,0.45967692,8.2486755e-09,0.53509265,0.0014308129,0.0037996871,2.403258e-10
334,0,500,0,0.10559378,1.4434778e-05,0.64134544,0.09212126,0.16091542,9.664932e-06
335,0,500,0,0.41842556,3.766275e-06,0.54628074,0.0076053287,0.027684523,1.5512352e-07
336,0,0,1,0.56281465,3.6386578e-13,0.43698364,0.00010144536,0.00010028318,1.461274e-14
337,0,500,0,0.49830553,5.891373e-12,0.4998922,0.0008983646,0.00090396364,9.608784e-13
338,0,500,0,0.2794006,3.2357537e-08,0.6910507,0.008767355,0.02078132,5.8728395e-09
339,0,0,1,0.52441585,2.5178529e-14,0.47548914,3.261872e-05,6.233967e-05,1.3221881e-16
340,0,500,0,0.45494846,2.0039816e-12,0.54454434,0.0001661445,0.0003410703,1.239073e-13
341,0,1500,0,0.07772286,0.0012931665,0.12637204,0.30558318,0.48882738,0.0002013424
342,0,500,0,0.36666033,3.86483e-10,0.6273064,0.0020124398,0.0040207934,2.8691124e-11
343,0,0,1,0.65077037,7.140082e-19,0.34922835,7.2308114e-07,5.6832204e-07,1.4749567e-20
344,0,0,1,0.55917966,7.3020693e-16,0.44075662,3.1253247e-05,3.2449767e-05,1.1488156e-16
345,0,0,1,0.58830607,4.117471e-08,0.37790093,0.018424334,0.015368548,1.0285753e-09
346,0,0,1,0.63436794,1.8203251e-09,0.35839415,0.0036624647,0.003575449,1.0441142e-11
347,0,0,1,0.66901904,1.1696133e-07,0.25999498,0.04154799,0.029437924,4.0817754e-09
348,0,500,0,0.36427963,6.581815e-07,0.59423435,0.011795354,0.029689964,2.5928314e-08
349,0,0,1,0.53984725,6.7284586e-16,0.45999774,6.409175e-05,9.086751e-05,2.0183394e-16
350,0,0,1,0.6389801,1.654865e-18,0.36100277,8.3027135e-06,8.846777e-06,8.947847e-20
351,0,500,0,0.40025643,4.5808846e-07,0.52018493,0.028171662,0.0513865,5.1771153e-08
352,0,500,0,0.46628898,6.2829635e-08,0.52230644,0.0033646214,0.008039863,1.5546138e-09
353,0,0,1,0.56527674,3.6561238e-09,0.42264858,0.006683392,0.0053913286,4.5829016e-10
354,0,0,1,0.5309673,1.8579655e-11,0.46836343,0.0003098245,0.00035949898,2.381718e-12
355,0,500,0,0.42227778,3.3501486e-08,0.52842116,0.014646442,0.034654636,7.7829054e-10
356,0,0,1,0.7407595,9.16291e-12,0.2523838,0.0034664883,0.0033902621,3.2265948e-14
357,0,500,0,0.4126639,1.2355882e-10,0.584041,0.0008071233,0.0024879756,1.6838486e-12
358,0,0,1,0.6618568,5.0338286e-11,0.30708024,0.015544219,0.0155187715,3.1488907e-13
359,0,500,0,0.42057204,2.3246305e-15,0.57794476,0.0003731504,0.0011100761,6.069481e-17
360,0,500,0,0.060952887,1.1685992e-06,0.73630345,0.050516646,0.15222475,1.0392229e-06
361,0,0,1,0.9663998,5.900614e-16,0.02317995,0.009728305,0.00069207756,5.62033e-20
362,0,0,1,0.6068971,7.081937e-15,0.39199996,0.0005271551,0.0005758977,6.059391e-17
363,0,0,1,0.72606224,1.9056071e-11,0.25711972,0.011719855,0.005098146,2.9124812e-13
364,0,0,1,0.68999267,2.3742252e-13,0.30847332,0.0009903705,0.0005437229,1.441463e-14
365,0,500,0,0.4217263,7.8373313e-10,0.5743518,0.0009882885,0.002933657,1.644671e-11
366,0,500,0,0.48612398,6.0413e-14,0.5135185,0.0001708675,0.00018666685,3.311098e-14
367,0,0,1,0.73142487,1.1344631e-20,0.2685711,2.613566e-06,1.4192918e-06,1.8151287e-21
368,0,0,1,0.83747387,3.069618e-25,0.162526,1.1057842e-07,2.1814255e-08,1.5228499e-25
369,0,0,1,0.617713,1.0602029e-15,0.38222468,3.0519193e-05,3.1890973e-05,8.9343745e-17
370,0,0,1,0.7953667,2.1286168e-23,0.20463303,2.226084e-07,5.976985e-08,1.4309732e-23
371,0,0,1,0.5391791,1.9004598e-12,0.45996082,0.00035426026,0.0005056891,3.0514754e-13
372,0,500,0,0.4628305,1.1858156e-11,0.53623295,0.00026621774,0.000670309,5.180393e-13
373,0,500,0,0.47671452,4.2092196e-07,0.50235474,0.0061534084,0.014776866,6.678973e-09
374,0,0,1,0.5519165,4.9705046e-11,0.44715852,0.0003357385,0.00058926636,2.8445405e-13
375,0,0,1,0.7356006,8.151064e-22,0.26439855,5.899959e-07,2.8937234e-07,7.120582e-23
376,0,500,0,0.4154487,7.385696e-11,0.580854,0.00088650605,0.0028107997,2.2746312e-12
377,0,500,0,0.4612183,1.6497454e-12,0.5382003,0.00022682297,0.0003546195,1.1965244e-13
378,0,500,0,0.39108476,2.543781e-10,0.6056948,0.001500668,0.0017197705,7.117978e-11
379,0,0,1,0.5558265,2.621908e-14,0.44402045,8.800169e-05,6.514588e-05,5.663205e-15
380,0,0,1,0.58003116,6.30396e-10,0.41450843,0.001914101,0.0035463355,4.849412e-12
381,0,500,0,0.4265557,1.14528e-11,0.5709318,0.0013208296,0.0011916211,8.81103e-12
382,0,500,0,0.39941448,7.266959e-11,0.5975867,0.0011356393,0.0018631427,1.7429062e-11
383,0,500,0,0.42218757,5.2186463e-11,0.57603484,0.0004472658,0.0013304187,1.2579858e-12
384,0,0,1,0.72802037,4.2280399e-19,0.27196977,6.916162e-06,2.9754185e-06,7.7223643e-20
385,0,0,1,0.54178804,6.039058e-16,0.45816064,2.1631595e-05,2.9711578e-05,2.983363e-17
386,0,0,1,0.66835433,4.1484957e-17,0.33161578,1.97483e-05,1.01503065e-05,1.8981826e-17
387,0,500,0,0.34672365,2.5918417e-12,0.65195304,0.00037308433,0.00095030456,4.155129e-13
388,0,0,1,0.69879466,3.766485e-21,0.30120406,7.827098e-07,4.923855e-07,6.137698e-22
389,0,500,0,0.48948509,2.3375702e-13,0.5096433,0.00038924458,0.0004823747,7.5266474e-14
390,0,0,1,0.58812696,7.46784e-11,0.4080997,0.0016236699,0.0021496362,1.6282182e-12
391,0,500,0,0.36076224,4.7725113e-09,0.6071265,0.004555229,0.027556065,8.0767455e-11
392,0,0,1,0.51200145,2.3642647e-13,0.48600584,0.0009611065,0.0010315294,3.973703e-14
393,0,0,1,0.5346339,9.153197e-12,0.46342388,0.000782894,0.0011593924,2.7025116e-13
394,0,500,0,0.49283338,2.6116663e-13,0.5063115,0.00030890203,0.0005462125,8.80614e-15
395,0,0,1,0.67265403,1.850177e-17,0.3272051,8.55835e-05,5.5324832e-05,3.5611128e-19
396,0,500,0,0.1332942,1.13414e-08,0.63653004,0.04021572,0.18996002,1.2363867e-09
397,0,0,1,0.6522565,1.3591486e-09,0.30714524,0.022039142,0.018559111,8.681453e-12
398,0,500,0,0.48671287,9.922032e-15,0.5117446,0.0007275032,0.00081507117,6.107656e-16
399,0,500,0,0.44887036,4.5247966e-10,0.49871442,0.030968186,0.021447007,4.114885e-11
400,0,500,0,0.41247588,2.2528839e-09,0.45994532,0.052582446,0.07499631,6.260947e-11
401,0,0,1,0.5458858,1.3210911e-13,0.44949123,0.0024660286,0.0021569948,6.7310032e-15
402,0,500,0,0.4894165,2.5562092e-12,0.5064253,0.002242882,0.0019152559,3.0173363e-13
403,0,0,1,0.62165177,7.838628e-15,0.378076,0.00013859202,0.00013368989,5.644827e-17
404,0,0,1,0.7647933,4.537258e-21,0.23520598,6.355971e-07,2.1287664e-07,3.2767886e-22
405,0,0,1,0.51810205,8.86972e-13,0.48146716,0.00012721137,0.00030365287,8.425284e-15
406,0,500,0,0.41437274,2.2006051e-10,0.5807666,0.0013839315,0.0034767208,1.1924676e-11
407,0,500,0,0.47365877,6.281459e-13,0.5261377,7.9503305e-05,0.00012390541,7.613054e-14
408,0,500,0,0.30883676,5.176031e-07,0.65165454,0.007905112,0.031602927,5.2725316e-08
409,0,500,0,0.42805845,1.7334636e-09,0.5660841,0.0014240923,0.0044333446,3.558658e-11
410,0,0,1,0.6248144,3.65807e-12,0.34674406,0.013909729,0.014531855,1.6448053e-14
411,0,0,1,0.66885656,3.7586197e-13,0.3271957,0.0024634278,0.0014843398,2.397746e-14
412,0,0,1,0.7075866,2.5333533e-17,0.29227614,0.00010089878,3.6328933e-05,1.3994075e-18
413,0,0,1,0.66204804,2.9992474e-11,0.2861499,0.042079583,0.009722399,2.9938276e-12
414,0,0,1,0.6180931,1.2855258e-16,0.38188785,9.734029e-06,9.371201e-06,2.1540078e-17
415,0,0,1,0.5028436,7.3284073e-06,0.48060042,0.0046350374,0.011913184,3.6189837e-07
416,0,500,0,0.44796953,5.034835e-13,0.5515087,0.0002649742,0.00025689296,4.563811e-13
417,0,500,0,0.47724667,4.1010012e-10,0.52061135,0.0007798181,0.0013622077,4.000609e-11
418,0,0,1,0.55004823,4.750527e-17,0.4499109,1.7426075e-05,2.34179e-05,1.1226859e-17
419,0,0,1,0.53195184,2.8763958e-15,0.4679636,3.7518505e-05,4.7017526e-05,5.3008624e-16
420,0,500,0,0.29718626,3.4512257e-09,0.6842148,0.006736914,0.01186203,1.6180384e-09
421,0,500,0,0.42100874,5.858284e-13,0.57821006,0.00021196829,0.0005692636,2.9438024e-14
422,0,0,1,0.6083949,1.02795696e-10,0.38231143,0.0043540294,0.004939658,1.3605352e-12
423,0,0,1,0.5816854,5.0686083e-12,0.41697642,0.0006348512,0.00070327235,2.7350745e-13
424,0,500,0,0.32768482,1.446678e-09,0.6489786,0.008248241,0.015088304,2.2850119e-10
425,0,0,1,0.5074537,2.38125e-10,0.49073592,0.0007913775,0.001019033,2.3263756e-11
426,0,500,0,0.4536783,1.4208912e-07,0.5244562,0.0052678934,0.016597435,2.5503555e-09
427,0,500,0,0.32223645,1.1393696e-12,0.6763793,0.00041960872,0.00096460176,2.7950813e-13
428,0,0,1,0.57629085,1.9734919e-19,0.42369884,4.624243e-06,5.638826e-06,1.5633828e-20
429,0,500,0,0.4006774,7.4829925e-12,0.5976359,0.00051258196,0.0011740039,5.965367e-13
430,0,0,1,0.5254358,9.78977e-16,0.47430253,9.4646915e-05,0.00016707154,2.997544e-17
431,0,0,1,0.5898441,6.261394e-17,0.41010413,2.2067341e-05,2.9697288e-05,1.0494014e-18
432,0,0,1,0.6735426,1.6169446e-18,0.3264126,1.8637043e-05,2.6161386e-05,3.30401e-20
433,0,500,0,0.4253104,1.7856069e-11,0.5721289,0.0004999401,0.0020606718,4.437203e-13
434,0,500,0,0.4203028,3.3512755e-08,0.55879,0.0055514066,0.015355731,5.358791e-10
435,0,0,1,0.5555368,5.385712e-08,0.4239836,0.009203892,0.011275621,5.930948e-10
436,0,0,1,0.55330443,8.9696984e-13,0.4463678,0.00016785628,0.00015989717,1.02902794e-13
437,0,500,0,0.39322785,8.493969e-07,0.49275172,0.045062035,0.06895746,1.38339e-07
438,0,0,1,0.68314093,1.2253684e-18,0.3168531,3.3443048e-06,2.6329956e-06,1.1707939e-19
439,0,500,0,0.4386321,6.1607686e-08,0.4586251,0.035615798,0.06712699,1.4951356e-09
440,0,500,0,0.4387727,1.3317667e-09,0.5542979,0.002980439,0.0039488995,3.3185218e-10
441,0,0,1,0.65351784,8.582638e-11,0.33994892,0.003076569,0.0034566505,3.1122845e-13
442,0,500,0,0.42547446,8.084413e-10,0.57004374,0.0012501627,0.0032316172,1.7232969e-11
443,0,0,1,0.5025872,3.4873328e-13,0.4952634,0.00081108586,0.0013382591,4.7102723e-15
444,0,0,1,0.5017356,9.0805e-11,0.47285244,0.008765454,0.01664643,1.7501368e-12
445,0,500,0,0.22654225,3.4434694e-10,0.74434984,0.010836181,0.018271733,6.865967e-11
446,0,500,0,0.47096762,4.7183217e-12,0.5241297,0.001620982,0.003281667,6.268628e-14
447,0,500,0,0.19825786,1.1097354e-06,0.5542139,0.075773306,0.17175378,1.6440954e-07
448,0,500,0,0.41438225,1.2575463e-14,0.5845376,0.0002327173,0.00084732403,1.1182427e-16
449,0,500,0,0.26614532,1.109534e-06,0.61178595,0.053482167,0.0685852,2.1827859e-07
450,0,0,1,0.57754177,8.787049e-12,0.41869277,0.0019143593,0.0018510289,6.9249456e-14
451,0,0,1,0.6802569,3.601304e-14,0.3181648,0.00083838764,0.000739907,6.295669e-16
452,0,0,1,0.55168384,2.2591227e-13,0.44817674,6.3445324e-05,7.5997654e-05,4.4446576e-15
453,0,500,0,0.36531913,3.9582721e-07,0.6043479,0.0107063465,0.019626152,3.925875e-08
454,0,0,1,0.59168726,6.631037e-15,0.40816748,6.397627e-05,8.130309e-05,1.3333769e-16
455,0,500,0,0.25903958,7.734252e-09,0.7232587,0.0077432506,0.009958468,7.456964e-09
456,0,500,0,0.34548306,8.2949606e-11,0.64978826,0.0015946336,0.0031340811,2.6819585e-11
457,0,500,0,0.3945749,1.1526513e-11,0.6015109,0.0013797889,0.002534452,8.8351353e-13
458,0,500,0,0.40845093,1.6184536e-10,0.58126706,0.0041419696,0.0061401,1.8619857e-11
459,0,500,0,0.46082693,3.3078068e-06,0.495224,0.017122058,0.026823483,2.4030373e-07
460,0,500,0,0.30517587,1.0319156e-09,0.6727499,0.007134758,0.0149396,2.2136058e-10
461,0,0,1,0.50343174,4.2354555e-09,0.42983675,0.03917445,0.027556978,3.111677e-10
462,0,1000,0,0.1335389,5.1364163e-06,0.14449921,0.3983288,0.32362726,6.414875e-07
463,0,500,0,0.47670096,7.3733725e-10,0.48476768,0.016088288,0.022443108,1.2057581e-11
464,0,0,1,0.6274165,8.805339e-14,0.3716898,0.00047372637,0.00041994452,8.850624e-16
465,0,500,0,0.4007368,1.4892255e-10,0.597153,0.00064585515,0.0014643077,1.1702689e-11
466,0,0,1,0.6718999,2.7136099e-11,0.32700646,0.0006828121,0.00041079742,7.539113e-13
467,0,500,0,0.4730539,9.217486e-17,0.52691656,6.1507885e-06,2.3372415e-05,6.8556765e-19
468,0,0,1,0.6742584,5.8841308e-15,0.3255874,0.00010158651,5.260648e-05,5.9098177e-16
469,0,500,0,0.4039377,9.737732e-11,0.59413344,0.0006335779,0.0012952955,1.754358e-11
470,0,500,0,0.22827935,6.505891e-09,0.7219989,0.0124573605,0.037264388,8.1690416e-10
471,0,500,0,0.32477626,9.534192e-08,0.48260555,0.052729905,0.13988818,3.72593e-09
472,0,1500,0,0.23699076,1.7560316e-05,0.26493952,0.17645748,0.32159382,9.001584e-07
473,0,0,1,0.71376216,5.8337474e-10,0.15298142,0.05880559,0.07445091,2.7182403e-12
474,0,0,1,0.7044911,9.4081915e-14,0.28834096,0.0048836656,0.0022842744,4.204336e-15
475,0,500,0,0.49151498,1.5414302e-10,0.50116146,0.0036574847,0.003666077,1.1139918e-11
476,0,0,1,0.55378175,4.658577e-10,0.40088186,0.02306457,0.022271814,1.0854565e-11
477,0,0,1,0.88543165,2.0489626e-12,0.10594364,0.0060917414,0.002532976,2.646989e-14
478,0,0,1,0.6089432,7.718407e-08,0.08101148,0.23315181,0.076893434,9.995689e-10
479,0,0,1,0.71731347,3.4346928e-11,0.25993735,0.016024949,0.0067242524,1.1410563e-12
480,0,0,1,0.7248017,5.7251336e-11,0.2180793,0.04348019,0.0136387,5.1977465e-13
481,0,0,1,0.4969336,2.6808469e-09,0.45187932,0.030120324,0.021066733,9.186749e-11
482,0,500,0,0.2739533,3.0841266e-10,0.6300726,0.027507385,0.068466745,5.1097813e-11
483,0,0,1,0.6477236,1.7203955e-10,0.33326077,0.014726993,0.0042885486,6.7575095e-12
484,0,0,1,0.5212835,2.0374364e-11,0.45060742,0.020382077,0.0077270204,2.6785568e-12
485,0,1000,0,0.11995718,2.3037292e-07,0.15100153,0.38713226,0.3419088,2.6970115e-08
486,0,0,1,0.65022,9.381084e-15,0.34910223,0.0004665073,0.00021137117,1.4155269e-15
487,0,0,1,0.63562375,5.618125e-10,0.30131397,0.04669325,0.01636902,2.956175e-11
488,0,0,1,0.60653144,1.5294493e-10,0.27364194,0.06902819,0.050798323,1.1673303e-12
489,0,0,1,0.67723125,1.927451e-14,0.32230204,0.00034093764,0.00012580081,1.0192152e-15
490,0,0,1,0.8320367,8.6305464e-17,0.1655509,0.001839236,0.0005731555,4.101376e-19
491,0,500,0,0.1554753,7.543195e-08,0.34079108,0.2200728,0.2836608,1.072971e-08
492,0,0,1,0.3057579,9.801514e-08,0.289277,0.25451672,0.15044828,1.3347619e-08
493,0,0,1,0.56407464,5.2645425e-14,0.434476,0.00068163296,0.00076776824,2.7623479e-15
494,0,0,1,0.4983737,5.81614e-09,0.45757365,0.027677797,0.016374832,5.410555e-10
495,0,0,1,0.84960705,6.23778e-13,0.12822811,0.019405045,0.0027598331,8.847403e-15
496,0,0,1,0.46480355,3.5792095e-08,0.45884374,0.045893256,0.03045937,5.7490883e-09
497,0,0,1,0.59590065,5.6171144e-12,0.3996074,0.0027246515,0.0017673236,1.4450115e-13
498,0,0,1,0.537121,5.7513394e-10,0.39590055,0.030393576,0.036584925,1.2129956e-11
499,0,0,1,0.72523075,1.6690407e-09,0.18173328,0.06589614,0.027139787,1.8999101e-11
500,100,100,1,2.0967873e-05,0.91035056,9.0483604e-07,1.0909822e-05,3.4202338e-05,0.089582495
501,100,100,1,0.00016864682,0.9930616,2.123341e-06,6.4420415e-06,3.159826e-05,0.006729523
502,100,100,1,7.833894e-06,0.7399748,2.0018538e-07,3.8115652e-06,9.54609e-06,0.26000386
503,100,100,1,1.4157977e-05,0.8537474,3.8455835e-07,6.0555253e-06,1.7037892e-05,0.14621505
504,100,100,1,4.4956352e-05,0.90079087,2.6350394e-06,2.4552312e-05,7.5047006e-05,0.09906175
505,100,100,1,8.353352e-05,0.93242705,4.648571e-06,2.9183395e-05,9.76998e-05,0.067357786
506,100,100,1,1.5415771e-05,0.99052244,4.3565564e-08,8.9435804e-07,3.611847e-06,0.009457423
507,100,2000,0,2.4397132e-05,0.44515386,7.5151424e-06,4.0853727e-05,0.00011451834,0.55465883
508,100,100,1,1.6440421e-05,0.97698087,1.3186421e-07,2.0642344e-06,8.003142e-06,0.022992482
509,100,100,1,9.829104e-05,0.8733579,1.2732907e-05,7.5240416e-05,0.00023527513,0.12622054
510,100,100,1,1.2540218e-05,0.558864,1.0584376e-06,1.0996751e-05,2.7000782e-05,0.44108444
511,100,100,1,3.438048e-05,0.9387022,1.0014775e-06,1.0650281e-05,3.432181e-05,0.06121744
512,100,100,1,5.93829e-05,0.953691,2.4226267e-06,1.5663098e-05,5.9671347e-05,0.046171896
513,100,100,1,6.188367e-05,0.92033696,3.0846757e-06,2.0377316e-05,6.3929045e-05,0.07951376
514,100,100,1,6.2339685e-05,0.9943896,2.2164795e-07,2.2296995e-06,8.586249e-06,0.005537048
515,100,100,1,2.2028487e-05,0.9673098,1.4114441e-07,2.7925641e-06,8.987896e-06,0.0326563
516,100,100,1,0.00016683513,0.9927309,2.7108954e-06,7.482774e-06,3.9022547e-05,0.0070529454
517,100,2000,0,1.4388096e-06,0.026603214,8.056456e-07,3.4304505e-06,7.964353e-06,0.9733831
518,100,100,1,2.2665425e-05,0.9832877,1.1215651e-07,1.8103009e-06,6.1595942e-06,0.01668168
519,100,100,1,0.00021985428,0.9583962,1.1909592e-05,4.4469314e-05,0.00016787955,0.04115982
520,100,100,1,0.00034157693,0.986358,8.096526e-06,2.6760423e-05,0.00012961868,0.013135902
521,100,100,1,0.000985996,0.78983,0.0008898324,0.0011581919,0.004247445,0.20288841
522,100,100,1,1.8050829e-05,0.98578393,7.2293254e-08,1.1103714e-06,4.351121e-06,0.014192512
523,100,100,1,0.00013989379,0.59827703,8.941018e-05,0.0003367872,0.0011216415,0.40003523
524,100,100,1,4.3924512e-05,0.97592545,8.145914e-07,5.7413695e-06,2.4289251e-05,0.0239998
525,100,100,1,0.00017955445,0.88374877,1.8744955e-05,8.672631e-05,0.00026174047,0.11570458
526,100,100,1,0.00013781381,0.96346736,8.732108e-06,2.7643473e-05,0.000115892704,0.03624246
527,100,100,1,0.0003145893,0.9928576,7.998857e-06,1.3783743e-05,7.442636e-05,0.006731545
528,100,100,1,0.0002146798,0.70760953,0.000121224126,0.00038763022,0.0012858347,0.29038107
529,100,100,1,0.00020504998,0.83759546,5.267008e-05,0.00019180174,0.0006371011,0.1613179
530,100,100,1,5.176391e-06,0.99819297,5.375764e-09,1.11190104e-07,6.167907e-07,0.0018010928
531,100,100,1,4.6529578e-05,0.89897835,5.6172157e-06,3.7529746e-05,0.00013102067,0.10080103
532,100,100,1,6.671014e-05,0.86735946,1.1311738e-05,6.429594e-05,0.00021043743,0.13228789
533,100,2000,0,6.924281e-07,0.063004024,1.0701053e-07,1.02685e-06,2.1313851e-06,0.93699205
534,100,100,1,2.816099e-05,0.7177473,3.075539e-06,2.6892274e-05,7.516834e-05,0.28211948
535,100,100,1,0.0006579961,0.98516995,2.943549e-05,6.699745e-05,0.00031255558,0.01376312
536,100,100,1,6.3981286e-05,0.9477372,1.7955908e-06,1.4455448e-05,4.855566e-05,0.052133925
537,100,100,1,1.0323932e-05,0.9932753,2.1009992e-08,3.8534967e-07,1.7254172e-06,0.006712266
538,100,100,1,8.572995e-05,0.9993318,4.7605496e-07,1.2605296e-06,1.0207257e-05,0.00057037733
539,100,100,1,0.00022556566,0.9911842,4.327493e-06,1.4583815e-05,7.465898e-05,0.008496707
540,100,100,1,0.00067980797,0.9747338,3.0851126e-05,0.00014759997,0.0005931042,0.02381482
541,100,100,1,2.4086117e-05,0.9896796,6.498927e-08,1.1274072e-06,4.1637386e-06,0.010291004
542,100,100,1,1.4217455e-05,0.958148,1.0316494e-07,2.011518e-06,6.2816407e-06,0.041829366
543,100,100,1,1.923987e-05,0.9938851,9.004474e-08,9.619137e-07,4.6486525e-06,0.006089965
544,100,100,1,0.00023178912,0.9588926,7.4602913e-06,3.832226e-05,0.00010270779,0.040727146
545,100,100,1,2.6566834e-06,0.9912478,2.6167537e-09,1.6902285e-07,6.3300786e-07,0.008748898
546,100,100,1,0.00026009828,0.93723655,4.1916122e-05,0.00011209359,0.0004495094,0.061899893
547,100,100,1,0.0014447843,0.994294,3.4293225e-05,7.391988e-05,0.00039940822,0.003753548
548,100,100,1,5.072404e-05,0.9963654,2.6411905e-07,1.3718275e-06,7.7963105e-06,0.0035743166
549,100,100,1,0.0001401016,0.54664135,9.881201e-05,0.00030793238,0.0009947647,0.4518171
550,100,100,1,0.0001522048,0.91053,2.3234224e-05,7.897802e-05,0.00026970392,0.08894587
551,100,100,1,7.3435076e-05,0.8748805,1.1683207e-05,5.84696e-05,0.00019162432,0.124784276
552,100,100,1,7.685764e-05,0.9987581,5.8366527e-07,1.3015393e-06,1.0591279e-05,0.001152496
553,100,100,1,2.2592765e-05,0.9984267,7.02666e-08,3.674411e-07,2.3810692e-06,0.0015478814
554,100,100,1,3.447061e-05,0.9829208,4.680225e-07,3.2147657e-06,1.3408328e-05,0.017027687
555,100,2000,0,9.949137e-06,0.23474583,3.7470652e-06,2.2933362e-05,6.160454e-05,0.7651559
556,100,100,1,0.0002487264,0.97881114,9.284805e-06,2.5521833e-05,0.00011759294,0.020787615
557,100,100,1,5.335077e-05,0.78676826,3.8594753e-06,3.3350036e-05,8.838502e-05,0.21305276
558,100,100,1,3.3150733e-05,0.96170133,8.7231246e-07,7.636348e-06,2.8484877e-05,0.038228504
559,100,100,1,2.4919396e-05,0.99611557,9.8236484e-08,8.1066054e-07,4.482449e-06,0.0038540214
560,100,100,1,4.744821e-05,0.7213164,1.1362912e-05,6.891997e-05,0.0002173408,0.27833846
561,100,2000,0,8.586259e-05,0.3860865,4.2930005e-05,0.00018086605,0.00052658946,0.6130772
562,100,100,1,2.1851944e-05,0.9827475,1.3587214e-07,1.7726469e-06,6.7845594e-06,0.017221883
563,100,100,1,3.8712238e-05,0.9934909,2.1947885e-07,1.5134354e-06,7.6152623e-06,0.006461039
564,100,100,1,0.00038017784,0.9971904,5.594032e-06,1.1985533e-05,8.4894855e-05,0.0023269777
565,100,100,1,0.00012738603,0.6973545,4.3727185e-05,0.00017888026,0.0005262263,0.30176932
566,100,100,1,8.026225e-05,0.93644065,3.6296792e-06,2.5482283e-05,8.696878e-05,0.063363045
567,100,100,1,0.00518413,0.9925931,0.00021270178,0.0001614281,0.0011227254,0.00072592206
568,100,100,1,2.9715547e-05,0.9972984,1.2106345e-07,8.89701e-07,5.6042336e-06,0.00266534
569,100,100,1,2.0729754e-05,0.9722836,2.0723013e-07,3.0549343e-06,1.1156032e-05,0.027681302
570,100,100,1,3.322533e-05,0.9715261,4.4229367e-07,4.853226e-06,1.8183768e-05,0.028417114
571,100,100,1,0.0013480334,0.78631335,0.00036669406,0.0018246494,0.0037787065,0.20636863
572,100,100,1,8.405593e-06,0.967246,3.8233935e-08,1.0985393e-06,3.6137117e-06,0.03274094
573,100,100,1,6.9636894e-06,0.9997602,7.9830444e-09,5.0630426e-08,4.9025095e-07,0.00023240507
574,100,100,1,0.00017866453,0.9925061,3.7245159e-06,8.571343e-06,4.6982834e-05,0.0072560543
575,100,100,1,6.130203e-05,0.9975025,4.2775596e-07,1.6568493e-06,1.0636921e-05,0.0024233784
576,100,100,1,2.749796e-05,0.9888411,3.0683884e-07,1.96042e-06,9.811706e-06,0.011119319
577,100,100,1,1.508322e-05,0.9975303,3.8249663e-08,3.4433074e-07,2.0514499e-06,0.0024523109
578,100,100,1,0.0001734089,0.9852578,4.0557684e-06,1.55129e-05,6.850157e-05,0.01448079
579,100,100,1,1.5561507e-05,0.9081005,4.270708e-07,7.626387e-06,2.229908e-05,0.09185359
580,100,100,1,9.12975e-05,0.9638103,2.5568731e-06,1.765988e-05,6.5582135e-05,0.03601246
581,100,100,1,0.0006575992,0.9947366,1.2437746e-05,2.2097676e-05,9.913868e-05,0.0044720946
582,100,100,1,2.2110638e-05,0.9992605,6.375392e-08,3.0220303e-07,2.4557655e-06,0.00071439054
583,100,100,1,0.016067997,0.97624767,0.0007500724,0.0008051213,0.005252895,0.00087618205
584,100,100,1,0.00030787912,0.99630725,5.4042043e-06,8.782294e-06,5.1572566e-05,0.0033190784
585,100,100,1,5.716186e-05,0.9830292,1.1982456e-06,6.4068236e-06,3.0759584e-05,0.01687533
586,100,100,1,0.000609814,0.9677297,7.95198e-05,0.00016854519,0.0007511729,0.030661404
587,100,100,1,0.19711575,0.63950706,0.018989194,0.03629449,0.08943033,0.018663099
588,100,100,1,0.008327501,0.9894209,0.0003489758,0.00017023519,0.0015719795,0.00016036941
589,100,100,1,0.000112154,0.8267226,2.8196142e-05,0.0001274076,0.00040468996,0.17260501
590,100,100,1,6.47159e-05,0.9417259,2.8030165e-06,2.2950771e-05,7.7297176e-05,0.058106422
591,100,100,1,4.9428774e-05,0.9912629,3.244544e-07,2.1702374e-06,9.546323e-06,0.008675584
592,100,100,1,0.002304417,0.88189954,0.00046965497,0.0020512962,0.005446953,0.107828125
593,100,100,1,2.8325443e-05,0.9639652,3.720228e-07,5.0329336e-06,1.7990295e-05,0.03598315
594,100,100,1,2.104519e-05,0.9788385,1.2208687e-07,2.4497356e-06,8.519666e-06,0.021129409
595,100,100,1,5.0513987e-05,0.9900446,3.302873e-07,2.7502808e-06,1.1720478e-05,0.009890111
596,100,100,1,0.0017655705,0.94446844,0.0003870961,0.0007724963,0.0028962742,0.04971025
597,100,100,1,4.9370814e-05,0.9983972,2.4717573e-07,1.1432703e-06,7.84651e-06,0.0015441688
598,100,100,1,1.0751912e-05,0.9936562,3.1689886e-08,4.4100156e-07,2.1684452e-06,0.0063304086
599,100,100,1,4.4749475e-05,0.93602926,2.1217274e-06,1.5324942e-05,5.0713603e-05,0.06385792
600,100,100,1,6.147366e-05,0.9568215,1.9513495e-06,1.6029819e-05,5.8543115e-05,0.04304046
601,100,100,1,2.6964983e-05,0.9966884,1.0081065e-07,9.141373e-07,5.326721e-06,0.0032782007
602,100,2000,0,4.4036383e-06,0.15053251,8.3290877e-07,6.160258e-06,1.3382286e-05,0.8494427
603,100,100,1,9.023678e-06,0.9973182,1.00874304e-08,2.5804312e-07,1.2248097e-06,0.0026713617
604,100,100,1,5.7727026e-05,0.9896622,6.113148e-07,3.8503385e-06,1.7386918e-05,0.010258322
605,100,100,1,9.554876e-06,0.9582587,6.869797e-08,2.0410666e-06,6.272052e-06,0.04172324
606,100,100,1,4.2385895e-05,0.67421395,1.2531721e-05,6.688854e-05,0.00021750838,0.32544672
607,100,100,1,6.0104874e-05,0.89921784,3.5841397e-06,2.7717633e-05,8.572241e-05,0.100605026
608,100,100,1,5.0901275e-05,0.9758419,7.270405e-07,6.5769673e-06,2.635626e-05,0.024073418
609,100,100,1,0.0022788476,0.98830825,3.8643102e-05,0.00018289579,0.0006401181,0.008551238
610,100,100,1,3.8770613e-05,0.937356,1.1594598e-06,1.0076843e-05,3.4478857e-05,0.06255951
611,100,100,1,1.226704e-05,0.9892994,2.9767003e-08,7.859291e-07,3.0542444e-06,0.010684473
612,100,100,1,4.999334e-06,0.51619995,1.8194224e-07,2.8281413e-06,6.577984e-06,0.48378554
613,100,100,1,9.155329e-06,0.8722254,9.846468e-08,2.7983783e-06,7.264119e-06,0.1277552
614,100,100,1,1.2200322e-05,0.99598604,3.1257237e-08,3.9470993e-07,2.0171167e-06,0.003999367
615,100,100,1,1.3331728e-05,0.985571,4.1514106e-08,1.0300237e-06,3.908759e-06,0.014410782
616,100,100,1,4.318935e-05,0.98651487,2.1463426e-07,2.8544143e-06,1.1367126e-05,0.0134275
617,100,100,1,3.171213e-05,0.9990583,1.524298e-07,4.6556988e-07,3.8547823e-06,0.000905573
618,100,100,1,1.534118e-05,0.93509465,1.8535815e-07,3.6010506e-06,1.0605447e-05,0.06487552
619,100,100,1,9.826228e-05,0.9796007,2.7385083e-06,1.2995141e-05,5.4769436e-05,0.02023067
620,100,100,1,2.1158274e-05,0.9597919,2.75288e-07,4.6037767e-06,1.5479547e-05,0.040166732
621,100,100,1,4.6821096e-05,0.96819264,1.162435e-06,9.143416e-06,3.6230813e-05,0.031713936
622,100,2000,0,3.42832e-05,0.27668947,8.978045e-06,5.526486e-05,0.00013782611,0.72307414
623,100,100,1,5.2420193e-05,0.98647726,5.9307195e-07,6.7151227e-06,2.6389716e-05,0.01343664
624,100,100,1,0.00013095875,0.9974873,7.4487156e-07,3.8844155e-06,1.7589475e-05,0.0023595553
625,100,100,1,3.2965378e-05,0.9861356,2.5703446e-07,3.0372069e-06,1.1927581e-05,0.013816339
626,100,100,1,8.157137e-06,0.9643708,3.75527e-08,1.1159797e-06,3.2843038e-06,0.03561658
627,100,100,1,7.2319885e-06,0.6001837,3.535853e-07,4.7156936e-06,1.1809168e-05,0.39979216
628,100,100,1,6.1913797e-06,0.7794538,8.160183e-08,2.034955e-06,4.7298017e-06,0.22053316
629,100,100,1,3.0194038e-05,0.96478313,2.7295735e-07,5.261644e-06,1.639342e-05,0.035164624
630,100,100,1,0.00041938035,0.7099853,0.00023951814,0.00075543986,0.0024632749,0.286137
631,100,100,1,1.4642354e-05,0.849014,3.881005e-07,6.361668e-06,1.669494e-05,0.15094787
632,100,100,1,3.817583e-05,0.9679422,4.0048957e-07,4.4779854e-06,1.4546385e-05,0.032000266
633,100,100,1,0.00019123995,0.97738063,3.827052e-06,2.3351713e-05,8.7908265e-05,0.022313165
634,100,100,1,1.81279e-05,0.9997044,2.298573e-08,1.6436132e-07,1.2011435e-06,0.00027606747
635,100,100,1,4.0185776e-05,0.93382895,1.4615629e-06,1.3984175e-05,4.4818844e-05,0.0660705
636,100,100,1,9.509091e-05,0.54753387,4.481046e-05,0.0001756123,0.0005427892,0.45160776
637,100,100,1,1.2265721e-05,0.9672114,6.348963e-08,1.7659413e-06,5.4825678e-06,0.032769054
638,100,100,1,0.00018665104,0.9852747,2.8512773e-06,1.5810509e-05,6.578157e-05,0.014454202
639,100,100,1,2.4088256e-05,0.9396291,5.4945554e-07,8.7324215e-06,2.7410557e-05,0.06031008
640,100,100,1,0.00030980012,0.97234577,1.2934907e-05,4.4109078e-05,0.00017888285,0.027108425
641,100,100,1,3.4140092e-05,0.9491132,1.0632958e-06,1.0566126e-05,3.6395144e-05,0.050804593
642,100,2000,0,2.3126227e-05,0.094654635,2.7996644e-05,8.1004946e-05,0.0002327499,0.9049805
643,100,100,1,0.00012484117,0.98547333,2.1868807e-06,1.161545e-05,4.781744e-05,0.014340097
644,100,100,1,0.00022505203,0.8042115,5.5117936e-05,0.00022419135,0.00065089983,0.1946333
645,100,100,1,0.0001278832,0.9646396,2.2095037e-06,1.875742e-05,5.9562204e-05,0.035152093
646,100,100,1,0.000114883864,0.9308248,7.4599357e-06,3.559089e-05,0.00012273839,0.0688946
647,100,100,1,0.00016015182,0.90892285,1.8088476e-05,0.00013752493,0.00044214065,0.09031927
648,100,100,1,8.499348e-05,0.9285352,3.8754324e-06,3.4921297e-05,0.00010614403,0.071234845
649,100,100,1,3.574137e-05,0.99113864,1.5255438e-07,2.040684e-06,8.28021e-06,0.008815188
650,100,100,1,7.066866e-05,0.9661197,1.8791978e-06,1.2399869e-05,4.6180718e-05,0.033749077
651,100,100,1,1.4409795e-05,0.9883682,4.8014027e-08,9.642827e-07,3.7141417e-06,0.011612724
652,100,2000,0,3.140721e-06,0.12189777,7.973967e-07,5.74417e-06,1.3555996e-05,0.878079
653,100,100,1,9.8102646e-05,0.9653337,2.333906e-06,1.613302e-05,5.9529277e-05,0.034490347
654,100,100,1,2.1758411e-05,0.9724401,2.29254e-07,2.7054011e-06,1.0094351e-05,0.027525127
655,100,100,1,2.9033454e-05,0.996027,6.6921146e-08,7.482261e-07,3.1191494e-06,0.003939986
656,100,100,1,0.00012190425,0.9912826,4.7235565e-07,5.82354e-06,1.9619823e-05,0.008569562
657,100,100,1,5.4265142e-06,0.7946769,1.1405565e-07,2.6530763e-06,6.9752286e-06,0.20530787
658,100,100,1,0.00028310926,0.98085093,8.296171e-06,3.108112e-05,0.0001274891,0.018699137
659,100,100,1,0.00017336971,0.95078903,6.209597e-06,3.4926237e-05,0.00011404572,0.048882436
660,100,100,1,0.0009889558,0.9027526,0.00036481785,0.0006720652,0.0025361879,0.092685364
661,100,100,1,0.00016885054,0.99828786,2.2649194e-06,3.5552823e-06,3.071805e-05,0.0015067508
662,100,100,1,2.9150349e-06,0.9997516,1.8007893e-09,2.0351367e-08,1.7396188e-07,0.0002454481
663,100,100,1,0.0001652425,0.9934574,1.5195018e-06,7.3114506e-06,2.6424606e-05,0.0063421144
664,100,100,1,2.7978325e-05,0.9572535,2.7757656e-07,5.2555833e-06,1.5963627e-05,0.04269702
665,100,100,1,5.45936e-05,0.98101634,5.7768233e-07,5.6655135e-06,2.1307349e-05,0.018901547
666,100,100,1,3.0457675e-05,0.97783536,3.693327e-07,3.4765897e-06,1.3928524e-05,0.022116508
667,100,100,1,2.5205862e-05,0.9832187,1.9539327e-07,2.3578946e-06,9.550949e-06,0.016743962
668,100,100,1,0.000117056145,0.98674065,1.6133024e-06,7.9635065e-06,3.5724563e-05,0.013096896
669,100,100,1,2.7033086e-05,0.9717551,1.4128848e-07,2.7451424e-06,8.836086e-06,0.028206194
670,100,100,1,0.0005413905,0.93447906,3.8598944e-05,0.00017396007,0.0005121047,0.06425497
671,100,100,1,9.0692345e-05,0.5393069,3.23612e-05,0.00016088648,0.00047680456,0.45993242
672,100,100,1,0.00014766883,0.99286073,2.3811651e-06,8.942011e-06,4.834674e-05,0.0069318432
673,100,100,1,0.00017487242,0.9369884,2.1533966e-05,8.105888e-05,0.00030499746,0.06242894
674,100,100,1,1.8270628e-05,0.98702294,6.361552e-08,1.2352372e-06,4.7857175e-06,0.012952777
675,100,100,1,0.000102779624,0.88842475,1.5212552e-05,6.185416e-05,0.00020815326,0.11118731
676,100,100,1,8.28246e-05,0.74475956,1.301163e-05,7.97506e-05,0.00022925684,0.2548356
677,100,100,1,8.049939e-05,0.9355021,3.9059178e-06,2.9069713e-05,9.5289295e-05,0.06428919
678,100,100,1,4.6650617e-05,0.9742966,5.8075403e-07,4.847703e-06,1.8624767e-05,0.025632722
679,100,100,1,3.2215594e-05,0.9276397,1.2865606e-06,1.4423679e-05,4.7010486e-05,0.07226536
680,100,100,1,1.48753215e-05,0.95673126,1.1235391e-07,2.5823488e-06,7.966135e-06,0.04324325
681,100,100,1,2.1663727e-05,0.94280815,1.7397286e-07,3.3808394e-06,9.365007e-06,0.05715723
682,100,100,1,1.4487047e-05,0.97210306,5.8403092e-08,1.859896e-06,5.223505e-06,0.027875254
683,100,100,1,2.5033914e-05,0.93533456,9.831457e-07,1.0053079e-05,3.4685192e-05,0.06459462
684,100,100,1,3.9283794e-05,0.98948765,2.2732614e-07,2.1816993e-06,9.778426e-06,0.010460944
685,100,100,1,4.538554e-05,0.9958616,3.1612166e-07,1.6202099e-06,9.682898e-06,0.0040812995
686,100,100,1,4.945538e-05,0.73668635,9.25041e-06,5.96688e-05,0.00018578739,0.2630095
687,100,100,1,0.00016979821,0.7729227,7.697734e-05,0.00023513388,0.0008253893,0.22577006
688,100,100,1,6.741444e-05,0.93993556,3.7432126e-06,2.4933712e-05,8.691506e-05,0.05988133
689,100,100,1,0.00016871648,0.961258,7.3744486e-06,5.7509737e-05,0.00021287403,0.038295574
690,100,100,1,0.0008635083,0.99584705,1.680072e-05,3.1293006e-05,0.00016925813,0.0030720236
691,100,100,1,0.00032207934,0.7662388,0.0001400614,0.00046566565,0.0014764357,0.23135689
692,100,100,1,0.0008301063,0.8811406,0.0002988699,0.0008003751,0.002890663,0.11403932
693,100,100,1,4.4642966e-05,0.93442404,2.5825452e-06,2.0805443e-05,7.4199124e-05,0.06543365
694,100,100,1,2.7960901e-05,0.9911574,1.17452835e-07,1.2258726e-06,5.1865068e-06,0.008808145
695,100,100,1,7.433596e-05,0.9954579,7.690548e-07,3.5671055e-06,2.0920204e-05,0.0044426615
696,100,100,1,0.00015043055,0.98422194,2.8398445e-06,1.4706858e-05,6.350615e-05,0.015546766
697,100,100,1,0.0004173399,0.9875426,7.645192e-06,3.381514e-05,0.00014107821,0.011857593
698,100,100,1,0.00026336624,0.9935382,3.3589904e-06,1.1828835e-05,5.6769906e-05,0.006126544
699,100,100,1,3.4962453e-05,0.8670903,1.7276459e-06,1.8968138e-05,5.28022e-05,0.13280113
700,100,100,1,8.8500215e-05,0.97232044,1.564466e-06,9.574992e-06,3.5899528e-05,0.027543968
701,100,100,1,0.0007070312,0.9930655,1.242801e-05,3.3393266e-05,0.00013974622,0.006042042
702,100,100,1,5.1648494e-05,0.81157845,9.227658e-06,5.8622216e-05,0.00019454128,0.18810746
703,100,100,1,1.3989729e-05,0.9801625,7.280354e-08,1.2565446e-06,4.694345e-06,0.019817367
704,100,100,1,0.00077755377,0.99095905,4.745934e-05,4.6498848e-05,0.00029389327,0.007875484
705,100,100,1,0.003026954,0.99223036,0.00013553386,0.00013338045,0.00062780833,0.0038459098
706,100,100,1,0.00026565485,0.9826522,1.2267213e-05,2.453928e-05,0.00011470369,0.016930707
707,100,100,1,0.003731785,0.98449165,0.00024958796,0.00028254575,0.001399962,0.009844376
708,100,100,1,0.012315547,0.7351046,0.01097456,0.015973434,0.047728688,0.17790319
709,100,100,1,0.0023871544,0.9883399,9.084049e-05,0.00021099809,0.0008966794,0.008074418
710,100,100,1,3.296631e-05,0.9728875,5.0710935e-07,5.2626756e-06,2.062243e-05,0.027053224
711,100,100,1,4.508323e-05,0.9513805,1.4712589e-06,1.2412641e-05,4.3905777e-05,0.048516687
712,100,100,1,0.00034515178,0.98575807,1.3093533e-05,2.692174e-05,0.00013626402,0.013720552
713,100,2000,0,0.00040128615,0.34058946,0.00046237968,0.0012236511,0.0039158943,0.65340734
714,100,100,1,0.017492888,0.7973032,0.008774811,0.014032903,0.037356813,0.12503932
715,100,100,1,0.0002121759,0.96862125,1.0424141e-05,5.1359646e-05,0.00020162515,0.030903088
716,100,100,1,0.00012929046,0.7664738,4.2667198e-05,0.00018070021,0.00056330266,0.23261012
717,100,100,1,0.00043266895,0.9954699,8.008048e-06,1.3610995e-05,8.195832e-05,0.003993766
718,100,100,1,2.6504084e-05,0.9628185,4.2538556e-07,4.8760535e-06,1.7418559e-05,0.03713227
719,100,100,1,6.294431e-05,0.9850182,1.254565e-06,6.3442135e-06,3.0436602e-05,0.0148808425
720,100,100,1,0.0008298334,0.6561722,0.00088387134,0.0015190148,0.0054417914,0.33515322
721,100,100,1,0.00024647106,0.98678035,8.140891e-06,2.317532e-05,0.00011232024,0.0128295645
722,100,100,1,7.159245e-06,0.5615818,5.8430743e-07,7.9085485e-06,2.0529378e-05,0.43838197
723,100,100,1,6.4748194e-05,0.9386729,5.2750743e-06,2.585339e-05,9.8100936e-05,0.061133042
724,100,100,1,0.0036137816,0.7573479,0.0038545143,0.003857184,0.01367113,0.21765554
725,100,100,1,0.002727768,0.8479006,0.00078635797,0.0028296039,0.0070009227,0.13875476
726,100,100,1,3.504178e-05,0.7819114,2.599812e-06,3.804395e-05,9.7388045e-05,0.21791552
727,100,100,1,7.992623e-05,0.92056674,2.5697145e-06,2.0899852e-05,6.0996914e-05,0.07926897
728,100,100,1,0.0046260734,0.91481245,0.00059248385,0.0027363158,0.008311362,0.06892137
729,100,100,1,6.642969e-05,0.9914567,3.6235704e-07,3.1170248e-06,1.3320992e-05,0.008460103
730,100,100,1,1.3194397e-05,0.99613696,3.044509e-08,4.0472693e-07,2.1520575e-06,0.0038472847
731,100,100,1,5.6190744e-05,0.9676289,1.1674858e-06,1.0497898e-05,3.9042534e-05,0.03226434
732,100,100,1,4.7375255e-05,0.79901665,3.954221e-06,4.2904885e-05,0.00011350209,0.20077565
733,100,100,1,4.2851385e-05,0.98466927,3.9038662e-07,3.591819e-06,1.5340367e-05,0.015268602
734,100,100,1,0.0003333231,0.98938984,7.313424e-06,1.9259836e-05,9.387646e-05,0.01015642
735,100,100,1,4.015528e-05,0.8843794,2.6905645e-06,2.4009025e-05,7.118654e-05,0.1154825
736,100,100,1,0.00018386808,0.94021755,9.326991e-06,4.450499e-05,0.0001509751,0.05939383
737,100,100,1,1.5522104e-05,0.7118568,9.135619e-07,1.05903355e-05,2.8494056e-05,0.2880876
738,100,100,1,3.3898505e-05,0.96115816,3.1628744e-07,4.6081673e-06,1.4585211e-05,0.03878845
739,100,100,1,0.00045423128,0.99473923,3.8575445e-06,2.2132726e-05,9.286129e-05,0.0046875025
740,100,2000,0,8.083042e-06,0.26680425,2.0765228e-06,1.421023e-05,3.5801524e-05,0.7331356
741,100,100,1,6.082059e-06,0.9998635,6.1211995e-09,4.0725244e-08,4.168285e-07,0.00013008557
742,100,100,1,0.00013168564,0.9751771,4.4174008e-06,1.7656042e-05,7.876194e-05,0.024590293
743,100,100,1,5.2793835e-05,0.9927538,3.9328043e-07,2.194178e-06,1.1212907e-05,0.007179526
744,100,100,1,2.4164976e-05,0.9733872,2.5071296e-07,4.6139853e-06,1.6593494e-05,0.02656717
745,100,100,1,8.794919e-05,0.9976981,5.6237144e-07,1.4658373e-06,8.6509845e-06,0.0022032324
746,100,2000,0,1.9608404e-05,0.3396568,4.9730525e-06,2.6499092e-05,6.673788e-05,0.66022545
747,100,100,1,3.4122928e-05,0.69106424,7.034355e-06,4.4378263e-05,0.0001371067,0.30871308
748,100,100,1,0.00014576367,0.9344378,1.3306526e-05,5.5383352e-05,0.0001939125,0.065153785
749,100,100,1,0.000769897,0.9610419,7.090158e-05,0.00016693627,0.0006348831,0.03731546
750,100,100,1,0.0050713997,0.8739818,0.0018354522,0.0051019904,0.019906174,0.09410324
751,100,100,1,6.0210492e-05,0.94670403,2.9747782e-06,2.0146803e-05,7.158988e-05,0.05314105
752,100,100,1,2.9031908e-05,0.97308415,5.8931323e-07,5.592683e-06,2.303606e-05,0.026857631
753,100,100,1,0.0001735563,0.9192978,2.826576e-05,0.00012782747,0.00047022683,0.07990228
754,100,100,1,0.00080900744,0.92994523,0.00023942067,0.00041081104,0.0016907859,0.06690461
755,100,100,1,8.839451e-06,0.97119474,4.8056553e-08,1.2568431e-06,4.028623e-06,0.028791126
756,100,100,1,2.2699136e-05,0.71753347,2.6892378e-06,2.4584451e-05,6.9291236e-05,0.28234735
757,100,100,1,2.4239365e-05,0.8388866,1.1776636e-06,1.4513574e-05,4.03136e-05,0.16103315
758,100,100,1,1.17615855e-05,0.99791926,1.9910596e-08,2.3989855e-07,1.3572825e-06,0.0020674153
759,100,100,1,2.8765495e-05,0.9997379,6.8431305e-08,2.6612182e-07,2.12176e-06,0.00023079639
760,100,100,1,0.0011666822,0.965186,0.00020896166,0.00023199536,0.0010475536,0.032158952
761,100,100,1,0.0005848394,0.94056106,0.0001588745,0.00031216312,0.0013576725,0.057025418
762,100,100,1,0.0005704663,0.8440129,0.00025867537,0.000650772,0.002322253,0.15218486
763,100,100,1,8.87082e-05,0.9995691,4.4457326e-07,1.1692343e-06,9.2040145e-06,0.00033135305
764,100,100,1,3.1679123e-05,0.9913167,1.4849928e-07,1.6035798e-06,7.0378946e-06,0.008642773
765,100,100,1,3.6088022e-05,0.64398074,5.8645146e-06,4.8341244e-05,0.0001287456,0.35580024
766,100,100,1,4.117836e-05,0.8004261,4.085181e-06,4.117078e-05,0.00011405439,0.19937344
767,100,100,1,0.00012889787,0.99512094,1.4390778e-06,4.154431e-06,2.2825196e-05,0.004721735
768,100,100,1,1.4713537e-05,0.99872357,1.7368661e-08,3.063089e-07,1.6368498e-06,0.001259613
769,100,2000,0,4.6235368e-07,0.05066099,7.434109e-08,6.874263e-07,1.4523366e-06,0.9493363
770,100,100,1,2.9351938e-06,0.9842449,2.7511615e-09,2.9164724e-07,8.6335035e-07,0.015751138
771,100,100,1,1.5819503e-05,0.9988991,3.2337788e-08,2.6609843e-07,1.7597101e-06,0.0010830343
772,100,100,1,3.157373e-05,0.70736676,4.356437e-06,3.2464584e-05,9.225765e-05,0.29247263
773,100,100,1,0.000119230186,0.9927326,1.5008465e-06,5.7956263e-06,3.0663683e-05,0.0071102777
774,100,100,1,0.00016066506,0.89097387,3.2666623e-05,0.00011656183,0.00040580035,0.10831038
775,100,100,1,1.2123337e-05,0.9969891,2.0754868e-08,3.5665036e-07,1.9063585e-06,0.0029965758
776,100,100,1,8.1563194e-05,0.98684806,1.2110627e-06,6.400409e-06,2.761905e-05,0.013035204
777,100,100,1,8.7409004e-05,0.9205663,8.932833e-06,4.8061273e-05,0.00016882207,0.07912046
778,100,100,1,6.194724e-05,0.9955454,3.365566e-07,2.332495e-06,1.1481162e-05,0.004378418
779,100,100,1,9.7079326e-05,0.9631578,3.4510917e-06,1.963769e-05,7.1288385e-05,0.03665069
780,100,100,1,0.00014977687,0.90555626,1.6217173e-05,8.382217e-05,0.00027069767,0.09392333
781,100,100,1,5.5973837e-06,0.5482511,3.6671184e-07,5.287471e-06,1.3247585e-05,0.45172435
782,100,100,1,7.713028e-06,0.9978588,9.22643e-09,1.7351019e-07,8.074334e-07,0.0021325203
783,100,100,1,3.5909557e-05,0.9664895,5.950956e-07,6.079911e-06,2.2266491e-05,0.033445574
784,100,100,1,1.3540041e-05,0.99986136,2.1946414e-08,8.7982706e-08,9.792484e-07,0.00012397551
785,100,100,1,2.7171154e-05,0.9881259,1.2330358e-07,1.7351792e-06,7.0642513e-06,0.011837975
786,100,100,1,8.171277e-05,0.9961753,6.8009274e-07,2.5594593e-06,1.5369695e-05,0.003724292
787,100,100,1,0.00014446524,0.671366,8.16273e-05,0.00032371905,0.0011228599,0.32696128
788,100,100,1,3.4115306e-05,0.99890983,8.060173e-08,6.9205845e-07,4.2559077e-06,0.0010510023
789,100,100,1,7.872066e-05,0.9799141,1.9425422e-06,1.1611685e-05,4.9950308e-05,0.019943535
790,100,100,1,2.9338551e-05,0.99756455,9.269498e-08,7.726236e-07,3.8293683e-06,0.002401478
791,100,100,1,1.6686976e-05,0.9438233,2.1005964e-07,4.0828354e-06,1.2535952e-05,0.056143276
792,100,100,1,3.2530137e-05,0.99425817,1.2961097e-07,1.362149e-06,6.669568e-06,0.005701273
793,100,100,1,0.00022674377,0.9891986,3.5557e-06,1.3079099e-05,5.8870686e-05,0.0104992
794,100,100,1,2.2287204e-05,0.97897387,1.1020777e-07,1.6722578e-06,5.876218e-06,0.020996269
795,100,100,1,1.6995107e-05,0.9747922,6.921852e-08,1.9043231e-06,5.4583475e-06,0.025183454
796,100,100,1,3.4307574e-05,0.9962166,1.3752198e-07,1.0018175e-06,5.3742024e-06,0.0037426641
797,100,100,1,0.00014777454,0.85689044,2.8783312e-05,0.00014889974,0.0004611646,0.14232278
798,100,2000,0,6.3482985e-05,0.49285546,3.9763287e-05,0.00014006319,0.0004650367,0.50643617
799,100,100,1,6.919464e-05,0.8589719,9.7511665e-06,6.146943e-05,0.00019510258,0.14069268
800,100,100,1,0.0004813187,0.9422986,8.1152226e-05,0.00016930069,0.00069202296,0.05627764
801,100,100,1,3.137402e-05,0.9980634,1.14092614e-07,6.681912e-07,4.1289504e-06,0.0019002603
802,100,100,1,5.3712218e-05,0.99531037,4.1952845e-07,1.6443117e-06,9.698679e-06,0.0046239793
803,100,100,1,8.4905085e-05,0.9050788,1.0486103e-05,4.7924e-05,0.00016598088,0.09461194
804,100,100,1,5.977646e-05,0.97741246,9.937108e-07,6.825387e-06,2.7162165e-05,0.022492774
805,100,100,1,0.0004580957,0.9952384,1.1745257e-05,1.801897e-05,0.000117750955,0.0041560037
806,100,100,1,0.00012555512,0.86061674,2.7008211e-05,8.7839966e-05,0.00030348648,0.13883936
807,100,100,1,0.0024546483,0.99354976,9.4355884e-05,0.00012645614,0.0008161879,0.0029585282
808,100,100,1,5.4741035e-05,0.99654204,2.450373e-07,2.098118e-06,9.883685e-06,0.0033909352
809,100,100,1,1.9404715e-05,0.8969639,9.1050083e-07,1.0462948e-05,3.2955562e-05,0.10297243
810,100,100,1,2.7896496e-05,0.7846662,2.5839377e-06,2.6133157e-05,7.698548e-05,0.21520022
811,100,100,1,7.698504e-05,0.9875229,8.537784e-07,4.9602586e-06,2.0951233e-05,0.012373419
812,100,100,1,0.00011012528,0.972021,2.548292e-06,1.2202149e-05,4.8579193e-05,0.027805734
813,100,100,1,5.2570056e-05,0.97249335,8.406464e-07,6.6411026e-06,2.6011558e-05,0.027420722
814,100,2000,0,1.09079065e-05,0.3258924,2.0357256e-06,1.3741469e-05,3.4356868e-05,0.6740466
815,100,100,1,3.2024825e-05,0.947536,1.220367e-06,1.037309e-05,3.9120463e-05,0.052381255
816,100,100,1,0.000116104,0.8567009,2.1129898e-05,9.123107e-05,0.00029389275,0.14277673
817,100,100,1,5.536837e-06,0.99610764,7.370264e-09,1.694658e-07,8.3943155e-07,0.0038858575
818,100,100,1,2.3780265e-05,0.88719857,1.7049088e-06,1.5877009e-05,5.1326642e-05,0.11270881
819,100,100,1,4.8139627e-05,0.94264966,1.5481795e-06,1.3668951e-05,4.6068348e-05,0.05724096
820,100,100,1,4.3568427e-05,0.98137015,4.6423838e-07,3.6678339e-06,1.5265527e-05,0.018566951
821,100,100,1,7.7372104e-05,0.96994925,1.4305609e-06,1.2426624e-05,4.278945e-05,0.02991684
822,100,100,1,4.9686296e-05,0.78729457,6.9140888e-06,4.8262715e-05,0.00014465903,0.21245597
823,100,100,1,1.2956888e-05,0.69085324,1.305803e-06,1.7921904e-05,4.9364902e-05,0.30906528
824,100,100,1,0.00010873928,0.9996032,4.1664686e-07,1.2338849e-06,7.764308e-06,0.00027869554
825,100,100,1,6.171379e-05,0.9845702,9.1617153e-07,5.280586e-06,2.3422013e-05,0.015338371
826,100,100,1,0.00021876472,0.9585347,1.1020084e-05,6.2221174e-05,0.00020954518,0.04096368
827,100,100,1,0.00018914738,0.9501609,1.4080088e-05,6.218496e-05,0.0002319981,0.049341682
828,100,100,1,0.00018752851,0.9916386,2.5768136e-06,8.4930025e-06,4.2298325e-05,0.008120477
829,100,100,1,4.109347e-05,0.9843514,3.1735468e-07,2.950893e-06,1.1903763e-05,0.015592452
830,100,100,1,1.7431406e-05,0.9225349,2.344802e-07,4.0058258e-06,1.1219979e-05,0.077432185
831,100,2000,0,1.3752892e-05,0.12763698,5.829158e-06,2.3886765e-05,5.820379e-05,0.87226135
832,100,100,1,0.00021397637,0.9671346,1.0110849e-05,3.369859e-05,0.0001291427,0.032478526
833,100,100,1,0.00011658813,0.9988341,8.477955e-07,2.191536e-06,1.6278807e-05,0.0010301291
834,100,100,1,4.6585305e-05,0.93449014,7.618092e-07,1.5398726e-05,4.1684114e-05,0.065405406
835,100,100,1,9.852082e-05,0.9940562,5.0926445e-07,3.6189917e-06,1.3004307e-05,0.0058281375
836,100,100,1,0.00013165185,0.9811024,2.7674407e-06,1.4033411e-05,5.7330977e-05,0.018691802
837,100,100,1,7.879042e-05,0.93262166,3.1394225e-06,2.4020279e-05,7.3864576e-05,0.06719857
838,100,100,1,8.2663944e-05,0.9982822,5.6405196e-07,1.7075669e-06,1.1452713e-05,0.0016214655
839,100,100,1,6.939081e-05,0.9894058,3.6987714e-07,4.3161585e-06,1.733353e-05,0.01050276
840,100,100,1,2.3505554e-05,0.995129,7.471335e-08,9.257654e-07,4.6105743e-06,0.004841788
841,100,100,1,0.00017069021,0.7381776,9.829164e-05,0.00032323177,0.0011188689,0.2601113
842,100,100,1,2.4452727e-05,0.9983,6.562102e-08,4.4426253e-07,2.4667754e-06,0.0016725172
843,100,100,1,9.166339e-05,0.5584876,1.6748603e-05,9.80796e-05,0.00022789637,0.44107795
844,100,100,1,8.943719e-05,0.9237027,1.2022097e-05,5.0716582e-05,0.00019476225,0.07595034
845,100,100,1,0.0002658352,0.8192149,6.8282614e-05,0.00024007578,0.00071962795,0.1794913
846,100,100,1,0.0006165348,0.8829551,0.0002034203,0.00044553282,0.0015501782,0.11422923
847,100,100,1,1.7615514e-05,0.98138523,1.14469785e-07,1.8132853e-06,6.754156e-06,0.018588508
848,100,100,1,0.0001511676,0.99900347,1.3533992e-06,2.3083103e-06,1.6434824e-05,0.00082547497
849,100,100,1,5.796454e-05,0.9972952,4.075375e-07,1.5968936e-06,1.05511745e-05,0.0026342683
850,100,100,1,0.0004191927,0.9953377,6.262438e-06,1.528818e-05,7.668141e-05,0.0041447533
851,100,100,1,4.6633697e-05,0.96546125,9.1732176e-07,9.164443e-06,3.2632342e-05,0.034449276
852,100,100,1,4.4694316e-05,0.9944772,3.3319293e-07,1.6676909e-06,9.191284e-06,0.0054668942
853,100,100,1,7.8233716e-05,0.9114223,9.670589e-06,4.995382e-05,0.00017698415,0.088262856
854,100,100,1,3.0599305e-05,0.99565107,1.5155194e-07,8.7748225e-07,4.828556e-06,0.004312536
855,100,100,1,4.15389e-05,0.98509973,3.9151197e-07,2.7931749e-06,1.1672376e-05,0.014843852
856,100,100,1,0.00014722081,0.9994603,8.703067e-07,2.2906404e-06,2.2388465e-05,0.00036692107
857,100,100,1,0.00034694312,0.98511064,9.992767e-06,2.5172703e-05,0.00011748812,0.014389922
858,100,100,1,0.00019229788,0.99289215,2.0083824e-06,9.344216e-06,4.1049007e-05,0.0068630693
859,100,100,1,0.00085189875,0.99789065,1.6350628e-05,1.9413259e-05,0.00011964584,0.0011021498
860,100,100,1,0.0010861448,0.98037225,7.255609e-05,8.8548804e-05,0.00037027893,0.018010201
861,100,100,1,6.5128224e-05,0.9958354,5.111636e-07,2.1141125e-06,1.189485e-05,0.0040849675
862,100,100,1,4.3182714e-05,0.995871,2.787184e-07,1.3696202e-06,7.982387e-06,0.004076155
863,100,100,1,0.00028326613,0.9985513,2.4537535e-06,8.193911e-06,5.872223e-05,0.0010959469
864,100,100,1,6.8705645e-05,0.9861849,6.565498e-07,3.967754e-06,1.6332597e-05,0.013725433
865,100,100,1,0.0018539486,0.9944272,3.0508636e-05,0.00010518399,0.00052628573,0.0030569476
866,100,100,1,0.0001083349,0.9873691,1.9134698e-06,7.243928e-06,3.6484365e-05,0.012476878
867,100,100,1,0.00017269234,0.5821437,0.000109026885,0.0004153208,0.0012937994,0.41586554
868,100,100,1,6.480745e-05,0.99463636,4.1437897e-07,2.71411e-06,1.1935424e-05,0.005283673
869,100,100,1,3.1334523e-05,0.9895176,1.5108333e-07,1.6137346e-06,6.688508e-06,0.010442472
870,100,100,1,0.0001476967,0.8974241,2.1550111e-05,8.547255e-05,0.00027375043,0.10204738
871,100,100,1,9.903822e-05,0.99772745,6.2063776e-07,2.2064414e-06,1.1800306e-05,0.0021587957
872,100,100,1,2.0730791e-05,0.9987412,6.476734e-08,3.7112275e-07,2.6296188e-06,0.0012350474
873,100,100,1,5.6023215e-05,0.9994832,2.4188068e-07,7.134786e-07,5.8781325e-06,0.00045395363
874,100,100,1,3.9674134e-05,0.97875255,6.711302e-07,4.8261595e-06,2.0626196e-05,0.021181628
875,100,100,1,0.00021985939,0.8698225,5.7884838e-05,0.00019138292,0.00060518127,0.12910329
876,100,100,1,0.00012157869,0.9987191,9.755269e-07,2.2306258e-06,1.6053125e-05,0.0011401117
877,100,100,1,0.00029444968,0.9621008,3.394654e-05,8.9539455e-05,0.00039258818,0.0370887
878,100,100,1,6.1120045e-05,0.888216,5.478246e-06,3.894003e-05,0.00012241247,0.111555986
879,100,100,1,0.00076142413,0.99390393,1.6989748e-05,3.0891057e-05,0.00014997584,0.0051368056
880,100,100,1,0.00016914513,0.951143,1.9899106e-05,5.6315315e-05,0.00023143223,0.04838005
881,100,100,1,0.00018109103,0.9943737,2.3665846e-06,7.0470196e-06,3.864176e-05,0.005397133
882,100,100,1,2.3424866e-05,0.9826019,1.2247729e-07,2.2705271e-06,8.264475e-06,0.017364029
883,100,100,1,2.5919062e-05,0.9956215,1.1119936e-07,7.92365e-07,4.339494e-06,0.004347242
884,100,100,1,3.189051e-05,0.99580956,9.7519965e-08,9.0986674e-07,4.2550287e-06,0.0041531217
885,100,100,1,0.00036163136,0.99853873,6.892249e-06,8.061921e-06,6.610041e-05,0.0010186017
886,100,100,1,9.7397235e-05,0.95785797,4.3810182e-06,2.3932816e-05,9.343066e-05,0.041922923
887,100,100,1,0.00017046415,0.99943477,1.5286879e-06,2.5553654e-06,2.4786956e-05,0.000365909
888,100,100,1,7.9904e-05,0.9962858,5.740704e-07,2.8408344e-06,1.580649e-05,0.0036150587
889,100,100,1,4.1633524e-05,0.99219733,2.923482e-07,1.980999e-06,9.888904e-06,0.0077487994
890,100,100,1,3.3205913e-05,0.9809816,4.5879952e-07,3.8281837e-06,1.6352888e-05,0.018964518
891,100,100,1,1.3531252e-05,0.9887001,5.642499e-08,8.6330317e-07,3.6024592e-06,0.01128188
892,100,100,1,3.740099e-05,0.9978242,1.2986423e-07,8.7333234e-07,4.811696e-06,0.002132729
893,100,100,1,0.0034679982,0.98960704,0.00022630951,0.00021088452,0.0012292806,0.0052585453
894,100,100,1,1.8488628e-05,0.9946195,5.085333e-08,7.0419986e-07,3.2919947e-06,0.0053580194
895,100,100,1,1.2483197e-05,0.9945344,2.7202239e-08,5.57573e-07,2.4927328e-06,0.0054501183
896,100,100,1,0.00012838365,0.8750949,2.4937724e-05,0.00011956782,0.00039938354,0.124232836
897,100,100,1,0.00038835508,0.93890077,6.669674e-05,0.00016685374,0.00065550045,0.059821736
898,100,100,1,7.334323e-05,0.96950746,1.9372021e-06,1.3399177e-05,5.1821782e-05,0.030351983
899,100,100,1,1.5748501e-05,0.9067445,4.950141e-07,8.053879e-06,2.4589746e-05,0.09320657
900,100,100,1,0.0002219273,0.9985378,1.52514e-06,4.2935367e-06,2.3304261e-05,0.0012112221
901,100,100,1,1.6756547e-05,0.9855333,9.94465e-08,1.5174827e-06,6.279973e-06,0.014442039
902,100,100,1,5.673438e-05,0.9961583,4.208207e-07,1.6026819e-06,8.622686e-06,0.003774311
903,100,100,1,0.0002250778,0.8924778,5.2538056e-05,0.00015881105,0.00056595675,0.106519654
904,100,100,1,4.002882e-05,0.98394346,5.4320526e-07,3.2764594e-06,1.5015232e-05,0.015997624
905,100,100,1,0.00012966429,0.9756765,5.2176674e-06,2.0111613e-05,8.428722e-05,0.024084158
906,100,100,1,6.115186e-05,0.99962914,2.7419628e-07,7.3819166e-07,7.0177075e-06,0.00030168597
907,100,100,1,5.456805e-05,0.7845258,1.1683598e-05,6.558647e-05,0.00020810188,0.2151343
908,100,100,1,0.00042724388,0.9603152,4.324976e-05,0.00012836044,0.0005230949,0.038562894
909,100,100,1,0.0008462798,0.74192584,0.00092358945,0.0021012991,0.0076270294,0.24657606
910,100,100,1,0.00010229428,0.9614133,3.310806e-06,2.3540364e-05,8.071119e-05,0.038376864
911,100,100,1,0.0006368272,0.98642576,2.87464e-05,4.6778085e-05,0.00024885187,0.012613039
912,100,100,1,3.7766942e-05,0.9571596,1.0750196e-06,9.385044e-06,3.454411e-05,0.04275773
913,100,100,1,7.203722e-06,0.76660603,2.0423288e-07,4.736415e-06,1.1571126e-05,0.2333702
914,100,100,1,0.0023004832,0.9868548,0.00013724803,0.00018946914,0.0010169072,0.009501031
915,100,100,1,9.7674376e-05,0.88510823,1.8621615e-05,7.196043e-05,0.00025086734,0.11445261
916,100,100,1,4.4685905e-05,0.980944,7.0807044e-07,4.848026e-06,2.1182315e-05,0.018984664
917,100,100,1,2.4585963e-05,0.99314076,1.3772521e-07,1.1060756e-06,5.9521303e-06,0.0068274946
918,100,2000,0,6.505097e-06,0.38703048,9.144584e-07,8.534528e-06,2.1893547e-05,0.6129316
919,100,100,1,0.00023679338,0.99879456,3.0553722e-06,4.137287e-06,3.337136e-05,0.00092800567
920,100,100,1,7.952781e-05,0.926799,1.0219976e-05,5.0696028e-05,0.0001903141,0.07287006
921,100,100,1,0.00037574547,0.9973266,5.720949e-06,1.1324984e-05,7.9250196e-05,0.002201429
922,100,100,1,2.3804861e-05,0.9935242,8.7383725e-08,1.0816016e-06,4.6994282e-06,0.006446109
923,100,2000,0,3.2980809e-06,0.053791437,1.8715994e-06,7.783397e-06,1.9772035e-05,0.9461759
924,100,100,1,0.00050300534,0.97214454,1.8975275e-05,7.1282906e-05,0.0002580784,0.027004117
925,100,100,1,4.109119e-05,0.9920365,2.9367777e-07,1.8374951e-06,9.230315e-06,0.007911067
926,100,100,1,0.00036259278,0.9959912,5.4260972e-06,1.1548668e-05,6.4530126e-05,0.0035647952
927,100,100,1,2.3327915e-05,0.9287992,7.2955265e-07,8.568726e-06,2.7199718e-05,0.07114083
928,100,100,1,2.619269e-05,0.8917903,1.982219e-06,1.7607881e-05,5.725622e-05,0.10810668
929,100,2000,0,1.8670329e-06,0.059349388,8.471089e-07,4.782787e-06,1.161933e-05,0.9406315
930,100,100,1,2.216265e-05,0.8025216,2.5934285e-06,2.3135928e-05,6.976951e-05,0.19736075
931,100,100,1,6.851947e-05,0.9992655,3.544344e-07,9.1435413e-07,6.651501e-06,0.0006580275
932,100,100,1,0.00029218273,0.9986743,3.838322e-06,6.4206524e-06,4.521116e-05,0.0009780752
933,100,100,1,0.00033919117,0.9679947,2.228059e-05,7.4700096e-05,0.00030966048,0.031259514
934,100,100,1,0.0007337315,0.99504197,2.1162523e-05,2.6918358e-05,0.00017275436,0.0040035173
935,100,100,1,0.0004425862,0.97043085,2.7767426e-05,8.436363e-05,0.00036007064,0.028654333
936,100,100,1,2.1844236e-05,0.9885444,7.278929e-08,1.2648992e-06,4.9378777e-06,0.0114274565
937,100,100,1,1.50650685e-05,0.8993384,6.2796687e-07,8.935373e-06,2.7868438e-05,0.10060901
938,100,100,1,3.2668635e-05,0.8637349,2.1524072e-06,1.8914983e-05,5.6188055e-05,0.13615516
939,100,100,1,4.018257e-05,0.99748045,2.1599094e-07,9.2683325e-07,5.8344394e-06,0.0024723571
940,100,100,1,0.00033995893,0.85852724,5.9181817e-05,0.00029526852,0.0008241837,0.13995416
941,100,100,1,9.146976e-06,0.9962161,1.677262e-08,2.4812275e-07,1.2648463e-06,0.0037731659
942,100,100,1,0.00012547548,0.9762624,5.3433955e-06,2.0036674e-05,9.445777e-05,0.023492217
943,100,2000,0,2.673353e-05,0.31063524,1.2486084e-05,5.3438285e-05,0.00015658139,0.6891156
944,100,100,1,0.00023074093,0.96827626,1.1458121e-05,3.54985e-05,0.00014323411,0.031302832
945,100,100,1,0.007199286,0.8222549,0.0064289994,0.0075196205,0.031218436,0.12537879
946,100,100,1,0.00073231675,0.9935247,1.7333465e-05,2.7921395e-05,0.00012792011,0.005569916
947,100,100,1,0.00063854136,0.9785404,3.1344436e-05,8.7487715e-05,0.00038173396,0.020320531
948,100,100,1,0.00016754515,0.9852911,4.009911e-06,1.2843848e-05,5.9943002e-05,0.014464641
949,100,100,1,0.0004678343,0.97870755,1.947977e-05,7.994264e-05,0.00033568026,0.020389521
950,100,100,1,0.00038995774,0.95689845,4.982071e-05,0.00010028447,0.0004042081,0.04215723
951,100,100,1,0.00010008841,0.99492294,8.0806694e-07,4.344865e-06,2.2298818e-05,0.0049494845
952,100,100,1,0.00029843426,0.97313213,2.3503195e-05,6.9452486e-05,0.00029236742,0.02618404
953,100,100,1,6.2017593e-06,0.99895847,6.0700693e-09,1.020287e-07,6.640847e-07,0.0010344826
954,100,100,1,1.3873254e-05,0.94468135,3.2276895e-07,5.0418635e-06,1.7446904e-05,0.05528192
955,100,100,1,0.000103792685,0.96175456,4.5835895e-06,2.3556762e-05,9.009722e-05,0.038023494
956,100,100,1,4.8053178e-05,0.99895215,1.9624062e-07,8.531021e-07,6.165653e-06,0.0009923916
957,100,2000,0,3.883677e-06,0.17786556,6.2376563e-07,5.453981e-06,1.22427955e-05,0.82211226
958,100,100,1,1.8753148e-05,0.99102706,5.7991528e-08,1.1852139e-06,4.762748e-06,0.008948266
959,100,100,1,0.00025647855,0.9973194,3.4469044e-06,6.0151265e-06,3.6862162e-05,0.0023778311
960,100,100,1,0.0001670009,0.97260576,4.815929e-06,2.2947768e-05,9.099046e-05,0.027108403
961,100,2000,0,5.05145e-06,0.030851759,4.4260287e-06,1.4404562e-05,3.4598936e-05,0.9690898
962,100,100,1,5.6137324e-05,0.9351588,2.0657708e-06,1.9856274e-05,6.395048e-05,0.06469913
963,100,100,1,0.00044396624,0.9990657,7.0978763e-06,7.870656e-06,7.8386e-05,0.00039690826
964,100,100,1,4.3514978e-05,0.84856415,5.337475e-06,3.7768667e-05,0.00011846672,0.15123083
965,100,100,1,6.760145e-05,0.88878757,6.605043e-06,5.4196975e-05,0.00017400354,0.11091012
966,100,100,1,8.112781e-05,0.9664543,2.756629e-06,1.8043373e-05,6.8032015e-05,0.033375632
967,100,100,1,0.00027541522,0.95816934,3.0496223e-05,7.1920935e-05,0.00031190424,0.041140843
968,100,100,1,2.6431348e-05,0.9988691,9.816518e-08,4.9438495e-07,3.6147512e-06,0.0011002035
969,100,100,1,5.8610418e-05,0.928182,4.7139433e-06,2.7384094e-05,9.87178e-05,0.071628556
970,100,2000,0,5.2937107e-06,0.40639296,4.4001166e-07,5.1321763e-06,1.2623281e-05,0.5935835
971,100,100,1,0.0019423569,0.9778104,0.00016187751,0.00023824743,0.0010677184,0.018779429
972,100,100,1,6.0509497e-05,0.84158516,1.180708e-05,6.810737e-05,0.00022269235,0.15805161
973,100,100,1,1.4750811e-05,0.9995964,2.3738428e-08,1.7000242e-07,1.4519303e-06,0.0003872211
974,100,100,1,0.00030263918,0.7677314,0.00019814908,0.00047142876,0.0016949316,0.22960143
975,100,100,1,9.428372e-05,0.86175734,1.1723401e-05,6.609156e-05,0.00019988837,0.13787062
976,100,100,1,0.00022620674,0.91665083,3.698066e-05,0.00021373505,0.0007827153,0.082089566
977,100,100,1,1.5512776e-05,0.9076478,1.6274203e-07,3.871066e-06,1.0020712e-05,0.09232261
978,100,100,1,2.4226452e-05,0.6185634,4.978382e-06,4.4909306e-05,0.0001273107,0.38123506
979,100,100,1,4.2098905e-05,0.98332745,3.0288223e-07,2.9015073e-06,1.106296e-05,0.016616194
980,100,2000,0,3.163929e-05,0.43289477,6.9702496e-06,4.890436e-05,0.0001216311,0.566896
981,100,2000,0,7.425448e-06,0.39823452,7.832166e-07,7.710707e-06,1.8779712e-05,0.60173076
982,100,100,1,0.06145085,0.8734885,0.0075089335,0.00980695,0.031181952,0.01656273
983,100,100,1,0.015643101,0.95752484,0.0022847883,0.0019276303,0.009277153,0.013342472
984,100,100,1,8.537327e-05,0.83874893,1.2071759e-05,8.707321e-05,0.00026097873,0.16080551
985,100,100,1,0.00087603205,0.6040651,0.0012576819,0.0024228897,0.007983764,0.38339463
986,100,100,1,0.00030541865,0.9870744,7.1879595e-06,2.2512653e-05,9.7761134e-05,0.012492785
987,100,100,1,0.0006317796,0.8305712,0.0002841809,0.0006743688,0.00230292,0.16553552
988,100,2000,0,2.8724987e-06,0.45092312,1.2668765e-07,2.5247537e-06,6.051067e-06,0.54906535
989,100,2000,0,4.881793e-07,0.05192419,7.1875405e-08,6.788151e-07,1.3915823e-06,0.94807315
990,100,100,1,8.412995e-06,0.99971765,3.826376e-09,6.657411e-08,3.0454294e-07,0.00027334
991,100,100,1,9.016801e-06,0.99379927,1.5224401e-08,3.2302202e-07,1.4386557e-06,0.0061899424
992,100,100,1,2.2040418e-05,0.9770278,2.1023915e-07,3.0658732e-06,1.1825694e-05,0.022935085
993,100,2000,0,5.052257e-06,0.27924752,8.175163e-07,7.4483605e-06,1.8625367e-05,0.7207206
994,100,100,1,7.075293e-05,0.96704495,1.5764809e-06,1.0702173e-05,3.972553e-05,0.03283215
995,100,100,1,5.465915e-05,0.9910454,3.686053e-07,2.2541387e-06,1.00842135e-05,0.008887211
996,100,100,1,1.6224045e-05,0.995793,4.630277e-08,5.657409e-07,2.9744565e-06,0.0041872305
997,100,100,1,3.3345474e-05,0.8304412,1.8635843e-06,1.7826958e-05,5.084005e-05,0.16945487
998,100,100,1,2.3907236e-05,0.7183011,2.7258316e-06,2.179427e-05,6.253564e-05,0.28158787
999,100,100,1,2.2700402e-05,0.9803672,1.1953477e-07,2.233976e-06,7.581106e-06,0.01960022
1000,1000,1000,1,0.07701319,4.109408e-10,0.0061609074,0.6922504,0.2245756,8.133835e-12
1001,1000,1000,1,0.042330414,2.7164487e-10,0.0002739614,0.89779204,0.05960354,2.5636754e-12
1002,1000,1000,1,0.32093346,9.460179e-09,0.11058792,0.37891302,0.18956566,2.3825e-10
1003,1000,1000,1,0.0052677016,9.150855e-07,0.0042542364,0.4965555,0.49392152,1.278644e-07
1004,1000,1000,1,0.010630269,2.1685484e-08,0.003460935,0.78140384,0.20450482,3.8587373e-09
1005,1000,1000,1,0.02733988,1.3698152e-06,0.034294184,0.7375287,0.20083538,4.4392402e-07
1006,1000,1000,1,0.26404318,1.9672136e-06,0.029110435,0.43961424,0.26723024,2.2648537e-08
1007,1000,1500,0,0.012345097,4.707806e-06,0.04318821,0.347315,0.59714615,8.740298e-07
1008,1000,1000,1,0.28718534,1.7504647e-07,0.030799994,0.5520638,0.12995061,2.7733627e-09
1009,1000,0,0,0.45147812,3.5512937e-07,0.06480512,0.40853247,0.07518388,1.1089112e-08
1010,1000,1500,0,0.0028365937,2.3336464e-05,0.007383111,0.4508267,0.53892094,9.378143e-06
1011,1000,0,0,0.50137335,1.7242877e-07,0.013990897,0.34526122,0.1393743,4.1526133e-10
1012,1000,1500,0,0.023975678,4.2106563e-05,0.15194096,0.3008477,0.5231818,1.1740203e-05
1013,1000,1000,1,0.019076508,9.551802e-05,0.020036185,0.49920952,0.4615671,1.5064508e-05
1014,1000,0,0,0.4327539,1.762956e-06,0.05124527,0.24055609,0.27544296,5.4777876e-09
1015,1000,1500,0,0.12281294,1.6112038e-08,0.009923399,0.37826568,0.48899788,1.14400496e-10
1016,1000,1000,1,0.081972055,1.3366433e-07,0.015077548,0.7126546,0.19029565,6.293461e-09
1017,1000,1500,0,0.010323603,3.8628573e-07,0.018117279,0.2907494,0.6808093,1.9879876e-08
1018,1000,1500,0,0.24388945,3.8086192e-08,0.053143676,0.24971677,0.4532501,3.6318365e-10
1019,1000,1000,1,0.039825156,2.7948714e-08,0.0048166867,0.8135698,0.14178838,1.3510983e-09
1020,1000,1500,0,0.016560491,1.9294666e-07,0.006553206,0.36294615,0.61393994,6.553917e-09
1021,1000,1000,1,0.053998698,3.2221052e-07,0.05683009,0.556046,0.3331248,4.4878053e-08
1022,1000,1500,0,0.019133883,4.837469e-08,0.034692522,0.3438251,0.60234845,2.3832822e-09
1023,1000,1500,0,0.009593119,1.0740459e-05,0.101488434,0.33110973,0.5577902,7.779617e-06
1024,1000,500,0,0.017829552,3.0566973e-06,0.5696388,0.1571201,0.25539735,1.1181041e-05
1025,1000,1500,0,0.04835944,2.430245e-06,0.1691957,0.34798715,0.4344547,5.813523e-07
1026,1000,0,0,0.41790423,2.4182205e-08,0.40745744,0.09946678,0.07517156,1.8099297e-09
1027,1000,1000,1,0.052121263,2.9069817e-08,0.0030908326,0.6215669,0.323221,3.75525e-10
1028,1000,1000,1,0.21428165,3.473141e-07,0.098302945,0.44279832,0.24461675,2.8605523e-08
1029,1000,1000,1,0.26101503,8.539353e-08,0.030334227,0.59559554,0.11305508,2.444081e-09
1030,1000,1000,1,0.14509961,3.1458402e-08,0.112331994,0.5407572,0.20181116,2.0971396e-09
1031,1000,1000,1,0.07806918,2.1131016e-06,0.17162652,0.53039217,0.21990933,7.132368e-07
1032,1000,1000,1,0.25177476,3.1657112e-07,0.02861295,0.5510799,0.16853204,3.9468193e-09
1033,1000,1000,1,0.028113967,1.4607033e-07,0.0077676475,0.60128576,0.36283246,8.94622e-09
1034,1000,1000,1,0.015728697,0.00014414752,0.033310276,0.531106,0.41964737,6.352524e-05
1035,1000,500,0,0.17165174,1.2495099e-06,0.53700286,0.09541857,0.19592531,2.1169662e-07
1036,1000,1000,1,0.17207868,3.832637e-08,0.14957567,0.34349173,0.33485386,1.5955087e-09
1037,1000,1500,0,0.07662534,0.00021940078,0.08090662,0.14071934,0.70152605,3.3030888e-06
1038,1000,1500,0,0.012135342,0.00020847825,0.023907317,0.21268095,0.7510524,1.5489028e-05
1039,1000,1500,0,0.01843783,8.821281e-05,0.068404585,0.20950082,0.70356226,6.270871e-06
1040,1000,1500,0,0.007843439,0.0008601714,0.010191309,0.24715157,0.7338796,7.395917e-05
1041,1000,1500,0,0.02154201,0.00036459044,0.109934434,0.23325679,0.63479644,0.000105679144
1042,1000,1500,0,0.15315594,0.0008583804,0.12092288,0.10378106,0.62127703,4.7617127e-06
1043,1000,0,0,0.3493759,5.9755406e-05,0.3301976,0.056033492,0.26433304,1.6394323e-07
1044,1000,1500,0,0.07222846,0.00017683214,0.14735821,0.22462021,0.555602,1.4209478e-05
1045,1000,0,0,0.60108274,4.0486685e-09,0.23146845,0.10423613,0.06321265,5.966535e-11
1046,1000,1000,1,0.043677546,1.9153217e-06,0.14880067,0.47516224,0.332357,7.238693e-07
1047,1000,500,0,0.2529508,6.9989614e-09,0.57123435,0.12097739,0.05483755,2.0014836e-09
1048,1000,1500,0,0.27284834,1.437772e-08,0.27302247,0.13404976,0.3200794,3.3628694e-10
1049,1000,1500,0,0.025555717,2.406891e-06,0.013495361,0.46804208,0.49290434,1.2417478e-07
1050,1000,1000,1,0.18740673,7.1625315e-09,0.17583731,0.42193508,0.21482086,6.9905787e-10
1051,1000,1000,1,0.13027461,2.102692e-06,0.007641211,0.7071061,0.15497589,4.0365315e-08
1052,1000,1500,0,0.021124726,2.62525e-06,0.07066878,0.30228654,0.6059171,3.218004e-07
1053,1000,1000,1,0.14531267,1.4013425e-06,0.10372523,0.43904993,0.31191066,9.9081205e-08
1054,1000,0,0,0.47692558,1.2769775e-06,0.18296957,0.1731326,0.16697095,5.0179376e-09
1055,1000,1000,1,0.053424157,1.5433865e-05,0.013408422,0.5213861,0.4117654,5.472673e-07
1056,1000,1000,1,0.12887433,2.661536e-09,0.0040581888,0.7794498,0.087617636,5.690162e-11
1057,1000,1500,0,0.0637706,2.0717772e-07,0.04210551,0.26890483,0.62521887,3.910997e-09
1058,1000,1000,1,0.1530736,1.3987743e-08,0.011219192,0.7350134,0.10069379,4.202364e-10
1059,1000,1000,1,0.17478345,2.8884578e-08,0.01013703,0.6203439,0.1947356,3.916922e-10
1060,1000,1000,1,0.056766536,8.378989e-08,0.040288966,0.6374452,0.26549917,9.156651e-09
1061,1000,1000,1,0.011798062,1.3107957e-05,0.007843222,0.63004005,0.35030335,2.1682063e-06
1062,1000,1000,1,0.029371161,6.547865e-07,0.023475036,0.5407395,0.4064135,9.7095054e-08
1063,1000,1500,0,0.10427907,9.0769035e-08,0.040438637,0.31546646,0.5398157,1.5459398e-09
1064,1000,1000,1,0.055588685,5.9117826e-07,0.039901324,0.59436333,0.310146,5.2535096e-08
1065,1000,1500,0,0.042348646,1.2843602e-05,0.021536998,0.3034053,0.63269585,3.4424176e-07
1066,1000,1500,0,0.014681914,1.5886299e-05,0.012612816,0.36090863,0.6117794,1.3168036e-06
1067,1000,1500,0,0.008833466,1.144721e-05,0.01852575,0.35064763,0.6219804,1.2884119e-06
1068,1000,1500,0,0.00850973,0.070291,0.0096550025,0.31234348,0.53205144,0.06714935
1069,1000,1500,0,0.025639413,6.307662e-05,0.05135511,0.37912956,0.543794,1.8934865e-05
1070,1000,1500,0,0.2315707,5.991911e-05,0.06890559,0.20483714,0.4946263,3.7528758e-07
1071,1000,1500,0,0.009715144,0.0001376283,0.03992451,0.2709195,0.6792724,3.078086e-05
1072,1000,1500,0,0.017785035,0.00063520286,0.06998041,0.26580742,0.64563733,0.00015456161
1073,1000,1500,0,0.06457228,0.00010359392,0.24579436,0.18310751,0.50641096,1.1346474e-05
1074,1000,1000,1,0.31726313,2.2106408e-06,0.0914848,0.46803892,0.12321075,2.0604071e-07
1075,1000,1000,1,0.08321576,2.1181795e-07,0.044016402,0.53508985,0.33767784,1.4217387e-08
1076,1000,1000,1,0.1666265,4.735431e-05,0.0069307433,0.525542,0.30085313,2.7503896e-07
1077,1000,1500,0,0.0034266706,0.0014741933,0.0019647563,0.45141128,0.5410157,0.00070753146
1078,1000,1000,1,0.09055584,1.1351223e-07,0.0661531,0.50299114,0.3402998,1.0151477e-08
1079,1000,1500,0,0.0018608399,1.4387905e-05,0.024004819,0.3432562,0.63084465,1.9128565e-05
1080,1000,1000,1,0.022096213,5.7855505e-08,0.0040953676,0.79153925,0.18226914,4.7974487e-09
1081,1000,1000,1,0.011206834,2.6482944e-06,0.011517428,0.57378525,0.40348732,5.1406255e-07
1082,1000,1000,1,0.08669048,7.6423385e-07,0.098590516,0.5701065,0.24461159,1.1420508e-07
1083,1000,1000,1,0.24415246,1.8768338e-08,0.023690876,0.555685,0.17647165,1.8257827e-10
1084,1000,1000,1,0.0049161073,1.4956981e-06,0.007442267,0.717787,0.2698524,7.854642e-07
1085,1000,1500,0,0.058936696,3.5130115e-06,0.0060726414,0.28283632,0.6521508,1.2224677e-08
1086,1000,1000,1,0.031224318,4.146803e-07,0.0062603075,0.7006169,0.2618981,2.5549891e-08
1087,1000,1500,0,0.003774967,3.2044383e-07,0.020613963,0.47039223,0.5052182,2.2794605e-07
1088,1000,1500,0,0.052845012,1.7560683e-06,0.044040903,0.42162812,0.48148412,1.7012259e-07
1089,1000,1500,0,0.04906203,0.0029266279,0.009024213,0.28489983,0.6539996,8.768239e-05
1090,1000,1500,0,0.029590154,0.0085813925,0.037199706,0.1988279,0.72508574,0.00071517227
1091,1000,1500,0,0.048709873,0.00014710591,0.049717043,0.21546368,0.6859588,3.5509825e-06
1092,1000,1500,0,0.01337836,0.0010394542,0.13716596,0.23659042,0.6105269,0.0012988774
1093,1000,1500,0,0.0062890807,0.000563562,0.017167643,0.23954266,0.7363168,0.000120197474
1094,1000,1500,0,0.00421317,0.0015558077,0.05786568,0.28577736,0.6457432,0.0048449053
1095,1000,1500,0,0.0048497315,7.7657845e-05,0.025822662,0.2587026,0.7105336,1.3684331e-05
1096,1000,1500,0,0.012481551,8.662037e-05,0.058239866,0.3724561,0.55669516,4.068699e-05
1097,1000,1500,0,0.02660402,0.00016773303,0.14804423,0.3462985,0.47882578,5.9777918e-05
1098,1000,1500,0,0.03847692,1.1190558e-05,0.120054096,0.36491218,0.47654152,4.0764035e-06
1099,1000,1500,0,0.03477309,1.2005558e-05,0.22409503,0.32321063,0.4179054,3.8677563e-06
1100,1000,500,0,0.23004378,5.120709e-06,0.40231013,0.10529677,0.26234406,9.804397e-08
1101,1000,1500,0,0.006241017,3.7143956e-05,0.022008426,0.25454596,0.7171542,1.3271446e-05
1102,1000,500,0,0.30521312,5.2058884e-05,0.3781637,0.059854664,0.25671616,2.2669842e-07
1103,1000,1500,0,0.0056884917,1.9709922e-05,0.06784201,0.29364538,0.63279015,1.42589e-05
1104,1000,1000,1,0.07865523,2.1455996e-06,0.075157866,0.55221725,0.29396734,1.9626617e-07
1105,1000,1000,1,0.25860608,1.5057068e-05,0.17927873,0.3244975,0.23760201,7.153852e-07
1106,1000,1500,0,0.02992198,1.45426775e-05,0.08839414,0.31065324,0.5710144,1.6737921e-06
1107,1000,1500,0,0.035352334,6.5329364e-06,0.067256875,0.28299126,0.6143923,6.2360397e-07
1108,1000,1500,0,0.018613948,5.4852007e-06,0.21240757,0.2802371,0.48873127,4.541978e-06
1109,1000,1000,1,0.047139063,1.1724749e-09,0.016196452,0.7367485,0.19991598,5.162256e-11
1110,1000,1000,1,0.05131826,5.7093175e-06,0.027939811,0.46346253,0.45727345,2.2893002e-07
1111,1000,1000,1,0.022010136,1.0529993e-06,0.18884315,0.400314,0.38883054,1.067688e-06
1112,1000,1000,1,0.018324995,1.5442561e-06,0.031340096,0.5274782,0.42285421,9.1308823e-07
1113,1000,500,0,0.28830388,1.1245442e-09,0.35256436,0.13741569,0.2217161,1.5057754e-11
1114,1000,1000,1,0.0058959746,1.6526546e-07,0.009776987,0.58462995,0.3996969,5.8464796e-08
1115,1000,500,0,0.1801224,2.5400577e-06,0.39846388,0.26730397,0.15410677,4.6662103e-07
1116,1000,0,0,0.40021855,1.6733877e-09,0.37635905,0.14603981,0.077382594,1.6403821e-10
1117,1000,1500,0,0.004297601,1.00084635e-05,0.0814998,0.2732024,0.6409808,9.383637e-06
1118,1000,1500,0,0.0034822868,1.4922266e-05,0.050546367,0.31661043,0.62932914,1.6849839e-05
1119,1000,500,0,0.10020031,1.8462193e-06,0.48953134,0.19308597,0.21717995,6.304923e-07
1120,1000,0,0,0.38150284,2.5561994e-06,0.15116625,0.1444797,0.3228487,7.634105e-09
1121,1000,0,0,0.4719904,5.3482004e-06,0.07583535,0.20462553,0.24754336,2.1986597e-08
1122,1000,1000,1,0.14405514,6.83772e-10,0.017403122,0.75679064,0.08175114,3.0647953e-11
1123,1000,1000,1,0.04985861,1.1146087e-07,0.02590495,0.6821644,0.24207191,9.35272e-09
1124,1000,1000,1,0.14004368,2.1227224e-08,0.049416903,0.59606946,0.21446992,9.83633e-10
1125,1000,1000,1,0.009797247,3.600565e-07,0.04799304,0.47429305,0.46791616,1.5363538e-07
1126,1000,1500,0,0.023038344,2.3331353e-05,0.24623546,0.23010722,0.5005827,1.2919297e-05
1127,1000,1000,1,0.13782884,2.2754731e-08,0.18168178,0.41014364,0.2703457,2.9348222e-09
1128,1000,1000,1,0.08036863,1.2833863e-06,0.24091919,0.3947712,0.2839394,3.911152e-07
1129,1000,1000,1,0.008096714,3.691194e-06,0.024482366,0.5641127,0.4033027,1.888313e-06
1130,1000,500,0,0.19666876,3.508623e-09,0.34641773,0.15850274,0.29841074,9.3559084e-11
1131,1000,1500,0,0.029540759,0.00020376708,0.39207852,0.17743678,0.40058282,0.00015743879
1132,1000,1500,0,0.014448398,0.03125168,0.09844958,0.20907426,0.62313473,0.02364139
1133,1000,1500,0,0.0153174875,0.00015091074,0.037863567,0.19559726,0.7510557,1.5024865e-05
1134,1000,1500,0,0.039743874,2.1165168e-05,0.43090993,0.06349677,0.4658223,6.0241273e-06
1135,1000,500,0,0.22418378,0.0001525723,0.5986379,0.062578924,0.114381246,6.561433e-05
1136,1000,500,0,0.25878936,5.4852094e-06,0.6472295,0.019663734,0.07431166,2.7302633e-07
1137,1000,1500,0,0.05296692,6.4683463e-06,0.05023834,0.4197182,0.47706956,4.2661824e-07
1138,1000,1000,1,0.034707606,6.9876327e-09,0.0011727522,0.8025876,0.16153204,5.323515e-11
1139,1000,500,0,0.07958476,1.9470388e-06,0.46045515,0.23895742,0.22099997,7.93052e-07
1140,1000,1000,1,0.14820218,1.7409108e-06,0.02224963,0.52991897,0.29962736,3.7063813e-08
1141,1000,1500,0,0.2001368,7.505607e-07,0.07903407,0.2414593,0.479369,7.9325595e-09
1142,1000,500,0,0.32961267,2.0628306e-07,0.3496457,0.086702,0.23403941,1.2828344e-09
1143,1000,0,0,0.49630055,8.89176e-07,0.15731904,0.2472209,0.09915864,1.5835788e-08
1144,1000,0,0,0.8223926,5.2671036e-14,0.12694463,0.046344608,0.0043181796,1.406487e-15
1145,1000,1500,0,0.009482476,4.1055024e-05,0.06779467,0.38555825,0.53709614,2.7393307e-05
1146,1000,1500,0,0.22593051,1.5549334e-05,0.0772977,0.11579007,0.5809662,3.943902e-08
1147,1000,500,0,0.27918106,1.3146744e-06,0.5810724,0.030740814,0.10900435,4.2184805e-08
1148,1000,1000,1,0.077302165,6.2268776e-07,0.059385512,0.53700864,0.326303,6.042971e-08
1149,1000,1500,0,0.005559242,2.1754144e-05,0.10091095,0.28105062,0.6124362,2.1274951e-05
1150,1000,1500,0,0.008604959,0.0004307383,0.008685373,0.41677836,0.5654386,6.1864004e-05
1151,1000,0,0,0.3760913,5.114862e-10,0.33601037,0.048785612,0.23911266,1.367689e-12
1152,1000,1000,1,0.17219031,3.8024364e-08,0.124253996,0.47587186,0.22768387,2.5460551e-09
1153,1000,1000,1,0.008287919,7.570219e-07,0.03421092,0.552894,0.4046059,5.5613714e-07
1154,1000,500,0,0.09229305,9.4702965e-09,0.56428313,0.096549965,0.24687389,2.5925386e-09
1155,1000,1500,0,0.02889487,1.4976493e-05,0.121290445,0.37833002,0.4714651,4.6360024e-06
1156,1000,1500,0,0.3528442,0.00021857042,0.055762086,0.16427758,0.42689726,3.1141184e-07
1157,1000,1500,0,0.024979765,7.029488e-07,0.12865855,0.25989258,0.5864683,1.4929095e-07
1158,1000,500,0,0.056616563,2.320807e-06,0.66871196,0.087435864,0.18723024,3.141082e-06
1159,1000,1500,0,0.010677413,0.00013795208,0.023995806,0.43091062,0.5342435,3.4741017e-05
1160,1000,1500,0,0.012884082,0.00037689265,0.14338017,0.21429202,0.6288318,0.000234987
1161,1000,1000,1,0.12119841,2.8725574e-06,0.2506649,0.37785843,0.25027496,5.0783257e-07
1162,1000,0,0,0.613815,1.6223686e-07,0.31809974,0.032024,0.03606105,4.7593496e-10
1163,1000,1500,0,0.009261329,1.5563226e-07,0.030718133,0.41098073,0.5490396,2.6208351e-08
1164,1000,1000,1,0.022351539,5.801055e-06,0.06593177,0.47749618,0.4342135,1.2876114e-06
1165,1000,1500,0,0.006145961,5.8555747e-06,0.03621811,0.41345894,0.5441685,2.728458e-06
1166,1000,1500,0,0.029483788,0.00018506753,0.16698937,0.34318513,0.46004966,0.0001070764
1167,1000,1500,0,0.016574576,5.672502e-05,0.15955831,0.19109344,0.63268065,3.6252874e-05
1168,1000,1000,1,0.059515305,1.0611492e-09,0.0005818549,0.8762193,0.06368349,8.258919e-12
1169,1000,1000,1,0.022149302,1.443497e-07,0.0055868127,0.8416646,0.13059907,2.052393e-08
1170,1000,1500,0,0.022677394,0.08864698,0.005671094,0.27488068,0.60029995,0.007823953
1171,1000,2000,0,0.002019522,0.12196311,0.0056975544,0.02770451,0.0616359,0.7809794
1172,1000,1500,0,0.062596425,0.0074728685,0.06868199,0.29171145,0.5686412,0.0008961496
1173,1000,100,0,0.06966927,0.44366807,0.043904275,0.08804951,0.33727348,0.017435372
1174,1000,1500,0,0.020308899,0.0018510422,0.020206738,0.23894462,0.71857625,0.00011247312
1175,1000,1500,0,0.021520173,0.00083975674,0.11858862,0.2263761,0.6324735,0.00020186717
1176,1000,1500,0,0.009832871,0.01590173,0.047381863,0.22925228,0.67844,0.019191243
1177,1000,1500,0,0.013245704,0.00037024452,0.103415094,0.23009571,0.6526716,0.00020165605
1178,1000,1500,0,0.0033026487,3.132856e-06,0.056369785,0.23732577,0.7029972,1.407445e-06
1179,1000,1500,0,0.018419836,3.823436e-06,0.102204785,0.3919739,0.48739567,2.0318978e-06
1180,1000,1500,0,0.06664203,1.8225471e-06,0.0842164,0.29010016,0.55903953,5.944401e-08
1181,1000,1500,0,0.02003387,2.481021e-06,0.11712447,0.3196559,0.5431826,6.9093846e-07
1182,1000,500,0,0.19633986,5.626814e-08,0.5447726,0.13735583,0.121531695,2.0673022e-08
1183,1000,0,0,0.46088856,7.926838e-08,0.433183,0.06415555,0.04177277,1.0992154e-08
1184,1000,1500,0,0.120183825,3.016391e-05,0.10817558,0.27105376,0.5005554,1.311423e-06
1185,1000,1500,0,0.03979258,1.48689305e-05,0.18431152,0.32323653,0.45263755,6.953499e-06
1186,1000,0,0,0.37599146,1.417113e-08,0.15406896,0.2548208,0.21511878,3.0380704e-10
1187,1000,1000,1,0.15562966,7.8777207e-10,0.016215444,0.76266795,0.06548686,4.4257296e-11
1188,1000,1000,1,0.03917584,2.7342475e-09,0.0019367626,0.8820758,0.07681162,1.6975894e-10
1189,1000,1000,1,0.024481742,3.365e-08,0.003711403,0.8599565,0.11185029,3.874966e-09
1190,1000,1000,1,0.023982892,1.217905e-07,0.010185228,0.78612846,0.17970328,2.4041144e-08
1191,1000,1000,1,0.00824194,1.0047764e-05,0.011361572,0.7389116,0.24146824,6.5905897e-06
1192,1000,1000,1,0.011296139,1.1128027e-06,0.0608701,0.53075165,0.39707994,9.924827e-07
1193,1000,1000,1,0.015377651,7.582134e-08,0.0016987809,0.849544,0.13337947,9.406355e-09
1194,1000,1000,1,0.01104273,9.32003e-09,0.013307193,0.8057759,0.16987422,3.850053e-09
1195,1000,1000,1,0.037926994,2.311227e-08,0.0047546183,0.8315556,0.1257628,2.179444e-09
1196,1000,1000,1,0.052348457,6.930201e-09,0.0010762659,0.869272,0.07730326,9.884948e-11
1197,1000,1000,1,0.006350911,1.4789414e-07,0.016197592,0.69944495,0.2780063,9.2022255e-08
1198,1000,1000,1,0.0057964167,1.0503031e-08,0.0004247901,0.91471857,0.079060175,1.1792124e-09
1199,1000,1000,1,0.16753957,9.658835e-09,0.001829667,0.7882471,0.04238366,8.800971e-11
1200,1000,1000,1,0.07253197,6.3903574e-14,3.0106068e-05,0.9211623,0.00627555,4.2385325e-16
1201,1000,1000,1,0.18960957,5.95984e-10,0.0030592096,0.7806071,0.02672408,2.556e-11
1202,1000,1000,1,0.060663998,3.059684e-10,0.00064527325,0.8819383,0.056752466,4.129409e-12
1203,1000,1000,1,0.015864506,1.2510226e-05,0.12671986,0.519917,0.3374676,1.8518862e-05
1204,1000,500,0,0.01602929,6.5485247e-06,0.40215284,0.23258555,0.34919754,2.827149e-05
1205,1000,1000,1,0.05150867,9.195609e-07,0.21816286,0.45554495,0.27478227,3.446644e-07
1206,1000,1000,1,0.016652701,9.424644e-06,0.033375975,0.5545435,0.39541474,3.6237998e-06
1207,1000,500,0,0.15465069,1.5614845e-08,0.36157295,0.263998,0.21977831,2.9219025e-09
1208,1000,500,0,0.19774072,3.1102482e-07,0.32725543,0.16467716,0.31032643,2.8831105e-08
1209,1000,1500,0,0.02510375,1.4980592e-06,0.036519714,0.4672196,0.47115523,2.473032e-07
1210,1000,1500,0,0.033193313,7.168853e-07,0.2054972,0.3699286,0.39137968,4.2176e-07
1211,1000,1000,1,0.11150888,2.5216872e-07,0.108364925,0.5739562,0.20616974,4.464302e-08
1212,1000,1500,0,0.14009143,3.376605e-06,0.14812729,0.3014405,0.4103372,2.1575686e-07
1213,1000,1000,1,0.011784488,4.1583685e-06,0.042509813,0.49777678,0.4479222,2.480961e-06
1214,1000,1000,1,0.00919646,4.1915496e-06,0.008739487,0.5849502,0.39710897,6.259054e-07
1215,1000,1500,0,0.0065226303,3.1975444e-05,0.03304813,0.3522222,0.6081552,1.9886125e-05
1216,1000,1500,0,0.16608262,2.8795259e-05,0.1914328,0.22267604,0.4197781,1.6570685e-06
1217,1000,1000,1,0.028880253,2.304188e-06,0.017789537,0.6349251,0.31840244,2.6680058e-07
1218,1000,1500,0,0.023650156,0.008552395,0.0359091,0.37960982,0.55008775,0.0021907955
1219,1000,1500,0,0.008536308,0.0014015419,0.017958257,0.4181469,0.5529927,0.0009642308
1220,1000,1500,0,0.010419518,0.00037278587,0.10641095,0.27141568,0.61094797,0.00043303013
1221,1000,1000,1,0.012327932,3.785701e-07,0.08573114,0.47225153,0.4296888,2.3587062e-07
1222,1000,1500,0,0.0046743904,8.730757e-06,0.06538176,0.34600005,0.58392394,1.1170973e-05
1223,1000,1500,0,0.0064217844,8.062611e-05,0.022390205,0.40977362,0.56129897,3.4778066e-05
1224,1000,1500,0,0.009197244,0.059979428,0.009348549,0.3377974,0.5506833,0.03299401
1225,1000,1000,1,0.06624754,5.3653723e-05,0.0024237265,0.7855279,0.14574552,1.7229141e-06
1226,1000,0,0,0.37391594,6.044462e-07,0.12752679,0.30992565,0.18863115,9.384622e-09
1227,1000,1500,0,0.03796237,0.00018946643,0.17245838,0.14446409,0.6449174,8.268785e-06
1228,1000,0,0,0.49343285,1.8323661e-09,0.3163751,0.09955137,0.09064063,8.405303e-12
1229,1000,1500,0,0.013771182,3.263125e-05,0.04641627,0.35925812,0.5805141,7.778347e-06
1230,1000,1500,0,0.1216423,3.3061016e-05,0.340714,0.17217694,0.36543006,3.5920896e-06
1231,1000,1500,0,0.004028408,1.0019589e-05,0.048454717,0.2836282,0.6638711,7.505113e-06
1232,1000,1000,1,0.010336462,2.680718e-05,0.026143353,0.5410926,0.42238918,1.159686e-05
1233,1000,500,0,0.026056925,5.414172e-06,0.5288237,0.11651262,0.3285956,5.7169623e-06
1234,1000,1500,0,0.2708255,1.285303e-07,0.12899865,0.08304397,0.51713175,2.4376404e-10
1235,1000,1500,0,0.021005424,0.00010583975,0.12313459,0.18675406,0.6689754,2.4665515e-05
1236,1000,1500,0,0.009449889,0.006162628,0.010497659,0.35421416,0.6178994,0.0017763039
1237,1000,1500,0,0.17712091,2.2150084e-06,0.25471917,0.14593868,0.42221886,1.2331536e-07
1238,1000,1500,0,0.013318267,0.0009505762,0.08460781,0.28996018,0.61060107,0.000562046
1239,1000,1500,0,0.0072764237,0.0005795931,0.12490826,0.24510603,0.62150174,0.0006279693
1240,1000,1500,0,0.014605894,0.001568886,0.06461283,0.27684933,0.64178306,0.0005799627
1241,1000,1500,0,0.00476655,0.0011049275,0.044418603,0.31765762,0.6304962,0.0015561252
1242,1000,1500,0,0.0807644,0.049136326,0.059363145,0.18638489,0.62254804,0.0018031889
1243,1000,1500,0,0.015759492,0.00037491342,0.027993105,0.4463846,0.5093858,0.0001019852
1244,1000,1500,0,0.13183737,2.0283971e-05,0.04224872,0.39968395,0.426209,6.121789e-07
1245,1000,1500,0,0.15689804,0.0009634343,0.03871414,0.33967867,0.4637288,1.693234e-05
1246,1000,1500,0,0.006434511,3.8299186e-05,0.017353259,0.3253661,0.6507994,8.477437e-06
1247,1000,1500,0,0.008277822,0.00020192063,0.06030684,0.32054317,0.6105282,0.0001420872
1248,1000,1500,0,0.045234703,2.7807182e-05,0.17224778,0.21123368,0.57125133,4.670683e-06
1249,1000,1500,0,0.009578039,0.00027114814,0.04460142,0.36551815,0.57993275,9.8534496e-05
1250,1000,1500,0,0.08682355,7.9955115e-08,0.08728403,0.3989859,0.42690647,7.3514057e-09
1251,1000,1000,1,0.051154256,2.5551744e-05,0.021249898,0.7171217,0.21044399,4.625661e-06
1252,1000,1500,0,0.010353906,7.3668666e-06,0.03066543,0.41198415,0.54698604,3.1509935e-06
1253,1000,1000,1,0.053802162,6.181233e-06,0.1735135,0.45623204,0.3164439,2.3346236e-06
1254,1000,1500,0,0.0107137235,0.0021874886,0.077692084,0.26054606,0.6478349,0.0010257736
1255,1000,1500,0,0.121849455,3.2581315e-07,0.004727962,0.40406954,0.46935272,9.899094e-10
1256,1000,1000,1,0.036164053,4.906633e-06,0.050836746,0.62447876,0.2885137,1.8964353e-06
1257,1000,1500,0,0.08296596,6.057413e-05,0.1527145,0.20847355,0.5557827,2.6941905e-06
1258,1000,1000,1,0.24379557,7.68782e-09,0.23073044,0.28760624,0.23786768,7.845577e-10
1259,1000,1000,1,0.037174683,3.26706e-08,0.06042875,0.6019652,0.30043134,8.094672e-09
1260,1000,1000,1,0.029621724,6.085301e-11,0.0019706287,0.8318615,0.13654612,1.2885937e-12
1261,1000,1000,1,0.019329788,2.8351339e-08,0.001204253,0.865073,0.114392884,1.8443e-09
1262,1000,1000,1,0.003617213,1.07665734e-07,0.0068741827,0.6228623,0.36664605,4.864088e-08
1263,1000,1000,1,0.019963698,1.3686705e-12,6.246745e-05,0.9459302,0.034043696,8.587469e-15
1264,1000,1000,1,0.16293488,1.7014426e-10,0.0007477872,0.7808927,0.055424623,4.4026062e-13
1265,1000,1000,1,0.02982945,2.7970306e-09,0.0029405507,0.8536164,0.11361361,2.4666091e-10
1266,1000,1000,1,0.06381535,6.748637e-08,0.32788292,0.41391504,0.1943865,7.618061e-08
1267,1000,1000,1,0.17972854,5.614236e-12,0.0021765837,0.79261804,0.025476856,1.9336438e-13
1268,1000,1000,1,0.029726766,1.35007e-07,0.00027453277,0.81901324,0.1509853,1.2496719e-09
1269,1000,1000,1,0.018851163,7.864184e-08,0.0005913326,0.88893694,0.0916205,3.0297436e-09
1270,1000,1000,1,0.009619645,3.9447045e-07,0.007514545,0.7557783,0.22708704,1.3004038e-07
1271,1000,1000,1,0.13255408,1.93675e-10,0.0017205089,0.81744283,0.0482826,1.9352122e-12
1272,1000,1000,1,0.08624418,3.4771242e-16,1.2520946e-06,0.9113007,0.002453901,9.213975e-20
1273,1000,1000,1,0.009021168,4.075343e-09,0.0003401622,0.9228038,0.06783477,3.6939962e-10
1274,1000,1000,1,0.013710462,1.2081238e-06,0.04526634,0.5417455,0.39927572,7.487874e-07
1275,1000,1000,1,0.067796536,2.357986e-09,0.0053532855,0.87535495,0.051495202,2.5645622e-10
1276,1000,1000,1,0.02758313,1.5798364e-08,0.0050816545,0.8614773,0.105857946,2.645954e-09
1277,1000,1000,1,0.21125965,5.925679e-08,0.02880342,0.6690408,0.0908961,2.7135725e-09
1278,1000,1000,1,0.10111734,1.5416286e-09,0.0019042003,0.8154711,0.08150736,1.3084691e-11
1279,1000,1000,1,0.056508135,8.6871434e-18,1.2933384e-07,0.94274765,0.00074414886,8.3083396e-22
1280,1000,1000,1,0.0055580926,8.004709e-09,0.000489296,0.9060186,0.087934025,1.1652421e-09
1281,1000,1000,1,0.035488874,2.2509208e-07,0.02914948,0.63580644,0.2995549,2.6371236e-08
1282,1000,1000,1,0.015990188,4.9387076e-08,0.00092627987,0.8336345,0.14944899,1.8540537e-09
1283,1000,1000,1,0.01899013,4.6740506e-06,0.057257555,0.5825742,0.3411703,3.1330571e-06
1284,1000,1000,1,0.4243381,7.6606027e-10,0.027074832,0.4813806,0.06720639,7.947199e-12
1285,1000,1000,1,0.0064657116,2.7700735e-05,0.009827768,0.69788843,0.2857763,1.41383325e-05
1286,1000,1000,1,0.028067954,6.9493087e-09,0.000816493,0.9095024,0.061613087,2.554708e-10
1287,1000,1000,1,0.036264073,3.79345e-10,9.469564e-05,0.94175285,0.021888334,3.740872e-12
1288,1000,1000,1,0.08025118,1.7478595e-08,0.0086743375,0.76450884,0.14656563,7.0939554e-10
1289,1000,1500,0,0.0362039,6.865342e-07,0.24271488,0.3082833,0.41279694,3.3794248e-07
1290,1000,1000,1,0.0064243707,3.1080524e-06,0.0058637657,0.6838753,0.30383256,8.626043e-07
1291,1000,1000,1,0.016148265,1.3795612e-09,0.0029781382,0.7897899,0.1910837,7.242729e-11
1292,1000,1000,1,0.005465105,3.6239003e-06,0.0012630551,0.8193293,0.17393808,7.788074e-07
1293,1000,1000,1,0.027500559,1.1773994e-09,0.00028224703,0.93729913,0.034917977,4.5683738e-11
1294,1000,1000,1,0.35571772,1.6825886e-08,0.0021243047,0.6242244,0.017933577,1.5453956e-10
1295,1000,1000,1,0.006772534,6.509442e-10,5.4140986e-05,0.9310366,0.0621368,1.6720299e-11
1296,1000,1000,1,0.004212118,1.3260647e-09,7.32833e-05,0.94664866,0.04906584,6.835934e-11
1297,1000,1000,1,0.005605395,5.033774e-13,3.5488556e-06,0.98244804,0.01194295,2.728723e-15
1298,1000,1000,1,0.04073933,5.7234734e-11,0.00014783906,0.9193915,0.03972133,2.5376524e-13
1299,1000,1000,1,0.06285999,1.827681e-07,0.016420947,0.71080583,0.20991296,1.7074383e-08
1300,1000,1000,1,0.0073323394,5.2363514e-08,0.00062337454,0.9010541,0.09099017,6.93603e-09
1301,1000,1000,1,0.036041945,1.1439857e-08,0.005698806,0.8561949,0.102064334,1.500308e-09
1302,1000,1000,1,0.028656833,6.242806e-06,0.04924581,0.63508457,0.28700438,2.182802e-06
1303,1000,1000,1,0.004425721,5.6726736e-07,0.004576894,0.7445683,0.24642839,2.0996002e-07
1304,1000,1000,1,0.010589143,7.0009015e-08,0.0024681254,0.82947826,0.15746443,1.1714127e-08
1305,1000,1000,1,0.07473615,7.3104665e-09,0.0007231381,0.806397,0.11814367,4.427341e-11
1306,1000,1500,0,0.012269323,5.36524e-06,0.10686441,0.38615233,0.49470466,3.9514234e-06
1307,1000,1500,0,0.0049379743,0.0005975562,0.003559547,0.46244085,0.5283249,0.00013907909
1308,1000,1500,0,0.01062233,3.3955344e-05,0.05664727,0.2908563,0.64183,1.0089235e-05
1309,1000,1500,0,0.022300603,0.00093324314,0.035692073,0.46330297,0.47749478,0.00027630493
1310,1000,1500,0,0.037778225,0.00010998192,0.10543765,0.22891398,0.62774444,1.5715132e-05
1311,1000,1000,1,0.1885102,1.1439798e-05,0.24879245,0.33795884,0.22472475,2.3479222e-06
1312,1000,1500,0,0.045538962,1.5317855e-05,0.07397466,0.38618833,0.49428073,2.0482303e-06
1313,1000,1000,1,0.0084599815,3.6416658e-08,0.003664603,0.8399391,0.14793618,1.1496161e-08
1314,1000,1000,1,0.004474371,1.865131e-07,0.0020783364,0.8527667,0.14068034,6.849561e-08
1315,1000,1000,1,0.018906742,5.6767067e-09,0.0006156054,0.92287695,0.057600655,3.97393e-10
1316,1000,1000,1,0.0113956295,4.99631e-10,0.0001963524,0.8967936,0.0916145,1.18799744e-11
1317,1000,1000,1,0.007088257,1.518139e-07,0.0060562645,0.7749317,0.21192355,3.3534096e-08
1318,1000,1000,1,0.012241203,4.67403e-08,0.0010555107,0.89464617,0.09205708,5.8170326e-09
1319,1000,1000,1,0.010168347,8.853308e-08,0.011190234,0.811632,0.16700934,3.6534807e-08
1320,1000,1000,1,0.014381743,7.678398e-05,0.005924129,0.5861737,0.39343062,1.3008669e-05
1321,1000,1000,1,0.0049580084,1.2034183e-10,1.2677722e-05,0.97175074,0.02327863,2.051244e-12
1322,1000,1000,1,0.11031796,3.265115e-08,0.005707996,0.7861159,0.0978581,1.1968527e-09
1323,1000,1000,1,0.17474054,1.0923482e-08,0.030819075,0.66318005,0.13126034,6.956905e-10
1324,1000,1000,1,0.08562469,1.3955932e-09,0.009014986,0.81197894,0.093381315,8.689462e-11
1325,1000,1000,1,0.087461345,1.5921585e-13,1.5069284e-05,0.90760076,0.004922812,3.9318327e-16
1326,1000,1000,1,0.04630479,6.0237215e-12,0.00012875971,0.9423399,0.011226618,1.332749e-13
1327,1000,1000,1,0.32296965,4.0890164e-08,0.023348443,0.6064789,0.04720297,1.8524697e-09
1328,1000,1000,1,0.006226217,1.8739024e-13,4.1340472e-06,0.98167336,0.012096301,1.202198e-15
1329,1000,1000,1,0.08855392,1.5236817e-09,0.003035385,0.84281164,0.065598994,4.968596e-11
1330,1000,1000,1,0.056676965,1.0216508e-11,2.3632421e-05,0.93447727,0.0088222055,4.4954756e-14
1331,1000,1000,1,0.024261126,3.0381953e-09,0.0012100671,0.8714715,0.10305726,1.0319322e-10
1332,1000,1000,1,0.021743353,4.6331984e-06,0.0048592915,0.7954974,0.17789465,5.777533e-07
1333,1000,1000,1,0.07513033,6.700281e-08,0.032020114,0.6765013,0.21634826,7.002531e-09
1334,1000,1000,1,0.10879937,3.2039478e-07,0.17583361,0.51559436,0.19977225,9.436727e-08
1335,1000,1000,1,0.04874122,5.204867e-07,0.011571376,0.76943576,0.17025106,4.099903e-08
1336,1000,1000,1,0.01935498,3.4984758e-08,0.00016595468,0.9370801,0.043398947,8.5292595e-10
1337,1000,1000,1,0.03464136,1.6086044e-08,0.0011110153,0.82352316,0.14072442,3.2554162e-10
1338,1000,1000,1,0.17750548,7.810797e-05,0.024539951,0.6282782,0.16959438,3.8653325e-06
1339,1000,1000,1,0.18224452,1.7741006e-07,0.068562225,0.4992182,0.24997489,7.205625e-09
1340,1000,1000,1,0.029033842,2.8579037e-05,0.005492112,0.7986371,0.16680323,5.124178e-06
1341,1000,1000,1,0.14993995,3.7821923e-05,0.0018201947,0.7365394,0.1116622,4.3506822e-07
1342,1000,1000,1,0.030302877,7.675065e-09,0.0004398518,0.89507383,0.07418337,1.9355026e-10
1343,1000,1500,0,0.045162324,1.6202615e-05,0.019288236,0.42493832,0.51059437,5.6488966e-07
1344,1000,1500,0,0.015657134,8.785624e-05,0.041443452,0.40417016,0.5386035,3.792332e-05
1345,1000,1000,1,0.04194339,5.2508693e-07,0.28971776,0.42815706,0.24018092,3.3444007e-07
1346,1000,1000,1,0.00976723,5.6245467e-11,1.5404237e-05,0.9651653,0.025052149,3.8855198e-13
1347,1000,1000,1,0.043099627,7.4684567e-07,0.009973288,0.7592171,0.18770918,7.8379564e-08
1348,1000,500,0,0.08767769,4.2776417e-08,0.63433945,0.14414108,0.13384159,4.342635e-08
1349,1000,1000,1,0.0070016724,9.628243e-11,0.00016362428,0.93335027,0.059484422,5.029663e-12
1350,1000,1000,1,0.076706685,1.801342e-10,0.005694646,0.8226951,0.09490355,6.61329e-12
1351,1000,1000,1,0.036505204,8.447962e-16,5.231425e-07,0.961701,0.0017932,4.7653e-19
1352,1000,1000,1,0.15216704,3.7955323e-11,0.0015282839,0.80725265,0.03905204,4.070478e-13
1353,1000,1000,1,0.031161137,1.8643712e-08,0.002345923,0.8483162,0.118176706,1.2794324e-09
1354,1000,0,0,0.61835015,2.8300893e-09,0.009100907,0.31601062,0.056538276,3.076467e-12
1355,1000,1000,1,0.016343229,3.0992005e-06,0.017372804,0.7504381,0.21584146,1.372437e-06
1356,1000,1000,1,0.036730494,1.32711385e-11,8.042859e-05,0.93850666,0.02468248,9.521948e-14
1357,1000,1000,1,0.009403494,6.367503e-05,0.025485342,0.5305342,0.4344814,3.188222e-05
1358,1000,1000,1,0.02723009,1.0589198e-07,0.006756279,0.7349016,0.23111194,5.7469807e-09
1359,1000,1000,1,0.052761152,3.586141e-07,0.026648939,0.5989665,0.32162312,2.3649307e-08
1360,1000,1000,1,0.008502461,7.0633246e-07,0.0041477657,0.7275797,0.2597691,1.3116926e-07
1361,1000,1000,1,0.01822199,6.552317e-06,0.009037258,0.7079237,0.26480946,9.578672e-07
1362,1000,1000,1,0.048024792,9.3469583e-07,0.03760288,0.60799325,0.30637798,1.593258e-07
1363,1000,1000,1,0.005379579,1.0946546e-05,0.019409645,0.5395793,0.43561122,9.296205e-06
1364,1000,1000,1,0.02305467,1.16073595e-10,1.4864438e-05,0.9512756,0.02565491,2.8272754e-13
1365,1000,1000,1,0.014447923,3.9397239e-07,0.001275796,0.8781301,0.106145725,5.6373505e-08
1366,1000,1000,1,0.058628157,2.4120848e-07,0.00920955,0.7376456,0.19451645,1.8642213e-08
1367,1000,1000,1,0.0137667935,1.1680181e-06,0.031668387,0.69721687,0.25734612,6.9373004e-07
1368,1000,1000,1,0.009031264,7.98111e-06,0.0045252456,0.56995827,0.4164764,9.138052e-07
1369,1000,1000,1,0.37938118,7.491477e-08,0.066794,0.46577683,0.088047914,2.740799e-09
1370,1000,1500,0,0.0046062395,0.00095501315,0.07976452,0.3007237,0.6110901,0.0028604693
1371,1000,1000,1,0.06081427,5.1946714e-05,0.0123359095,0.5471942,0.379602,1.6170948e-06
1372,1000,1000,1,0.056134436,2.0514928e-07,0.008645934,0.6201274,0.3150921,4.3042547e-09
1373,1000,1000,1,0.0076588774,2.570755e-06,0.05331301,0.4915491,0.4474737,2.6870664e-06
1374,1000,1000,1,0.05115079,1.5395088e-05,0.052787166,0.5283145,0.36773047,1.7586547e-06
1375,1000,1000,1,0.009394266,0.00021391377,0.02993797,0.55387074,0.4064562,0.00012697295
1376,1000,1000,1,0.037256885,2.3437635e-06,0.0072084134,0.5481922,0.40734008,5.7123252e-08
1377,1000,1000,1,0.05085659,3.9929022e-05,0.101242214,0.5216933,0.3261577,1.02824715e-05
1378,1000,1500,0,0.010028733,0.0018932759,0.05833241,0.37497917,0.5530634,0.0017030579
1379,1000,1500,0,0.007224765,0.0011058497,0.018875161,0.42740235,0.5448876,0.00050427805
1380,1000,1000,1,0.010887885,2.17282e-06,0.009261067,0.69398844,0.2858598,6.2838666e-07
1381,1000,500,0,0.06073804,2.5580835e-07,0.7352006,0.074542604,0.12951827,2.755937e-07
1382,1000,1000,1,0.23832245,3.0290177e-08,0.16976786,0.40335372,0.18855596,1.6475795e-09
1383,1000,1500,0,0.010885764,7.2875623e-06,0.015549129,0.4724812,0.50107497,1.6484433e-06
1384,1000,1000,1,0.27746484,1.2856679e-08,0.004894822,0.6151808,0.10245958,4.4911574e-11
1385,1000,500,0,0.08577503,3.7165119e-06,0.4091489,0.27078718,0.23428279,2.3396844e-06
1386,1000,1000,1,0.0065189414,7.187376e-07,0.003986791,0.76090616,0.22858718,2.1107866e-07
1387,1000,1000,1,0.0053238734,0.00011614311,0.03124586,0.53702164,0.42610326,0.00018919139
1388,1000,1000,1,0.007693638,2.8359034e-06,0.0012901914,0.8841189,0.10689375,7.545231e-07
1389,1000,1000,1,0.04458636,3.7273026e-06,0.005208324,0.7895831,0.16061828,2.4851963e-07
1390,1000,1000,1,0.0019119461,1.2507545e-06,0.0024578045,0.77629066,0.21933742,9.327692e-07
1391,1000,1000,1,0.019463778,2.1028564e-10,1.4283928e-05,0.95339924,0.027122788,7.1584237e-13
1392,1000,1000,1,0.010132506,1.3786737e-06,0.021613747,0.56846553,0.3997864,4.0074312e-07
1393,1000,1000,1,0.020501282,4.661808e-08,0.00011185311,0.9204999,0.058886856,5.465878e-10
1394,1000,1000,1,0.006175541,1.385902e-08,6.272455e-05,0.9291952,0.064566515,3.1019337e-10
1395,1000,1000,1,0.020358026,5.895385e-11,0.0001683578,0.9528751,0.026598582,1.6267451e-12
1396,1000,1000,1,0.008826917,1.9495711e-07,0.0044464725,0.8121813,0.17454518,4.5183416e-08
1397,1000,1000,1,0.061672308,1.5080498e-07,0.01001344,0.8138413,0.11447279,1.6976339e-08
1398,1000,1000,1,0.045770828,2.0191936e-07,0.04378909,0.7189541,0.19148578,3.9446274e-08
1399,1000,1000,1,0.012826576,9.1473527e-07,0.017812166,0.78436685,0.184993,4.5318666e-07
1400,1000,1000,1,0.045046356,1.2776596e-09,0.0031742991,0.8758977,0.07588166,1.0871183e-10
1401,1000,1000,1,0.08239124,9.275538e-11,0.0005908842,0.88124526,0.035772596,1.6440915e-12
1402,1000,1000,1,0.0145074185,1.05880006e-10,0.0004960739,0.933217,0.051779505,5.9193323e-12
1403,1000,1000,1,0.011095563,8.614432e-11,0.000301112,0.93193203,0.05667128,4.0371465e-12
1404,1000,1000,1,0.14809063,2.848405e-10,0.0079720635,0.77300245,0.07093491,1.222688e-11
1405,1000,1000,1,0.027917385,2.7554034e-11,0.00010637378,0.9548881,0.017088123,4.9384677e-13
1406,1000,1000,1,0.012349213,1.8915864e-07,0.009856784,0.78151995,0.19627374,5.2454972e-08
1407,1000,1000,1,0.018550377,2.534765e-06,0.0392034,0.5444568,0.39778605,8.3625474e-07
1408,1000,1000,1,0.07700646,7.3135193e-06,0.042641938,0.64247584,0.23786764,7.962304e-07
1409,1000,1000,1,0.012361854,8.170904e-07,0.0074652582,0.77962565,0.2005463,1.859932e-07
1410,1000,1000,1,0.023483211,6.856288e-09,0.000108733875,0.92931706,0.047090977,1.0028293e-10
1411,1000,1000,1,0.046311203,3.7179665e-12,3.889155e-05,0.9327233,0.020926625,9.556917e-15
1412,1000,1000,1,0.10042842,5.673837e-08,0.0025376836,0.7451092,0.15192467,2.2656366e-10
1413,1000,500,0,0.15329355,4.22208e-06,0.6917327,0.06907712,0.08588864,3.826084e-06
1414,1000,1000,1,0.011196897,3.783184e-06,0.0027995845,0.76217943,0.22381984,4.9210087e-07
1415,1000,1000,1,0.050635055,4.4030184e-08,0.004031546,0.751603,0.1937304,1.653807e-09
1416,1000,1000,1,0.36206856,8.6203596e-07,0.14454746,0.37197757,0.1214054,6.449572e-08
1417,1000,1000,1,0.024246708,9.957133e-07,0.010890167,0.81273115,0.15213066,2.475623e-07
1418,1000,500,0,0.11034445,0.00023121473,0.47925788,0.12636936,0.28361312,0.00018400885
1419,1000,1500,0,0.015736807,8.655224e-05,0.049574483,0.344743,0.58983666,2.2511804e-05
1420,1000,1000,1,0.15820396,6.208302e-07,0.0051490315,0.7120917,0.12455468,4.7478066e-09
1421,1000,1000,1,0.051039234,1.3613874e-07,0.01911349,0.69779164,0.23205559,1.2070447e-08
1422,1000,1000,1,0.04561165,3.760505e-07,0.0014558338,0.80233455,0.15059763,9.245757e-09
1423,1000,1000,1,0.015906353,0.0002336455,0.008161335,0.4885786,0.48709518,2.4943562e-05
1424,1000,1000,1,0.019146798,5.831995e-05,0.0023858435,0.71153796,0.2668665,4.510239e-06
1425,1000,1000,1,0.16299765,1.3957963e-08,0.0021610262,0.74317497,0.09166642,9.3475915e-11
1426,1000,1500,0,0.014618876,6.1270052e-06,0.2186921,0.25634807,0.5103295,5.3032045e-06
1427,1000,1000,1,0.009232656,9.0391195e-06,0.03716132,0.6050898,0.3485006,6.650514e-06
1428,1000,1000,1,0.013969053,5.6689373e-07,0.004224019,0.8693105,0.11249561,1.7638538e-07
1429,1000,1500,0,0.026048003,1.3464347e-07,0.008785445,0.4735873,0.49157917,4.0420924e-09
1430,1000,1000,1,0.07926275,2.8412067e-06,0.0017668041,0.81578594,0.10318154,6.0643046e-08
1431,1000,1000,1,0.014779148,1.0863521e-07,0.021690888,0.7356852,0.2278445,5.2936496e-08
1432,1000,1000,1,0.08672514,6.71573e-13,0.00041912682,0.87320936,0.039646335,4.830755e-15
1433,1000,1000,1,0.022946777,6.587705e-10,0.0026590277,0.8258128,0.14858143,3.8358573e-11
1434,1000,1000,1,0.014101504,3.3251453e-09,0.0038481595,0.82748634,0.154564,5.1538956e-10
1435,1000,1000,1,0.026630083,1.41083e-15,2.60046e-06,0.96935624,0.0040111006,2.856732e-18
1436,1000,1000,1,0.02865268,1.3000596e-09,0.0017429073,0.87385386,0.095750615,6.3649065e-11
1437,1000,1000,1,0.17583857,1.4157169e-08,0.08306149,0.5573695,0.18373045,2.2371713e-09
1438,1000,1000,1,0.24781723,1.0196058e-12,0.0004153107,0.7321961,0.019571368,4.6044487e-15
1439,1000,1000,1,0.08222367,6.383321e-05,0.028909078,0.5906356,0.29816476,3.066748e-06
1440,1000,1000,1,0.04709782,1.6243806e-05,0.0414326,0.5436153,0.3678362,1.8026242e-06
1441,1000,1000,1,0.014456079,8.054375e-12,3.60231e-05,0.9580507,0.027457153,1.03638106e-13
1442,1000,1000,1,0.014232102,0.00036416476,0.015493085,0.5181065,0.45172602,7.8070014e-05
1443,1000,1500,0,0.017148202,0.00026598066,0.052771203,0.35222843,0.5774791,0.00010701484
1444,1000,1000,1,0.009952805,3.1532604e-06,0.029302888,0.53073126,0.43000826,1.630843e-06
1445,1000,1000,1,0.014181355,5.253643e-08,0.0018363426,0.83293587,0.15104634,6.0528915e-09
1446,1000,1500,0,0.004916721,0.00032830713,0.06403306,0.3495924,0.58056474,0.0005647129
1447,1000,1500,0,0.010336734,1.9260768e-05,0.05692714,0.38274893,0.5499561,1.1818634e-05
1448,1000,1000,1,0.01570667,0.0011159342,0.003539446,0.70638305,0.27294496,0.0003099702
1449,1000,1000,1,0.03344192,2.0447967e-05,0.0015194393,0.6609668,0.30405095,4.0230177e-07
1450,1000,1000,1,0.13989872,9.738946e-06,0.007398349,0.68359953,0.16909355,1.0775435e-07
1451,1000,1000,1,0.0042513316,0.00013329962,0.019630853,0.5082901,0.46756724,0.00012716022
1452,1000,1000,1,0.051280223,1.2895837e-09,0.00049874035,0.86782306,0.08039796,1.204543e-11
1453,1000,1000,1,0.0087873265,7.742597e-07,0.0017238097,0.7223155,0.26717252,8.750095e-08
1454,1000,1000,1,0.021061754,6.351452e-06,0.014252707,0.78728193,0.17739467,2.5767858e-06
1455,1000,1500,0,0.04276378,4.6121397e-05,0.084795885,0.33023772,0.5421519,4.5159227e-06
1456,1000,1000,1,0.1891336,6.1233703e-09,0.0094844755,0.7227271,0.078654826,1.3628386e-10
1457,1000,1000,1,0.00899656,1.6373205e-07,0.0019661298,0.58984685,0.39919028,6.9626043e-09
1458,1000,1000,1,0.09017368,4.9496613e-12,0.00018227381,0.8875239,0.022120196,3.794635e-14
1459,1000,1000,1,0.047125496,3.986003e-07,0.039738577,0.6927769,0.22035855,8.721917e-08
1460,1000,1000,1,0.016043548,1.191962e-05,0.013234428,0.7093459,0.26136017,4.0505956e-06
1461,1000,1000,1,0.0334345,4.3913324e-13,3.358428e-05,0.9534064,0.013125588,3.604465e-15
1462,1000,1000,1,0.04348123,6.5695505e-10,0.00020460949,0.87784696,0.07846726,2.73399e-12
1463,1000,1000,1,0.013466965,5.946366e-10,9.758926e-05,0.9270388,0.059396688,6.9994457e-12
1464,1000,0,0,0.40767476,1.2139641e-08,0.122665025,0.3953858,0.07427438,7.5926754e-10
1465,1000,1000,1,0.029585741,1.4959122e-07,0.0329318,0.708302,0.22918017,5.337294e-08
1466,1000,1000,1,0.013302703,8.73963e-07,0.0057120603,0.8441202,0.13686384,2.5796135e-07
1467,1000,1000,1,0.06803975,3.7325096e-10,0.00025595204,0.88693714,0.044767193,2.8699998e-12
1468,1000,1000,1,0.043471638,1.2689412e-10,0.00016328577,0.92924124,0.02712386,1.2117899e-12
1469,1000,1000,1,0.22059706,7.747169e-11,0.00012864832,0.77301896,0.0062553473,1.8770422e-13
1470,1000,1000,1,0.019673726,1.0594757e-06,0.04541083,0.6735974,0.26131624,7.703727e-07
1471,1000,1000,1,0.10163659,8.759811e-08,0.013084568,0.785383,0.0998958,1.0858466e-08
1472,1000,1000,1,0.00493485,2.1224565e-07,0.00024174011,0.8190526,0.17577064,8.912785e-09
1473,1000,1000,1,0.0055018803,1.8837344e-06,0.013412655,0.66182154,0.3192607,1.3668123e-06
1474,1000,1000,1,0.34008834,2.6375943e-07,0.013309338,0.55536765,0.0912344,2.6645095e-09
1475,1000,0,0,0.51307976,1.8206712e-11,0.0049167066,0.44944358,0.032559905,3.843842e-14
1476,1000,1000,1,0.0056092,8.609282e-06,0.005741619,0.6561936,0.33244428,2.6871903e-06
1477,1000,1000,1,0.16151732,8.2437083e-07,0.027224634,0.55759573,0.25366157,1.4028169e-08
1478,1000,1500,0,0.09980744,5.6536846e-05,0.073737115,0.22235984,0.6040368,2.2971699e-06
1479,1000,1000,1,0.014846632,1.9987067e-14,2.1126305e-06,0.9784113,0.006739921,4.0449383e-17
1480,1000,1000,1,0.014170614,8.930561e-08,0.025251703,0.704492,0.25608552,4.335749e-08
1481,1000,1000,1,0.009739493,5.165122e-07,0.0018428945,0.8233034,0.16511358,7.2909366e-08
1482,1000,1000,1,0.05975576,1.0722657e-08,0.0035864043,0.869166,0.06749184,7.317766e-10
1483,1000,1000,1,0.062002223,3.9280392e-09,0.0068549137,0.84046376,0.09067911,4.17797e-10
1484,1000,1000,1,0.002176573,1.5087284e-12,1.1696058e-06,0.98617965,0.01164267,1.2272976e-14
1485,1000,1000,1,0.01541745,1.0854266e-08,0.005082584,0.86619675,0.11330316,3.0908762e-09
1486,1000,1000,1,0.089608476,4.810517e-09,0.010502844,0.80790293,0.091985755,2.8533884e-10
1487,1000,1000,1,0.06799109,2.6297322e-11,2.9693672e-05,0.92152715,0.010452108,1.0275272e-13
1488,1000,1000,1,0.019808333,2.2688945e-07,0.033406988,0.49894252,0.4478419,4.682066e-08
1489,1000,1000,1,0.108116284,6.551722e-06,0.1696569,0.5070097,0.21520863,2.0133944e-06
1490,1000,1500,0,0.019165058,3.9205494e-05,0.096732214,0.41869286,0.46535528,1.5296007e-05
1491,1000,1000,1,0.010612927,5.0959243e-06,0.0010696491,0.61800843,0.37030378,1.7469735e-07
1492,1000,1000,1,0.026182387,1.3769804e-06,0.014411581,0.56688005,0.39252454,9.764156e-08
1493,1000,1000,1,0.008389753,1.6258118e-09,0.0009735194,0.8657369,0.1248998,1.14217635e-10
1494,1000,1000,1,0.019848183,1.4651751e-07,0.01595692,0.54464716,0.41954756,8.01801e-09
1495,1000,1500,0,0.007670913,6.137663e-06,0.013686212,0.38173196,0.5969039,7.522027e-07
1496,1000,1000,1,0.10780849,2.6612632e-10,0.002105256,0.81618595,0.073900305,2.838793e-12
1497,1000,1000,1,0.0055014123,2.4243432e-06,0.00913648,0.6713143,0.31404445,9.669395e-07
1498,1000,1000,1,0.011523402,1.2658744e-06,0.035401102,0.69832474,0.25474823,1.1251062e-06
1499,1000,1000,1,0.07672817,6.3336906e-06,0.010259944,0.6638212,0.24918413,1.7605804e-07
1500,1500,0,0,0.4202012,3.2281296e-05,0.1675309,0.21376663,0.19846854,3.794145e-07
1501,1500,1500,1,0.020932823,1.0322709e-05,0.11104151,0.25511235,0.61290157,1.4165659e-06
1502,1500,1500,1,0.043247316,3.0232311e-05,0.08290304,0.34263134,0.5311855,2.5585707e-06
1503,1500,1500,1,0.011787397,0.00089421344,0.07123649,0.26644957,0.6493303,0.00030205978
1504,1500,1500,1,0.011002516,7.577865e-05,0.06858837,0.3100305,0.6102782,2.4658688e-05
1505,1500,1500,1,0.25632697,0.00011952516,0.2506719,0.122946545,0.36993396,1.0980993e-06
1506,1500,500,0,0.25825432,3.0953917e-05,0.5376798,0.06110685,0.14292519,2.9301425e-06
1507,1500,1500,1,0.019371115,3.0534877e-05,0.08224836,0.16696693,0.7313797,3.39104e-06
1508,1500,500,0,0.2240793,4.086077e-07,0.6099216,0.027423473,0.13857524,2.0310928e-08
1509,1500,500,0,0.30273736,6.3690154e-06,0.61395645,0.00974267,0.07355697,1.9682167e-07
1510,1500,1500,1,0.14072901,5.854288e-07,0.32931146,0.19087255,0.3390863,4.1726558e-08
1511,1500,1000,0,0.120982975,3.153415e-07,0.056158684,0.52115685,0.3017012,1.9207798e-08
1512,1500,1500,1,0.06982541,2.1416669e-07,0.12546647,0.26036942,0.5443385,7.1725736e-09
1513,1500,1500,1,0.023918418,1.0684893e-05,0.17643428,0.18654275,0.6130926,1.260904e-06
1514,1500,1500,1,0.016891172,1.2136056e-05,0.22467875,0.22855434,0.5298563,7.252654e-06
1515,1500,500,0,0.048939977,2.1875987e-05,0.49355084,0.09688626,0.36058858,1.243858e-05
1516,1500,1500,1,0.272347,0.00034620267,0.26289502,0.0860586,0.37834924,3.968578e-06
1517,1500,1500,1,0.0146327885,0.00085527805,0.24472363,0.14945865,0.5888986,0.0014310733
1518,1500,1500,1,0.03150456,0.0004610244,0.4216102,0.12315139,0.42279342,0.00047943273
1519,1500,500,0,0.062613375,3.0568067e-06,0.8037076,0.033776812,0.09989514,4.0107843e-06
1520,1500,1500,1,0.19522172,0.0010728062,0.28105265,0.052411206,0.47023106,1.0525144e-05
1521,1500,1500,1,0.13031964,7.295875e-07,0.10930013,0.15536451,0.605015,1.5608679e-08
1522,1500,1000,0,0.0976462,7.817897e-07,0.026904805,0.4855901,0.38985807,2.0688601e-08
1523,1500,1000,0,0.20451058,2.6804403e-06,0.004140907,0.5632399,0.22810596,2.9944164e-08
1524,1500,1500,1,0.010946253,7.7353513e-07,0.0134957,0.31039277,0.6651644,4.9769515e-08
1525,1500,1500,1,0.3148168,4.4096e-06,0.06576621,0.15351157,0.46590105,1.6882932e-08
1526,1500,1500,1,0.1142802,1.2589591e-07,0.040107317,0.40897864,0.43663368,3.263978e-09
1527,1500,500,0,0.18084188,7.091022e-08,0.37989172,0.25544548,0.18382083,1.1896645e-08
1528,1500,1500,1,0.0041416218,7.9856665e-07,0.05147742,0.3514933,0.59288615,6.9044967e-07
1529,1500,1000,0,0.17036624,8.6892436e-07,0.0028915768,0.6146016,0.21213974,3.2958667e-09
1530,1500,1500,1,0.046065837,2.3462859e-05,0.03950576,0.25883362,0.65557057,7.920368e-07
1531,1500,1500,1,0.003339889,2.9782088e-05,0.017784642,0.45186222,0.5269664,1.7062193e-05
1532,1500,1500,1,0.029665895,1.0358405e-05,0.21976885,0.18122108,0.56933224,1.5988311e-06
1533,1500,1500,1,0.010545571,1.6647418e-05,0.0044900305,0.35191664,0.6330304,6.507982e-07
1534,1500,1500,1,0.0063528707,5.0176175e-07,0.047911532,0.40969133,0.53604347,2.9220593e-07
1535,1500,1500,1,0.1750483,5.3313074e-06,0.20795238,0.22011952,0.39687425,1.8897215e-07
1536,1500,0,0,0.6052162,2.0816975e-08,0.15966189,0.16469601,0.07042579,2.8513653e-10
1537,1500,1500,1,0.004645991,5.6128927e-05,0.010919849,0.37960714,0.60475963,1.1330891e-05
1538,1500,1500,1,0.0061018234,1.3917237e-06,0.037792157,0.16227365,0.7938309,1.13403374e-07
1539,1500,1500,1,0.018543804,1.4572004e-07,0.03447293,0.384951,0.56203216,1.7291807e-08
1540,1500,1500,1,0.017526079,1.6678052e-05,0.085549556,0.31839475,0.57850736,5.5645355e-06
1541,1500,1500,1,0.23688681,3.1303443e-05,0.1661097,0.13299277,0.46397907,2.9480404e-07
1542,1500,1500,1,0.04469265,0.000106828484,0.096488304,0.328226,0.53047246,1.3769048e-05
1543,1500,1500,1,0.076705985,1.3015762e-05,0.32171214,0.2033642,0.39820072,3.9772945e-06
1544,1500,1000,0,0.007811612,2.484711e-05,0.0074022887,0.6520628,0.33268893,9.544898e-06
1545,1500,1000,0,0.099073865,1.6563028e-08,0.017244922,0.67337596,0.21030526,3.7928952e-10
1546,1500,1500,1,0.05777614,1.4030645e-07,0.0062349923,0.4662317,0.46975702,1.8668682e-09
1547,1500,1000,0,0.027950168,2.3724066e-07,0.038640436,0.67672783,0.25668126,1.03223634e-07
1548,1500,1000,0,0.024145724,4.278005e-07,0.17857368,0.48606747,0.31121224,4.787502e-07
1549,1500,1000,0,0.07549864,4.3528118e-08,0.11994902,0.6274638,0.17708847,1.19102355e-08
1550,1500,1000,0,0.002550936,4.5174097e-06,0.015803745,0.50888085,0.47275427,5.637507e-06
1551,1500,1500,1,0.022599975,1.4363381e-05,0.026464045,0.40494442,0.5459756,1.4687103e-06
1552,1500,1500,1,0.0056262915,2.7095391e-05,0.014043212,0.29097134,0.6893273,4.7701988e-06
1553,1500,1500,1,0.019601591,2.2619039e-05,0.07665453,0.31229514,0.59141827,7.915518e-06
1554,1500,1000,0,0.013440565,7.0041733e-07,0.0004621847,0.7620287,0.22406779,1.4461588e-08
1555,1500,0,0,0.5933672,2.4989144e-10,0.39135355,0.011044873,0.0042343424,5.7409237e-11
1556,1500,1500,1,0.008330168,1.7012919e-05,0.0071167164,0.27310786,0.7114277,5.77275e-07
1557,1500,1000,0,0.005869217,8.542705e-07,0.0025326316,0.53796285,0.4536344,6.311934e-08
1558,1500,1500,1,0.010782648,1.4629359e-05,0.022775352,0.35403758,0.6123885,1.4083153e-06
1559,1500,1500,1,0.01153947,5.011579e-05,0.067781225,0.3972098,0.523385,3.439976e-05
1560,1500,1500,1,0.07298188,6.968173e-05,0.023170143,0.25127345,0.6525039,8.8168576e-07
1561,1500,1500,1,0.023393825,2.5670843e-06,0.02224819,0.33419576,0.62015957,1.2625355e-07
1562,1500,1500,1,0.011651636,1.4547969e-05,0.02067233,0.30300125,0.664659,1.1819753e-06
1563,1500,1500,1,0.018076964,8.2973344e-08,0.0037023833,0.4550456,0.52317494,1.7404643e-09
1564,1500,0,0,0.38592476,3.8941565e-08,0.013239925,0.31375566,0.28707957,4.6365443e-11
1565,1500,1500,1,0.339915,4.2275465e-06,0.121574305,0.18143874,0.35706773,4.109069e-08
1566,1500,1500,1,0.0034941789,0.00051598035,0.0059914654,0.3157517,0.6741479,9.875754e-05
1567,1500,1500,1,0.04550054,5.7148077e-06,0.12314516,0.40490222,0.42644525,1.0810533e-06
1568,1500,1500,1,0.07074297,2.56955e-05,0.012371525,0.23549348,0.68136615,1.6098397e-07
1569,1500,1500,1,0.12975152,8.161705e-05,0.114054635,0.14992562,0.6061847,1.9062926e-06
1570,1500,1500,1,0.0065619587,0.006421172,0.0078050657,0.3883362,0.5889489,0.0019266704
1571,1500,1500,1,0.0034113133,3.8867092e-05,0.056030273,0.33138323,0.60906047,7.5854034e-05
1572,1500,500,0,0.40726495,4.850025e-06,0.44082168,0.047821112,0.10408728,1.29251e-07
1573,1500,1500,1,0.010667141,0.00010500149,0.13600932,0.2518053,0.6012749,0.00013833231
1574,1500,1500,1,0.038436804,0.00024463446,0.09087309,0.23298448,0.6374215,3.9448125e-05
1575,1500,1500,1,0.030670896,8.425015e-05,0.019846989,0.4600998,0.489292,6.020652e-06
1576,1500,1500,1,0.012712614,0.00033803907,0.10609317,0.24618569,0.6342297,0.0004408449
1577,1500,1500,1,0.104340695,5.012538e-05,0.11826188,0.21101418,0.56633186,1.29007e-06
1578,1500,1500,1,0.2566233,6.8045456e-06,0.15362866,0.11161648,0.47812477,1.18778845e-08
1579,1500,1500,1,0.003528487,9.9793186e-05,0.012558998,0.33770803,0.6460774,2.7359896e-05
1580,1500,1500,1,0.02994082,0.00016601817,0.03679032,0.24721597,0.68587345,1.343662e-05
1581,1500,1500,1,0.0070431363,3.956523e-05,0.062473536,0.22786328,0.7025708,9.737438e-06
1582,1500,1500,1,0.05806807,2.1584435e-07,0.2841374,0.14095874,0.5168356,9.274275e-09
1583,1500,1500,1,0.09539326,0.00016728247,0.13024214,0.13609779,0.6380941,5.401412e-06
1584,1500,1500,1,0.016043467,0.00041613882,0.17488804,0.21392289,0.5940113,0.00071817124
1585,1500,1500,1,0.061205417,0.00033390484,0.0885378,0.16645555,0.68346,7.3925753e-06
1586,1500,1500,1,0.2185598,0.00016490534,0.09128253,0.26533952,0.42465028,2.9479293e-06
1587,1500,1500,1,0.055371374,0.0027307956,0.22316414,0.24562821,0.47242948,0.00067601015
1588,1500,500,0,0.17060713,9.62742e-05,0.43118373,0.16733317,0.23075889,2.0909163e-05
1589,1500,1500,1,0.010960488,6.518718e-05,0.019251028,0.3491741,0.62053806,1.1111657e-05
1590,1500,1500,1,0.01702019,6.216097e-05,0.045103725,0.29639837,0.6414085,6.9976795e-06
1591,1500,1500,1,0.007807415,0.00011789874,0.019852996,0.30423903,0.6679632,1.9398445e-05
1592,1500,1500,1,0.0011942063,5.8939473e-05,0.009876022,0.32233036,0.6664186,0.00012185225
1593,1500,1500,1,0.03251016,1.7269357e-06,0.0034346252,0.38832882,0.57572466,1.5844742e-08
1594,1500,500,0,0.060034655,4.039934e-05,0.3857904,0.24925616,0.30485323,2.5180872e-05
1595,1500,1500,1,0.006825117,0.0014549185,0.041024346,0.3046912,0.64508975,0.00091474375
1596,1500,1500,1,0.029279768,0.0002572613,0.118648484,0.27329046,0.5784757,4.8307964e-05
1597,1500,1500,1,0.010837832,1.6846612e-05,0.0422436,0.23931096,0.70758873,2.0126572e-06
1598,1500,1500,1,0.0033251678,8.025083e-05,0.025606083,0.29611295,0.6748402,3.5320318e-05
1599,1500,1500,1,0.04582501,0.0005073859,0.09216847,0.16403405,0.6974388,2.6304133e-05
1600,1500,1500,1,0.14513619,0.00037365552,0.2491066,0.12148888,0.4838869,7.761402e-06
1601,1500,1500,1,0.0307701,2.9136649e-05,0.05200053,0.32801682,0.5891814,1.9739743e-06
1602,1500,1500,1,0.012408692,0.0012239746,0.05177168,0.24254943,0.6918357,0.00021058554
1603,1500,1500,1,0.04971585,7.516615e-05,0.04199877,0.23898034,0.6692281,1.7827485e-06
1604,1500,1500,1,0.055865012,0.0078039933,0.0082249725,0.40206593,0.5255881,0.00045199506
1605,1500,1500,1,0.020046916,0.0006021858,0.15595523,0.20927095,0.6137198,0.00040485672
1606,1500,1500,1,0.030894153,0.00016569326,0.046151727,0.30430287,0.61845595,2.9620513e-05
1607,1500,1500,1,0.06250292,8.997028e-06,0.048519526,0.19193041,0.697038,2.055647e-07
1608,1500,1500,1,0.016566876,1.3388374e-06,0.0147613855,0.39045355,0.5782168,8.2806956e-08
1609,1500,1000,0,0.30318186,4.690961e-07,0.043728407,0.4862673,0.16682191,7.2096147e-09
1610,1500,1500,1,0.004981955,3.09157e-07,0.04799474,0.45200127,0.49502146,2.9224623e-07
1611,1500,1000,0,0.0698667,1.2831788e-06,0.189437,0.4574142,0.28328058,2.7118136e-07
1612,1500,1000,0,0.011626019,8.203743e-07,0.011528421,0.6300139,0.34683067,1.8784509e-07
1613,1500,1500,1,0.023578048,7.0894274e-08,0.004345689,0.46689805,0.50517815,1.2747029e-09
1614,1500,1000,0,0.32992175,7.465051e-09,0.013413402,0.34815717,0.30850768,2.8985129e-11
1615,1500,1000,0,0.010139304,1.4462289e-06,0.0013930503,0.5397833,0.44868279,3.99036e-08
1616,1500,1000,0,0.058260083,1.166966e-06,0.1423242,0.45205858,0.34735543,4.911651e-07
1617,1500,1500,1,0.011205065,3.9210707e-05,0.07331127,0.26085445,0.65457505,1.49826765e-05
1618,1500,1500,1,0.09995043,9.7286375e-08,0.02812074,0.30472225,0.56720656,9.244532e-10
1619,1500,1000,0,0.035172123,5.8789433e-06,0.047339775,0.53712714,0.3803541,9.5071806e-07
1620,1500,1500,1,0.0067409994,0.0011900613,0.08485175,0.27330223,0.632341,0.0015738936
1621,1500,1500,1,0.008894758,0.014597729,0.02272849,0.30555242,0.64149326,0.0067332434
1622,1500,1500,1,0.025499815,0.008208181,0.02661389,0.23710427,0.70196545,0.00060835644
1623,1500,1500,1,0.005865603,0.0004761651,0.0581312,0.19772014,0.73758584,0.00022109086
1624,1500,1500,1,0.059693497,0.00097473536,0.09848002,0.14590962,0.6949064,3.571825e-05
1625,1500,500,0,0.03844413,6.345327e-05,0.41749382,0.18161868,0.36235034,2.9671419e-05
1626,1500,1500,1,0.005641995,0.00032267123,0.007686402,0.26816374,0.7181651,2.0032656e-05
1627,1500,1500,1,0.019089013,0.00059293833,0.04546427,0.34793922,0.58675545,0.00015907435
1628,1500,500,0,0.108962186,1.2956641e-06,0.6808516,0.09114017,0.119043805,9.947721e-07
1629,1500,1000,0,0.014644981,9.736192e-06,0.023567759,0.48750937,0.4742661,1.9957897e-06
1630,1500,1500,1,0.07087851,0.00013169333,0.09028456,0.17390634,0.6647951,3.7737984e-06
1631,1500,1500,1,0.007648688,0.005285976,0.06679645,0.25828907,0.65419793,0.0077819135
1632,1500,1000,0,0.22022761,7.026304e-08,0.009663972,0.55777824,0.21233004,2.5999755e-10
1633,1500,1500,1,0.11024186,3.4299806e-06,0.13391224,0.1576148,0.59822756,4.8045205e-08
1634,1500,1500,1,0.008347093,0.00274521,0.0032154175,0.36011034,0.625322,0.00026004712
1635,1500,1500,1,0.08778943,0.0007058672,0.04675661,0.1867264,0.67800844,1.3242117e-05
1636,1500,0,0,0.3763208,1.5354266e-05,0.05316842,0.3420525,0.2284427,1.4761928e-07
1637,1500,1500,1,0.008370417,3.925939e-06,0.050936442,0.19425671,0.74643224,3.0337984e-07
1638,1500,1500,1,0.013292958,2.9974938e-06,0.10871279,0.344875,0.5331153,8.7842125e-07
1639,1500,1500,1,0.011183451,0.00012284081,0.29497856,0.19793044,0.49560288,0.0001819024
1640,1500,1000,0,0.06177369,5.4321805e-07,0.06460122,0.60169667,0.2719277,6.930582e-08
1641,1500,1500,1,0.016623272,0.00012532901,0.07517378,0.25190902,0.6561384,3.024444e-05
1642,1500,1500,1,0.2350075,1.90659e-07,0.21646221,0.18318234,0.36534774,4.3366994e-09
1643,1500,1500,1,0.04261435,3.9936236e-05,0.13953121,0.097319864,0.7204934,1.2230643e-06
1644,1500,1500,1,0.009864962,0.000120697085,0.04190625,0.24498264,0.7031088,1.6674927e-05
1645,1500,1500,1,0.14898421,0.000106435255,0.06472235,0.21008725,0.57609874,9.769498e-07
1646,1500,1500,1,0.036450114,4.9233622e-05,0.09070942,0.3002092,0.5725751,6.9791777e-06
1647,1500,1500,1,0.0059128827,1.3310039e-06,0.06426012,0.26852378,0.6613015,4.2728638e-07
1648,1500,1000,0,0.046719316,2.2667483e-07,0.13538216,0.527657,0.2902413,8.4579504e-08
1649,1500,1500,1,0.027803395,3.5071702e-05,0.32986957,0.23644087,0.40580702,4.4108194e-05
1650,1500,1500,1,0.03057053,0.006109973,0.07729805,0.17900041,0.70630306,0.0007179715
1651,1500,1500,1,0.014120842,0.0018848896,0.21106322,0.21234456,0.55773425,0.0028522334
1652,1500,1500,1,0.3016577,2.6498755e-08,0.090381816,0.1285024,0.479458,4.7829282e-11
1653,1500,1000,0,0.28878886,7.294239e-08,0.25128347,0.29734185,0.16258578,8.075976e-09
1654,1500,1500,1,0.011792604,6.9496544e-08,0.04900699,0.41605243,0.52314794,1.6601298e-08
1655,1500,1000,0,0.23882149,1.6948395e-07,0.07333279,0.43351334,0.25433218,5.040634e-09
1656,1500,1500,1,0.015350029,2.7245576e-06,0.057965916,0.36124274,0.56543785,7.2929805e-07
1657,1500,1500,1,0.02144486,6.410147e-06,0.05913337,0.23106164,0.6883532,4.9534884e-07
1658,1500,1500,1,0.14580667,0.007664614,0.075651735,0.09025108,0.68059087,3.5053494e-05
1659,1500,1500,1,0.044779114,2.2386943e-05,0.26171905,0.14183724,0.5516385,3.652934e-06
1660,1500,1500,1,0.00417399,0.0013087416,0.07175665,0.2548684,0.66599613,0.0018961291
1661,1500,1500,1,0.0072183767,0.00080491946,0.074891604,0.26391485,0.6524809,0.0006893891
1662,1500,1500,1,0.009481788,0.00010854844,0.044815157,0.2013899,0.74418443,2.011751e-05
1663,1500,1500,1,0.012868736,0.0005117289,0.050718583,0.24623409,0.6894753,0.00019161754
1664,1500,1500,1,0.029707255,0.10315157,0.018587014,0.19186819,0.65265197,0.00403405
1665,1500,1500,1,0.17505431,6.543256e-06,0.22285862,0.13780648,0.46427345,5.1434506e-07
1666,1500,1500,1,0.039003957,0.0037873017,0.10318141,0.13550389,0.71824795,0.00027551167
1667,1500,1500,1,0.017879756,0.18205889,0.06661069,0.14220929,0.45906657,0.13217475
1668,1500,1000,0,0.24246314,2.605063e-08,0.06906488,0.5574915,0.13098049,1.454414e-09
1669,1500,1000,0,0.05838331,2.2952167e-06,0.005782718,0.51915234,0.41667926,2.1050363e-08
1670,1500,1000,0,0.026000528,1.7941636e-08,0.02350616,0.58085775,0.3696356,1.7464475e-09
1671,1500,1500,1,0.007970345,1.6638698e-05,0.01290036,0.40288416,0.576225,3.5518049e-06
1672,1500,500,0,0.18087491,2.0538887e-06,0.4291707,0.1810657,0.20888615,5.156825e-07
1673,1500,1500,1,0.20076832,5.9891972e-06,0.09801863,0.097386904,0.60382015,1.1365634e-08
1674,1500,100,0,0.19364932,0.38285586,0.012868723,0.06429772,0.34522054,0.0011077947
1675,1500,1500,1,0.024725344,0.0023500263,0.19995973,0.20832595,0.56394124,0.00069770054
1676,1500,1500,1,0.22303644,0.0001093656,0.078321666,0.21109346,0.48743832,6.409791e-07
1677,1500,1500,1,0.112240106,3.8916034e-05,0.17207387,0.11751871,0.59812814,2.940959e-07
1678,1500,1500,1,0.027184825,0.26675415,0.022367286,0.17623179,0.4579514,0.049510542
1679,1500,1500,1,0.035251778,0.00046088357,0.105536655,0.17914678,0.679572,3.1907624e-05
1680,1500,0,0,0.38449883,1.2412974e-05,0.33712664,0.052822493,0.22553957,3.3455837e-08
1681,1500,1500,1,0.014545305,0.0004859827,0.027187437,0.19413795,0.7636069,3.639497e-05
1682,1500,1500,1,0.038520034,1.6823666e-05,0.09241816,0.14961873,0.7194255,7.280349e-07
1683,1500,1500,1,0.0017713599,0.00026553616,0.0092440285,0.3170492,0.6714997,0.00017020832
1684,1500,1500,1,0.09026832,0.00010908176,0.04748138,0.23986916,0.62227,1.9778731e-06
1685,1500,1500,1,0.016842356,6.1912724e-05,0.24739504,0.20073451,0.5349288,3.7361715e-05
1686,1500,1500,1,0.0065455255,0.00011653424,0.06287799,0.27661797,0.653794,4.7904803e-05
1687,1500,1500,1,0.020600181,0.00022427324,0.009975022,0.43264315,0.53654355,1.3870709e-05
1688,1500,1500,1,0.005140787,0.0008587918,0.07641599,0.30105844,0.61417395,0.0023520745
1689,1500,1500,1,0.04868234,6.839072e-05,0.05119372,0.22811964,0.67193353,2.3749724e-06
1690,1500,1500,1,0.07089105,0.00012523985,0.18609913,0.18333255,0.5595414,1.0664154e-05
1691,1500,1500,1,0.054970443,0.0004658203,0.35787278,0.12036562,0.46612498,0.0002003945
1692,1500,1000,0,0.009076112,1.5965724e-06,0.005643365,0.54761416,0.43766454,2.3975377e-07
1693,1500,1000,0,0.023815095,4.327292e-06,0.059822746,0.5743241,0.34203148,2.2751094e-06
1694,1500,1000,0,0.052097052,5.2235745e-08,0.0017610654,0.80671144,0.13943034,7.598045e-10
1695,1500,1000,0,0.09180689,7.793107e-07,0.019680418,0.59300977,0.29550213,3.67576e-08
1696,1500,0,0,0.6737601,5.2201327e-10,0.023530727,0.25709265,0.045616496,1.5281759e-12
1697,1500,1000,0,0.05628068,9.63009e-07,0.094957724,0.43510294,0.41365752,1.23179e-07
1698,1500,1500,1,0.07790731,6.988374e-05,0.015450895,0.4367089,0.46986058,2.4415442e-06
1699,1500,1500,1,0.33042884,6.657532e-07,0.025382046,0.29579368,0.34839478,1.5596249e-09
1700,1500,1500,1,0.06203807,1.501256e-07,0.015752153,0.40202913,0.5201805,2.604629e-09
1701,1500,1500,1,0.004966578,4.2867952e-05,0.13600194,0.22533186,0.6336157,4.1189436e-05
1702,1500,1500,1,0.011579489,0.00015756433,0.058314078,0.38827625,0.54156655,0.00010606088
1703,1500,1500,1,0.033934444,0.0010943344,0.048874434,0.30455014,0.61146903,7.759435e-05
1704,1500,1500,1,0.010563375,1.2902643e-05,0.026507799,0.28651026,0.6764043,1.336467e-06
1705,1500,1500,1,0.011459772,0.0004091293,0.11413118,0.27860692,0.59501946,0.0003735503
1706,1500,500,0,0.027215065,3.221877e-06,0.4722911,0.12641247,0.37407562,2.4211954e-06
1707,1500,1500,1,0.006655678,0.0008937201,0.057910055,0.37720346,0.5561335,0.0012036386
1708,1500,1500,1,0.0193634,8.130455e-05,0.20867558,0.18601422,0.5858309,3.4565273e-05
1709,1500,1500,1,0.0033052515,0.0007190559,0.01580058,0.29370278,0.68571264,0.000759691
1710,1500,1500,1,0.013320629,3.69002e-05,0.093718395,0.36296737,0.5299303,2.6415559e-05
1711,1500,1500,1,0.029886464,0.00031156174,0.33484894,0.18625094,0.44831046,0.0003915851
1712,1500,500,0,0.14163032,1.0739172e-05,0.5605575,0.08476733,0.21302989,4.3087302e-06
1713,1500,500,0,0.11705982,3.339699e-07,0.43024942,0.16871992,0.2839705,6.4848315e-08
1714,1500,1500,1,0.05388385,2.1550277e-05,0.12610543,0.13299654,0.6869911,1.4523584e-06
1715,1500,1500,1,0.008584709,0.00060218957,0.097462706,0.22303487,0.66940725,0.0009082842
1716,1500,1000,0,0.015184566,5.682383e-07,0.027349299,0.72448426,0.23298089,3.219306e-07
1717,1500,1000,0,0.017943807,1.5170217e-07,0.037348945,0.6080856,0.3366214,4.9485227e-08
1718,1500,1000,0,0.06188867,2.2182424e-07,0.04568235,0.5893185,0.30311024,2.6829229e-08
1719,1500,1000,0,0.07980536,1.0214855e-08,0.08065897,0.44634092,0.3931947,8.187239e-10
1720,1500,1000,0,0.023322329,3.6368406e-06,0.0391269,0.5763128,0.3612332,1.2709659e-06
1721,1500,1000,0,0.0106811235,4.9348753e-05,0.038047057,0.56193024,0.38926256,2.9582961e-05
1722,1500,1000,0,0.01653512,9.185811e-07,0.053708907,0.585029,0.34472558,4.0118857e-07
1723,1500,1000,0,0.20757808,5.198526e-06,0.09248164,0.46014756,0.23978722,2.7944805e-07
1724,1500,1500,1,0.008982612,6.3670944e-07,0.032323096,0.4180679,0.54062563,1.0422981e-07
1725,1500,1000,0,0.088223115,1.7435434e-08,0.0021776047,0.81026053,0.099338695,2.176148e-10
1726,1500,1500,1,0.049386434,0.00011574037,0.19098501,0.29092515,0.46854454,4.3083364e-05
1727,1500,1000,0,0.016387766,5.276352e-06,0.01882953,0.53078836,0.43398836,8.196311e-07
1728,1500,1500,1,0.009567424,4.972598e-06,0.031034015,0.46794897,0.49144205,2.5667925e-06
1729,1500,1500,1,0.028590217,2.0111354e-06,0.037000325,0.31639522,0.6180121,1.2886686e-07
1730,1500,1000,0,0.06585467,1.5150325e-06,0.044654824,0.6288317,0.26065707,1.2396653e-07
1731,1500,500,0,0.13297614,1.3132062e-05,0.72176504,0.040715985,0.10452236,7.2819935e-06
1732,1500,1500,1,0.031143164,0.0007283127,0.37741008,0.16888991,0.42127377,0.00055471505
1733,1500,500,0,0.12807892,0.00034013353,0.599414,0.077526644,0.19449691,0.00014328229
1734,1500,1500,1,0.007314865,0.0013827326,0.13084976,0.24125393,0.61753327,0.0016654326
1735,1500,1500,1,0.033459764,0.0083987815,0.15673645,0.26311803,0.53166795,0.0066189924
1736,1500,500,0,0.06341219,2.9383526e-07,0.8367588,0.034825876,0.06500203,8.0528866e-07
1737,1500,500,0,0.26367813,0.00052426447,0.5020638,0.039757527,0.1939473,2.8919463e-05
1738,1500,500,0,0.2990265,0.0005302371,0.48617893,0.032012,0.18224254,9.865047e-06
1739,1500,1500,1,0.018317107,0.0022663914,0.19465308,0.2201151,0.5618753,0.0027730337
1740,1500,100,0,0.0035656926,0.4018555,0.008433294,0.056644004,0.15369457,0.37580693
1741,1500,1500,1,0.02468653,0.013919879,0.07480278,0.20667239,0.6759992,0.003919163
1742,1500,1500,1,0.01658916,0.006940037,0.12945831,0.1977679,0.64429307,0.004951536
1743,1500,1500,1,0.0305983,8.809537e-05,0.08235477,0.2913993,0.59554505,1.447754e-05
1744,1500,1500,1,0.03033713,0.00019016855,0.07394741,0.25356546,0.6419447,1.50508085e-05
1745,1500,1500,1,0.008640833,0.0006833124,0.010493922,0.23339649,0.7467499,3.5587324e-05
1746,1500,1500,1,0.004529649,4.695556e-05,0.0327874,0.33794698,0.6246485,4.042105e-05
1747,1500,1500,1,0.0022740033,9.602862e-05,0.008708043,0.3597362,0.629133,5.2755102e-05
1748,1500,500,0,0.23345909,8.599345e-07,0.3879228,0.10775408,0.2708631,5.237516e-08
1749,1500,1500,1,0.0036405264,0.0007002761,0.005714955,0.33110452,0.65870357,0.00013616735
1750,1500,1500,1,0.10947163,1.532508e-06,0.17476392,0.22186853,0.4938943,9.157356e-08
1751,1500,1500,1,0.012923082,1.6180835e-05,0.030073911,0.21652678,0.7404592,9.1178225e-07
1752,1500,1500,1,0.017878903,1.1230886e-06,0.07335695,0.2029623,0.70580065,1.0127442e-07
1753,1500,1500,1,0.00884913,0.0002655552,0.061738223,0.18674207,0.74233365,7.131324e-05
1754,1500,1500,1,0.019634858,5.46726e-05,0.028036736,0.36019287,0.59207433,6.5921113e-06
1755,1500,1500,1,0.061449673,1.6211754e-06,0.007512278,0.32340103,0.60763544,9.822456e-09
1756,1500,1500,1,0.019393608,1.7968025e-05,0.12865986,0.32318962,0.528728,1.0982774e-05
1757,1500,1500,1,0.02269943,0.000109455075,0.20785767,0.19543818,0.57383984,5.5382076e-05
1758,1500,1500,1,0.015645275,0.000103804465,0.09563107,0.3412075,0.5473577,5.474432e-05
1759,1500,1500,1,0.241568,5.6238664e-06,0.26951367,0.111592524,0.37732005,1.5668955e-07
1760,1500,1500,1,0.002296403,0.0004205349,0.034483366,0.2654187,0.69678086,0.0006001227
1761,1500,1500,1,0.033157893,3.9559967e-05,0.024651466,0.1846313,0.75751907,6.5197173e-07
1762,1500,500,0,0.07887165,3.911501e-07,0.6525723,0.11371893,0.15483628,4.102061e-07
1763,1500,1500,1,0.12734964,6.371359e-05,0.20579448,0.120836265,0.5459544,1.4581375e-06
1764,1500,1500,1,0.0035568022,0.0731676,0.005057965,0.20530663,0.42170355,0.29120746
1765,1500,1500,1,0.003943693,0.00018844492,0.01968314,0.30706537,0.66905457,6.483326e-05
1766,1500,1500,1,0.006373721,0.00012053093,0.17510732,0.2573158,0.5608161,0.00026647374
1767,1500,1500,1,0.065891884,0.0042684698,0.1974499,0.16941111,0.5624599,0.0005187781
1768,1500,1500,1,0.15189943,6.5887816e-06,0.27039212,0.12046801,0.45723355,2.0008167e-07
1769,1500,1500,1,0.10761341,7.970252e-07,0.3127424,0.2240725,0.35557073,6.597015e-08
1770,1500,500,0,0.22377038,1.1998899e-06,0.5293898,0.09995482,0.14688364,1.4780427e-07
1771,1500,1500,1,0.071364105,1.1097412e-05,0.16840698,0.2716873,0.48852935,1.107476e-06
1772,1500,500,0,0.27914858,1.528735e-06,0.5219053,0.05741959,0.14152503,5.510244e-08
1773,1500,1500,1,0.013170432,5.2901712e-05,0.10433047,0.35239014,0.53003526,2.0780086e-05
1774,1500,500,0,0.30337918,1.518556e-08,0.5683768,0.041751936,0.08649217,4.1554046e-10
1775,1500,500,0,0.14675966,1.220747e-05,0.35193262,0.16413938,0.3371547,1.5399162e-06
1776,1500,1500,1,0.042794667,1.13012475e-05,0.15831196,0.17017156,0.6287097,8.229069e-07
1777,1500,1000,0,0.023673277,1.0384618e-05,0.012201329,0.545493,0.4186211,9.715582e-07
1778,1500,1500,1,0.03369937,2.1005471e-05,0.054330543,0.41961977,0.49232522,4.152958e-06
1779,1500,1500,1,0.03919211,1.7775428e-05,0.05901705,0.30932382,0.5924483,9.636544e-07
1780,1500,0,0,0.57435435,1.18266804e-07,0.17167978,0.11811645,0.13584925,4.3091275e-10
1781,1500,1500,1,0.037864033,0.00026561273,0.034675397,0.41677448,0.5103969,2.3568291e-05
1782,1500,1500,1,0.0868418,1.2543255e-05,0.14955477,0.28033745,0.48325256,9.489556e-07
1783,1500,1000,0,0.04722776,1.55222e-07,0.0036286295,0.7259194,0.22322403,4.4110595e-09
1784,1500,1000,0,0.013933802,4.8073764e-07,0.00021736545,0.8228168,0.16303158,6.7703056e-09
1785,1500,1000,0,0.13304865,4.8383667e-06,0.063238405,0.5099661,0.29374185,1.5974187e-07
1786,1500,1000,0,0.007061539,5.524214e-06,0.0015911376,0.7695171,0.2218239,7.5567095e-07
1787,1500,1000,0,0.013563609,1.3442298e-05,0.0061006714,0.58759034,0.39273077,1.1148536e-06
1788,1500,1000,0,0.3177091,2.567383e-06,0.05870933,0.37592024,0.24765874,2.1554127e-08
1789,1500,1000,0,0.01131178,3.1160154e-05,0.00089029036,0.64886826,0.33889708,1.4129412e-06
1790,1500,1000,0,0.014134303,0.00017798172,0.01703567,0.51096654,0.45764485,4.0666688e-05
1791,1500,1000,0,0.05424978,1.2545892e-06,0.07535031,0.6230678,0.24733049,3.44531e-07
1792,1500,1000,0,0.05806232,8.628886e-08,0.052997872,0.5916834,0.2972564,1.22174875e-08
1793,1500,1500,1,0.028894208,2.0365656e-05,0.10448243,0.39736748,0.4692295,6.0846937e-06
1794,1500,1500,1,0.058930606,2.1985157e-05,0.02139689,0.350732,0.5689181,4.484766e-07
1795,1500,1000,0,0.020357247,1.0255515e-07,0.010240998,0.7343739,0.23502767,1.6500387e-08
1796,1500,0,0,0.4451407,5.888798e-07,0.12518628,0.2867244,0.14294802,5.9301577e-09
1797,1500,1000,0,0.20957018,2.0416934e-08,0.004661367,0.7034794,0.082289025,1.8284504e-10
1798,1500,1500,1,0.0059676813,1.079917e-07,0.009701914,0.30844018,0.67589,1.1426813e-08
1799,1500,1000,0,0.11397192,8.833449e-08,0.038822412,0.6240764,0.22312917,5.7976135e-09
1800,1500,0,0,0.7931139,2.5931257e-11,0.17922647,0.019466791,0.008192851,1.3339575e-13
1801,1500,1000,0,0.1106322,6.023893e-08,0.0009628427,0.6910326,0.19737226,2.6497632e-10
1802,1500,1000,0,0.0696965,2.7961534e-08,0.0051908884,0.7904475,0.13466513,1.0727516e-09
1803,1500,1500,1,0.0023184468,1.7272714e-05,0.007037539,0.4370409,0.55358046,5.3548547e-06
1804,1500,1500,1,0.007087841,2.8492484e-05,0.07676178,0.2851581,0.6309494,1.44023215e-05
1805,1500,1500,1,0.011170335,0.00012897552,0.095214404,0.23233137,0.66109693,5.7986916e-05
1806,1500,1500,1,0.10017167,1.9016927e-06,0.2014111,0.2021525,0.4962628,4.99911e-08
1807,1500,1500,1,0.006770089,0.00012437998,0.028759893,0.3399712,0.6243254,4.905019e-05
1808,1500,1500,1,0.031065509,6.848812e-05,0.28527778,0.1477038,0.5358569,2.7482558e-05
1809,1500,1500,1,0.026474822,0.010033655,0.02240974,0.3547076,0.58472073,0.0016534918
1810,1500,1500,1,0.010435642,0.00048131298,0.066855244,0.18140368,0.7406902,0.00013397017
1811,1500,1000,0,0.01717698,8.885243e-06,0.056341965,0.48743033,0.4390373,4.4886774e-06
1812,1500,1500,1,0.0086739,6.582902e-06,0.057776846,0.37199435,0.56154555,2.7173228e-06
1813,1500,1500,1,0.042936716,1.1904129e-05,0.1354248,0.3073337,0.5142906,2.327893e-06
1814,1500,1500,1,0.0023259723,2.578912e-05,0.035022784,0.36690125,0.5956591,6.511758e-05
1815,1500,1000,0,0.012465217,2.2890536e-06,0.021359293,0.5501395,0.4160326,1.1221922e-06
1816,1500,500,0,0.16465579,8.396008e-06,0.31708273,0.27290225,0.24534917,1.6602477e-06
1817,1500,1500,1,0.019002387,3.0733016e-05,0.27637035,0.2117145,0.4928633,1.8750648e-05
1818,1500,1500,1,0.0048677074,1.6421696e-05,0.052174143,0.2929053,0.6500237,1.2711397e-05
1819,1500,1500,1,0.008690083,7.297823e-05,0.10737168,0.32196063,0.5618365,6.813955e-05
1820,1500,500,0,0.114467636,3.9065014e-08,0.71587116,0.07311866,0.09654261,2.243931e-08
1821,1500,1500,1,0.018831426,7.1620445e-05,0.14178674,0.2295129,0.60977584,2.1532389e-05
1822,1500,1500,1,0.018195627,0.00022920921,0.114529185,0.30520448,0.56177425,6.729118e-05
1823,1500,1000,0,0.022493195,9.46624e-07,0.007899274,0.62492305,0.34468347,8.3825014e-08
1824,1500,1500,1,0.053407304,1.3194929e-08,0.13908017,0.37311047,0.43440208,1.6570355e-09
1825,1500,1000,0,0.028122583,6.517077e-09,0.0010800707,0.8003646,0.17043266,1.5097887e-10
1826,1500,1000,0,0.27029976,2.0463493e-07,0.2628033,0.30886465,0.15803203,3.491032e-08
1827,1500,1500,1,0.019521352,4.8342845e-06,0.02055997,0.46008605,0.49982727,5.723343e-07
1828,1500,0,0,0.36922815,3.5386552e-07,0.03349432,0.2965514,0.3007258,1.302705e-09
1829,1500,500,0,0.07899159,2.180779e-07,0.36664438,0.32506722,0.22929649,1.559145e-07
1830,1500,1000,0,0.1431032,2.850357e-07,0.27579013,0.41279384,0.1683125,1.0637383e-07
1831,1500,1500,1,0.002970526,6.229441e-06,0.008275052,0.2589667,0.72978103,5.4440665e-07
1832,1500,1500,1,0.0047086105,1.15540315e-05,0.0041866354,0.26799124,0.72310156,4.451692e-07
1833,1500,1500,1,0.06398414,0.0021613634,0.00743807,0.24266686,0.68373823,1.1347928e-05
1834,1500,1500,1,0.030577643,0.000115369236,0.058901545,0.32147732,0.5889131,1.5104127e-05
1835,1500,1000,0,0.02699117,1.0564575e-05,0.01173337,0.614001,0.34726283,1.0234231e-06
1836,1500,1500,1,0.008306949,5.1964744e-06,0.07055113,0.23153047,0.6896049,1.4073893e-06
1837,1500,1500,1,0.0047633275,0.0027499031,0.008883423,0.253313,0.7296595,0.0006308046
1838,1500,1500,1,0.010055091,9.862545e-05,0.13949838,0.22215533,0.62808466,0.000107861386
1839,1500,100,0,0.26654664,0.4992695,0.05943357,0.049839903,0.10945918,0.015451237
1840,1500,1500,1,0.018731348,0.00026158208,0.0724506,0.32717988,0.5813094,6.71783e-05
1841,1500,1500,1,0.064194754,3.8792564e-06,0.17293206,0.37902325,0.3838447,1.4122343e-06
1842,1500,1500,1,0.0094559,9.787313e-06,0.049898382,0.31446704,0.6261668,2.1073013e-06
1843,1500,1500,1,0.026619276,1.5031927e-05,0.26047647,0.2660777,0.4468006,1.0822683e-05
1844,1500,500,0,0.3525721,2.7805505e-09,0.5769359,0.024844533,0.04564745,3.035896e-10
1845,1500,1500,1,0.008016327,1.821307e-05,0.05134413,0.32857147,0.61204374,6.1433802e-06
1846,1500,1000,0,0.0431291,3.2079652e-06,0.04296402,0.6276488,0.28625455,4.0703102e-07
1847,1500,1500,1,0.017127065,5.9227885e-05,0.112884805,0.20166597,0.66825193,1.0999893e-05
1848,1500,500,0,0.24175265,1.2562297e-05,0.44458285,0.1376809,0.17596978,1.2273978e-06
1849,1500,1500,1,0.09109814,0.0013732542,0.12197895,0.2823291,0.5030447,0.00017586314
1850,1500,1500,1,0.10162466,0.00023354939,0.1063662,0.14446384,0.6473075,4.2327692e-06
1851,1500,500,0,0.06533061,5.6852325e-05,0.42206296,0.11130947,0.40123048,9.61242e-06
1852,1500,1500,1,0.0071497723,0.00079003326,0.07444861,0.31067535,0.6060895,0.0008468217
1853,1500,1500,1,0.14769585,3.0778288e-06,0.24416134,0.11620518,0.49193445,7.946417e-08
1854,1500,500,0,0.07737323,9.644586e-08,0.72314066,0.034046207,0.16543993,3.8035537e-08
1855,1500,100,0,0.21960302,0.348453,0.021182565,0.12768158,0.27791393,0.0051659276
1856,1500,500,0,0.26030383,3.7104476e-06,0.6192384,0.02454785,0.095905975,3.2170573e-07
1857,1500,500,0,0.029346459,6.857033e-05,0.42671737,0.15668602,0.3871318,4.9896254e-05
1858,1500,500,0,0.12940764,2.1871905e-07,0.35874462,0.17262693,0.33922058,1.4074499e-08
1859,1500,1500,1,0.002985061,2.369233e-05,0.010143962,0.33914062,0.6476978,8.818729e-06
1860,1500,1500,1,0.027744604,1.1128554e-06,0.1263845,0.16552527,0.6803444,6.983874e-08
1861,1500,500,0,0.34097588,1.045959e-09,0.35883754,0.0835199,0.21666662,4.579383e-11
1862,1500,500,0,0.031126287,1.9525516e-05,0.42854032,0.17408833,0.36620152,2.4062416e-05
1863,1500,1000,0,0.022453144,1.6581861e-06,0.0072820927,0.7406716,0.22959131,2.651656e-07
1864,1500,1500,1,0.043800473,4.5394586e-06,0.21022686,0.20589682,0.54007065,6.5269376e-07
1865,1500,1500,1,0.08565354,2.0859345e-06,0.20312689,0.1871486,0.5240687,1.671432e-07
1866,1500,1500,1,0.021580186,2.4169552e-05,0.3477071,0.18749139,0.44317594,2.1257607e-05
1867,1500,1000,0,0.08509019,3.8737603e-06,0.075787775,0.49394974,0.34516826,2.640238e-07
1868,1500,1500,1,0.0061847195,0.00027946627,0.012381341,0.374011,0.6070791,6.4434054e-05
1869,1500,1500,1,0.006629256,5.8037847e-05,0.09203021,0.2571386,0.6440516,9.22673e-05
1870,1500,1500,1,0.009563845,3.8518924e-06,0.18617485,0.20519269,0.5990612,3.566759e-06
1871,1500,1500,1,0.025477627,6.6088076e-05,0.13738275,0.21648307,0.620569,2.15353e-05
1872,1500,0,0,0.52871644,3.863325e-06,0.20203042,0.113183536,0.1560656,4.6130697e-08
1873,1500,1500,1,0.019785617,3.0306385e-06,0.0282422,0.46897036,0.4829984,4.93464e-07
1874,1500,1000,0,0.27350467,1.4477164e-10,0.2703811,0.33533877,0.12077553,1.0248409e-11
1875,1500,1500,1,0.006392935,1.0371206e-06,0.034878034,0.2784045,0.68032324,2.2441759e-07
1876,1500,1500,1,0.02192328,8.830052e-06,0.15755023,0.26713467,0.55337983,3.1670536e-06
1877,1500,500,0,0.082415566,6.987815e-07,0.47534665,0.24778429,0.19445246,3.3516844e-07
1878,1500,500,0,0.20303226,1.1515271e-07,0.58148265,0.086666234,0.12881877,3.3324305e-08
1879,1500,1500,1,0.0033674445,7.0209375e-05,0.060038023,0.18972382,0.7467146,8.5951804e-05
1880,1500,1500,1,0.07916307,8.231769e-06,0.08279017,0.25885552,0.5791826,3.849598e-07
1881,1500,0,0,0.4209514,2.8960475e-08,0.25614566,0.18293558,0.13996737,8.2629925e-10
1882,1500,1500,1,0.06905795,4.8769334e-07,0.12562613,0.39530265,0.4100126,9.5379825e-08
1883,1500,1000,0,0.036124717,1.4595919e-05,0.024540301,0.54487556,0.3944432,1.6282761e-06
1884,1500,1000,0,0.026955815,1.13327125e-08,0.0049098134,0.80679977,0.1613346,5.425962e-10
1885,1500,1500,1,0.010283587,2.631027e-05,0.06247772,0.40618607,0.52101004,1.6303424e-05
1886,1500,1000,0,0.01207775,2.1725325e-05,0.0116730975,0.5434428,0.4327809,3.6647155e-06
1887,1500,1500,1,0.06852001,8.3870755e-06,0.1720052,0.3774026,0.3820624,1.3229302e-06
1888,1500,1500,1,0.050694466,6.1722003e-06,0.18902975,0.24758741,0.51268137,8.1462986e-07
1889,1500,500,0,0.05318771,3.3887172e-06,0.5703163,0.16423291,0.21225466,4.9285427e-06
1890,1500,1500,1,0.02306049,2.5642808e-05,0.25149578,0.26883304,0.45656702,1.8064524e-05
1891,1500,1500,1,0.007733034,0.00019588156,0.13691506,0.16702157,0.68800455,0.00012985474
1892,1500,1500,1,0.013981645,0.00023087004,0.12647282,0.26842415,0.59074134,0.0001491573
1893,1500,1500,1,0.012334725,0.0017938277,0.106824555,0.1705367,0.70795226,0.00055791327
1894,1500,1500,1,0.0111214835,0.0003239896,0.09681558,0.13905627,0.7526393,4.3440312e-05
1895,1500,1500,1,0.01789334,0.00077176065,0.027801475,0.46206543,0.49125433,0.00021363772
1896,1500,500,0,0.039414104,2.5008432e-05,0.45839116,0.12917429,0.37298214,1.3241773e-05
1897,1500,1500,1,0.10092658,0.032046944,0.21065198,0.16256358,0.48935735,0.004453631
1898,1500,1500,1,0.026859572,0.0001788494,0.2677113,0.26214203,0.44294792,0.00016035947
1899,1500,1500,1,0.048552364,0.0007223543,0.25503206,0.17499445,0.5202586,0.0004402032
1900,1500,500,0,0.13407695,0.0058947327,0.40826815,0.107794024,0.3421801,0.0017860705
1901,1500,1500,1,0.06044013,9.774982e-05,0.27024075,0.1079757,0.5612348,1.0892365e-05
1902,1500,1500,1,0.026185943,0.0052526733,0.113387935,0.1873537,0.66665494,0.001164826
1903,1500,1000,0,0.0041937744,1.2070193e-05,0.012195086,0.57674193,0.40684998,7.0487313e-06
1904,1500,1500,1,0.034533657,1.1256475e-08,0.064877436,0.42038995,0.48019895,1.195412e-09
1905,1500,1500,1,0.010136228,0.00017178111,0.02159946,0.3190172,0.649054,2.1355734e-05
1906,1500,1000,0,0.11846109,1.7539709e-07,0.20729305,0.3612963,0.31294936,2.6462217e-08
1907,1500,1500,1,0.010008003,0.0010888063,0.07056827,0.30474535,0.6123213,0.0012682758
1908,1500,1500,1,0.013501473,0.0010911715,0.035159048,0.39545253,0.5543676,0.00042816045
1909,1500,1500,1,0.01144305,0.00024407076,0.13568541,0.21126516,0.6412371,0.00012527482
1910,1500,1500,1,0.013174238,0.0014344731,0.13446742,0.29844627,0.5478332,0.0046444205
1911,1500,500,0,0.16607484,0.0003614838,0.46414712,0.07298357,0.2964049,2.7987524e-05
1912,1500,500,0,0.0879521,2.8544942e-05,0.5323142,0.09083756,0.28886315,4.4402914e-06
1913,1500,1500,1,0.007370406,0.0005170274,0.15220079,0.21017464,0.6274271,0.0023100262
1914,1500,1500,1,0.045651168,0.0013310654,0.35502425,0.17140682,0.42593387,0.00065285875
1915,1500,500,0,0.041200753,0.00047377212,0.50447094,0.13201591,0.32121927,0.0006193448
1916,1500,1500,1,0.062458076,2.595973e-05,0.32549843,0.119268745,0.492741,7.804045e-06
1917,1500,1500,1,0.016809806,8.49713e-05,0.07214274,0.43370026,0.47721443,4.780876e-05
1918,1500,1000,0,0.018784354,3.2050688e-05,0.021204444,0.5216559,0.43831658,6.687263e-06
1919,1500,1500,1,0.019353285,0.00017360382,0.045601726,0.33205372,0.6027731,4.463548e-05
1920,1500,1500,1,0.026367886,7.6651355e-05,0.16683728,0.24755315,0.5591496,1.5368169e-05
1921,1500,1500,1,0.012546435,5.0573784e-05,0.03361935,0.37505642,0.5787171,1.012047e-05
1922,1500,1500,1,0.0031711825,0.00011085364,0.016376065,0.40961275,0.57063985,8.931004e-05
1923,1500,1500,1,0.00259904,1.3549848e-05,0.024604086,0.25077027,0.722008,5.028048e-06
1924,1500,1500,1,0.014335893,8.863753e-06,0.03185704,0.27316996,0.68062687,1.3275818e-06
1925,1500,1500,1,0.060424764,1.7744598e-05,0.12041504,0.30056742,0.518574,1.0506205e-06
1926,1500,500,0,0.083961494,1.9717407e-07,0.44905198,0.18433945,0.28264675,7.652531e-08
1927,1500,1500,1,0.018126195,1.172181e-05,0.19519176,0.28926334,0.4973939,1.3006242e-05
1928,1500,1500,1,0.025737926,0.00047116264,0.16907543,0.2640893,0.5404331,0.00019310915
1929,1500,1500,1,0.009497158,7.3923667e-07,0.026158703,0.37136748,0.5929758,1.1316815e-07
1930,1500,1500,1,0.07950509,4.302827e-06,0.17009667,0.27964225,0.47075123,3.968733e-07
1931,1500,1000,0,0.062554106,8.7254654e-07,0.17169826,0.444564,0.32118255,2.5448213e-07
1932,1500,1500,1,0.026371045,1.7541096e-06,0.1324367,0.20581,0.6353801,4.8471077e-07
1933,1500,1500,1,0.0045998516,2.2017697e-05,0.023693187,0.31773034,0.6539457,8.971457e-06
1934,1500,1500,1,0.0049582017,0.00014721596,0.038906433,0.2702815,0.685649,5.770225e-05
1935,1500,1500,1,0.015323985,0.023971148,0.06698627,0.32296854,0.5504443,0.020305727
1936,1500,1500,1,0.023792937,2.9832721e-05,0.13079976,0.1478904,0.69748425,2.7854276e-06
1937,1500,1500,1,0.18128943,6.3976455e-05,0.24087389,0.21971798,0.3580512,3.5140672e-06
1938,1500,1500,1,0.05652807,1.1061389e-05,0.10765138,0.14953756,0.68627167,2.6571558e-07
1939,1500,500,0,0.26100716,0.00020770582,0.32791564,0.10289728,0.30796748,4.7162216e-06
1940,1500,1500,1,0.02666295,2.091603e-06,0.117191,0.25766888,0.5984748,3.1017618e-07
1941,1500,1500,1,0.014277271,0.00029634626,0.050144818,0.27588907,0.65932965,6.277109e-05
1942,1500,500,0,0.04487472,2.4863155e-05,0.5564722,0.12672491,0.2718668,3.6550686e-05
1943,1500,1500,1,0.014475994,0.000116414005,0.23840679,0.23174663,0.5150935,0.00016064444
1944,1500,1500,1,0.03934225,4.347963e-06,0.033338327,0.3968403,0.5304745,2.7522853e-07
1945,1500,1500,1,0.0062120315,7.659464e-05,0.031150902,0.3818062,0.5807092,4.5052704e-05
1946,1500,1500,1,0.014208309,7.0562885e-05,0.11179587,0.24522011,0.62866443,4.070122e-05
1947,1500,1500,1,0.0016565731,0.00034176547,0.019487279,0.245047,0.73297846,0.0004888529
1948,1500,1500,1,0.01795757,5.5164703e-05,0.16703743,0.2294041,0.5855225,2.3213037e-05
1949,1500,1500,1,0.005903363,0.00047508284,0.046879373,0.39068326,0.5555614,0.0004975199
1950,1500,1500,1,0.005392008,0.0006888119,0.030675044,0.3288345,0.63412136,0.00028834856
1951,1500,500,0,0.09581882,1.6723897e-06,0.39302668,0.23208003,0.27907196,8.6105973e-07
1952,1500,1500,1,0.005300637,6.354988e-06,0.03738776,0.3389083,0.61839306,3.844737e-06
1953,1500,1500,1,0.005221877,2.5429024e-05,0.061729763,0.21910347,0.7139008,1.8649125e-05
1954,1500,1500,1,0.0031865498,1.2059325e-05,0.037687376,0.31917208,0.63993275,9.1386155e-06
1955,1500,1500,1,0.0068598185,2.0049561e-05,0.03078914,0.42726377,0.535058,9.18407e-06
1956,1500,1000,0,0.036047168,5.0241044e-07,0.03566205,0.486281,0.44200915,5.8258376e-08
1957,1500,1000,0,0.014250166,2.2582079e-05,0.022045799,0.5679864,0.39568692,8.065353e-06
1958,1500,1000,0,0.045061797,5.87683e-07,0.11342859,0.48403174,0.3574772,1.4653664e-07
1959,1500,1500,1,0.019815207,3.7592297e-06,0.1424222,0.28588572,0.55187196,1.1484657e-06
1960,1500,1000,0,0.02749682,2.387175e-05,0.09065313,0.4445287,0.43728897,8.476221e-06
1961,1500,1000,0,0.093518384,4.585221e-06,0.10836439,0.4643421,0.33376974,7.501483e-07
1962,1500,1500,1,0.07875884,1.2680325e-05,0.26956382,0.26149246,0.3901687,3.5148412e-06
1963,1500,1000,0,0.043243483,4.120454e-05,0.054491427,0.47731605,0.42489576,1.2067426e-05
1964,1500,1500,1,0.07191528,3.716189e-05,0.16195968,0.36759934,0.39847645,1.2138874e-05
1965,1500,1500,1,0.030826325,0.0005019619,0.05259794,0.233452,0.6825494,7.229723e-05
1966,1500,1500,1,0.005035276,0.0007187623,0.04382041,0.25247273,0.69726086,0.0006919901
1967,1500,1500,1,0.019327348,8.3579835e-05,0.17231269,0.21721876,0.5910082,4.949354e-05
1968,1500,1500,1,0.0059574107,0.00012474389,0.075860426,0.30819985,0.60972065,0.00013696072
1969,1500,1500,1,0.009790958,0.00013549076,0.053889677,0.38004348,0.55603343,0.000106990025
1970,1500,1500,1,0.0061928183,0.00058650377,0.16187072,0.1990501,0.6310332,0.0012666978
1971,1500,1500,1,0.0106584765,0.00012780458,0.026924027,0.39822346,0.56401193,5.433684e-05
1972,1500,500,0,0.25406218,1.5645797e-05,0.43311474,0.07858023,0.2342263,8.2342535e-07
1973,1500,1500,1,0.05400711,6.391363e-05,0.32120168,0.19931345,0.4253771,3.678868e-05
1974,1500,1500,1,0.022878988,0.00019006262,0.35452425,0.17102678,0.45114073,0.0002391859
1975,1500,500,0,0.039418604,9.9538636e-05,0.52641356,0.14235485,0.29150423,0.00020923853
1976,1500,500,0,0.3068057,3.4579212e-08,0.6386175,0.020559542,0.03401713,7.2409696e-09
1977,1500,500,0,0.09494179,4.86149e-06,0.63006544,0.08725555,0.18772711,5.264315e-06
1978,1500,500,0,0.18362647,1.8964121e-07,0.62693954,0.076242596,0.11319108,5.671939e-08
1979,1500,500,0,0.041927613,0.00015201689,0.45169243,0.13184589,0.37427604,0.0001060207
1980,1500,500,0,0.025703706,8.725766e-06,0.46117854,0.09911526,0.41398424,9.5760515e-06
1981,1500,1500,1,0.0026957206,0.00025678126,0.03818308,0.3283941,0.62980455,0.0006658094
1982,1500,500,0,0.027597703,3.0536423e-05,0.44852307,0.19712742,0.3266596,6.1564555e-05
1983,1500,1500,1,0.017728617,0.00010337135,0.17321938,0.17715622,0.63175786,3.453912e-05
1984,1500,500,0,0.04432948,0.0002323168,0.49151438,0.14091039,0.32286805,0.00014544393
1985,1500,500,0,0.36601517,5.21202e-07,0.54464895,0.017210443,0.07212499,7.725489e-09
1986,1500,1500,1,0.010696306,0.00550985,0.03992984,0.32181376,0.617089,0.0049612606
1987,1500,500,0,0.21346459,4.9779953e-09,0.64874434,0.069266476,0.068524666,1.7264467e-09
1988,1500,500,0,0.048638295,2.6755853e-07,0.71975654,0.09262453,0.13897988,4.2541794e-07
1989,1500,1500,1,0.051145412,5.5616033e-06,0.15802003,0.34205037,0.44877753,1.0312037e-06
1990,1500,1500,1,0.0057932595,4.466272e-06,0.040914875,0.26120043,0.6920854,1.5356648e-06
1991,1500,500,0,0.029746814,8.608492e-07,0.53048235,0.1347082,0.30506095,7.8290657e-07
1992,1500,1500,1,0.13022621,9.424853e-07,0.14004137,0.28373948,0.445992,2.69697e-08
1993,1500,1500,1,0.028038565,2.2820942e-07,0.26647508,0.2953152,0.41017067,2.0169088e-07
1994,1500,1000,0,0.10789659,9.553641e-06,0.16845228,0.44357544,0.2800646,1.4762555e-06
1995,1500,1500,1,0.12825152,1.2445648e-06,0.04566037,0.18269847,0.64338833,6.827298e-09
1996,1500,1500,1,0.0031235144,3.0720345e-05,0.049433216,0.32837248,0.61901116,2.8928198e-05
1997,1500,1500,1,0.0059861275,1.5191863e-06,0.05063395,0.20664749,0.7367305,4.594071e-07
1998,1500,0,0,0.48769888,9.9359125e-09,0.029484363,0.19943617,0.28338063,1.7743626e-11
1999,1500,1500,1,0.0037468392,5.138229e-05,0.009418264,0.43413454,0.552608,4.090826e-05
2000,2000,2000,1,5.0671842e-06,0.14381951,1.6347738e-06,9.332412e-06,2.3502036e-05,0.856141
2001,2000,2000,1,4.855431e-07,0.02327661,1.540313e-07,8.6057645e-07,1.8570609e-06,0.97672004
2002,2000,2000,1,2.2788652e-06,0.13868383,4.1407915e-07,3.3112988e-06,7.5741254e-06,0.86130255
2003,2000,2000,1,6.910615e-07,0.0097400425,4.745245e-07,1.4901425e-06,3.169686e-06,0.9902541
2004,2000,2000,1,8.095683e-07,0.04352328,2.3232775e-07,1.5263834e-06,3.335677e-06,0.95647085
2005,2000,2000,1,9.316252e-07,0.14158821,6.267099e-08,8.550362e-07,1.7443369e-06,0.8584082
2006,2000,2000,1,1.0260113e-06,0.025717715,4.6428286e-07,2.114676e-06,4.6055225e-06,0.9742741
2007,2000,100,0,1.3583087e-05,0.86403,3.8872298e-07,6.6781286e-06,1.8477702e-05,0.1359309
2008,2000,2000,1,5.0125386e-06,0.04099039,4.056746e-06,1.2212787e-05,3.1171072e-05,0.95895714
2009,2000,100,0,0.00033042254,0.52749866,0.00021395288,0.0006472825,0.0014837214,0.469826
2010,2000,2000,1,1.8970851e-06,0.06479017,7.152764e-07,4.5199276e-06,1.0706287e-05,0.93519205
2011,2000,2000,1,1.0559564e-06,0.024042493,5.706691e-07,2.5284062e-06,5.7344955e-06,0.97594756
2012,2000,100,0,1.1000083e-05,0.82220465,3.6755904e-07,5.848566e-06,1.5738358e-05,0.17776234
2013,2000,2000,1,1.9926546e-07,0.021550834,3.884708e-08,3.0681392e-07,6.0763296e-07,0.97844803
2014,2000,100,0,1.9562178e-05,0.5063491,5.145051e-06,4.2919954e-05,0.00012136781,0.4934619
2015,2000,2000,1,4.824636e-08,0.0017534514,3.9755314e-08,1.3431823e-07,2.6494635e-07,0.9982461
2016,2000,2000,1,1.0952052e-06,0.031751838,4.289319e-07,2.2005622e-06,4.6977843e-06,0.9682397
2017,2000,2000,1,2.3210889e-07,0.009399605,1.1806289e-07,5.580378e-07,1.1684092e-06,0.99059826
2018,2000,2000,1,8.5901365e-06,0.4851556,9.185954e-07,1.004762e-05,2.6212021e-05,0.51479864
2019,2000,2000,1,1.1077591e-06,0.011460432,8.76038e-07,2.602009e-06,5.6973818e-06,0.98852926
2020,2000,2000,1,1.128461e-05,0.15859582,4.5147335e-06,1.9594916e-05,5.0083632e-05,0.8413187
2021,2000,100,0,0.0004601363,0.84957063,0.00023076437,0.00047265278,0.0017523195,0.14751345
2022,2000,2000,1,6.347182e-06,0.45111227,3.3075142e-07,4.5997976e-06,1.0438619e-05,0.5488659
2023,2000,2000,1,8.5672986e-07,0.028152172,3.115198e-07,1.6306416e-06,3.4403843e-06,0.9718416
2024,2000,2000,1,9.676639e-06,0.06897174,6.8748577e-06,2.3085886e-05,5.8340796e-05,0.93093026
2025,2000,2000,1,2.1356689e-07,0.009929856,8.1162334e-08,3.9752715e-07,7.906766e-07,0.9900686
2026,2000,2000,1,1.5240305e-06,0.07511749,2.2957472e-07,1.6364422e-06,3.293184e-06,0.9248758
2027,2000,2000,1,2.062532e-06,0.10390569,5.3643737e-07,4.0023783e-06,9.353615e-06,0.89607835
2028,2000,100,0,2.6721165e-05,0.5799332,2.3363439e-06,1.9185856e-05,4.7551748e-05,0.41997093
2029,2000,2000,1,3.3466997e-05,0.45187542,4.0588147e-06,2.3762044e-05,5.685202e-05,0.5480065
2030,2000,2000,1,4.1833047e-07,0.011154411,2.2218296e-07,8.711309e-07,1.8304364e-06,0.98884225
2031,2000,2000,1,1.2213153e-06,0.012765277,1.1171414e-06,3.1204395e-06,7.0613323e-06,0.98722225
2032,2000,2000,1,1.4828694e-05,0.03762469,2.2777383e-05,5.1195377e-05,0.00013859158,0.96214795
2033,2000,2000,1,4.7278593e-07,0.014894396,2.1871146e-07,9.560334e-07,2.0607886e-06,0.98510194
2034,2000,2000,1,4.0637093e-07,0.022394206,1.2372143e-07,7.2755006e-07,1.526277e-06,0.977603
2035,2000,2000,1,2.1931553e-06,0.035274137,1.1214357e-06,4.668903e-06,1.0560166e-05,0.9647074
2036,2000,2000,1,1.3703776e-06,0.041245863,5.5916837e-07,2.8198237e-06,6.396866e-06,0.958743
2037,2000,2000,1,4.196881e-05,0.042865995,7.471774e-05,0.00015076883,0.00042789857,0.95643866
2038,2000,2000,1,2.32121e-07,0.004401988,1.924903e-07,6.173387e-07,1.2727658e-06,0.99559575
2039,2000,2000,1,2.0339198e-06,0.013255926,2.6414798e-06,6.4695746e-06,1.5188423e-05,0.9867178
2040,2000,2000,1,3.4588054e-06,0.016559912,4.823262e-06,1.11721265e-05,2.808852e-05,0.98339254
2041,2000,100,0,5.7602698e-05,0.939585,2.3983873e-06,2.0055575e-05,7.0067494e-05,0.060264986
2042,2000,2000,1,1.6956332e-05,0.38144684,4.389625e-06,2.7799164e-05,7.506018e-05,0.61842895
2043,2000,2000,1,6.470202e-07,0.024707057,2.2287438e-07,1.1601987e-06,2.442532e-06,0.97528845
2044,2000,2000,1,4.0836203e-05,0.26645008,3.0642477e-05,0.00011229598,0.00033044678,0.7330357
2045,2000,2000,1,1.8020756e-06,0.029490659,1.2528052e-06,4.8071306e-06,1.160494e-05,0.9704899
2046,2000,2000,1,1.5667838e-07,0.025043666,2.189156e-08,2.027383e-07,3.934689e-07,0.9749555
2047,2000,100,0,3.89051e-05,0.8756721,2.679142e-06,2.4627088e-05,7.5624695e-05,0.124186
2048,2000,2000,1,2.474638e-06,0.11008238,6.887758e-07,4.7439544e-06,1.1290505e-05,0.8898984
2049,2000,2000,1,4.0709647e-06,0.024939634,3.860779e-06,1.1283877e-05,2.6628175e-05,0.97501457
2050,2000,2000,1,2.183753e-05,0.15145744,1.425405e-05,5.033697e-05,0.00013311379,0.848323
2051,2000,100,0,5.074783e-06,0.7459019,1.2366966e-07,2.6201212e-06,6.8532936e-06,0.25408354
2052,2000,2000,1,2.7389757e-07,0.016490595,8.75269e-08,4.979768e-07,1.0253705e-06,0.9835075
2053,2000,2000,1,7.2878465e-06,0.09066549,4.031396e-06,1.6004687e-05,4.090832e-05,0.9092663
2054,2000,100,0,0.073430724,0.30956602,0.12758604,0.0976424,0.30261344,0.089161396
2055,2000,2000,1,9.824076e-06,0.14785925,5.065081e-06,2.1819958e-05,5.9541417e-05,0.85204446
2056,2000,2000,1,5.0361353e-07,0.03309859,8.88723e-08,6.283988e-07,1.223106e-06,0.9668989
2057,2000,2000,1,8.0264535e-08,0.002730231,5.8010425e-08,2.0008264e-07,3.9645278e-07,0.997269
2058,2000,2000,1,3.208471e-06,0.09029198,9.159232e-07,4.898006e-06,1.1160166e-05,0.9096878
2059,2000,2000,1,1.6588758e-05,0.028434578,2.4669844e-05,4.25313e-05,0.000113529335,0.97136813
2060,2000,2000,1,3.64346e-06,0.07402647,1.0221839e-06,5.0821172e-06,1.13472715e-05,0.92595243
2061,2000,100,0,0.00018851196,0.7917022,8.301629e-05,0.00023004331,0.00081000547,0.20698625
2062,2000,100,0,0.00018318032,0.98669785,4.1937947e-06,1.3436971e-05,5.9493766e-05,0.013041856
2063,2000,2000,1,6.057019e-07,0.04882185,9.141662e-08,7.2382494e-07,1.4610837e-06,0.9511753
2064,2000,2000,1,3.862471e-06,0.2497482,5.2464344e-07,5.0609715e-06,1.1972095e-05,0.7502304
2065,2000,100,0,0.00028880706,0.7380365,0.000106734115,0.00035737967,0.0009928558,0.2602177
2066,2000,2000,1,2.4299688e-06,0.15771784,4.0581213e-07,3.8022472e-06,8.5999e-06,0.8422669
2067,2000,2000,1,2.2057714e-07,0.0061159553,1.2443952e-07,4.634229e-07,9.292616e-07,0.9938823
2068,2000,2000,1,2.9484618e-06,0.040802147,1.65916e-06,6.1545998e-06,1.4167404e-05,0.9591729
2069,2000,2000,1,1.427522e-06,0.033010118,5.383731e-07,2.5334423e-06,5.408343e-06,0.9669799
2070,2000,2000,1,1.0321752e-06,0.06704974,1.5507108e-07,1.1636199e-06,2.376217e-06,0.93294555
2071,2000,2000,1,9.958807e-06,0.04701172,7.276964e-06,2.7748381e-05,6.401747e-05,0.9528793
2072,2000,2000,1,1.0373107e-05,0.251807,2.5155427e-06,1.66923e-05,4.1366115e-05,0.74812204
2073,2000,2000,1,2.4659068e-06,0.041624963,1.2830295e-06,5.478288e-06,1.2722045e-05,0.95835304
2074,2000,2000,1,5.035986e-06,0.07905111,2.4131398e-06,1.0049985e-05,2.474505e-05,0.92090666
2075,2000,2000,1,2.684469e-07,0.0060846373,1.8691584e-07,6.4034396e-07,1.3303256e-06,0.9939129
2076,2000,2000,1,1.8572096e-06,0.09023939,5.581265e-07,3.790991e-06,9.166771e-06,0.9097452
2077,2000,2000,1,9.660202e-08,0.0020853914,1.0374979e-07,2.8822384e-07,5.976826e-07,0.99791354
2078,2000,2000,1,8.685424e-07,0.011302236,6.2699235e-07,1.9816564e-06,4.2920196e-06,0.98868996
2079,2000,2000,1,1.0050065e-06,0.018232873,5.838317e-07,2.1217552e-06,4.784428e-06,0.9817586
2080,2000,100,0,1.7247658e-05,0.5818649,2.713943e-06,2.0458283e-05,6.1859784e-05,0.41803277
2081,2000,2000,1,1.9872292e-07,0.006769117,1.11663475e-07,4.723309e-07,9.712141e-07,0.99322915
2082,2000,100,0,1.0692396e-05,0.8487056,4.2014165e-07,6.1301216e-06,1.8550403e-05,0.15125859
2083,2000,2000,1,2.3448654e-07,0.0111899935,8.591639e-08,4.318432e-07,8.6785224e-07,0.98880833
2084,2000,2000,1,1.6071144e-07,0.004158875,1.2558402e-07,4.257201e-07,8.74854e-07,0.9958396
2085,2000,2000,1,9.912865e-07,0.027404627,4.423712e-07,2.0834857e-06,4.5869856e-06,0.9725873
2086,2000,2000,1,2.3491693e-07,0.0031070327,2.4839778e-07,6.3676544e-07,1.334446e-06,0.9968905
2087,2000,2000,1,1.2242988e-07,0.0075706886,5.365588e-08,2.8192287e-07,5.694726e-07,0.99242824
2088,2000,100,0,0.00039271938,0.6749717,0.0001799677,0.00066719006,0.0018521264,0.3219363
2089,2000,2000,1,5.0553814e-07,0.04442699,9.299196e-08,7.9350707e-07,1.6251039e-06,0.95557004
2090,2000,2000,1,5.529364e-07,0.0065743444,5.823488e-07,1.8572531e-06,4.064207e-06,0.9934186
2091,2000,2000,1,1.7062587e-07,0.004502973,1.1639357e-07,4.004406e-07,8.084865e-07,0.99549556
2092,2000,2000,1,1.7260945e-06,0.26022428,5.7504224e-08,8.921862e-07,1.8256696e-06,0.73977125
2093,2000,100,0,4.5176865e-05,0.7162797,6.032844e-06,4.4807304e-05,0.00012406678,0.28350013
2094,2000,2000,1,2.373686e-05,0.29443553,1.1462151e-05,5.199139e-05,0.00014819758,0.7053292
2095,2000,100,0,2.028806e-05,0.51217777,5.877505e-06,4.091689e-05,0.00012155296,0.48763368
2096,2000,2000,1,2.2077045e-06,0.101992495,6.157316e-07,4.283381e-06,1.0065827e-05,0.89799035
2097,2000,2000,1,2.0221123e-06,0.028913254,1.4917914e-06,5.1790707e-06,1.2744177e-05,0.97106534
2098,2000,2000,1,3.2281008e-07,0.013149359,1.477129e-07,7.207501e-07,1.5234768e-06,0.98684794
2099,2000,2000,1,8.3002277e-07,0.014657769,4.8713434e-07,1.7587912e-06,3.7551197e-06,0.98533547
2100,2000,2000,1,1.1480037e-06,0.014093666,9.626698e-07,2.8864276e-06,6.6090015e-06,0.9858948
2101,2000,2000,1,3.8930873e-05,0.1912662,3.0389301e-05,9.667247e-05,0.00027258374,0.8082952
2102,2000,2000,1,4.3153573e-06,0.04319847,2.9516661e-06,9.437894e-06,2.2965654e-05,0.9567619
2103,2000,2000,1,2.747502e-06,0.11642962,6.223212e-07,4.092603e-06,9.378681e-06,0.88355356
2104,2000,2000,1,7.502619e-07,0.03554866,2.574037e-07,1.7390261e-06,3.757181e-06,0.9644448
2105,2000,2000,1,1.3667697e-06,0.044447083,5.9164114e-07,3.0086762e-06,7.303623e-06,0.9555406
2106,2000,2000,1,2.4637616e-06,0.029204398,1.6603941e-06,6.5144272e-06,1.52492585e-05,0.97076964
2107,2000,2000,1,0.0007338309,0.44239932,0.0007646737,0.0023887705,0.0072080125,0.54650545
2108,2000,2000,1,0.00012227676,0.297147,0.00015057233,0.00039464215,0.0012949207,0.7008906
2109,2000,2000,1,1.281842e-06,0.06232178,2.9969186e-07,2.089954e-06,4.553179e-06,0.93767005
2110,2000,100,0,1.8543678e-05,0.8687317,8.671117e-07,1.0551702e-05,3.1781077e-05,0.13120653
2111,2000,2000,1,2.3466559e-07,0.0077784136,1.2144466e-07,4.828292e-07,9.951716e-07,0.9922198
2112,2000,2000,1,3.9037408e-07,0.01230817,2.0304829e-07,8.611855e-07,1.8521649e-06,0.9876886
2113,2000,2000,1,2.0096636e-06,0.027142214,1.1639962e-06,4.326891e-06,9.971719e-06,0.97284025
2114,2000,2000,1,3.7199558e-07,0.014127046,1.4941656e-07,7.0705414e-07,1.4498984e-06,0.98587036
2115,2000,2000,1,8.85841e-05,0.39001197,3.846287e-05,0.00015118222,0.00043061154,0.6092793
2116,2000,2000,1,9.203026e-07,0.01717242,5.657451e-07,2.0894147e-06,4.731409e-06,0.98281926
2117,2000,2000,1,2.0258176e-05,0.13694145,1.31465285e-05,5.8992755e-05,0.00014626504,0.8628199
2118,2000,2000,1,3.6297496e-07,0.016385095,1.3579937e-07,7.023246e-07,1.4658992e-06,0.98361224
2119,2000,100,0,0.00012699407,0.5394865,5.7992762e-05,0.00022214463,0.0006582782,0.45944798
2120,2000,2000,1,4.3076147e-06,0.033281658,3.1578843e-06,9.543327e-06,2.2307207e-05,0.9666791
2121,2000,2000,1,1.20849e-07,0.008087452,4.5471285e-08,2.5005247e-07,5.046827e-07,0.9919117
2122,2000,2000,1,1.3160068e-06,0.038310535,4.7943524e-07,2.4997532e-06,5.391086e-06,0.9616798
2123,2000,2000,1,4.3756977e-06,0.08994408,1.978921e-06,9.987837e-06,2.5290916e-05,0.9100143
2124,2000,2000,1,2.658673e-06,0.024813227,1.6535494e-06,4.9667187e-06,1.1000364e-05,0.97516644
2125,2000,2000,1,1.9941024e-06,0.014495871,2.0341424e-06,5.4614566e-06,1.2746837e-05,0.98548186
2126,2000,2000,1,3.3566405e-06,0.07509984,1.4626701e-06,6.6967737e-06,1.644376e-05,0.92487216
2127,2000,2000,1,4.433771e-06,0.119076826,1.1018662e-06,6.286329e-06,1.41853625e-05,0.8808972
2128,2000,2000,1,1.48827e-07,0.007017266,7.728144e-08,3.5706847e-07,7.3770923e-07,0.99298143
2129,2000,2000,1,2.520739e-07,0.010228724,1.266439e-07,5.9510893e-07,1.2405809e-06,0.9897691
2130,2000,2000,1,1.5622691e-06,0.00542908,2.4207052e-06,5.5418736e-06,1.27059375e-05,0.9945486
2131,2000,100,0,3.6796388e-05,0.6682999,5.0589992e-06,3.5348792e-05,9.745559e-05,0.3315254
2132,2000,2000,1,8.309682e-07,0.008947048,7.867269e-07,2.2165705e-06,4.8001866e-06,0.9910443
2133,2000,2000,1,1.0250099e-06,0.017409075,6.577259e-07,2.397044e-06,5.4393827e-06,0.98258144
2134,2000,2000,1,2.869125e-05,0.21547325,1.1596359e-05,4.9782397e-05,0.00012387334,0.7843128
2135,2000,2000,1,6.1424316e-07,0.017209047,2.95975e-07,1.2897217e-06,2.7828803e-06,0.982786
2136,2000,2000,1,2.043862e-07,0.0054809563,1.3485251e-07,5.042659e-07,1.0438413e-06,0.99451715
2137,2000,100,0,1.4937084e-05,0.92036176,3.2696764e-07,5.9922636e-06,1.815453e-05,0.0795988
2138,2000,2000,1,3.952725e-07,0.013613813,1.9543538e-07,9.105868e-07,1.958112e-06,0.9863827
2139,2000,2000,1,7.4043965e-07,0.011339386,5.747904e-07,1.7683495e-06,3.910562e-06,0.9886536
2140,2000,2000,1,2.620351e-07,0.0060847267,1.9526871e-07,6.6930613e-07,1.4159539e-06,0.99391276
2141,2000,2000,1,2.7952124e-06,0.032647435,2.1596102e-06,9.015753e-06,2.1460915e-05,0.9673171
2142,2000,100,0,0.00013049958,0.5099255,6.799048e-05,0.00026516605,0.0008093138,0.4888015
2143,2000,2000,1,0.000111896545,0.27434638,9.8066645e-05,0.00028110982,0.0008283075,0.7243343
2144,2000,2000,1,2.2741214e-07,0.010787583,7.711158e-08,4.1024813e-07,8.045778e-07,0.98921084
2145,2000,2000,1,2.8510738e-07,0.003499967,3.2452468e-07,7.929679e-07,1.6963094e-06,0.996497
2146,2000,2000,1,5.8920233e-07,0.0121185705,3.6598783e-07,1.3559351e-06,2.9043292e-06,0.9878762
2147,2000,2000,1,4.7876875e-07,0.01670719,1.8866227e-07,9.351104e-07,1.9638335e-06,0.9832893
2148,2000,2000,1,3.186042e-05,0.44793513,1.1346637e-05,6.316177e-05,0.00017672799,0.5517818
2149,2000,2000,1,7.245637e-07,0.017913068,2.9971773e-07,1.3342917e-06,2.7913873e-06,0.98208183
2150,2000,2000,1,8.523647e-06,0.1061591,3.6554634e-06,1.5197638e-05,3.622745e-05,0.8937773
2151,2000,100,0,1.9300032e-05,0.5000604,3.8409444e-06,2.7611055e-05,7.654188e-05,0.49981233
2152,2000,2000,1,5.5073983e-06,0.04592944,4.115534e-06,1.3869571e-05,3.3650053e-05,0.95401347
2153,2000,2000,1,4.3443194e-07,0.0054604113,4.4635394e-07,1.218154e-06,2.625087e-06,0.99453485
2154,2000,2000,1,4.8079437e-07,0.0067272703,4.619532e-07,1.3340085e-06,2.900767e-06,0.99326754
2155,2000,2000,1,4.7607531e-07,0.010735013,3.184896e-07,1.1879458e-06,2.6034495e-06,0.98926044
2156,2000,2000,1,7.6710387e-07,0.0070734504,8.994083e-07,2.2591291e-06,5.1386487e-06,0.99291754
2157,2000,2000,1,6.363755e-07,0.006207365,6.537334e-07,1.612122e-06,3.4972563e-06,0.9937862
2158,2000,2000,1,2.301107e-06,0.051324185,8.5840253e-07,4.0678456e-06,9.197199e-06,0.9486594
2159,2000,2000,1,4.577925e-06,0.18317628,1.1079783e-06,7.752664e-06,1.883291e-05,0.8167914
2160,2000,2000,1,1.0203988e-05,0.07210761,8.834251e-06,3.090148e-05,8.3759434e-05,0.92775875
2161,2000,2000,1,3.2861387e-06,0.035040766,1.7790426e-06,6.309997e-06,1.430463e-05,0.9649335
2162,2000,2000,1,4.3199457e-06,0.3304199,2.8836783e-07,3.305537e-06,7.3035585e-06,0.66956484
2163,2000,2000,1,1.816163e-05,0.16090004,9.4475845e-06,3.8537375e-05,0.00010090396,0.8389329
2164,2000,2000,1,3.4497953e-07,0.036332972,4.8743697e-08,4.0905257e-07,8.039785e-07,0.96366537
2165,2000,2000,1,7.8119473e-07,0.01730028,4.125501e-07,1.7173005e-06,3.7196423e-06,0.9826931
2166,2000,2000,1,5.220763e-06,0.052290227,3.9953466e-06,1.3872612e-05,3.535499e-05,0.9476514
2167,2000,2000,1,1.8943394e-06,0.059616588,5.782949e-07,3.8961584e-06,8.304056e-06,0.9403687
2168,2000,2000,1,1.0252718e-05,0.34203774,2.0973218e-06,1.4245504e-05,3.7510647e-05,0.6578981
2169,2000,2000,1,2.9258215e-05,0.48287886,5.801583e-06,4.11904e-05,0.000101258105,0.5169436
2170,2000,2000,1,1.5367283e-06,0.06090331,4.346678e-07,2.7117353e-06,6.0542466e-06,0.93908596
2171,2000,2000,1,4.1665176e-06,0.009190455,7.836442e-06,1.4363626e-05,3.4892146e-05,0.9907482
2172,2000,2000,1,1.9226513e-06,0.16622303,1.1077323e-07,1.3031536e-06,2.492261e-06,0.8337711
2173,2000,2000,1,2.909951e-06,0.094585754,6.3722894e-07,4.12422e-06,8.984274e-06,0.90539753
2174,2000,2000,1,2.2754269e-07,0.012329859,8.048918e-08,4.3736114e-07,8.8873657e-07,0.98766845
2175,2000,2000,1,1.1540557e-06,0.08700926,1.7410579e-07,1.468856e-06,3.1434156e-06,0.9129847
2176,2000,2000,1,1.0593432e-06,0.025009932,5.228249e-07,2.1312842e-06,4.807964e-06,0.9749816
2177,2000,2000,1,8.945032e-06,0.18379901,3.1458733e-06,1.6669752e-05,4.4813114e-05,0.8161274
2178,2000,2000,1,6.5828357e-07,0.015232731,3.6132005e-07,1.5524563e-06,3.3575293e-06,0.98476136
2179,2000,2000,1,3.2105431e-06,0.12115116,9.432644e-07,5.891452e-06,1.4306136e-05,0.8788245
2180,2000,2000,1,2.020531e-07,0.0061735455,1.2668251e-07,4.9262246e-07,1.0272521e-06,0.9938246
2181,2000,2000,1,2.505939e-07,0.0063290703,1.5184828e-07,5.4369525e-07,1.1002361e-06,0.99366885
2182,2000,2000,1,4.7565527e-06,0.03785951,3.0855492e-06,1.19635615e-05,2.9366396e-05,0.9620913
2183,2000,2000,1,1.1774382e-06,0.048383567,3.9852225e-07,2.323825e-06,5.2126293e-06,0.95160735
2184,2000,100,0,1.774978e-05,0.94770426,1.335047e-07,3.27882e-06,9.39219e-06,0.052265186
2185,2000,2000,1,1.0965115e-06,0.014906955,8.623592e-07,3.0936508e-06,6.9948787e-06,0.985081
2186,2000,2000,1,3.2787375e-07,0.013775287,1.452369e-07,7.543811e-07,1.580362e-06,0.98622185
2187,2000,2000,1,7.550148e-08,0.006202702,2.6430769e-08,1.5451499e-07,3.0513462e-07,0.9937967
2188,2000,2000,1,2.7019955e-06,0.29566607,2.2141943e-07,2.8717532e-06,6.5695167e-06,0.70432156
2189,2000,2000,1,1.1463408e-07,0.008960629,3.5836816e-08,2.1484873e-07,4.2108204e-07,0.99103856
2190,2000,100,0,1.2438429e-05,0.90346426,1.3117004e-07,3.0357805e-06,7.978835e-06,0.09651218
2191,2000,2000,1,2.257118e-06,0.0873652,6.277565e-07,3.998562e-06,9.254474e-06,0.91261864
2192,2000,2000,1,1.444596e-06,0.03203061,5.8106036e-07,2.6615278e-06,5.6927875e-06,0.96795905
2193,2000,2000,1,3.6584356e-06,0.029345592,3.3521912e-06,9.63966e-06,2.374023e-05,0.97061396
2194,2000,2000,1,4.7144928e-05,0.32299668,2.1600128e-05,8.028974e-05,0.00022564246,0.67662865
2195,2000,2000,1,1.4969973e-05,0.33562222,1.8661862e-06,1.643962e-05,3.9144295e-05,0.6643054
2196,2000,2000,1,2.007982e-06,0.033843666,1.3169722e-06,5.098047e-06,1.2590106e-05,0.9661353
2197,2000,2000,1,3.287854e-07,0.03237426,5.4225826e-08,4.2029922e-07,8.222485e-07,0.96762407
2198,2000,2000,1,5.162665e-06,0.06567894,3.2933024e-06,1.3427968e-05,3.4726017e-05,0.9342644
2199,2000,2000,1,5.6658482e-08,0.002704322,3.536992e-08,1.5259862e-07,3.0345547e-07,0.9972951
2200,2000,2000,1,4.0911993e-07,0.0146667175,1.7492428e-07,8.019796e-07,1.6861086e-06,0.9853302
2201,2000,100,0,0.0001264126,0.63380605,7.016409e-05,0.00025262157,0.0007964741,0.36494824
2202,2000,2000,1,7.324738e-06,0.031144228,7.911468e-06,2.119552e-05,5.2828167e-05,0.96876645
2203,2000,2000,1,1.2163392e-07,0.006661339,5.332962e-08,2.5348314e-07,5.102727e-07,0.99333775
2204,2000,2000,1,1.1617334e-06,0.040784128,3.5648836e-07,1.976933e-06,4.306228e-06,0.959208
2205,2000,2000,1,1.2044359e-06,0.026916318,4.930716e-07,2.2227712e-06,4.6494984e-06,0.9730751
2206,2000,2000,1,7.0531814e-06,0.18359895,1.7494815e-06,1.1596016e-05,2.7603473e-05,0.816353
2207,2000,2000,1,1.7979763e-06,0.08376268,5.0662237e-07,3.5421597e-06,8.122534e-06,0.9162233
2208,2000,2000,1,1.1573215e-06,0.023686975,6.2148143e-07,2.5093518e-06,5.5970204e-06,0.9763031
2209,2000,2000,1,4.0210302e-06,0.026973965,3.8298017e-06,1.0557725e-05,2.5766898e-05,0.97298187
2210,2000,2000,1,3.0517283e-06,0.08682708,7.472836e-07,4.229832e-06,9.249664e-06,0.9131556
2211,2000,2000,1,4.740797e-06,0.48563236,2.5716056e-07,3.5814503e-06,8.571509e-06,0.5143504
2212,2000,2000,1,3.8034833e-07,0.007183501,2.931238e-07,9.723526e-07,2.0776288e-06,0.9928128
2213,2000,2000,1,1.6779627e-06,0.05690895,3.5783103e-07,2.2342333e-06,4.5567144e-06,0.9430822
2214,2000,100,0,0.000102244834,0.75343037,2.2216138e-05,0.00011451882,0.00034188924,0.24598877
2215,2000,2000,1,5.2508557e-07,0.020915935,2.2738449e-07,1.1410099e-06,2.477349e-06,0.9790797
2216,2000,2000,1,2.4881206e-07,0.010806564,1.09792175e-07,5.123436e-07,1.0610631e-06,0.9891915
2217,2000,2000,1,6.845528e-06,0.30813137,1.4227976e-06,1.1897542e-05,3.0049947e-05,0.6918185
2218,2000,2000,1,3.8302355e-06,0.029719735,3.14471e-06,9.695262e-06,2.2793898e-05,0.97024083
2219,2000,2000,1,7.141458e-07,0.029809231,2.5618812e-07,1.5377066e-06,3.3499364e-06,0.9701849
2220,2000,2000,1,1.6884859e-06,0.031754438,1.0070955e-06,4.0539217e-06,9.683836e-06,0.96822906
2221,2000,2000,1,2.4052414e-07,0.010438861,8.8011426e-08,4.0922887e-07,8.125444e-07,0.98955953
2222,2000,2000,1,3.8386484e-06,0.14290065,6.806834e-07,4.671378e-06,1.0414366e-05,0.85707974
2223,2000,2000,1,2.2172122e-07,0.017991671,5.6733054e-08,3.9081164e-07,7.8119143e-07,0.98200685
2224,2000,2000,1,3.0813524e-07,0.007122345,1.8702006e-07,6.6363964e-07,1.3679269e-06,0.9928751
2225,2000,2000,1,3.8940657e-06,0.07641996,1.573897e-06,7.3407236e-06,1.7825858e-05,0.9235495
2226,2000,2000,1,6.842473e-07,0.056400355,1.0478822e-07,8.96954e-07,1.7900535e-06,0.9435962
2227,2000,2000,1,1.972347e-07,0.0066084955,9.770643e-08,4.142937e-07,8.221577e-07,0.99338996
2228,2000,2000,1,1.4646797e-06,0.046682864,6.0457467e-07,3.1646466e-06,7.3271017e-06,0.9533045
2229,2000,2000,1,2.7842102e-06,0.06899023,9.935724e-07,4.84798e-06,1.1261598e-05,0.93098986
2230,2000,2000,1,8.59283e-07,0.050552346,2.414698e-07,1.5958285e-06,3.5699807e-06,0.9494414
2231,2000,100,0,1.7308636e-05,0.99812776,4.055402e-08,4.258986e-07,2.5712864e-06,0.0018518675
2232,2000,100,0,2.9385974e-05,0.611097,6.3148113e-06,5.042235e-05,0.00013830193,0.38867867
2233,2000,2000,1,5.521404e-06,0.20724867,1.047598e-06,8.567726e-06,2.0263016e-05,0.7927159
2234,2000,2000,1,2.6153666e-05,0.2737958,1.2664926e-05,5.8616784e-05,0.00015676823,0.72594994
2235,2000,2000,1,2.6433721e-05,0.10048469,2.6146921e-05,7.5347205e-05,0.00020483467,0.89918256
2236,2000,100,0,0.00023755457,0.82540935,6.0149527e-05,0.00029770937,0.000918953,0.1730763
2237,2000,2000,1,2.2404754e-07,0.0034802747,2.5283484e-07,6.745163e-07,1.4486478e-06,0.99651706
2238,2000,2000,1,1.8068831e-05,0.100737505,1.2608184e-05,3.9318205e-05,9.999872e-05,0.89909256
2239,2000,2000,1,1.264572e-06,0.056311797,3.364407e-07,2.2742117e-06,4.933565e-06,0.94367945
2240,2000,2000,1,2.313864e-07,0.006060128,1.5513525e-07,5.6638095e-07,1.1740286e-06,0.99393773
2241,2000,2000,1,0.000106212196,0.2613623,6.8187794e-05,0.00024655214,0.0005967014,0.73762
2242,2000,2000,1,2.8095798e-07,0.006772099,1.6427363e-07,6.1992614e-07,1.2472341e-06,0.99322563
2243,2000,2000,1,1.9285835e-06,0.02932041,1.3518712e-06,5.4992597e-06,1.2971497e-05,0.97065777
2244,2000,2000,1,1.2965899e-05,0.40191254,2.7571687e-06,2.042688e-05,5.4697288e-05,0.5979966
2245,2000,2000,1,2.184679e-06,0.11695563,4.310109e-07,3.1834822e-06,7.246592e-06,0.88303125
2246,2000,2000,1,4.4572238e-07,0.08445147,3.590822e-08,4.747569e-07,9.3778635e-07,0.9155466
2247,2000,2000,1,1.4781557e-07,0.009598591,6.140862e-08,3.3354337e-07,6.914548e-07,0.99040014
2248,2000,2000,1,2.3321084e-06,0.04607081,1.0528571e-06,4.664397e-06,1.0421427e-05,0.9539107
2249,2000,2000,1,7.073011e-07,0.0073136627,7.80096e-07,2.2756074e-06,5.007991e-06,0.99267757
2250,2000,100,0,6.853556e-05,0.7185187,1.6434127e-05,9.9864184e-05,0.00030739835,0.28098908
2251,2000,2000,1,8.934078e-08,0.0029240616,7.092163e-08,2.434345e-07,4.986337e-07,0.9970751
2252,2000,2000,1,3.499523e-07,0.0260127,9.3895295e-08,6.3778873e-07,1.3295067e-06,0.97398484
2253,2000,2000,1,1.0153497e-07,0.0061175064,4.4347868e-08,2.3407304e-07,4.6049996e-07,0.9938817
2254,2000,100,0,6.4318274e-06,0.9286425,7.1165395e-08,1.8183946e-06,5.4213974e-06,0.0713438
2255,2000,2000,1,3.0830256e-07,0.007961271,2.0509977e-07,7.560891e-07,1.6168696e-06,0.9920358
2256,2000,2000,1,1.7150347e-06,0.12042628,2.9075107e-07,2.405388e-06,5.5071273e-06,0.87956375
2257,2000,100,0,2.2509764e-06,0.7860627,1.8135518e-08,7.562006e-07,1.8966731e-06,0.21393244
2258,2000,100,0,6.034112e-06,0.9981838,7.307549e-09,1.2891839e-07,7.411867e-07,0.0018092932
2259,2000,2000,1,1.0672509e-06,0.019736147,7.2047277e-07,2.8941831e-06,6.7820843e-06,0.9802524
2260,2000,100,0,5.847851e-06,0.64987284,1.0888827e-07,2.0451562e-06,4.7112644e-06,0.3501145
2261,2000,2000,1,1.020505e-06,0.020744162,5.256929e-07,2.045247e-06,4.4620697e-06,0.9792478
2262,2000,2000,1,0.001352875,0.16639756,0.0043321713,0.006466207,0.021386962,0.80006427
2263,2000,2000,1,1.4270452e-06,0.012365881,1.2125043e-06,3.6760885e-06,8.252054e-06,0.9876195
2264,2000,100,0,3.5671063e-05,0.6222753,1.0062368e-05,6.0082082e-05,0.0001826037,0.37743616
2265,2000,100,0,4.5213255e-05,0.9762498,7.547333e-07,5.9856575e-06,2.4788858e-05,0.023673518
2266,2000,100,0,1.741104e-05,0.56602,2.5349455e-06,2.474945e-05,6.9758884e-05,0.43386546
2267,2000,2000,1,6.1173178e-06,0.38305038,7.161762e-07,7.1616837e-06,1.7507473e-05,0.6169182
2268,2000,2000,1,0.00035747018,0.32053435,0.00054788706,0.0008836501,0.0030113407,0.67466533
2269,2000,2000,1,2.0967147e-07,0.008032254,1.04640705e-07,4.6746098e-07,9.52506e-07,0.991966
2270,2000,2000,1,2.2271167e-06,0.07286961,8.129865e-07,4.3505843e-06,1.0622416e-05,0.92711234
2271,2000,2000,1,5.987342e-07,0.007825738,5.390543e-07,1.6185631e-06,3.526236e-06,0.992168
2272,2000,2000,1,2.323735e-06,0.1922091,2.169638e-07,2.1510864e-06,4.697755e-06,0.8077815
2273,2000,100,0,4.735822e-05,0.69538367,9.7691845e-06,7.002657e-05,0.00020070383,0.30428848
2274,2000,2000,1,1.2312729e-06,0.017968662,7.9336695e-07,2.6280911e-06,5.8899946e-06,0.9820208
2275,2000,2000,1,4.6740917e-07,0.017296031,1.9237375e-07,8.9614997e-07,1.9063738e-06,0.9827005
2276,2000,2000,1,1.118373e-06,0.076080404,1.3857975e-07,1.1447482e-06,2.2843155e-06,0.9239149
2277,2000,2000,1,1.1705766e-05,0.2104577,3.9512256e-06,2.0911373e-05,5.2883555e-05,0.7894528
2278,2000,100,0,0.0023470344,0.6005973,0.0033372561,0.0063099614,0.020690395,0.36671805
2279,2000,2000,1,4.615608e-07,0.0058093774,4.5471796e-07,1.2143679e-06,2.6330324e-06,0.9941858
2280,2000,2000,1,1.5551102e-05,0.43565157,2.0204704e-06,1.4949288e-05,3.870361e-05,0.5642772
2281,2000,2000,1,2.9322732e-07,0.0063473647,1.6853988e-07,6.175878e-07,1.245878e-06,0.9936504
2282,2000,2000,1,1.5675221e-07,0.008661966,5.8385965e-08,3.017317e-07,6.0467863e-07,0.99133694
2283,2000,2000,1,1.5280591e-06,0.13109764,2.0383645e-07,1.9598526e-06,4.2716338e-06,0.8688944
2284,2000,2000,1,1.8050737e-06,0.025565395,1.4036775e-06,4.4722474e-06,1.1229962e-05,0.97441566
2285,2000,100,0,1.0063197e-05,0.80730814,2.8761113e-07,5.094919e-06,1.3367586e-05,0.19266295
2286,2000,2000,1,5.365033e-06,0.3407492,7.797174e-07,7.267443e-06,1.8505241e-05,0.6592188
2287,2000,2000,1,5.770559e-07,0.01566827,2.838288e-07,1.3064097e-06,2.8268464e-06,0.9843268
2288,2000,2000,1,7.887622e-07,0.042747535,1.9146205e-07,1.2999654e-06,2.7455205e-06,0.95724744
2289,2000,2000,1,2.555333e-06,0.4950893,1.0610688e-07,1.9966367e-06,4.871771e-06,0.5049011
2290,2000,2000,1,3.55405e-05,0.30611584,1.1191562e-05,5.103274e-05,0.00012683909,0.69365954
2291,2000,2000,1,8.1493994e-07,0.025282748,3.6252624e-07,1.8019538e-06,3.9858287e-06,0.9747103
2292,2000,2000,1,1.0201204e-06,0.012695267,8.0622397e-07,2.6775056e-06,6.052871e-06,0.98729414
2293,2000,2000,1,6.640786e-07,0.0069100983,7.866426e-07,2.0296343e-06,4.583611e-06,0.99308187
2294,2000,2000,1,9.646803e-06,0.049988918,1.202902e-05,3.655291e-05,9.937011e-05,0.9498535
2295,2000,2000,1,3.6542463e-06,0.09738693,8.3577913e-07,4.86991e-06,1.0701533e-05,0.90259296
2296,2000,100,0,3.6621164e-05,0.8549861,2.8037332e-06,2.8273635e-05,8.7418695e-05,0.14485875
2297,2000,2000,1,2.6096773e-06,0.07220699,9.625779e-07,5.06836e-06,1.2164847e-05,0.92777216
2298,2000,2000,1,1.65806e-05,0.22238784,7.326207e-06,3.998076e-05,0.000107502296,0.7774407
2299,2000,100,0,0.00022997195,0.806548,5.369248e-05,0.00021741599,0.0006780234,0.19227293
2300,2000,2000,1,2.2452973e-07,0.018863473,5.583031e-08,3.9512466e-07,7.901834e-07,0.98113513
2301,2000,2000,1,1.3416728e-05,0.17261708,5.4284633e-06,2.4506686e-05,6.289803e-05,0.8272767
2302,2000,2000,1,3.0489364e-06,0.027308425,2.4099577e-06,7.937173e-06,1.8639208e-05,0.9726595
2303,2000,2000,1,4.9290816e-07,0.010676589,2.5166258e-07,9.940624e-07,2.0348107e-06,0.98931956
2304,2000,2000,1,6.241483e-07,0.02083649,2.804797e-07,1.4019064e-06,3.0469153e-06,0.9791582
2305,2000,100,0,6.2372004e-05,0.65912163,1.8825673e-05,8.6206695e-05,0.00027206753,0.34043884
2306,2000,2000,1,1.0052031e-06,0.02161543,5.590915e-07,2.121385e-06,4.8727566e-06,0.97837603
2307,2000,2000,1,6.7311e-06,0.2091453,1.3040162e-06,9.025643e-06,2.0368134e-05,0.7908173
2308,2000,2000,1,4.4310354e-07,0.010560613,2.9951022e-07,1.1380475e-06,2.5116792e-06,0.989435
2309,2000,2000,1,1.8800187e-06,0.11993184,2.370899e-07,2.0714135e-06,4.355927e-06,0.88005966
2310,2000,2000,1,2.0239756e-07,0.008024023,9.5543676e-08,4.1554043e-07,8.4020286e-07,0.9919744
2311,2000,2000,1,1.0320964e-06,0.012851045,7.349483e-07,2.3058842e-06,4.899807e-06,0.98714
2312,2000,2000,1,2.265654e-06,0.02431805,1.551259e-06,5.144303e-06,1.1763753e-05,0.97566116
2313,2000,2000,1,7.135416e-07,0.020828407,2.9856187e-07,1.373073e-06,2.9321989e-06,0.9791663
2314,2000,2000,1,9.433527e-07,0.041728035,2.4668347e-07,1.4794008e-06,3.138245e-06,0.95826614
2315,2000,2000,1,4.398262e-07,0.014746758,1.7654808e-07,8.251572e-07,1.6682502e-06,0.9852502
2316,2000,2000,1,5.6050987e-05,0.08851052,7.158673e-05,0.00016496972,0.0004428219,0.9107541
2317,2000,2000,1,2.0772619e-07,0.033147596,2.9493043e-08,2.8562135e-07,5.692553e-07,0.9668513
2318,2000,100,0,0.00025619465,0.723015,0.00012546653,0.00046272445,0.001371879,0.27476877
2319,2000,100,0,1.0823494e-05,0.6030008,6.5782206e-07,7.906346e-06,2.0111962e-05,0.39695963
2320,2000,2000,1,3.0446117e-06,0.015947698,3.800437e-06,9.275917e-06,2.2288552e-05,0.98401386
2321,2000,2000,1,2.6748357e-05,0.3576435,8.480767e-06,4.7086156e-05,0.0001239363,0.64215016
2322,2000,2000,1,1.9614298e-07,0.0065155057,1.0925313e-07,4.557748e-07,9.3248e-07,0.99348277
2323,2000,2000,1,1.8443465e-06,0.06025384,5.9351737e-07,3.6172487e-06,8.225518e-06,0.9397319
2324,2000,2000,1,2.5311556e-05,0.034978133,2.9276302e-05,7.342283e-05,0.00018855148,0.96470535
2325,2000,2000,1,1.3992066e-06,0.023593789,6.791942e-07,2.6553441e-06,5.5020005e-06,0.9763959
2326,2000,2000,1,2.2894633e-06,0.036351584,9.690999e-07,4.086083e-06,8.74739e-06,0.9636323
2327,2000,2000,1,4.833349e-07,0.003337911,6.5362343e-07,1.3096308e-06,2.7975238e-06,0.9966569
2328,2000,2000,1,6.1009484e-07,0.0051121605,6.906269e-07,1.6338668e-06,3.5796209e-06,0.9948814
2329,2000,2000,1,2.0916763e-05,0.09914374,1.6791613e-05,4.993906e-05,0.00013809843,0.90063053
2330,2000,2000,1,7.374658e-06,0.065619804,4.176309e-06,1.6082668e-05,3.8497914e-05,0.9343141
2331,2000,100,0,0.0009322143,0.96792006,4.161527e-05,0.000108057255,0.00036801727,0.030630093
2332,2000,2000,1,2.822692e-07,0.008746879,1.8937453e-07,7.736254e-07,1.6814888e-06,0.99125016
2333,2000,2000,1,1.1020626e-06,0.018885907,6.816692e-07,2.5828338e-06,5.7523494e-06,0.981104
2334,2000,2000,1,6.4225324e-06,0.27788764,1.0381459e-06,8.672656e-06,2.2065533e-05,0.7220742
2335,2000,2000,1,2.6828071e-05,0.23509733,1.8692877e-05,7.631594e-05,0.00022703715,0.7645538
2336,2000,2000,1,7.2444464e-06,0.12718503,3.0941605e-06,1.4146207e-05,3.64612e-05,0.87275404
2337,2000,2000,1,9.912072e-07,0.016383857,6.516249e-07,2.1866044e-06,5.033089e-06,0.9836073
2338,2000,2000,1,1.2561378e-05,0.34323835,1.797987e-06,1.2143515e-05,2.9299339e-05,0.65670586
2339,2000,2000,1,3.957165e-06,0.03063063,3.427987e-06,1.1503149e-05,2.7927563e-05,0.9693226
2340,2000,2000,1,1.2291164e-07,0.0030815618,1.0857078e-07,3.386322e-07,7.1036794e-07,0.9969171
2341,2000,2000,1,2.9833982e-06,0.08884643,1.1596284e-06,6.266614e-06,1.5395852e-05,0.9111278
2342,2000,2000,1,1.099719e-05,0.070970744,8.644916e-06,2.4878927e-05,6.387844e-05,0.92892087
2343,2000,2000,1,4.3145707e-07,0.0143149365,1.8547502e-07,9.023057e-07,1.8721884e-06,0.98568165
2344,2000,2000,1,6.2651634e-07,0.007370581,5.714673e-07,1.7918686e-06,3.8677463e-06,0.9926226
2345,2000,2000,1,2.2905867e-06,0.06373399,7.939494e-07,4.9721225e-06,1.1507325e-05,0.93624645
2346,2000,100,0,9.438381e-06,0.5120353,9.26468e-07,1.1292484e-05,2.775108e-05,0.48791525
2347,2000,2000,1,8.735682e-07,0.012858574,5.835268e-07,2.0320058e-06,4.3701616e-06,0.9871336
2348,2000,100,0,0.00020644093,0.62362516,0.0001598613,0.0004414992,0.0015164383,0.3740506
2349,2000,2000,1,6.1059477e-06,0.10421553,2.060096e-06,9.982892e-06,2.304088e-05,0.89574325
2350,2000,2000,1,6.981765e-07,0.011528189,5.306136e-07,1.7523288e-06,3.9077318e-06,0.98846495
2351,2000,2000,1,1.9503703e-05,0.3763576,6.1349765e-06,3.7662627e-05,0.00010544316,0.6234737
2352,2000,2000,1,6.819808e-08,0.0016276052,7.572864e-08,2.1302398e-07,4.3824383e-07,0.99837166
2353,2000,2000,1,9.678224e-07,0.03648248,3.5685304e-07,1.9235995e-06,4.3675145e-06,0.96350986
2354,2000,2000,1,2.8929608e-06,0.08015087,8.2139684e-07,4.5810953e-06,1.0218029e-05,0.9198306
2355,2000,2000,1,2.554297e-06,0.23158713,2.1325968e-07,2.3413206e-06,5.1239267e-06,0.76840264
2356,2000,2000,1,2.9758364e-06,0.14414613,3.9077088e-07,3.9915917e-06,8.603988e-06,0.8558379
2357,2000,2000,1,1.1474353e-06,0.0098905405,1.2189762e-06,3.143168e-06,7.083137e-06,0.9900969
2358,2000,100,0,0.00012252077,0.6497431,4.870213e-05,0.00022909166,0.0007069921,0.34914958
2359,2000,2000,1,4.335461e-06,0.061113548,2.086945e-06,8.639354e-06,2.089822e-05,0.93885046
2360,2000,2000,1,2.6572235e-07,0.0040780557,2.5266044e-07,8.2180185e-07,1.752684e-06,0.9959189
2361,2000,2000,1,2.5899678e-07,0.0059058876,1.8434831e-07,6.280854e-07,1.3009975e-06,0.9940917
2362,2000,2000,1,1.8819179e-07,0.004625032,1.3039667e-07,4.5271358e-07,9.0248443e-07,0.9953733
2363,2000,2000,1,4.1165976e-07,0.033290856,8.529141e-08,6.3289906e-07,1.2881303e-06,0.9667067
2364,2000,2000,1,6.6952146e-07,0.030048799,2.2915128e-07,1.3686675e-06,2.9555747e-06,0.96994597
2365,2000,2000,1,4.6100668e-06,0.16765352,1.1929282e-06,7.445115e-06,1.8629844e-05,0.83231467
2366,2000,2000,1,1.1880979e-06,0.020810558,6.842808e-07,2.6816926e-06,5.8692767e-06,0.979179
2367,2000,2000,1,4.9739583e-07,0.016571406,2.0771594e-07,9.700793e-07,2.0090622e-06,0.98342496
2368,2000,2000,1,1.023098e-05,0.21188964,2.9089297e-06,1.5686835e-05,3.952492e-05,0.788042
2369,2000,2000,1,9.917464e-06,0.036805533,1.0027586e-05,2.6467185e-05,6.943121e-05,0.96307856
2370,2000,2000,1,9.074703e-08,0.0032775253,5.4547563e-08,2.1621992e-07,4.244202e-07,0.9967217
2371,2000,2000,1,2.8936532e-07,0.013429522,1.1027022e-07,5.609455e-07,1.1600946e-06,0.98656833
2372,2000,2000,1,4.9918344e-07,0.0102946935,3.5964504e-07,1.330407e-06,2.9188245e-06,0.9897002
2373,2000,2000,1,2.396109e-07,0.0061986027,1.5171535e-07,5.568347e-07,1.1740398e-06,0.99379927
2374,2000,2000,1,1.3250282e-06,0.016871987,1.0972117e-06,3.701137e-06,8.5668835e-06,0.9831133
2375,2000,2000,1,2.3502844e-07,0.016522989,6.665047e-08,4.236047e-07,8.580487e-07,0.98347545
2376,2000,100,0,4.801444e-05,0.5103479,1.17772115e-05,6.7274814e-05,0.00017323461,0.48935178
2377,2000,2000,1,6.356996e-07,0.01105296,5.392407e-07,1.9368126e-06,4.3499563e-06,0.9889396
2378,2000,2000,1,1.258477e-06,0.05649555,4.3993265e-07,2.658564e-06,6.2579925e-06,0.9434939
2379,2000,2000,1,8.680033e-07,0.022004606,4.2312908e-07,1.8552703e-06,4.0762557e-06,0.9779881
2380,2000,100,0,0.00017734597,0.5429626,0.00015109344,0.00039603078,0.0013776246,0.45493525
2381,2000,100,0,3.1820622e-05,0.70889807,6.3175917e-06,4.5114e-05,0.00013899776,0.29087958
2382,2000,2000,1,5.5575052e-05,0.10897816,7.860026e-05,0.00019201948,0.00056363596,0.89013207
2383,2000,2000,1,3.592402e-05,0.22532181,2.3582274e-05,9.084457e-05,0.00025650943,0.7742713
2384,2000,2000,1,6.440099e-07,0.065017775,9.0815924e-08,9.454946e-07,1.9332472e-06,0.93497866
2385,2000,2000,1,5.783763e-07,0.025115032,2.0086445e-07,1.2180471e-06,2.5870845e-06,0.9748804
2386,2000,2000,1,2.7607797e-07,0.007770709,1.6831449e-07,6.3010907e-07,1.343948e-06,0.99222684
2387,2000,2000,1,3.1415611e-06,0.02225661,3.1191653e-06,8.44689e-06,2.0456775e-05,0.9777083
2388,2000,2000,1,1.0696672e-05,0.025762165,1.1698166e-05,3.2580458e-05,7.294257e-05,0.97410995
2389,2000,100,0,2.2301623e-05,0.6624613,2.0563004e-06,2.322851e-05,5.8703627e-05,0.3374325
2390,2000,2000,1,4.4929934e-06,0.39714992,1.939037e-07,2.8091938e-06,6.1890705e-06,0.6028364
2391,2000,2000,1,7.3564075e-07,0.009285068,5.805783e-07,1.7205971e-06,3.695894e-06,0.99070823
2392,2000,2000,1,8.017885e-07,0.012649352,4.830474e-07,1.65047e-06,3.510525e-06,0.98734426
2393,2000,100,0,2.3589224e-05,0.767485,1.0581922e-06,1.282525e-05,3.345761e-05,0.23244405
2394,2000,2000,1,2.4414535e-07,0.007695725,1.4007672e-07,5.880007e-07,1.2216515e-06,0.99230206
2395,2000,100,0,9.156781e-05,0.79243535,2.6124366e-05,0.00011346013,0.00035300403,0.20698051
2396,2000,2000,1,7.244295e-06,0.09165263,4.2671372e-06,2.2392107e-05,5.7613663e-05,0.9082558
2397,2000,100,0,1.4214425e-05,0.8018628,3.1995512e-07,6.002212e-06,1.45727445e-05,0.19810213
2398,2000,2000,1,4.038467e-06,0.13453823,1.0938987e-06,6.7971905e-06,1.6292603e-05,0.8654336
2399,2000,2000,1,2.9838634e-07,0.0071283593,1.8073659e-07,6.8642447e-07,1.3848248e-06,0.9928691
2400,2000,2000,1,8.5705886e-07,0.041000992,2.8448633e-07,1.7544029e-06,3.889318e-06,0.95899224
2401,2000,2000,1,1.8099736e-06,0.10195494,4.2527327e-07,3.2590433e-06,7.382696e-06,0.8980321
2402,2000,2000,1,1.2350888e-06,0.05684444,4.4330713e-07,2.8523705e-06,6.779922e-06,0.94314426
2403,2000,2000,1,9.429994e-07,0.018053912,6.597502e-07,2.7558442e-06,6.32241e-06,0.9819354
2404,2000,2000,1,4.6527396e-07,0.020913025,1.4247004e-07,7.490727e-07,1.5362002e-06,0.979084
2405,2000,2000,1,1.8889239e-07,0.0048488043,1.1563775e-07,4.0886331e-07,8.069248e-07,0.9951497
2406,2000,2000,1,1.0954327e-06,0.043267094,3.3161405e-07,1.9323452e-06,4.1246685e-06,0.9567255
2407,2000,2000,1,1.1048084e-07,0.0020401357,1.16963214e-07,3.1634627e-07,6.515396e-07,0.99795866
2408,2000,2000,1,2.5101564e-05,0.15877855,1.890248e-05,6.0296832e-05,0.000174476,0.84094274
2409,2000,2000,1,2.0076668e-07,0.0058948235,1.5512167e-07,6.1488817e-07,1.3080588e-06,0.9941029
2410,2000,2000,1,6.9226377e-07,0.021555731,3.3761802e-07,1.6359315e-06,3.5454166e-06,0.978438
2411,2000,2000,1,1.2104842e-05,0.29875594,3.756975e-06,2.38302e-05,6.326252e-05,0.7011411
2412,2000,2000,1,4.3275395e-06,0.055924796,2.436617e-06,9.32271e-06,2.2547696e-05,0.9440366
2413,2000,2000,1,2.9660538e-07,0.008239099,1.5201205e-07,5.7646093e-07,1.1773257e-06,0.99175864
2414,2000,2000,1,7.9107826e-07,0.1436854,5.521818e-08,7.4851016e-07,1.5860927e-06,0.8563114
2415,2000,2000,1,3.5122673e-06,0.11876592,1.1058376e-06,6.48169e-06,1.6018672e-05,0.8812069
2416,2000,2000,1,5.315494e-07,0.013222351,2.8636737e-07,1.2093343e-06,2.5874353e-06,0.9867731
2417,2000,2000,1,0.00015636547,0.38922286,0.00016940854,0.00042144555,0.0014204831,0.60860944
2418,2000,2000,1,6.132318e-07,0.02125886,2.7054668e-07,1.2868419e-06,2.8290672e-06,0.9787361
2419,2000,2000,1,3.793544e-07,0.07146378,2.7475886e-08,3.4593356e-07,6.7683237e-07,0.9285348
2420,2000,2000,1,9.2032957e-07,0.07872495,1.8973645e-07,1.6455572e-06,3.7090913e-06,0.9212685
2421,2000,2000,1,6.812451e-07,0.031443782,2.5836047e-07,1.5468845e-06,3.4012494e-06,0.9685504
2422,2000,2000,1,3.2437276e-06,0.1147131,1.0700596e-06,6.033836e-06,1.4890825e-05,0.8852616
2423,2000,2000,1,5.0439103e-05,0.40552035,2.1653532e-05,0.0001040243,0.000276859,0.5940267
2424,2000,2000,1,1.5664975e-06,0.020644564,1.251761e-06,4.064852e-06,9.626345e-06,0.97933894
2425,2000,2000,1,1.1204696e-06,0.013312489,9.826779e-07,2.9692392e-06,6.758592e-06,0.9866757
2426,2000,2000,1,5.353674e-07,0.013919603,2.8393262e-07,1.1831745e-06,2.5357615e-06,0.9860758
2427,2000,2000,1,3.12718e-05,0.12734291,2.9896159e-05,8.633852e-05,0.00024144206,0.87226814
2428,2000,2000,1,6.378156e-07,0.036342718,1.381988e-07,9.4594265e-07,1.9312731e-06,0.9636537
2429,2000,2000,1,1.5367877e-07,0.0071988176,7.6052565e-08,3.5790245e-07,7.3452014e-07,0.9927999
2430,2000,2000,1,2.0451547e-07,0.0048862435,1.483836e-07,4.784641e-07,9.923986e-07,0.995112
2431,2000,2000,1,4.9814986e-07,0.0305424,1.2393357e-07,7.830281e-07,1.6700315e-06,0.9694546
2432,2000,2000,1,7.3547234e-08,0.004846821,3.141078e-08,1.571516e-07,3.0759634e-07,0.9951526
2433,2000,2000,1,8.3198097e-07,0.02838378,3.0660098e-07,1.6187468e-06,3.4422815e-06,0.97161
2434,2000,100,0,5.4493143e-05,0.7688116,1.5732778e-05,8.281492e-05,0.0002776582,0.23075749
2435,2000,2000,1,1.178324e-05,0.22561838,3.8451685e-06,2.2943335e-05,5.917523e-05,0.7742838
2436,2000,2000,1,1.9231873e-06,0.07504058,6.049183e-07,3.5428768e-06,8.412226e-06,0.92494494
2437,2000,100,0,5.4149652e-05,0.93917125,3.6912577e-06,2.0844045e-05,7.948189e-05,0.06067051
2438,2000,2000,1,1.1297365e-05,0.08083104,9.104139e-06,2.899867e-05,7.668527e-05,0.9190429
2439,2000,2000,1,1.0206411e-06,0.015213516,6.750685e-07,2.5140175e-06,5.400319e-06,0.98477685
2440,2000,2000,1,1.0564306e-05,0.048835155,9.665937e-06,2.583046e-05,6.634738e-05,0.9510525
2441,2000,2000,1,9.588605e-06,0.10808628,5.409524e-06,2.2408578e-05,5.7284775e-05,0.89181906
2442,2000,2000,1,6.972954e-06,0.26957685,1.0397745e-06,8.883723e-06,2.123833e-05,0.73038495
2443,2000,2000,1,8.097652e-07,0.0050906003,1.2686462e-06,2.936642e-06,6.648943e-06,0.9948978
2444,2000,2000,1,1.15443e-06,0.08468167,2.0165139e-07,1.9782929e-06,4.188142e-06,0.91531074
2445,2000,2000,1,2.1133672e-05,0.13886057,1.520292e-05,5.2259667e-05,0.00013761775,0.8609133
2446,2000,2000,1,1.7391742e-06,0.02930139,9.3186685e-07,3.4633588e-06,7.840175e-06,0.97068465
2447,2000,2000,1,3.795295e-06,0.04413634,2.8155325e-06,1.0046519e-05,2.5326313e-05,0.95582163
2448,2000,100,0,5.970489e-05,0.71992034,1.9167532e-05,9.376027e-05,0.00030751285,0.27959955
2449,2000,2000,1,4.7739463e-06,0.072805226,2.5532217e-06,1.0346417e-05,2.593648e-05,0.9271512
2450,2000,2000,1,6.23918e-06,0.025290536,6.604219e-06,1.4434945e-05,3.556675e-05,0.9746466
2451,2000,2000,1,4.380525e-06,0.0996128,1.5308652e-06,8.672579e-06,2.0588115e-05,0.90035206
2452,2000,2000,1,1.9647366e-07,0.006511349,1.122383e-07,4.544958e-07,9.3796996e-07,0.9934869
2453,2000,2000,1,2.487809e-07,0.009275512,1.2041646e-07,5.1615456e-07,1.0661925e-06,0.99072254
2454,2000,2000,1,6.531243e-07,0.0145338,2.7595982e-07,1.1772438e-06,2.3616603e-06,0.9854617
2455,2000,2000,1,1.4516921e-06,0.01741226,1.2125039e-06,3.817586e-06,8.824347e-06,0.98257244
2456,2000,2000,1,5.3309833e-07,0.02161796,2.0216463e-07,1.0382083e-06,2.2118197e-06,0.9783781
2457,2000,2000,1,2.6892506e-06,0.04484,1.2592128e-06,5.1302613e-06,1.1925552e-05,0.95513904
2458,2000,2000,1,4.450331e-07,0.009304963,2.9788376e-07,1.0554612e-06,2.2565628e-06,0.99069107
2459,2000,2000,1,2.1594558e-06,0.044240408,7.7876126e-07,3.3924184e-06,7.504492e-06,0.95574576
2460,2000,100,0,0.000111283145,0.6829097,4.0812592e-05,0.00016313646,0.0005160787,0.316259
2461,2000,2000,1,6.2912372e-06,0.15375474,2.0763855e-06,1.1816325e-05,2.8702405e-05,0.8461964
2462,2000,100,0,2.368273e-05,0.86341643,7.063274e-07,1.0056343e-05,2.6640419e-05,0.13652238
2463,2000,2000,1,3.7070689e-07,0.0076241917,2.4340272e-07,7.983715e-07,1.6820676e-06,0.99237275
2464,2000,2000,1,2.2112672e-05,0.40703785,3.6354636e-06,2.2430799e-05,5.4447486e-05,0.59285945
2465,2000,2000,1,1.17542295e-05,0.31416932,3.4537863e-06,2.152885e-05,5.773954e-05,0.68573624
2466,2000,2000,1,1.8306306e-05,0.15219876,1.0938641e-05,4.172415e-05,0.000112077716,0.8476182
2467,2000,2000,1,8.378785e-05,0.11243712,0.00015858359,0.000340291,0.0010532358,0.885927
2468,2000,2000,1,1.0133018e-06,0.11800627,8.604091e-08,9.667702e-07,1.9563781e-06,0.8819897
2469,2000,2000,1,1.16184424e-07,0.026513072,1.3814589e-08,1.5729275e-07,3.0404217e-07,0.97348636
2470,2000,2000,1,8.437043e-07,0.055882715,1.553703e-07,1.2471614e-06,2.5848467e-06,0.9441124
2471,2000,2000,1,1.3269084e-07,0.011934822,3.3018527e-08,2.0943715e-07,4.0323127e-07,0.98806435
2472,2000,2000,1,1.8493082e-06,0.06408864,5.1508135e-07,3.118466e-06,7.138022e-06,0.9358987
2473,2000,2000,1,2.4560422e-06,0.1545214,3.8701347e-07,3.4455409e-06,7.802547e-06,0.84546447
2474,2000,2000,1,5.7676607e-06,0.25149497,7.1288883e-07,7.1476675e-06,1.5921332e-05,0.7484755
2475,2000,2000,1,5.5337676e-07,0.038449164,1.2362445e-07,9.1647837e-07,1.8828316e-06,0.9615473
2476,2000,2000,1,1.7674499e-06,0.020503916,1.0966813e-06,3.6460126e-06,8.190005e-06,0.9794814
2477,2000,2000,1,7.152531e-07,0.014036382,5.158097e-07,1.8785429e-06,4.288086e-06,0.9859562
2478,2000,2000,1,5.3005317e-07,0.020780938,2.2018641e-07,1.1331172e-06,2.4685885e-06,0.97921467
2479,2000,2000,1,7.923444e-06,0.21231954,1.9718311e-06,1.16227975e-05,2.8763243e-05,0.7876302
2480,2000,2000,1,1.5636456e-06,0.011166702,1.7372207e-06,4.1838584e-06,9.809371e-06,0.988816
2481,2000,2000,1,2.2802016e-05,0.17962734,1.1843347e-05,4.9036622e-05,0.00012643125,0.8201626
2482,2000,2000,1,1.9550323e-07,0.006490518,1.15086394e-07,4.7005358e-07,9.724562e-07,0.99350774
2483,2000,2000,1,0.00011106387,0.3287491,8.119472e-05,0.00025785988,0.0007855209,0.6700153
2484,2000,2000,1,5.0509157e-06,0.048544195,3.4378224e-06,1.2844838e-05,3.104098e-05,0.95140344
2485,2000,2000,1,1.2160092e-05,0.32503298,2.1025378e-06,1.668168e-05,3.9405317e-05,0.6748966
2486,2000,2000,1,2.7552922e-05,0.07106938,2.9424122e-05,9.5849326e-05,0.00025334707,0.92852443
2487,2000,2000,1,1.4400318e-05,0.16100226,6.1624028e-06,2.8198647e-05,7.091283e-05,0.8388781
2488,2000,2000,1,1.0325658e-07,0.0022344482,9.952444e-08,2.764813e-07,5.660933e-07,0.99776447
2489,2000,2000,1,1.1667087e-05,0.36827898,1.396941e-06,1.0323542e-05,2.479949e-05,0.6316728
2490,2000,2000,1,2.0302275e-06,0.07029199,6.036914e-07,3.7998866e-06,8.497818e-06,0.9296931
2491,2000,2000,1,2.4843279e-05,0.052696817,2.7779062e-05,5.8712005e-05,0.00015793572,0.94703394
2492,2000,2000,1,8.140963e-06,0.35729113,8.886035e-07,7.963071e-06,1.908799e-05,0.6426728
2493,2000,100,0,4.4992225e-06,0.6293915,1.4634757e-07,2.852645e-06,7.0448273e-06,0.3705939
2494,2000,2000,1,1.9953207e-07,0.006124737,1.3514385e-07,5.1747077e-07,1.0862797e-06,0.99387336
2495,2000,2000,1,3.1792456e-07,0.009221232,1.707808e-07,8.0482755e-07,1.6832345e-06,0.99077576
2496,2000,2000,1,1.4847832e-06,0.017167458,1.1707936e-06,3.7288876e-06,8.456463e-06,0.98281777
2497,2000,2000,1,6.627974e-07,0.015195405,4.4757988e-07,1.8360033e-06,4.1191115e-06,0.98479754
2498,2000,2000,1,2.3768143e-06,0.04261064,1.2615006e-06,5.2440014e-06,1.2245701e-05,0.95736825
2499,2000,100,0,0.0005510636,0.8824918,7.663361e-05,0.00025402228,0.0007440101,0.11588255
2500,500,0,0,0.5400867,3.063764e-08,0.42232388,0.009620834,0.027968643,1.4348299e-11
2501,500,0,0,0.44527575,7.482931e-07,0.31282017,0.087889165,0.15401411,4.5517043e-09
2502,500,500,1,0.123868614,4.5084855e-07,0.8014918,0.02574845,0.048890147,4.9339206e-07
2503,500,500,1,0.07655695,4.3719654e-05,0.6331365,0.094419196,0.19578965,5.4017204e-05
2504,500,500,1,0.14694384,1.7093915e-07,0.7832158,0.022145575,0.04769454,1.052504e-07
2505,500,0,0,0.520907,0.00036077196,0.38703713,0.018546093,0.073146656,2.336026e-06
2506,500,500,1,0.37321115,1.3868828e-07,0.5972073,0.0030957672,0.026485678,5.142023e-10
2507,500,500,1,0.47520146,6.8150896e-10,0.52239394,0.0006485568,0.0017560502,9.54171e-12
2508,500,500,1,0.084359236,0.00033682174,0.57549715,0.08114964,0.2584721,0.00018495762
2509,500,500,1,0.31877905,6.295227e-06,0.5720045,0.026283251,0.08292653,3.5646627e-07
2510,500,500,1,0.25405294,2.6405214e-06,0.58940995,0.034258313,0.12227584,2.695909e-07
2511,500,500,1,0.026334176,8.934068e-06,0.47123733,0.12330866,0.3791032,7.625538e-06
2512,500,500,1,0.21626559,1.5201633e-10,0.75189215,0.008080061,0.023762245,2.7480265e-11
2513,500,500,1,0.32590201,3.298934e-11,0.6672535,0.0016820324,0.005162509,1.2564829e-12
2514,500,500,1,0.3683206,4.155248e-09,0.5319411,0.06182336,0.037914973,7.5715856e-10
2515,500,500,1,0.46114787,3.761173e-11,0.529255,0.0027329403,0.006864186,4.0991277e-13
2516,500,500,1,0.061012812,1.0304049e-07,0.57917327,0.14698116,0.21283264,7.1243356e-08
2517,500,500,1,0.055181805,0.0015207898,0.53348637,0.12025023,0.2869372,0.002623695
2518,500,500,1,0.2969459,5.3551983e-05,0.5426935,0.0204006,0.1399055,9.501168e-07
2519,500,500,1,0.40913737,0.0006216281,0.49434128,0.020346828,0.07552908,2.379297e-05
2520,500,500,1,0.40887552,8.2788704e-10,0.5888074,0.00053471717,0.0017824577,1.6160203e-11
2521,500,500,1,0.06585306,5.836767e-06,0.7519282,0.04861783,0.13358475,1.0296097e-05
2522,500,0,0,0.50519705,1.7445997e-12,0.4945005,0.00012581519,0.00017661929,1.2796909e-13
2523,500,500,1,0.25538757,2.6647924e-06,0.6820429,0.015852766,0.04671369,3.7892096e-07
2524,500,500,1,0.15803142,2.3000541e-06,0.74459785,0.020533722,0.07683421,4.904674e-07
2525,500,500,1,0.47656995,1.9983544e-07,0.51000243,0.003638856,0.00978854,1.5561759e-09
2526,500,500,1,0.2645409,9.984225e-08,0.7162195,0.0062940666,0.012945401,4.6729472e-08
2527,500,1500,0,0.10825105,0.013041387,0.17001174,0.12073349,0.5873997,0.00056257745
2528,500,500,1,0.025939181,0.00012823258,0.46025655,0.1825173,0.33086333,0.00029538825
2529,500,500,1,0.19433863,2.9673618e-06,0.7286697,0.028542688,0.048444267,1.7691403e-06
2530,500,500,1,0.49485922,2.4408824e-09,0.50240386,0.0012937039,0.0014431704,2.1696565e-10
2531,500,500,1,0.36150497,4.9911883e-05,0.5800846,0.011640307,0.046718545,1.5816436e-06
2532,500,500,1,0.3659634,1.1941292e-10,0.63156414,0.0004509521,0.0020214783,1.9973257e-12
2533,500,500,1,0.10612889,3.5691545e-07,0.7933907,0.03227174,0.06820814,2.0528637e-07
2534,500,500,1,0.37602654,1.1597235e-09,0.6151384,0.004503907,0.0043310695,5.932583e-10
2535,500,500,1,0.29941717,1.0296715e-06,0.65479195,0.017412424,0.028377134,2.795756e-07
2536,500,500,1,0.2583759,3.3851047e-06,0.5110837,0.07030711,0.16022964,2.3360296e-07
2537,500,500,1,0.052628543,8.551212e-09,0.8439283,0.031070527,0.07237266,1.1538385e-08
2538,500,500,1,0.060816042,2.6926222e-05,0.43122017,0.18936428,0.3185639,8.630877e-06
2539,500,500,1,0.22881489,6.009027e-11,0.7347974,0.012034969,0.024352705,4.248207e-12
2540,500,1500,0,0.013365425,5.812509e-05,0.12890783,0.33852756,0.51907986,6.11853e-05
2541,500,0,0,0.50653577,1.7975062e-13,0.48862377,0.002251535,0.002588885,8.835822e-15
2542,500,500,1,0.09933439,2.5673683e-10,0.8462676,0.017149609,0.037248414,1.829486e-10
2543,500,0,0,0.58047503,1.2985904e-10,0.411923,0.0034945847,0.0041073533,5.9179723e-13
2544,500,0,0,0.5069424,1.051085e-12,0.4893031,0.0015417329,0.0022127028,9.249054e-15
2545,500,500,1,0.16760053,2.2531237e-08,0.40732464,0.17653468,0.2485402,1.2400443e-09
2546,500,500,1,0.18926017,1.322052e-10,0.7617488,0.019603442,0.029387573,7.567156e-11
2547,500,0,0,0.47690514,5.542413e-11,0.4743998,0.025594305,0.023100717,1.833821e-12
2548,500,500,1,0.10782315,1.3028657e-09,0.36155847,0.2383485,0.2922698,1.08916806e-10
2549,500,0,0,0.7983343,4.212178e-12,0.17843467,0.017652798,0.0055782003,2.4360678e-13
2550,500,500,1,0.06384989,4.626033e-08,0.41235676,0.28748143,0.23631182,3.3923303e-08
2551,500,0,0,0.7149569,2.3201939e-10,0.13197245,0.10525509,0.047815524,2.5616232e-12
2552,500,500,1,0.4442062,2.6277295e-11,0.53547907,0.0045748125,0.01574,2.9496018e-13
2553,500,500,1,0.34041405,1.4571505e-10,0.6561152,0.0010689,0.0024020153,2.7456391e-11
2554,500,500,1,0.13395508,4.4252637e-08,0.75136536,0.054352317,0.060327224,2.7644727e-08
2555,500,500,1,0.16488841,1.4704165e-07,0.549228,0.089267515,0.19661583,3.095085e-08
2556,500,0,0,0.6435531,5.8014782e-12,0.35235912,0.0025339874,0.0015538172,8.6795295e-13
2557,500,500,1,0.09720471,2.626272e-06,0.4227346,0.12733093,0.35272706,1.5305903e-07
2558,500,500,1,0.068305045,6.352471e-06,0.3694237,0.3120619,0.25019863,4.3133214e-06
2559,500,0,0,0.5709441,5.464269e-10,0.38510802,0.030158728,0.013789115,3.2975477e-11
2560,500,500,1,0.21181032,1.9237262e-08,0.7053856,0.03314922,0.049654823,5.40878e-09
2561,500,1500,0,0.044949483,5.3355105e-08,0.19051473,0.26965395,0.49488187,8.898217e-09
2562,500,500,1,0.051640607,1.0152726e-06,0.59207857,0.15100446,0.205274,1.3158252e-06
2563,500,500,1,0.43353656,4.828202e-10,0.54856604,0.0064138635,0.011483596,1.182592e-11
2564,500,500,1,0.42932343,3.4613212e-09,0.55920446,0.0045455885,0.0069265002,1.3736334e-10
2565,500,0,0,0.4297356,2.118904e-07,0.39713717,0.09018337,0.0829437,2.074403e-08
2566,500,500,1,0.30775782,4.975423e-09,0.6585159,0.013227836,0.020498402,1.0649404e-09
2567,500,500,1,0.41969272,1.5753646e-13,0.57860374,0.0008598786,0.00084363116,4.564304e-14
2568,500,1000,0,0.03829872,4.572579e-05,0.10407025,0.4569881,0.40058112,1.6059177e-05
2569,500,500,1,0.3770654,1.2825704e-07,0.5572737,0.020517314,0.045143455,5.525404e-09
2570,500,0,0,0.6654557,1.2999707e-10,0.2906302,0.03064113,0.013273017,4.624342e-12
2571,500,0,0,0.65273136,5.8527008e-15,0.3457648,0.0010028152,0.0005010216,5.2901727e-17
2572,500,500,1,0.09315188,2.0670478e-07,0.74511915,0.05930952,0.102419145,1.467523e-07
2573,500,500,1,0.08348217,4.630554e-08,0.64700836,0.12112989,0.14837947,4.375182e-08
2574,500,500,1,0.086672604,1.2214603e-06,0.68073976,0.10834706,0.12423819,1.1527027e-06
2575,500,500,1,0.38814536,3.576633e-11,0.5991557,0.005978717,0.006720203,5.207224e-12
2576,500,1500,0,0.037147902,1.2360095e-05,0.2764391,0.16887821,0.5175204,2.0098714e-06
2577,500,500,1,0.24813175,1.505671e-08,0.64461744,0.05036196,0.056888793,5.025343e-09
2578,500,500,1,0.04684301,3.1148699e-07,0.69768095,0.0717814,0.18369418,1.8802446e-07
2579,500,500,1,0.44238856,1.7186177e-06,0.54429775,0.0027054509,0.010606466,2.8374721e-08
2580,500,500,1,0.47327384,4.766077e-15,0.5266415,3.0353862e-05,5.4361903e-05,1.895893e-16
2581,500,500,1,0.3024243,7.683322e-06,0.5734905,0.052974228,0.07110215,1.2543851e-06
2582,500,500,1,0.39827114,2.3540206e-07,0.58887047,0.0053842054,0.007473953,5.226008e-08
2583,500,0,0,0.53341484,2.5540188e-15,0.4665372,2.5178377e-05,2.2756836e-05,5.3707373e-16
2584,500,0,0,0.54805297,1.7629925e-15,0.45189628,2.0086774e-05,3.0786785e-05,4.1021577e-17
2585,500,500,1,0.37673944,2.3393848e-12,0.621162,0.0010869119,0.0010116849,1.8017915e-12
2586,500,500,1,0.2811703,1.3084418e-10,0.71312046,0.00196909,0.0037401163,3.505045e-11
2587,500,0,0,0.61594,6.747772e-22,0.3840595,2.3446653e-07,3.0612617e-07,2.1591118e-23
2588,500,500,1,0.36403638,5.8424715e-12,0.6343781,0.0003219306,0.0012636017,1.3286938e-13
2589,500,500,1,0.22033337,8.3354286e-07,0.7176502,0.02520869,0.036806576,3.465388e-07
2590,500,500,1,0.25200358,8.308118e-05,0.6034068,0.025610637,0.11889086,5.1194124e-06
2591,500,500,1,0.49087408,9.325741e-13,0.50845456,0.00028428636,0.00038707085,3.9573454e-14
2592,500,500,1,0.3046642,2.0439781e-08,0.6849331,0.003152342,0.0072503346,2.0327295e-09
2593,500,500,1,0.24173401,5.818652e-07,0.711811,0.01616054,0.030293647,2.451809e-07
2594,500,500,1,0.2390174,9.4107495e-09,0.7461363,0.0043721176,0.010474141,2.6109144e-09
2595,500,500,1,0.121022716,2.0162794e-08,0.8230941,0.018228112,0.03765501,2.6784214e-08
2596,500,500,1,0.067668945,5.7086e-06,0.50417954,0.09880835,0.32933488,2.5560405e-06
2597,500,500,1,0.36961186,2.6197491e-10,0.62584513,0.0007773815,0.0037655456,1.6781766e-12
2598,500,500,1,0.31293884,2.29332e-09,0.674954,0.0032268974,0.008880195,1.7608759e-10
2599,500,500,1,0.44176036,1.6249955e-11,0.55327237,0.0020184247,0.0029489174,1.9633392e-12
2600,500,500,1,0.094723724,5.3172563e-08,0.7502137,0.05062931,0.10443318,2.338278e-08
2601,500,500,1,0.35883942,1.3482033e-08,0.61365354,0.007862953,0.019644132,4.1341272e-10
2602,500,0,0,0.5674708,9.0822566e-14,0.43210527,0.00022842718,0.00019547096,3.5466352e-15
2603,500,1500,0,0.02102693,9.428712e-06,0.24839576,0.1720385,0.558526,3.4128118e-06
2604,500,500,1,0.07696031,1.1494555e-08,0.76071244,0.041103356,0.12122392,8.470026e-09
2605,500,500,1,0.109220944,7.479605e-09,0.8135298,0.031481184,0.04576809,8.290941e-09
2606,500,500,1,0.31241512,1.07730294e-07,0.61668664,0.02116328,0.049734812,6.696776e-09
2607,500,500,1,0.17798714,1.15526495e-08,0.61996204,0.09373632,0.108314514,2.349177e-09
2608,500,500,1,0.018681765,3.2988357e-06,0.4829792,0.15104534,0.34728387,6.5949694e-06
2609,500,1500,0,0.13083602,3.1923324e-08,0.3137107,0.22226767,0.3331856,2.5209475e-09
2610,500,1500,0,0.074588545,3.8152443e-06,0.35357064,0.15250516,0.4193315,2.9152525e-07
2611,500,500,1,0.19407672,5.363606e-08,0.724556,0.0339771,0.047390092,3.966766e-08
2612,500,0,0,0.41506106,7.952373e-09,0.37466785,0.14603727,0.06423381,1.5149748e-09
2613,500,0,0,0.5744693,2.2037504e-11,0.39986336,0.015552871,0.010114412,3.7800207e-13
2614,500,0,0,0.5570442,6.9440176e-15,0.43877393,0.0030873646,0.0010945783,1.4690443e-15
2615,500,500,1,0.16361858,7.734737e-08,0.45505127,0.15527168,0.22605841,2.2755033e-08
2616,500,500,1,0.102735,2.2056335e-08,0.80921894,0.024844294,0.06320177,1.03433555e-08
2617,500,500,1,0.30652216,5.035616e-07,0.56354994,0.033962414,0.09596489,1.3025058e-08
2618,500,500,1,0.2051085,9.126103e-09,0.30387253,0.27028888,0.22073014,6.560906e-10
2619,500,1500,0,0.08848307,7.4521736e-06,0.103800744,0.28899282,0.51871556,3.7532413e-07
2620,500,500,1,0.42014003,1.785191e-08,0.49572507,0.0371705,0.046964426,1.0636624e-09
2621,500,500,1,0.24424608,1.8703878e-08,0.7244323,0.014924351,0.016397225,1.2473545e-08
2622,500,500,1,0.44010967,6.194827e-16,0.5598503,1.0935414e-05,2.9093771e-05,8.960581e-18
2623,500,1500,0,0.059218697,0.0045651714,0.3205539,0.13633874,0.4776324,0.0016910218
2624,500,500,1,0.23827179,1.5013116e-08,0.73367375,0.008254864,0.0197995,4.829192e-09
2625,500,500,1,0.28745636,6.136239e-07,0.65479976,0.013374852,0.04436844,3.7410132e-08
2626,500,1500,0,0.06253235,0.0026747524,0.34022415,0.13092718,0.4627163,0.00092529884
2627,500,500,1,0.29670358,1.0010373e-09,0.69449604,0.0019264978,0.0068738055,5.9317946e-11
2628,500,500,1,0.16704425,3.3318323e-10,0.7823919,0.015726892,0.034836967,1.0877018e-10
2629,500,500,1,0.4091345,1.0950743e-08,0.4146655,0.06975783,0.10644214,6.0444694e-10
2630,500,0,0,0.4636118,3.6777344e-08,0.44269264,0.014756934,0.07893866,3.2541833e-10
2631,500,500,1,0.3880472,6.22496e-12,0.6093378,0.00087907375,0.001735927,5.5368974e-13
2632,500,500,1,0.22204155,8.156465e-07,0.6884993,0.0275709,0.061887346,1.8246664e-07
2633,500,0,0,0.65522444,1.2000604e-13,0.31132615,0.015208033,0.018241396,1.398058e-16
2634,500,0,0,0.5075845,7.170779e-08,0.31373027,0.11540162,0.063283525,2.3905629e-09
2635,500,500,1,0.23072715,1.0611309e-06,0.47149548,0.15292287,0.14485307,2.8326937e-07
2636,500,500,1,0.15418033,1.0317802e-08,0.72331524,0.05089533,0.07160903,2.6968678e-09
2637,500,500,1,0.123200566,4.212093e-08,0.76400715,0.0481754,0.06461686,2.4761711e-08
2638,500,1500,0,0.15517604,4.9140885e-07,0.31884295,0.20679529,0.3191852,4.0507494e-08
2639,500,1500,0,0.015163683,1.1537675e-05,0.12059116,0.37433517,0.48989108,7.353304e-06
2640,500,500,1,0.055581767,7.332496e-07,0.3565914,0.32306847,0.26475716,4.824676e-07
2641,500,500,1,0.1573131,5.8481476e-08,0.7307458,0.04511894,0.06682208,3.7117758e-08
2642,500,500,1,0.2676061,5.8010264e-06,0.49449015,0.12769121,0.11020511,1.6951466e-06
2643,500,0,0,0.81728625,8.2088383e-13,0.08754832,0.07461957,0.020545872,1.4910728e-14
2644,500,0,0,0.5800617,1.2931997e-08,0.38326302,0.02439368,0.012281647,1.5364209e-09
2645,500,0,0,0.41054946,4.750472e-05,0.08676675,0.22668743,0.2759485,3.123128e-07
2646,500,500,1,0.2882878,3.5214512e-10,0.6823165,0.009381883,0.02001388,3.642447e-11
2647,500,500,1,0.20310032,6.043968e-08,0.67292607,0.0550456,0.068927996,1.7176e-08
2648,500,500,1,0.16380155,1.7280185e-05,0.50264597,0.11979584,0.21373734,2.0193806e-06
2649,500,1000,0,0.0089304615,1.664185e-05,0.09323825,0.4877036,0.41008762,2.3478487e-05
2650,500,500,1,0.09756967,4.4197193e-07,0.65441626,0.07359642,0.17441694,2.1877028e-07
2651,500,500,1,0.15010034,1.6834544e-08,0.69142634,0.08674981,0.07172352,1.2941513e-08
2652,500,500,1,0.37013286,2.0484307e-10,0.5577421,0.040367406,0.031757526,7.066183e-11
2653,500,1500,0,0.10226297,1.7441429e-06,0.19509092,0.15376307,0.5488813,5.153e-08
2654,500,1000,0,0.14010324,6.2881622e-06,0.20427877,0.34207278,0.3135381,7.193682e-07
2655,500,500,1,0.14960258,2.2672382e-06,0.42808136,0.170957,0.25135642,4.236835e-07
2656,500,1000,0,0.0940524,2.0417563e-06,0.11406523,0.47804978,0.31383032,2.8421945e-07
2657,500,500,1,0.30096146,4.3760195e-09,0.5144169,0.113158196,0.07146345,3.6932363e-10
2658,500,0,0,0.55250126,3.5269773e-11,0.40972546,0.014928086,0.022845142,7.117345e-14
2659,500,500,1,0.17188546,3.64549e-06,0.4128033,0.18174681,0.23356025,5.274046e-07
2660,500,500,1,0.34911945,2.2275624e-09,0.6218241,0.012003471,0.017053004,3.0310582e-10
2661,500,1500,0,0.1485124,3.4938334e-06,0.18828289,0.30814275,0.35505822,2.6823312e-07
2662,500,500,1,0.12345053,6.735107e-08,0.7416335,0.07445557,0.06046029,1.235027e-07
2663,500,1000,0,0.012369837,3.2829428e-06,0.1592402,0.4483173,0.38006425,5.1681545e-06
2664,500,0,0,0.46476498,1.3417014e-07,0.36370447,0.09090903,0.08062136,1.0356159e-08
2665,500,0,0,0.5320324,3.617786e-09,0.3726371,0.059330285,0.03600021,2.438479e-10
2666,500,0,0,0.6283045,1.3095561e-08,0.30306855,0.048069116,0.020557804,1.9765599e-10
2667,500,0,0,0.6097185,2.272531e-09,0.32701588,0.036728777,0.02653692,2.7378903e-11
2668,500,0,0,0.47001085,1.0227452e-07,0.24141602,0.11279784,0.17577516,1.1523865e-09
2669,500,0,0,0.7405739,4.182815e-10,0.18201527,0.04770244,0.029708352,3.2824104e-13
2670,500,0,0,0.4990903,5.899298e-10,0.3535302,0.11332476,0.034054767,6.039169e-11
2671,500,500,1,0.22407685,1.1877436e-05,0.6531937,0.03661463,0.0861005,2.5237493e-06
2672,500,0,0,0.5705013,5.225275e-06,0.4085733,0.007938749,0.012981205,1.4987427e-07
2673,500,500,1,0.14649767,0.00030185634,0.5882331,0.04715166,0.21778503,3.0680192e-05
2674,500,100,0,0.11940811,0.7904558,0.021418912,0.009085353,0.056841545,0.0027903442
2675,500,0,0,0.6752263,4.2951415e-06,0.31671426,0.0027939198,0.0052612606,3.6737482e-08
2676,500,500,1,0.40188888,2.9494065e-06,0.49999171,0.0268057,0.07131071,1.3526456e-07
2677,500,1500,0,0.07999446,0.000846227,0.31615767,0.16402924,0.43873304,0.00023947499
2678,500,0,0,0.39509496,2.128177e-08,0.20947187,0.28468183,0.110751405,1.1004229e-09
2679,500,500,1,0.25199553,5.1630358e-09,0.7178319,0.010886576,0.019286007,1.1508541e-09
2680,500,500,1,0.30882147,5.469535e-09,0.6617685,0.009976232,0.019433834,1.128795e-09
2681,500,500,1,0.0924081,4.5189748e-07,0.7097999,0.03788698,0.1599045,1.1572795e-07
2682,500,500,1,0.41955268,2.9348446e-10,0.5683302,0.0042171846,0.007899793,7.1729077e-12
2683,500,500,1,0.20739199,4.268072e-07,0.66267675,0.04707523,0.08285553,9.591487e-08
2684,500,500,1,0.08623674,4.4008375e-05,0.40342978,0.19550472,0.31477225,1.2527431e-05
2685,500,500,1,0.10656754,4.521636e-07,0.58544135,0.13085473,0.17713578,1.6446899e-07
2686,500,500,1,0.49015132,2.5322447e-10,0.50134134,0.0041278694,0.004379429,9.017289e-12
2687,500,500,1,0.27842832,1.515145e-10,0.5716259,0.06516688,0.08477887,1.0945068e-11
2688,500,500,1,0.3143853,3.6490183e-06,0.46726242,0.07516436,0.14318416,9.928022e-08
2689,500,500,1,0.4090394,1.0896396e-11,0.5588821,0.008118761,0.023959639,1.0994379e-13
2690,500,1500,0,0.059517357,1.7285685e-06,0.2684083,0.1956585,0.47641388,2.365684e-07
2691,500,500,1,0.20788966,5.027741e-08,0.6401366,0.042786125,0.10918752,6.525964e-09
2692,500,0,0,0.5351,2.7564497e-09,0.42242625,0.02255883,0.019915024,2.0087248e-11
2693,500,500,1,0.3624449,4.555207e-07,0.49291414,0.05809485,0.08654565,1.5342142e-08
2694,500,500,1,0.32282478,1.13289e-13,0.6670487,0.0035891095,0.0065373457,6.992534e-15
2695,500,500,1,0.22477193,3.1100055e-07,0.6528281,0.031035485,0.09136408,5.060393e-08
2696,500,500,1,0.35197383,0.0011899346,0.51907015,0.029456839,0.09822229,8.689091e-05
2697,500,0,0,0.5204463,3.3758087e-07,0.41014338,0.028467424,0.040942516,5.4370908e-09
2698,500,500,1,0.3115316,1.3144627e-07,0.6371437,0.019881159,0.03144346,2.4192754e-08
2699,500,500,1,0.10031588,3.538743e-07,0.73192215,0.061139368,0.10662185,4.6273212e-07
2700,500,500,1,0.19416106,6.730211e-06,0.6592329,0.057948302,0.088649,1.9909708e-06
2701,500,500,1,0.3625426,3.1894978e-13,0.63678414,0.0001290763,0.000544306,7.791369e-15
2702,500,500,1,0.40207633,1.5600962e-10,0.5959911,0.0005606458,0.0013720219,8.507708e-12
2703,500,0,0,0.5041756,2.399051e-06,0.4515091,0.013096546,0.031216415,1.0103382e-08
2704,500,500,1,0.46729076,5.815043e-12,0.5269419,0.0021669818,0.003600357,2.5409164e-13
2705,500,500,1,0.30418006,3.9773695e-08,0.608149,0.047293473,0.040377405,1.4075412e-08
2706,500,500,1,0.32233846,2.9046974e-09,0.6669268,0.0037155165,0.007019271,2.5450578e-10
2707,500,500,1,0.101302244,2.2931063e-07,0.7516477,0.06814916,0.078900345,2.437212e-07
2708,500,1500,0,0.13447213,0.00074463326,0.17826834,0.13803679,0.548466,1.2044695e-05
2709,500,500,1,0.30009297,5.355196e-10,0.6924858,0.0016437676,0.005777554,1.727332e-11
2710,500,500,1,0.33439708,3.3242007e-09,0.4803716,0.03365242,0.15157895,7.0631175e-11
2711,500,500,1,0.3869236,2.3842872e-11,0.61093676,0.00090544706,0.001234136,8.1875505e-12
2712,500,0,0,0.63610435,1.698838e-09,0.21233588,0.100237906,0.051321886,2.9419175e-11
2713,500,500,1,0.37677598,2.3631349e-11,0.6184378,0.0014782456,0.0033079456,2.2253935e-12
2714,500,500,1,0.46192864,5.1770524e-12,0.5370176,0.0005113505,0.0005424243,3.4234807e-12
2715,500,500,1,0.38856694,8.145354e-14,0.61071134,0.0002821709,0.00043950038,9.925087e-15
2716,500,500,1,0.06075765,1.8926043e-05,0.60534644,0.078895666,0.25497136,1.0030097e-05
2717,500,500,1,0.46520922,2.4220204e-10,0.5324215,0.0008027354,0.0015664191,1.5291284e-11
2718,500,500,1,0.051014405,5.3300246e-06,0.45748636,0.13058141,0.36091006,2.5428574e-06
2719,500,500,1,0.44990027,8.796367e-09,0.49937946,0.014661049,0.036059212,1.4470608e-10
2720,500,500,1,0.31681582,1.491106e-06,0.6283413,0.017750291,0.03709074,3.921083e-07
2721,500,500,1,0.35269082,1.6872003e-06,0.6220583,0.0076757586,0.017573288,2.471591e-07
2722,500,500,1,0.4184171,2.6114517e-07,0.56309867,0.0044039413,0.014079907,4.055274e-09
2723,500,500,1,0.110060066,1.1033889e-05,0.5760289,0.11581562,0.19807652,7.865331e-06
2724,500,500,1,0.40517357,2.030509e-05,0.5275019,0.018374454,0.04892906,7.5476663e-07
2725,500,500,1,0.16738395,7.0001285e-08,0.79947,0.012102748,0.021043075,7.8214306e-08
2726,500,500,1,0.29792175,8.493968e-08,0.68015265,0.010207014,0.011718369,5.7591198e-08
2727,500,500,1,0.12927368,6.0115017e-06,0.7333461,0.035319276,0.10205278,2.1169799e-06
2728,500,500,1,0.38438743,6.854244e-09,0.60938627,0.002689456,0.0035368623,3.1819614e-09
2729,500,500,1,0.26649648,3.4551717e-12,0.72723913,0.00085677323,0.0054075965,1.2162495e-13
2730,500,500,1,0.046129104,2.4649655e-06,0.7719499,0.05685674,0.12505485,6.9151447e-06
2731,500,500,1,0.4357809,8.37146e-10,0.5563903,0.0030582268,0.004770539,1.4372553e-11
2732,500,500,1,0.12449391,1.4852364e-07,0.7177435,0.040532857,0.11722953,1.952369e-08
2733,500,500,1,0.31770658,1.2789399e-06,0.5943723,0.030973587,0.05694606,2.2588713e-07
2734,500,500,1,0.16463941,5.7191926e-07,0.30904385,0.2217017,0.3046144,7.527044e-08
2735,500,500,1,0.05026312,2.4744961e-06,0.38896954,0.237991,0.3227723,1.5507006e-06
2736,500,500,1,0.38539127,1.622869e-10,0.59524035,0.005266634,0.014101739,4.2206373e-12
2737,500,0,0,0.5455203,5.8828165e-13,0.44894615,0.0027157795,0.0028177106,1.574583e-14
2738,500,500,1,0.17233498,1.0224479e-06,0.67780364,0.028682936,0.12117738,9.771123e-08
2739,500,500,1,0.36433744,1.2901756e-08,0.6006001,0.017242434,0.017819958,1.6156884e-09
2740,500,500,1,0.38784808,4.1682612e-11,0.6060028,0.0032146052,0.0029345197,1.9592222e-11
2741,500,500,1,0.4566788,4.7302406e-10,0.5388422,0.0022124776,0.002266476,1.5680772e-10
2742,500,0,0,0.54643095,7.035027e-14,0.44426703,0.0022347693,0.007067323,1.23672e-16
2743,500,500,1,0.4931145,2.1172458e-14,0.5067353,3.947211e-05,0.000110671026,2.5510986e-16
2744,500,500,1,0.10911313,3.1835287e-07,0.6313159,0.051587887,0.20798267,5.107319e-08
2745,500,500,1,0.34460667,6.1763546e-07,0.41328937,0.11692748,0.12517577,8.252222e-08
2746,500,500,1,0.46737325,3.052986e-12,0.5310024,0.00050941913,0.0011149303,8.326976e-15
2747,500,500,1,0.2856026,1.0935189e-10,0.7086876,0.0015083858,0.0042014606,1.4098213e-11
2748,500,500,1,0.30322373,8.352682e-10,0.6899862,0.0018856418,0.0049045216,1.5847393e-10
2749,500,500,1,0.41606483,8.003365e-12,0.58292884,0.00028626755,0.0007200105,4.561517e-13
2750,500,500,1,0.35560918,7.794612e-12,0.6436951,0.000101923375,0.00059378543,2.5697015e-14
2751,500,500,1,0.38521916,1.5830562e-12,0.6139082,0.00031519728,0.00055740547,3.1726228e-13
2752,500,1500,0,0.050438777,0.0009455349,0.10700732,0.20951328,0.6320045,9.0609574e-05
2753,500,500,1,0.3620446,1.6414187e-07,0.6223221,0.0013981543,0.01423504,1.3857931e-10
2754,500,500,1,0.38560808,2.2714982e-08,0.604658,0.0025339224,0.0071999654,6.14857e-10
2755,500,0,0,0.54759496,1.246116e-14,0.45210356,0.00012645911,0.0001749802,3.8566937e-16
2756,500,500,1,0.34801254,7.418039e-09,0.63584095,0.0034405324,0.012706041,1.7174301e-10
2757,500,500,1,0.40843397,4.662714e-09,0.57024926,0.0058409753,0.0154758515,2.0729647e-10
2758,500,500,1,0.3342493,1.3431687e-06,0.6099159,0.012268955,0.04356445,5.5868465e-08
2759,500,500,1,0.3875572,1.4625087e-10,0.610659,0.00044064494,0.0013431422,2.1986011e-12
2760,500,0,0,0.56437653,5.357721e-11,0.43288326,0.0011918558,0.0015483336,1.08562885e-13
2761,500,500,1,0.370593,8.526785e-06,0.40418035,0.07936684,0.14585109,1.2761325e-07
2762,500,500,1,0.38335136,2.9066254e-13,0.6156897,0.00046457697,0.0004942982,4.4126568e-13
2763,500,500,1,0.46098125,1.3201893e-16,0.5390013,4.267416e-06,1.3259568e-05,1.3307555e-18
2764,500,500,1,0.2817802,4.9021093e-08,0.69332707,0.0054301145,0.019462612,3.383094e-09
2765,500,500,1,0.4681614,3.4011266e-16,0.53180224,1.13859805e-05,2.4900286e-05,7.750461e-18
2766,500,0,0,0.559196,5.4047438e-14,0.44054928,0.00017002034,8.4689374e-05,7.0804304e-14
2767,500,0,0,0.6549108,4.169451e-21,0.3450851,2.456134e-06,1.6322139e-06,7.8390696e-22
2768,500,500,1,0.18235675,9.671005e-10,0.80528,0.005018391,0.007344675,1.7086731e-09
2769,500,500,1,0.38571286,1.8155299e-06,0.41159314,0.028355898,0.17433634,1.953492e-08
2770,500,500,1,0.40075633,6.7794404e-15,0.5989774,0.00014351984,0.00012271617,1.0465871e-14
2771,500,500,1,0.39740625,1.3495536e-11,0.6004276,0.0012148615,0.000951276,1.2894047e-11
2772,500,500,1,0.27814403,1.3655486e-11,0.71725297,0.0015412591,0.0030617048,4.5350967e-12
2773,500,500,1,0.11675948,3.1268505e-07,0.8206672,0.023007149,0.039565157,6.498112e-07
2774,500,500,1,0.21650341,1.0424795e-10,0.7724927,0.0052197413,0.005784161,1.4697224e-10
2775,500,500,1,0.07312442,4.690635e-05,0.61248404,0.103664875,0.21064724,3.2514075e-05
2776,500,500,1,0.36603644,1.9907456e-10,0.628136,0.00246933,0.0033583287,6.8514944e-11
2777,500,500,1,0.4054945,1.2716838e-11,0.59294873,0.0003576221,0.0011990865,1.0892583e-12
2778,500,500,1,0.38938028,1.9954591e-09,0.6063183,0.0013902256,0.0029112268,1.7126722e-10
2779,500,0,0,0.5244981,9.907725e-13,0.47048783,0.0021547035,0.0028593997,2.4348084e-14
2780,500,500,1,0.456071,2.969316e-13,0.5434155,0.00026107655,0.0002525159,2.5267735e-13
2781,500,0,0,0.5336483,2.341371e-17,0.46633562,6.468889e-06,9.6091735e-06,1.3819234e-18
2782,500,500,1,0.31177038,2.6330492e-11,0.6779935,0.0025467903,0.007689361,3.7437575e-12
2783,500,500,1,0.24878037,2.4364348e-09,0.7239665,0.013693207,0.013560035,1.8140613e-09
2784,500,500,1,0.44786817,2.8241507e-13,0.55182636,0.00010452795,0.00020098787,2.2930498e-14
2785,500,500,1,0.2289521,1.0933215e-06,0.68099934,0.02431568,0.06573151,2.2972537e-07
2786,500,1500,0,0.024332019,0.00062422024,0.32447848,0.19547586,0.45453787,0.00055162475
2787,500,500,1,0.42278337,1.545967e-14,0.57716995,1.0093095e-05,3.6531364e-05,1.6503301e-16
2788,500,0,0,0.5236175,3.1320252e-11,0.4686183,0.0043738405,0.0033903208,2.4773272e-12
2789,500,500,1,0.4246318,6.348474e-11,0.57344896,0.00094955845,0.00096967845,1.4753037e-11
2790,500,500,1,0.16531816,5.4391626e-07,0.74213004,0.0260036,0.066547364,2.7135565e-07
2791,500,0,0,0.56663465,8.55973e-18,0.43333992,1.2986478e-05,1.24037015e-05,2.1546667e-18
2792,500,500,1,0.13303773,2.200899e-06,0.43575338,0.15620852,0.27499768,4.7367604e-07
2793,500,500,1,0.2122136,1.0094901e-06,0.7266227,0.020304024,0.040858343,3.8318302e-07
2794,500,500,1,0.14839098,3.2922167e-09,0.7828899,0.011901195,0.05681805,8.740694e-10
2795,500,0,0,0.7476458,1.918846e-09,0.18338525,0.057727765,0.011241258,9.312118e-11
2796,500,500,1,0.37972662,2.0979758e-08,0.54621047,0.03205148,0.042011406,1.0267177e-09
2797,500,500,1,0.43182585,1.4996245e-10,0.52123296,0.027199354,0.01974176,3.2814258e-11
2798,500,1500,0,0.26355648,4.4791506e-08,0.15470392,0.13832808,0.4434115,3.3788192e-10
2799,500,500,1,0.45660827,7.759251e-11,0.5049606,0.013852938,0.024578208,9.600283e-13
2800,500,500,1,0.43902418,1.9835112e-05,0.5342198,0.006356965,0.020378472,7.3997165e-07
2801,500,500,1,0.31153816,1.8108258e-08,0.6746215,0.00154837,0.012291981,1.5653331e-10
2802,500,500,1,0.44733095,1.6184284e-10,0.55048573,0.0010733188,0.0011099763,7.1018275e-11
2803,500,500,1,0.41393766,2.6301022e-11,0.58486265,0.000501627,0.00069801335,1.4158141e-11
2804,500,0,0,0.59801877,1.9786024e-11,0.40162867,0.0001789044,0.00017368741,4.595735e-13
2805,500,500,1,0.4710559,1.0887991e-14,0.528888,1.3248831e-05,4.2901127e-05,6.782975e-17
2806,500,500,1,0.07298016,9.695159e-05,0.480553,0.07486498,0.3714826,2.2395707e-05
2807,500,500,1,0.36502063,2.9561784e-10,0.6318553,0.0014695061,0.0016545083,1.6792569e-10
2808,500,0,0,0.51992565,1.2835808e-18,0.4800732,3.1639158e-07,7.7627834e-07,2.4580294e-21
2809,500,0,0,0.7565692,6.988195e-21,0.2434293,1.0569366e-06,3.2831392e-07,2.4446232e-21
2810,500,0,0,0.50630957,2.3972899e-17,0.49356318,3.3910546e-05,9.3382834e-05,2.8698452e-19
2811,500,500,1,0.39931336,3.794255e-08,0.59389114,0.0009953143,0.0058000474,2.313313e-10
2812,500,0,0,0.52596533,1.2519004e-17,0.47402722,2.7018102e-06,4.7407893e-06,7.571809e-19
2813,500,500,1,0.2585811,1.1820364e-08,0.7174449,0.007334898,0.016639136,3.718939e-09
2814,500,500,1,0.26747173,1.76371e-07,0.7081373,0.008718481,0.015672306,7.750092e-08
2815,500,500,1,0.33108404,7.691115e-12,0.6651726,0.00046236743,0.0032810033,1.6374375e-14
2816,500,500,1,0.34628004,1.343225e-10,0.65046936,0.0011336204,0.002116973,3.2840137e-11
2817,500,500,1,0.04308688,7.298009e-07,0.6431516,0.09324994,0.22051047,4.269694e-07
2818,500,0,0,0.59340006,7.4310307e-20,0.40659788,9.044197e-07,1.2020722e-06,2.2970509e-21
2819,500,500,1,0.17000365,6.909754e-12,0.82203853,0.0027725985,0.0051853154,5.720842e-12
2820,500,0,0,0.6870674,1.266511e-20,0.31292808,2.616848e-06,1.92421e-06,5.19987e-22
2821,500,500,1,0.3658294,6.6252106e-08,0.61075276,0.003919142,0.019498555,5.0947013e-10
2822,500,500,1,0.31853428,8.145757e-13,0.6781404,0.0018807389,0.0014445852,1.4664419e-12
2823,500,500,1,0.28018817,2.519839e-08,0.700311,0.00531062,0.014190091,2.0357984e-09
2824,500,500,1,0.46139556,4.280687e-11,0.5317865,0.0023386448,0.0044792527,9.222559e-13
2825,500,500,1,0.20583048,4.344312e-09,0.71988976,0.030404778,0.043875024,9.068094e-10
2826,500,0,0,0.5913814,1.2405601e-13,0.40802532,0.00031748443,0.0002758241,1.805099e-15
2827,500,500,1,0.32421422,4.34698e-08,0.6152725,0.016815782,0.04369739,2.2684525e-09
2828,500,500,1,0.37238252,6.886837e-09,0.59498966,0.008440075,0.024187854,1.2686598e-10
2829,500,0,0,0.54571736,1.122014e-15,0.45423046,2.1920701e-05,3.0256364e-05,2.7997605e-17
2830,500,500,1,0.48125973,2.0561241e-13,0.51701033,0.0005684578,0.0011615914,1.145966e-15
2831,500,0,0,0.64490277,1.1082432e-22,0.3550964,4.1594387e-07,4.977646e-07,1.9681628e-24
2832,500,500,1,0.4752904,7.940783e-13,0.5242406,0.00021317413,0.00025581065,1.408914e-13
2833,500,0,0,0.7350208,8.271001e-12,0.14695342,0.0743212,0.043704633,2.110295e-14
2834,500,500,1,0.37434703,1.0684378e-12,0.6242066,0.00065251766,0.0007938125,1.1251938e-12
2835,500,0,0,0.525965,6.349928e-09,0.43858024,0.019465882,0.015988948,4.7538695e-10
2836,500,500,1,0.12116925,6.0766014e-09,0.7603719,0.04545546,0.073003255,2.306849e-09
2837,500,500,1,0.3308681,2.1579905e-09,0.6502954,0.0038418062,0.014994697,3.0819444e-11
2838,500,500,1,0.24153,1.0857797e-11,0.7513505,0.0023623956,0.0047570732,4.427261e-12
2839,500,500,1,0.38236678,1.7634148e-10,0.6108893,0.0040578437,0.0026860845,9.536618e-11
2840,500,0,0,0.52163595,3.429204e-12,0.47758728,0.00034813854,0.00042861668,3.6908166e-14
2841,500,0,0,0.49771228,1.13487504e-10,0.48518392,0.0068142116,0.010289575,2.3546482e-12
2842,500,500,1,0.28275493,1.0917493e-06,0.57499397,0.048451785,0.09379814,5.180717e-08
2843,500,0,0,0.68855774,3.7719464e-10,0.2466973,0.048313636,0.016431265,4.415899e-12
2844,500,500,1,0.24792589,3.7251293e-06,0.31637222,0.16374548,0.27195254,1.4458612e-07
2845,500,500,1,0.15312475,3.9694606e-07,0.69613487,0.041267388,0.10947255,4.5182745e-08
2846,500,500,1,0.14920476,1.3836565e-07,0.662939,0.096653394,0.09120256,4.5735234e-08
2847,500,500,1,0.118190125,4.4513317e-06,0.61937904,0.096463785,0.16596155,1.1299253e-06
2848,500,0,0,0.5735234,2.1228823e-11,0.40377837,0.016444854,0.0062533584,1.6999657e-12
2849,500,0,0,0.5288354,1.3328146e-09,0.3037068,0.09100674,0.07645108,1.1635807e-11
2850,500,1500,0,0.15078908,1.5446602e-05,0.33570144,0.16665168,0.34684166,6.2024975e-07
2851,500,0,0,0.49245733,3.8784812e-08,0.46616897,0.015874935,0.025498645,7.7771495e-10
2852,500,0,0,0.52206945,1.6604999e-07,0.4238098,0.02097402,0.03314656,7.227118e-10
2853,500,500,1,0.14172032,2.8373624e-05,0.3497059,0.29038346,0.218152,1.0016843e-05
2854,500,1500,0,0.09621016,1.0258896e-05,0.3214407,0.1939931,0.38834524,5.6520867e-07
2855,500,0,0,0.4432409,6.051018e-08,0.367707,0.12412438,0.064927615,4.694441e-09
2856,500,500,1,0.10815184,8.378527e-06,0.6826747,0.07546762,0.13369219,5.321766e-06
2857,500,500,1,0.21548887,1.2739322e-09,0.72249913,0.011754022,0.050257906,2.9597363e-11
2858,500,0,0,0.44135296,1.5151314e-06,0.41387615,0.05921858,0.08555073,1.2025852e-08
2859,500,500,1,0.21025041,2.9108963e-07,0.47985664,0.15033823,0.15955435,6.549108e-08
2860,500,500,1,0.060334586,2.8206287e-07,0.57003766,0.15445311,0.21517423,1.1848745e-07
2861,500,0,0,0.5913957,5.387229e-11,0.35611376,0.034410294,0.018080309,1.5301234e-12
2862,500,0,0,0.33637956,7.365901e-07,0.31546354,0.08820271,0.25995344,4.127347e-09
2863,500,500,1,0.35616267,1.3592614e-07,0.39709225,0.13139397,0.11535092,6.6417134e-09
2864,500,500,1,0.020555103,6.470984e-06,0.40656385,0.24048916,0.33236942,1.6138742e-05
2865,500,500,1,0.254168,6.249438e-09,0.6621492,0.036216468,0.047466323,3.6451606e-09
2866,500,1000,0,0.21751696,2.4883775e-06,0.20561054,0.30443862,0.27243116,1.5626816e-07
2867,500,1500,0,0.014624003,5.9523667e-05,0.31252024,0.18084237,0.49190164,5.2237658e-05
2868,500,1500,0,0.016923873,3.5091077e-07,0.1445297,0.37307233,0.46547356,2.1191356e-07
2869,500,500,1,0.05414209,5.408948e-07,0.5713735,0.15173161,0.22275203,2.941153e-07
2870,500,0,0,0.5497108,9.342888e-09,0.2715807,0.10565914,0.07304938,3.5271025e-10
2871,500,500,1,0.23122841,1.4443867e-07,0.3382436,0.25920603,0.17132173,1.6829606e-08
2872,500,1500,0,0.0068158456,0.00010458894,0.05728794,0.37074777,0.564943,0.000100885
2873,500,1500,0,0.022839213,2.9376797e-06,0.30031386,0.32366297,0.3531793,1.7486967e-06
2874,500,1000,0,0.21769436,4.5581402e-07,0.14057545,0.46045977,0.18126987,6.556736e-08
2875,500,0,0,0.40141582,2.6444468e-08,0.38216308,0.1072033,0.109217815,6.966757e-10
2876,500,500,1,0.13593745,1.2996745e-08,0.46042922,0.19014332,0.21348998,2.200248e-09
2877,500,500,1,0.16421382,1.3436413e-08,0.37791166,0.24464038,0.21323408,3.0203156e-09
2878,500,1000,0,0.07236626,5.4808943e-06,0.17822903,0.41060445,0.33879337,1.3576546e-06
2879,500,1500,0,0.04720272,1.6214007e-07,0.054799054,0.36089605,0.537102,1.2130378e-08
2880,500,0,0,0.67828995,5.093506e-09,0.07231273,0.20196429,0.047433034,4.9593274e-11
2881,500,500,1,0.34280133,4.3077635e-11,0.61173683,0.012054089,0.033407774,4.758198e-13
2882,500,1500,0,0.03506103,4.3593496e-05,0.28449506,0.25079396,0.4295786,2.776132e-05
2883,500,0,0,0.49764377,1.2042839e-09,0.25849608,0.1580397,0.085820444,1.4339641e-11
2884,500,1000,0,0.3484188,2.8572327e-09,0.047522224,0.45189142,0.15216759,1.6532215e-11
2885,500,1500,0,0.040917344,1.2156739e-06,0.26574987,0.23907879,0.4542521,6.221609e-07
2886,500,1000,0,0.21981913,3.2573928e-07,0.061958056,0.5805165,0.13770597,2.1109344e-08
2887,500,0,0,0.792789,2.6553262e-10,0.096077554,0.10048991,0.010643584,5.759962e-12
2888,500,0,0,0.5294718,3.3751049e-09,0.44879717,0.015214146,0.0065169474,4.4416545e-10
2889,500,0,0,0.3481943,6.998986e-06,0.10105971,0.28059798,0.27014095,6.8915085e-08
2890,500,0,0,0.6172922,4.0898662e-10,0.27837303,0.07698477,0.027349968,1.4423745e-11
2891,500,500,1,0.21326344,9.3772985e-07,0.4695821,0.10204954,0.21510379,7.1008266e-08
2892,500,0,0,0.77000064,1.2403999e-10,0.17884931,0.044702407,0.006447643,2.367745e-12
2893,500,1500,0,0.06524906,8.414356e-08,0.3247182,0.16200694,0.44802573,8.528311e-09
2894,500,0,0,0.5238626,1.9785726e-07,0.101890475,0.24083859,0.13340822,3.9672017e-09
2895,500,0,0,0.5771715,1.884005e-06,0.12759429,0.19970353,0.09552878,5.0901324e-08
2896,500,0,0,0.5017623,3.538377e-07,0.2325359,0.110405385,0.15529606,2.2298625e-09
2897,500,0,0,0.36508012,2.0764848e-05,0.19797073,0.19623868,0.24068917,4.854704e-07
2898,500,1500,0,0.037664823,1.2138767e-05,0.30076176,0.23317476,0.42838016,6.4767814e-06
2899,500,1500,0,0.025047444,8.912613e-06,0.29770508,0.22252415,0.45471132,3.1335364e-06
2900,500,500,1,0.21809557,5.0036846e-09,0.5989359,0.08356651,0.099402085,7.0525685e-10
2901,500,1500,0,0.03589316,2.1877611e-05,0.31055623,0.2294996,0.42401683,1.230469e-05
2902,500,0,0,0.769433,1.4643361e-11,0.20395957,0.0206368,0.0059706448,4.9053646e-14
2903,500,500,1,0.26599294,7.0076544e-07,0.51676244,0.108094946,0.10914893,1.0861097e-07
2904,500,500,1,0.20785578,6.071351e-06,0.3596205,0.1683202,0.26419687,6.2519996e-07
2905,500,500,1,0.16898426,6.752988e-07,0.54701823,0.15418452,0.12981202,2.4235663e-07
2906,500,500,1,0.22724152,2.5529629e-11,0.7657799,0.0016383559,0.005340277,4.1804546e-12
2907,500,500,1,0.48438725,2.9731198e-10,0.50764316,0.0034914499,0.004478092,9.473953e-12
2908,500,500,1,0.15792182,1.4773018e-08,0.81719714,0.0077636125,0.017117465,1.6563751e-08
2909,500,1500,0,0.008737061,2.9930425e-05,0.17565137,0.24615592,0.56938547,4.0247527e-05
2910,500,500,1,0.32956144,6.639701e-09,0.64430594,0.010651765,0.015480808,3.9017007e-09
2911,500,500,1,0.49693608,6.473134e-11,0.50077844,0.0008470654,0.0014384149,1.1791752e-12
2912,500,500,1,0.21198088,3.2196199e-06,0.64039236,0.058225315,0.0893971,1.0479106e-06
2913,500,500,1,0.1363467,3.1001596e-06,0.7407215,0.028199358,0.094728604,7.80476e-07
2914,500,500,1,0.21880001,1.4331463e-09,0.72820765,0.008267199,0.04472514,9.261576e-11
2915,500,500,1,0.40294147,1.10683185e-10,0.5924881,0.0023125876,0.0022578859,4.805738e-11
2916,500,500,1,0.3535308,5.1610364e-08,0.6210868,0.0026574635,0.022724893,1.3029978e-10
2917,500,500,1,0.2486991,3.6836584e-10,0.7313131,0.004429857,0.015557996,5.4269752e-11
2918,500,500,1,0.32233796,1.7725466e-10,0.6633063,0.005368545,0.008987209,5.931831e-11
2919,500,500,1,0.34893224,1.4579241e-06,0.46928167,0.038113106,0.14367154,1.0649954e-08
2920,500,500,1,0.18376477,6.127574e-07,0.60249,0.073610425,0.14013398,1.8900455e-07
2921,500,500,1,0.060136314,2.2347333e-06,0.60261816,0.10830957,0.22893202,1.6780499e-06
2922,500,500,1,0.16329293,1.449843e-06,0.7524328,0.020070137,0.064202294,3.3371967e-07
2923,500,500,1,0.28732625,9.2449853e-10,0.704662,0.0029474017,0.0050644246,5.3464044e-10
2924,500,0,0,0.5294292,7.222375e-12,0.46985435,0.00037074403,0.0003456675,1.2707368e-12
2925,500,500,1,0.08890131,5.0983467e-06,0.64106214,0.113471575,0.15655448,5.456604e-06
2926,500,0,0,0.60555995,8.228214e-19,0.39442548,7.849097e-06,6.713822e-06,2.0253223e-19
2927,500,0,0,0.53242415,0.001123844,0.37610644,0.017584845,0.07275058,1.0089532e-05
2928,500,500,1,0.31996047,1.9349656e-08,0.66999584,0.0046799346,0.0053636148,1.20829355e-08
2929,500,500,1,0.05553943,5.7382902e-05,0.6461697,0.07807444,0.22011201,4.7099053e-05
2930,500,500,1,0.3611415,1.7365183e-10,0.63562393,0.0011882137,0.0020464058,3.3836656e-11
2931,500,0,0,0.51210606,1.5732161e-14,0.4875169,0.00013604424,0.00024095326,3.0350657e-16
2932,500,500,1,0.26005036,4.0169017e-08,0.6951393,0.013260565,0.031549733,6.6645267e-09
2933,500,500,1,0.27254504,1.6310155e-11,0.72253793,0.0014462938,0.0034708306,4.2953974e-12
2934,500,0,0,0.4998461,4.9905696e-10,0.48921803,0.004018631,0.006917246,2.8987312e-12
2935,500,500,1,0.12922211,2.1379384e-08,0.83080703,0.015079558,0.024891293,3.436912e-08
2936,500,500,1,0.10420633,5.576555e-07,0.7834254,0.03981767,0.0725494,6.212073e-07
2937,500,500,1,0.08027726,1.7821405e-06,0.78732926,0.03999995,0.09238913,2.6488863e-06
2938,500,500,1,0.32141024,3.4419795e-08,0.6350844,0.023111358,0.020393992,1.4356216e-08
2939,500,500,1,0.27942234,2.6025218e-08,0.6816203,0.010551937,0.028405415,5.8465197e-09
2940,500,500,1,0.08227012,9.623024e-06,0.42341068,0.14694348,0.34736496,1.1490301e-06
2941,500,500,1,0.08164779,2.9404864e-06,0.7249937,0.0675094,0.12584221,3.9691586e-06
2942,500,500,1,0.10024084,8.888252e-08,0.57186574,0.15054305,0.1773503,3.35727e-08
2943,500,500,1,0.17930885,1.439226e-09,0.746328,0.029058522,0.04530461,4.526532e-10
2944,500,500,1,0.32381284,5.5593093e-11,0.6667987,0.0035250424,0.0058632917,1.17078855e-11
2945,500,0,0,0.5432616,7.766814e-08,0.39393798,0.021557534,0.041242834,1.0655945e-10
2946,500,0,0,0.5164242,1.813609e-11,0.47868565,0.0023092867,0.0025808578,8.0935096e-13
2947,500,500,1,0.06744142,1.2593456e-06,0.62132853,0.11806039,0.19316734,1.1317697e-06
2948,500,0,0,0.5285445,2.1110877e-09,0.40452763,0.036459178,0.030468725,1.9333882e-10
2949,500,500,1,0.20197245,5.2292592e-09,0.7340871,0.02818602,0.035754427,1.8454125e-09
2950,500,500,1,0.23720486,2.3519895e-08,0.73330116,0.014402186,0.015091768,4.5703736e-08
2951,500,500,1,0.3449348,7.698897e-09,0.6461149,0.003663329,0.0052869082,4.363825e-09
2952,500,500,1,0.1170762,5.75542e-06,0.7634134,0.030062128,0.08943859,3.98799e-06
2953,500,500,1,0.25957933,3.3211338e-09,0.72993964,0.0029416818,0.007539342,1.0708647e-09
2954,500,500,1,0.3986204,6.412001e-10,0.5987463,0.0009438912,0.0016894826,1.5960823e-10
2955,500,500,1,0.07775295,0.00020989697,0.38119605,0.16339804,0.37735525,8.78054e-05
2956,500,500,1,0.15458578,7.2055664e-06,0.5955409,0.080572724,0.16928993,3.4655807e-06
2957,500,500,1,0.056299973,4.0918025e-05,0.4222351,0.17876709,0.34263486,2.2083472e-05
2958,500,500,1,0.49050835,1.0477e-14,0.50770617,0.00041191257,0.0013734977,4.7463714e-16
2959,500,500,1,0.259313,2.730988e-10,0.72154987,0.008744218,0.010392864,1.2048092e-10
2960,500,500,1,0.37608567,3.7693936e-15,0.62330765,0.00014445723,0.00046221484,1.836207e-16
2961,500,500,1,0.30680844,1.6471873e-07,0.4529695,0.07518575,0.16503619,4.3870987e-09
2962,500,500,1,0.3133554,0.0001095137,0.46923894,0.09069421,0.12657417,2.7707045e-05
2963,500,0,0,0.60883516,1.11870554e-10,0.3611547,0.019318428,0.010691653,3.844588e-12
2964,500,1500,0,0.009916677,5.579953e-06,0.24046941,0.15466702,0.59493625,5.0763138e-06
2965,500,1500,0,0.034048364,2.6185908e-05,0.35783488,0.21187624,0.3961972,1.706044e-05
2966,500,500,1,0.25929123,5.809578e-07,0.71264136,0.00922829,0.01883826,2.3437835e-07
2967,500,500,1,0.07888099,1.726615e-07,0.7199687,0.07184799,0.12930197,1.6318538e-07
2968,500,1500,0,0.028658224,0.00012706706,0.31491548,0.16064149,0.4955777,8.014569e-05
2969,500,500,1,0.41964242,2.6882229e-11,0.5787082,0.0007188357,0.0009306032,7.801182e-12
2970,500,500,1,0.2153885,1.6082046e-09,0.7687669,0.0050626043,0.010782032,1.1344934e-09
2971,500,500,1,0.1781109,1.0580311e-09,0.80226743,0.008508679,0.0111128725,1.6518406e-09
2972,500,500,1,0.2427692,1.9562153e-06,0.6219601,0.04863857,0.086628534,1.6398704e-06
2973,500,500,1,0.18944468,2.6618794e-08,0.7820042,0.00927255,0.019278614,2.4534172e-08
2974,500,500,1,0.27374578,8.9927395e-05,0.57117414,0.043467607,0.11150195,2.0547212e-05
2975,500,500,1,0.21771093,8.90114e-08,0.7574006,0.012046374,0.012841925,1.3324274e-07
2976,500,0,0,0.56163555,1.4983391e-13,0.4381418,0.00010617126,0.00011643652,1.4503488e-14
2977,500,500,1,0.4728034,3.0578307e-12,0.5266624,0.00025959918,0.0002746165,1.0132877e-12
2978,500,500,1,0.48027784,8.8327566e-13,0.5194255,7.997758e-05,0.0002166249,5.3101592e-15
2979,500,500,1,0.08970792,1.8557255e-05,0.7102525,0.061884474,0.13811322,2.3332996e-05
2980,500,500,1,0.09086625,8.957504e-08,0.8287859,0.026432607,0.053915024,1.5274152e-07
2981,500,500,1,0.40745616,6.074057e-11,0.5877133,0.0012521751,0.0035783893,1.0868391e-12
2982,500,0,0,0.5224187,1.424872e-12,0.47679806,0.000208757,0.0005745342,8.117723e-15
2983,500,500,1,0.35265347,9.06648e-12,0.63804764,0.0029162471,0.006382606,1.9927243e-12
2984,500,500,1,0.14274126,5.5403225e-06,0.7465377,0.035715632,0.07499509,4.832318e-06
2985,500,500,1,0.29639694,2.899049e-12,0.69174016,0.0047407295,0.0071221846,7.7293196e-13
2986,500,500,1,0.420782,1.0473089e-14,0.5789923,8.9985166e-05,0.00013564412,2.468576e-15
2987,500,500,1,0.059737224,2.9466124e-05,0.44471273,0.17204206,0.3234646,1.3893826e-05
2988,500,0,0,0.5557312,2.999684e-12,0.44258904,0.00091161847,0.0007681306,2.344006e-13
2989,500,0,0,0.5958481,4.329251e-07,0.3292334,0.028150285,0.046767745,7.388605e-10
2990,500,0,0,0.54234725,8.874703e-11,0.44782752,0.0058865706,0.0039386614,8.902502e-12
2991,500,500,1,0.037820082,2.0561075e-08,0.83084726,0.044609144,0.08672334,7.6911064e-08
2992,500,500,1,0.094778284,8.0428556e-08,0.78419596,0.042317867,0.07870768,6.8179986e-08
2993,500,500,1,0.42401126,2.2907563e-15,0.57475674,0.00021833797,0.0010136103,9.133775e-18
2994,500,0,0,0.5548297,2.6119077e-12,0.44308132,0.0008440418,0.0012449499,2.530903e-14
2995,500,500,1,0.064160675,7.072653e-07,0.38253284,0.29171184,0.2615936,2.8822373e-07
2996,500,500,1,0.029604604,8.791761e-07,0.46007964,0.1795879,0.33072624,8.116903e-07
2997,500,0,0,0.35572362,1.4701142e-08,0.3131807,0.13209605,0.19899964,7.310728e-10
2998,500,500,1,0.2531333,1.7184508e-08,0.48170498,0.17668632,0.08847538,2.6627143e-09
2999,500,0,0,0.6641729,3.4792297e-10,0.19964379,0.10779032,0.028393023,2.2426852e-11
