Sample,True Label,Pred Label,Correct,Prob_0,Prob_100,Prob_500,Prob_1000,Prob_1500,Prob_2000
0,0,0,1,0.9854,0.0005,0.00898,0.000704,0.00436,9.83e-05
1,0,0,1,0.9688,0.0003157,0.02847,0.0005956,0.001593,6.76e-05
2,0,500,0,0.4326,0.0009117,0.5503,0.01123,0.0049,0.0002766
3,0,0,1,0.9995,3.684e-05,0.0004733,5.025e-05,5.716e-05,1.55e-06
4,0,0,1,0.9976,0.00010616,0.000739,0.0009546,0.0005703,8.7e-06
5,0,0,1,0.9077,0.0003834,0.06046,0.002598,0.0287,0.0002185
6,0,0,1,0.7925,0.001184,0.1942,0.005085,0.006535,0.0002792
7,0,0,1,0.939,0.0003347,0.05606,0.0004408,0.003994,9.835e-05
8,0,0,1,0.7217,0.0003712,0.2761,0.0004594,0.00139,8.994e-05
9,0,0,1,0.9985,4.524e-05,0.0009093,0.00010616,0.000297,7.7e-06
10,0,0,1,0.815,0.0003033,0.1804,0.000792,0.003353,0.0001254
11,0,0,1,0.893,0.001557,0.02902,0.05463,0.02145,0.000441
12,0,0,1,0.9946,8.44e-05,0.0011215,0.001051,0.00289,2.235e-05
13,0,0,1,0.9727,0.0001041,0.02046,0.001132,0.00538,3.32e-05
14,0,0,1,0.603,0.001371,0.3342,0.010284,0.05005,0.000921
15,0,0,1,0.5684,0.001689,0.3237,0.0446,0.0613,0.000501
16,0,0,1,0.878,0.0008965,0.09454,0.00306,0.02321,0.000426
17,0,0,1,0.991,0.00037,0.007595,0.0003052,0.0006714,5.865e-05
18,0,0,1,0.624,0.000603,0.3726,0.000831,0.001694,0.0001373
19,0,0,1,0.7246,0.0004594,0.2698,0.0006366,0.004333,0.0001893
20,0,0,1,0.9995,0.0001178,0.0004067,5.87e-05,0.000123,5.6e-06
21,0,500,0,0.2388,0.0005283,0.741,0.002506,0.01685,0.0003624
22,0,0,1,0.988,0.0003579,0.01082,0.0001982,0.000703,4.965e-05
23,0,0,1,0.992,0.0001781,0.006157,0.0004697,0.001055,3.105e-05
24,0,0,1,0.8315,0.0003035,0.1622,0.0008936,0.004852,9.87e-05
25,0,0,1,0.5396,0.00078,0.3484,0.01503,0.09576,0.0005693
26,0,1000,0,0.01811,0.0011,0.435,0.5127,0.03256,0.0004804
27,0,0,1,0.997,2.35e-05,0.002474,5.996e-05,0.0002525,2.74e-06
28,0,0,1,0.5854,0.001213,0.1361,0.01037,0.2656,0.001068
29,0,1500,0,0.0942,0.00215,0.1896,0.1433,0.57,0.000969
30,0,0,1,0.937,5.93e-05,0.05478,0.000936,0.006977,2.503e-05
31,0,500,0,0.3677,0.0003276,0.6196,0.003658,0.00861,7.62e-05
32,0,0,1,0.9985,7.86e-05,0.00093,0.0002723,0.0001997,5.84e-06
33,0,0,1,0.9346,0.0009985,0.02164,0.013565,0.0288,0.0002321
34,0,0,1,0.7554,0.0009675,0.06287,0.01299,0.1672,0.0004735
35,0,0,1,0.947,0.0003176,0.021,0.007866,0.02373,0.000146
36,0,0,1,0.981,0.000122,0.01611,0.001117,0.001526,2.867e-05
37,0,0,1,0.813,0.0006566,0.1741,0.002064,0.01003,0.000168
38,0,0,1,0.998,0.0003107,0.0003216,0.000852,0.0002216,1.895e-05
39,0,500,0,0.02351,0.0004034,0.9453,0.02336,0.006996,0.0002077
40,0,0,1,0.6855,0.001392,0.293,0.002659,0.01703,0.0005517
41,0,0,1,0.9946,0.000314,0.001745,0.001543,0.001521,6.545e-05
42,0,0,1,0.908,0.001142,0.05795,0.003387,0.0286,0.0004814
43,0,0,1,0.9834,0.0007944,0.008316,0.002754,0.004654,0.000194
44,0,0,1,0.985,0.0004776,0.01237,0.000358,0.0016985,2.31e-05
45,0,0,1,0.9165,0.0002515,0.06525,0.001738,0.01591,0.00011533
46,0,0,1,0.976,0.000395,0.0208,0.000483,0.002192,9.775e-05
47,0,0,1,0.9946,9.984e-05,0.003853,0.0001357,0.001101,1.633e-05
48,0,0,1,0.997,0.0001756,0.002462,7.29e-05,4.727e-05,4.35e-06
49,0,0,1,0.9937,0.0001434,0.003168,0.0005,0.00229,3.25e-05
50,0,0,1,0.906,0.0005755,0.08264,0.002556,0.00827,0.000206
51,0,0,1,0.974,0.000663,0.014534,0.002378,0.00828,0.0001742
52,0,0,1,0.989,0.0003424,0.005577,0.001463,0.003677,4.745e-05
53,0,0,1,0.9517,0.0008616,0.0446,0.001623,0.001223,0.0001179
54,0,0,1,0.8696,0.0006742,0.08954,0.003536,0.03625,0.0003352
55,0,0,1,0.563,0.001523,0.3542,0.00856,0.072,0.0007153
56,0,0,1,0.997,0.00011444,0.001531,0.000809,0.000537,5.8e-06
57,0,0,1,0.692,0.002228,0.1763,0.0351,0.0932,0.001452
58,0,0,1,0.958,0.000277,0.00948,0.012825,0.01918,6.306e-05
59,0,0,1,0.9746,0.0002797,0.002552,0.007282,0.015076,8.667e-05
60,0,0,1,0.9893,0.000149,0.002043,0.003736,0.004635,2.9e-05
61,0,0,1,0.669,0.000832,0.01988,0.1348,0.1752,0.0003014
62,0,1500,0,0.08264,0.000806,0.01999,0.05283,0.8433,0.0003374
63,0,1000,0,0.004055,0.005146,0.01283,0.9624,0.01332,0.00211
64,0,0,1,0.9956,0.0008445,0.0007234,0.002157,0.0005054,3.81e-05
65,0,0,1,0.988,0.000293,0.00465,0.003344,0.003864,3.48e-05
66,0,0,1,0.992,0.0003984,0.001315,0.00502,0.001121,5.436e-05
67,0,0,1,0.9463,0.000985,0.03084,0.00615,0.01517,0.000461
68,0,0,1,0.9673,0.0004935,0.001017,0.03017,0.001188,7.236e-05
69,0,0,1,0.9883,0.0005918,0.0005937,0.00969,0.0008597,8.87e-05
70,0,0,1,0.706,0.000986,0.07153,0.2079,0.01315,0.0002623
71,0,1000,0,0.342,0.001713,0.000599,0.6504,0.00507,0.0001683
72,0,1000,0,0.4338,0.005066,0.08813,0.4395,0.02907,0.004395
73,0,1000,0,0.1584,0.007023,0.01062,0.8193,0.003714,0.0007634
74,0,0,1,0.9097,0.001617,0.008934,0.06015,0.01923,0.000619
75,0,0,1,0.9077,0.001086,0.0364,0.01295,0.04144,0.000437
76,0,0,1,0.9736,0.0008554,0.003325,0.0161,0.005856,0.0003424
77,0,0,1,0.953,0.0004983,0.010315,0.02556,0.010216,0.0001233
78,0,0,1,0.8794,0.001681,0.009186,0.0927,0.01651,0.0004177
79,0,0,1,0.961,0.0001925,0.02505,0.00236,0.01144,6.65e-05
80,0,0,1,0.93,0.0006146,0.04834,0.003521,0.0174,0.0001467
81,0,0,1,0.9873,0.00024,0.006683,0.001688,0.004158,4.14e-05
82,0,0,1,0.6187,0.001189,0.209,0.06866,0.10223,0.000378
83,0,0,1,0.661,0.000223,0.03418,0.00875,0.2957,0.0001539
84,0,0,1,0.797,0.00079,0.01712,0.03668,0.1481,0.0003958
85,0,0,1,0.978,0.0004556,0.005527,0.006332,0.00944,0.00010246
86,0,0,1,0.9995,2.325e-05,0.0003142,4.73e-05,0.0001899,2.26e-06
87,0,0,1,0.9946,0.000133,0.003426,0.0003839,0.001184,1.866e-05
88,0,0,1,0.8457,0.001114,0.0506,0.00897,0.09296,0.0005126
89,0,0,1,0.9966,0.0002804,0.001702,0.000649,0.000771,2.205e-05
90,0,0,1,0.8794,0.0006332,0.1131,0.000862,0.005695,0.000294
91,0,0,1,0.9644,0.004635,0.014854,0.005253,0.009995,0.000897
92,0,0,1,0.8853,0.0006933,0.1023,0.00142,0.01009,0.0002155
93,0,0,1,0.8774,0.000575,0.1192,0.000598,0.001984,0.0001655
94,0,500,0,0.3386,0.0003836,0.6577,0.0008206,0.0022,0.0001277
95,0,0,1,0.996,0.0003247,0.002357,0.0005107,0.000796,1.88e-05
96,0,0,1,0.9805,0.000275,0.01839,0.0002079,0.0006366,5.23e-05
97,0,0,1,0.943,0.0009136,0.0514,0.001719,0.00281,0.0002842
98,0,0,1,0.711,0.0002854,0.28,0.001817,0.00664,5.49e-05
99,0,500,0,0.05908,0.00010365,0.9204,0.00342,0.01692,5.76e-05
100,0,0,1,0.8564,0.0004468,0.1395,0.0003867,0.003065,7.18e-05
101,0,0,1,0.9995,6.473e-05,0.000227,2.235e-05,2.617e-05,2.15e-06
102,0,500,0,0.2993,0.000631,0.6904,0.002213,0.006836,0.000492
103,0,0,1,0.9966,3.76e-05,0.002703,7.77e-05,0.0003846,9.5e-06
104,0,500,0,0.2869,0.000545,0.7017,0.002941,0.007835,0.0004535
105,0,0,1,0.958,0.0003102,0.0347,0.00392,0.002998,0.0001479
106,0,0,1,0.987,7.474e-05,0.01034,0.0005336,0.002188,2.354e-05
107,0,0,1,0.618,0.000906,0.3584,0.002337,0.01936,0.000798
108,0,0,1,0.9487,0.0002604,0.04507,0.000907,0.004898,6.884e-05
109,0,0,1,0.6807,0.000331,0.28,0.00651,0.0321,0.0003283
110,0,0,1,0.8647,0.001078,0.10034,0.004677,0.028,0.001007
111,0,0,1,0.988,7.47e-05,0.0072,0.0007043,0.004017,4.005e-05
112,0,0,1,0.9365,0.0002172,0.06213,0.0005198,0.000619,1.895e-05
113,0,0,1,0.9985,5e-05,0.001012,4.846e-05,0.0001371,6.7e-06
114,0,0,1,0.9976,5.245e-05,0.002028,3.73e-05,0.0001328,3.93e-06
115,0,0,1,0.9023,0.00010943,0.0968,7.373e-05,0.000705,3.356e-05
116,0,0,1,0.938,0.0003862,0.05472,0.003134,0.003614,0.0001357
117,0,0,1,0.982,4.375e-05,0.0178,1.78e-05,7.886e-05,4.05e-06
118,0,0,1,0.995,3.27e-05,0.004913,7.15e-06,1.967e-05,1.13e-06
119,0,0,1,0.572,0.001838,0.408,0.005184,0.012566,0.0006013
120,0,0,1,0.964,0.0006137,0.03293,0.0009727,0.001607,5.215e-05
121,0,0,1,0.9985,0.0001276,0.001124,7.6e-06,1.33e-05,2.1e-06
122,0,500,0,0.0782,0.000888,0.9155,0.000599,0.004196,0.0004425
123,0,0,1,0.852,0.0001248,0.1469,0.0001413,0.0007644,4.37e-05
124,0,0,1,0.9443,5.16e-05,0.05487,6.09e-05,0.000616,1.734e-05
125,0,0,1,0.9854,0.000263,0.014275,8.005e-05,0.0002484,2.24e-05
126,0,0,1,0.998,0.0003307,0.001334,0.0001104,9.37e-05,7.15e-06
127,0,0,1,0.995,0.000239,0.004208,0.0002356,0.000246,2.337e-05
128,0,500,0,0.08594,0.0002413,0.913,9.88e-05,0.0007114,0.0001069
129,0,0,1,0.9614,0.0004356,0.03467,0.000463,0.002872,0.0001152
130,0,0,1,0.7705,9.42e-05,0.2269,0.0004241,0.001844,3.064e-05
131,0,0,1,0.977,6.78e-05,0.02223,6.66e-05,0.000347,1.58e-05
132,0,0,1,0.942,0.0004742,0.04886,0.002218,0.006546,0.0001677
133,0,500,0,0.1841,8.79e-05,0.815,0.000305,0.0004375,1.5e-05
134,0,500,0,0.269,0.00078,0.3901,0.01987,0.3196,0.0006156
135,0,0,1,0.9307,3.13e-05,0.06714,0.000702,0.001561,1.395e-05
136,0,0,1,0.9985,1.496e-05,0.001614,6.26e-06,3.034e-05,1.55e-06
137,0,0,1,0.986,0.0001618,0.0103,0.001054,0.002777,5.95e-05
138,0,0,1,0.964,0.001795,0.03278,0.000457,0.000695,0.00018
139,0,0,1,0.7935,0.0003886,0.205,0.0003273,0.001033,8.98e-05
140,0,500,0,0.1906,0.0001126,0.8086,6.84e-05,0.000879,4.64e-05
141,0,500,0,0.01324,3.41e-05,0.986,0.0001562,0.000728,2.766e-05
142,0,0,1,0.8647,0.00033,0.1316,0.0003452,0.002968,5.364e-05
143,0,0,1,0.581,0.0005684,0.4128,0.001332,0.003744,0.0002513
144,0,0,1,0.9946,7.623e-05,0.004852,5.45e-05,0.0002997,9.7e-06
145,0,0,1,0.8735,0.00032,0.1251,0.0008903,0.0002255,9.95e-06
146,0,0,1,0.8125,0.001398,0.01296,0.0791,0.0926,0.001196
147,0,1000,0,0.01595,0.0003111,0.003588,0.8726,0.1073,0.0001142
148,0,0,1,0.4768,0.00282,0.01633,0.10675,0.3962,0.001074
149,0,0,1,0.9863,5.65e-05,0.004246,0.00366,0.005512,1.77e-05
150,0,0,1,0.7026,0.001458,0.02982,0.08374,0.1815,0.001016
151,0,0,1,0.9653,0.0004117,0.001131,0.02176,0.01134,0.0001253
152,0,0,1,0.9897,0.000256,0.00053,0.00577,0.003468,2.2e-05
153,0,0,1,0.8516,0.00471,0.02017,0.0641,0.0555,0.003822
154,0,0,1,0.4292,0.00486,0.01162,0.415,0.1366,0.002571
155,0,0,1,0.9644,0.0009184,0.00284,0.02217,0.00912,0.0003784
156,0,0,1,0.964,0.0007243,0.003065,0.01355,0.01859,0.0002675
157,0,0,1,0.952,0.002665,0.00228,0.01129,0.03123,0.0001479
158,0,0,1,0.937,0.00044,0.0313,0.003853,0.02708,0.0001612
159,0,0,1,0.9478,0.001411,0.00953,0.01456,0.0264,0.0003386
160,0,0,1,0.9053,0.001353,0.01527,0.019,0.05896,0.0001475
161,0,0,1,0.9385,0.01319,0.02402,0.006058,0.01727,0.0008297
162,0,0,1,0.807,0.0006886,0.08154,0.09454,0.01595,0.0002248
163,0,0,1,0.9087,0.0003946,0.004093,0.05975,0.02693,0.000113
164,0,0,1,0.4438,0.00276,0.1458,0.22,0.187,0.0006714
165,0,0,1,0.819,0.0004728,0.00821,0.05405,0.1183,0.0002238
166,0,0,1,0.993,0.0001894,0.002314,0.001718,0.002739,4.137e-05
167,0,0,1,0.9775,0.0007987,0.004482,0.011734,0.00516,0.000478
168,0,0,1,0.9937,0.0002323,0.0008597,0.003675,0.0013075,3.165e-05
169,0,0,1,0.4858,0.0049,0.02415,0.388,0.0943,0.002861
170,0,0,1,0.9497,0.0002992,0.01846,0.01328,0.01826,8.44e-05
171,0,0,1,0.974,0.000318,0.0071,0.002485,0.01575,0.00010526
172,0,0,1,0.9453,0.000719,0.0201,0.02238,0.01097,0.0002832
173,0,0,1,0.473,0.001167,0.4602,0.01043,0.0545,0.0008593
174,0,0,1,0.942,0.000829,0.0323,0.006393,0.01836,0.000308
175,0,0,1,0.732,0.0006394,0.02634,0.02563,0.2151,0.000265
176,0,0,1,0.8896,0.0004816,0.0251,0.0685,0.01587,0.0002109
177,0,0,1,0.937,0.001425,0.03088,0.01976,0.01082,0.0002885
178,0,0,1,0.8687,0.00116,0.02208,0.014275,0.09357,0.0001953
179,0,1500,0,0.1604,0.0008802,0.2993,0.1953,0.3435,0.0005965
180,0,0,1,0.993,0.000298,0.002684,0.001188,0.002733,6.52e-05
181,0,0,1,0.9536,0.01419,0.02377,0.001572,0.00666,0.00027
182,0,0,1,0.3042,0.1309,0.0826,0.1566,0.2068,0.119
183,0,0,1,0.9834,0.0001738,0.01442,0.00033,0.00163,1.61e-05
184,0,0,1,0.9985,0.00011635,0.000567,0.0001364,0.0004199,9.24e-06
185,0,0,1,0.9863,0.000355,0.006065,0.000995,0.006023,5.466e-05
186,0,0,1,0.98,0.0003142,0.01697,0.0005174,0.002192,5.54e-05
187,0,0,1,0.98,0.0002797,0.00979,0.004528,0.005356,7.135e-05
188,0,0,1,0.9463,0.000488,0.03906,0.00423,0.00957,0.0001426
189,0,0,1,0.8047,0.000565,0.04178,0.0351,0.11755,0.0002242
190,0,0,1,0.966,0.000616,0.006847,0.0111,0.01545,0.0002978
191,0,500,0,0.04742,0.00325,0.3982,0.3853,0.1631,0.002657
192,0,0,1,0.962,0.0004144,0.03104,0.001768,0.00481,3.81e-05
193,0,0,1,0.955,0.0006957,0.0259,0.003424,0.01469,0.0002997
194,0,0,1,0.9995,7.874e-05,0.0002265,8.54e-05,0.00010747,2e-06
195,0,0,1,0.423,0.005966,0.185,0.0839,0.3013,0.000871
196,0,0,1,0.765,0.000769,0.1538,0.05566,0.02437,0.0002091
197,0,0,1,0.985,0.001007,0.006493,0.005787,0.001735,0.0001329
198,0,0,1,0.953,0.0005765,0.0375,0.00484,0.00396,0.0002413
199,0,0,1,0.998,0.00010556,0.001116,0.0001947,0.0005636,2e-05
200,0,0,1,0.943,0.001438,0.04755,0.001481,0.00626,0.0003335
201,0,0,1,0.808,0.05386,0.0556,0.04697,0.02881,0.006542
202,0,0,1,0.9556,0.000786,0.03424,0.0042,0.004967,0.0001895
203,0,0,1,0.928,0.001388,0.0666,0.000968,0.002546,0.00010806
204,0,0,1,0.9893,0.00010777,0.010025,9.567e-05,0.0003386,1.48e-05
205,0,0,1,0.9873,0.0002906,0.01039,0.0003793,0.001581,5.764e-05
206,0,0,1,0.998,0.0004766,0.001064,0.0001587,0.0002787,1.29e-05
207,0,500,0,0.0404,0.000628,0.943,0.01153,0.004066,0.0003557
208,0,0,1,0.8877,0.0752,0.02563,0.003145,0.006958,0.0012865
209,0,0,1,0.8457,0.003065,0.1425,0.0009356,0.007187,0.0008893
210,0,0,1,0.9917,0.0002856,0.00437,0.00111,0.002337,7.44e-05
211,0,0,1,0.722,0.00904,0.02553,0.1884,0.05258,0.00257
212,0,0,1,0.9517,0.0003798,0.03226,0.005707,0.00972,0.0001467
213,0,0,1,0.9526,0.0004516,0.04126,0.001959,0.003351,0.0001822
214,0,500,0,0.268,0.000667,0.709,0.01075,0.01124,0.0003839
215,0,0,1,0.875,0.000482,0.08813,0.012344,0.0236,0.0002818
216,0,0,1,0.941,0.001757,0.01395,0.03867,0.0047,0.0002291
217,0,500,0,0.3096,0.007027,0.3994,0.2346,0.04425,0.005173
218,0,500,0,0.08984,0.00299,0.616,0.1765,0.11316,0.001337
219,0,0,1,0.9746,0.0001227,0.01785,0.00421,0.00303,5.233e-05
220,0,1500,0,0.1985,0.000644,0.0636,0.1962,0.5405,0.000322
221,0,0,1,0.995,0.0002441,0.00202,0.00124,0.001406,4.99e-05
222,0,0,1,0.751,0.002117,0.05682,0.02592,0.1633,0.0009108
223,0,0,1,0.997,9.054e-05,0.0013895,0.0005617,0.000882,1.544e-05
224,0,0,1,0.649,0.0007524,0.3386,0.002272,0.00885,0.0004547
225,0,0,1,0.9023,0.002768,0.06064,0.01109,0.02231,0.0007596
226,0,0,1,0.879,0.002365,0.094,0.00984,0.01416,0.0009775
227,0,0,1,0.9497,0.0005317,0.04504,0.002045,0.002445,0.000155
228,0,0,1,0.904,0.00845,0.05017,0.01418,0.02142,0.001939
229,0,0,1,0.9976,0.0003293,0.00139,0.0001917,0.0003397,1.9e-05
230,0,0,1,0.9526,0.0008945,0.01195,0.02434,0.009735,0.0003152
231,0,0,1,0.9033,0.000803,0.0642,0.006046,0.02473,0.000747
232,0,1000,0,0.2465,0.001923,0.1526,0.577,0.02037,0.001373
233,0,0,1,0.9883,0.001871,0.004333,0.003864,0.001317,0.0001957
234,0,500,0,0.216,0.0006995,0.7764,0.003132,0.003784,0.0001751
235,0,0,1,0.867,0.0003421,0.0547,0.00516,0.07263,0.0001651
236,0,0,1,0.872,0.0002067,0.07117,0.005344,0.05096,0.0001438
237,0,0,1,0.8506,0.001588,0.10077,0.00803,0.039,0.0002248
238,0,0,1,0.6895,0.0006475,0.1318,0.011536,0.1658,0.0006704
239,0,0,1,0.9907,3.29e-05,0.008705,0.0001581,0.0005636,4.77e-06
240,0,0,1,0.999,9.733e-05,0.000489,0.0001538,0.0001624,6.8e-06
241,0,0,1,0.9863,0.0006375,0.01012,0.001753,0.001115,0.0001194
242,0,0,1,0.991,6.35e-05,0.00816,0.0001252,0.0005074,1.04e-05
243,0,0,1,0.879,0.001273,0.01304,0.0482,0.05804,0.000564
244,0,0,1,0.792,0.00159,0.1025,0.0523,0.05096,0.000677
245,0,0,1,0.9595,0.0003173,0.01036,0.003435,0.0265,6.855e-05
246,0,0,1,0.5996,0.001486,0.2499,0.1044,0.04468,0.0002071
247,0,0,1,0.9717,0.000564,0.01971,0.002867,0.00519,0.00010055
248,0,0,1,0.8975,0.000993,0.0594,0.0259,0.0159,0.0002439
249,0,0,1,0.922,0.000522,0.03214,0.01112,0.03415,0.0002344
250,0,0,1,0.889,0.001364,0.01852,0.0697,0.02061,0.000464
251,0,0,1,0.997,0.000161,0.0007267,0.000885,0.001213,3.6e-05
252,0,0,1,0.9824,0.0002851,0.0091,0.00439,0.003878,0.0001305
253,0,0,1,0.9966,0.0001905,0.0007286,0.00097,0.001583,2.43e-05
254,0,0,1,0.588,0.0006356,0.379,0.002798,0.02925,0.0002465
255,0,0,1,0.9414,0.0006857,0.00787,0.0375,0.012184,0.0001909
256,0,0,1,0.9067,0.000979,0.0751,0.00616,0.01091,0.0003655
257,0,0,1,0.8555,0.002882,0.1053,0.02225,0.013245,0.000971
258,0,500,0,0.2384,0.00084,0.749,0.003914,0.00738,0.0004015
259,0,0,1,0.9946,0.0005183,0.003532,0.0004277,0.0006065,5.14e-05
260,0,0,1,0.997,0.000473,0.001153,0.000572,0.0009046,2.956e-05
261,0,0,1,0.9985,6.71e-05,0.0007863,0.0003126,0.0004425,8.17e-06
262,0,0,1,0.9927,0.0001421,0.001929,0.002024,0.003222,3.594e-05
263,0,0,1,0.7725,0.0004272,0.01697,0.0359,0.1741,0.0001305
264,0,0,1,0.9844,0.000653,0.01043,0.00215,0.002071,0.0001657
265,0,0,1,0.809,0.002434,0.1015,0.01084,0.07434,0.001753
266,0,0,1,0.9004,0.0004447,0.08954,0.004143,0.00521,0.0001507
267,0,0,1,0.976,0.0004246,0.01678,0.00233,0.004147,0.000199
268,0,0,1,0.8413,0.002203,0.06223,0.01305,0.0807,0.000504
269,0,0,1,0.9893,0.0001873,0.00914,0.0003674,0.001099,4.727e-05
270,0,500,0,0.2883,0.0001681,0.708,0.001172,0.002604,7.737e-05
271,0,0,1,0.8525,0.0002456,0.1367,0.001163,0.00935,0.0001081
272,0,0,1,0.999,3.356e-05,0.0004518,0.0001491,0.0002513,2e-06
273,0,0,1,0.996,3.105e-05,0.003496,0.00010985,0.0002584,7.6e-06
274,0,0,1,0.96,0.0004668,0.01773,0.007904,0.0136,0.0001302
275,0,0,1,0.9995,2.414e-05,0.0002801,1.526e-05,3.67e-05,1.3e-06
276,0,0,1,1.0,1.84e-05,3.29e-05,1.043e-05,2.13e-05,3.6e-07
277,0,0,1,0.9854,0.0002134,0.004772,0.001039,0.008446,8.59e-05
278,0,1500,0,0.013336,0.00366,0.3135,0.2289,0.4355,0.00523
279,0,0,1,0.9,0.0001609,0.099,0.0002556,0.0007606,3.22e-05
280,0,0,1,0.9805,0.0003002,0.01839,0.0002365,0.000393,2.897e-05
281,0,0,1,0.981,0.0002418,0.014465,0.002878,0.001288,1.64e-05
282,0,500,0,0.014015,0.000933,0.777,0.1556,0.052,0.0004592
283,0,500,0,0.3064,0.0005836,0.678,0.003344,0.01104,0.0002202
284,0,0,1,0.8164,0.0001483,0.1815,0.000838,0.000923,2.587e-05
285,0,0,1,0.989,0.000599,0.00977,0.0005736,0.0004609,5.3e-05
286,0,0,1,0.6016,0.001545,0.3855,0.00226,0.00881,0.000396
287,0,0,1,0.8457,0.003551,0.1322,0.007336,0.01065,0.000687
288,0,0,1,0.893,0.0002067,0.10583,0.000298,0.0003502,9.7e-06
289,0,0,1,0.7495,0.002441,0.2263,0.006523,0.01416,0.0009656
290,0,0,1,0.996,7.8e-05,0.00382,4.34e-05,0.0001036,3.8e-06
291,0,0,1,0.995,9.38e-05,0.003891,0.0002164,0.0006747,1.34e-05
292,0,0,1,0.9883,5.74e-05,0.01139,3.38e-05,0.0001961,6.3e-06
293,0,0,1,0.972,0.02194,0.00496,0.0005417,0.0004075,0.0001405
294,0,0,1,0.927,0.00058,0.03143,0.006905,0.03366,0.0004568
295,0,0,1,0.9976,5.347e-05,0.0022,0.0001229,0.0002282,7.3e-06
296,0,0,1,0.993,0.0002139,0.003807,0.0007052,0.001902,5.14e-05
297,0,0,1,0.941,0.000497,0.0514,0.001915,0.00486,0.0003102
298,0,0,1,0.998,0.0001196,0.000896,0.0003502,0.0003483,1.425e-05
299,0,0,1,0.9805,0.0001613,0.01842,0.0002563,0.0005383,2.766e-05
300,0,500,0,0.371,0.0005746,0.6226,0.0006127,0.004627,0.0003357
301,0,500,0,0.2573,0.001934,0.7188,0.004604,0.01633,0.0009117
302,0,0,1,0.9956,6.35e-05,0.004314,7.856e-05,8.726e-05,6.14e-06
303,0,0,1,0.9785,0.0001639,0.02129,5.42e-05,0.0001891,1.085e-05
304,0,0,1,0.9966,6.557e-05,0.002838,0.0001857,0.000317,1.55e-05
305,0,0,1,0.875,0.0003452,0.1029,0.00281,0.01845,0.0002775
306,0,0,1,0.952,0.0002373,0.0429,0.000853,0.003723,0.000121
307,0,0,1,0.5127,0.002436,0.3877,0.0158,0.0791,0.002283
308,0,0,1,0.982,0.0001367,0.01127,0.0003288,0.006336,4.286e-05
309,0,0,1,0.995,8.99e-05,0.0044,9.83e-05,0.0001663,8.05e-06
310,0,0,1,0.9907,0.0004125,0.007103,0.0006022,0.00114,8.535e-05
311,0,500,0,0.002003,0.0003324,0.849,0.02599,0.1218,0.000745
312,0,0,1,0.9624,0.0001489,0.03687,0.0002735,0.00045,4.834e-05
313,0,0,1,0.9785,0.000172,0.02039,0.0001491,0.0005245,2.77e-05
314,0,0,1,0.816,0.0005484,0.1796,0.001225,0.00264,0.0002768
315,0,0,1,0.873,0.001875,0.1161,0.003502,0.004868,0.000596
316,0,0,1,0.999,9.39e-05,0.0004113,8.83e-05,0.0002522,6.26e-06
317,0,0,1,0.765,0.000644,0.2292,0.000917,0.00375,0.0002247
318,0,0,1,0.94,0.0005383,0.05124,0.002272,0.005913,0.000195
319,0,0,1,0.9985,0.0002108,0.0005593,0.0002444,0.000616,9e-06
320,0,0,1,0.9717,0.0005727,0.02573,0.000915,0.0009527,7.25e-05
321,0,0,1,0.604,0.0003839,0.387,0.00137,0.006847,0.000268
322,0,0,1,0.998,1.54e-05,0.001653,5.26e-05,0.0003674,4.2e-06
323,0,0,1,0.9985,2.02e-05,0.0007215,0.0001371,0.0004232,7.15e-06
324,0,0,1,0.999,1.17e-05,0.0002465,0.0002241,0.000521,1e-06
325,0,0,1,0.994,0.00010395,0.00421,0.0005307,0.000979,2.18e-05
326,0,0,1,0.885,0.0001847,0.1125,0.001302,0.001081,5.18e-05
327,0,500,0,0.0379,0.001517,0.4956,0.03497,0.429,0.001127
328,0,0,1,0.9976,4.7e-05,0.0018835,8.01e-05,0.000272,7.15e-06
329,0,0,1,0.993,6.08e-05,0.006275,3.51e-05,0.000222,1.34e-05
330,0,0,1,0.9985,6.53e-05,0.001198,6.294e-05,0.000211,4.5e-06
331,0,0,1,0.955,0.0001425,0.04388,0.0001658,0.000903,2.867e-05
332,0,0,1,0.9663,0.0003738,0.03094,0.0004108,0.0016575,6.85e-05
333,0,500,0,0.003967,4.06e-05,0.9937,0.0002947,0.002062,4.697e-05
334,0,500,0,0.3816,0.0005584,0.6133,0.0005817,0.003576,0.0002975
335,0,0,1,0.999,7.16e-05,0.000711,5.97e-05,0.000223,2.3e-06
336,0,0,1,0.9995,5.144e-05,0.0003994,2.164e-05,3.487e-05,1.7e-06
337,0,0,1,0.9917,9.95e-05,0.00817,7.04e-05,0.000147,6.26e-06
338,0,0,1,0.6924,0.0002966,0.3025,0.000486,0.00426,7.45e-05
339,0,500,0,0.2942,0.0007524,0.703,0.0008326,0.001141,0.0002395
340,0,0,1,0.997,6.807e-05,0.00255,6.324e-05,0.0002537,8e-06
341,0,0,1,0.4104,0.000731,0.3455,0.02255,0.2196,0.001157
342,0,0,1,0.6504,0.000778,0.3413,0.001055,0.00606,0.0003815
343,0,0,1,0.9976,8.035e-05,0.002441,3.064e-05,7.373e-05,6.14e-06
344,0,0,1,0.975,5.466e-05,0.02464,6.4e-05,0.0001853,7.1e-06
345,0,0,1,0.987,0.0001102,0.012764,9.79e-05,0.0003362,1.55e-05
346,0,0,1,0.802,0.000703,0.1953,0.000336,0.001858,0.0001198
347,0,0,1,0.9966,7.94e-05,0.001901,0.0007496,0.0007987,8.34e-06
348,0,500,0,0.2058,0.0001596,0.7856,0.000728,0.007225,0.000222
349,0,0,1,0.896,4.244e-05,0.10333,4.66e-05,0.0005555,5.66e-06
350,0,0,1,0.848,0.0002716,0.1492,0.0009403,0.001207,4.965e-05
351,0,500,0,0.1532,0.0001913,0.8345,0.001561,0.01038,0.0001639
352,0,0,1,0.987,0.0004656,0.01075,0.0002413,0.001535,4.19e-05
353,0,500,0,0.2278,0.0002118,0.7676,0.000823,0.003563,8.42e-05
354,0,0,1,0.9966,4.953e-05,0.003136,1.41e-05,7.105e-05,2.7e-06
355,0,0,1,0.994,0.0003233,0.00442,0.000181,0.0006776,3.02e-05
356,0,0,1,0.972,9.27e-05,0.0273,0.0001725,0.000417,2.5e-05
357,0,0,1,0.5537,0.000545,0.443,0.0004697,0.001974,0.0001912
358,0,0,1,0.9233,0.0003133,0.01159,0.00843,0.05627,0.0001256
359,0,0,1,0.9893,4.774e-05,0.01001,0.0001044,0.000567,7.57e-06
360,0,500,0,0.03284,0.0003264,0.788,0.02243,0.1561,0.0003839
361,0,0,1,0.963,0.0002433,0.02016,0.007572,0.00926,8.79e-05
362,0,0,1,0.999,2.074e-05,0.000878,3.98e-05,0.0001289,1.8e-06
363,0,0,1,0.8843,0.0002494,0.1116,0.00087,0.002748,8.21e-05
364,0,0,1,0.9995,9.83e-06,0.0004294,2.91e-05,0.0002177,1.67e-06
365,0,0,1,0.9336,0.0001318,0.04703,0.001043,0.018,6.336e-05
366,0,0,1,0.9233,0.0001775,0.07465,0.0001225,0.001551,6.57e-05
367,0,0,1,0.9927,4.96e-05,0.005775,0.0001537,0.001478,1.955e-05
368,0,0,1,0.998,2.986e-05,0.001482,4.226e-05,0.0001994,4.8e-06
369,0,0,1,0.6387,0.000595,0.3494,0.002098,0.00892,0.0004404
370,0,0,1,0.9956,0.0001525,0.003706,7.44e-05,0.0003138,1.186e-05
371,0,0,1,0.984,0.0002923,0.012825,0.0004637,0.002447,7.35e-05
372,0,0,1,0.9966,6.48e-05,0.003105,4.94e-05,0.0002494,7.45e-06
373,0,0,1,0.9795,0.0004053,0.01952,0.0001472,0.0002716,1.42e-05
374,0,0,1,0.971,0.0001236,0.02666,0.0001632,0.001756,3.93e-05
375,0,0,1,0.9995,2.34e-05,0.0002345,1.353e-05,1.75e-05,5.4e-07
376,0,0,1,0.999,2.986e-05,0.0005064,8.1e-05,0.000281,4.3e-06
377,0,0,1,0.9,9.28e-05,0.0973,0.0003686,0.002073,3.93e-05
378,0,0,1,0.8584,0.0001339,0.1339,0.001058,0.006554,7e-05
379,0,0,1,0.6567,0.0003169,0.3374,0.001419,0.0037,0.000126
380,0,0,1,0.9067,0.0001206,0.08704,0.0006194,0.005154,9.86e-05
381,0,0,1,0.8853,0.000559,0.0846,0.0036,0.02583,0.0003645
382,0,0,1,0.87,0.0004249,0.1104,0.001765,0.01672,0.0004442
383,0,0,1,0.604,0.0003414,0.3901,0.0003734,0.004955,0.0001838
384,0,0,1,0.992,8.21e-05,0.007,0.0001576,0.0004196,2.03e-05
385,0,0,1,0.9946,7.33e-05,0.004753,0.0001377,0.0004663,1.925e-05
386,0,0,1,0.9893,0.0002009,0.00995,0.0002513,0.000446,2.99e-05
387,0,500,0,0.00845,0.00010663,0.99,0.0002968,0.000703,5.44e-05
388,0,0,1,0.987,0.0004983,0.01262,4.99e-05,0.0001366,1.25e-05
389,0,0,1,0.4968,0.0004005,0.4612,0.00209,0.0391,0.0003042
390,0,0,1,0.9814,0.0001359,0.01718,0.0003753,0.000754,2.08e-05
391,0,0,1,0.943,0.02051,0.0349,0.0003877,0.001031,0.0002208
392,0,0,1,0.989,1.07e-05,0.010925,1.58e-05,6.19e-05,1.3e-06
393,0,0,1,0.9795,5.543e-05,0.02037,4.08e-05,0.000177,4.2e-06
394,0,0,1,0.9707,0.0002716,0.0272,0.0004482,0.0014105,1.955e-05
395,0,0,1,0.939,0.00011164,0.06024,0.0002414,0.000629,2.32e-05
396,0,500,0,0.1726,0.000123,0.8237,0.0002424,0.003328,6.46e-05
397,0,0,1,0.996,0.0003235,0.00311,0.0001696,0.000331,1.97e-05
398,0,0,1,0.7627,0.000281,0.2345,0.000799,0.001571,0.0001156
399,0,500,0,0.256,0.0002028,0.7295,0.002567,0.01179,0.0001183
400,0,0,1,0.9844,6.05e-05,0.01518,6.18e-05,0.0004535,7.87e-06
401,0,0,1,0.951,0.0001758,0.04663,0.0004513,0.001457,4.47e-05
402,0,0,1,0.718,0.0002084,0.28,0.000755,0.001479,5.066e-05
403,0,0,1,0.998,0.0001013,0.001367,6.443e-05,0.0002352,9.8e-06
404,0,0,1,0.9956,4.47e-05,0.004063,2.1e-05,6.2e-05,2.1e-06
405,0,0,1,0.9995,1.45e-05,0.0002391,3.9e-06,1.26e-05,3.6e-07
406,0,0,1,0.996,0.0001064,0.003511,7.004e-05,0.0003448,1.57e-05
407,0,0,1,0.9736,0.0001181,0.02574,9.596e-05,0.0004218,2.086e-05
408,0,0,1,0.818,0.0001417,0.1803,0.0001707,0.001629,5.07e-05
409,0,0,1,0.979,0.0001603,0.01917,0.0001396,0.001495,4.053e-05
410,0,0,1,0.9917,0.0001231,0.006996,0.0001823,0.000789,2.29e-05
411,0,0,1,0.9956,9.59e-05,0.00321,0.000252,0.0008154,1.675e-05
412,0,0,1,0.7505,0.0003304,0.2461,0.00077,0.002102,9.936e-05
413,0,500,0,0.012825,0.0003612,0.948,0.02664,0.011734,0.0002463
414,0,0,1,0.997,0.000491,0.00236,6.09e-05,0.0001284,5.2e-06
415,0,0,1,0.659,0.000254,0.3394,7.11e-05,0.001118,1.88e-05
416,0,500,0,0.3862,0.000488,0.6074,0.000537,0.0049,0.0002706
417,0,0,1,0.995,0.00011224,0.004555,0.00011426,0.0002071,7.5e-06
418,0,0,1,0.988,9.53e-05,0.012,6.21e-05,0.0001711,6.26e-06
419,0,0,1,0.985,5.573e-05,0.01513,3.356e-05,0.0001148,4.1e-06
420,0,0,1,0.9897,0.000128,0.0071,0.000725,0.002068,3.815e-05
421,0,500,0,0.273,0.000204,0.7246,0.000574,0.001432,5.91e-05
422,0,0,1,0.9717,0.0002056,0.02661,0.0003793,0.0008483,3.97e-05
423,0,0,1,0.8784,0.000539,0.11707,0.0005693,0.003157,0.000175
424,0,0,1,0.9717,0.0001568,0.02652,0.0002418,0.001158,4.8e-05
425,0,0,1,0.999,6.36e-05,0.0006785,7.57e-06,1.37e-05,1.3e-06
426,0,0,1,0.9966,0.00201,0.001113,3.123e-05,7.05e-05,1.73e-05
427,0,0,1,0.9272,0.0003858,0.07025,0.0004935,0.001288,0.000124
428,0,500,0,0.05405,0.0006375,0.943,0.0006404,0.00145,0.0002608
429,0,0,1,0.8457,0.000389,0.1533,0.0001318,0.000583,4.15e-05
430,0,0,1,0.7827,0.0004256,0.214,0.000764,0.001716,0.00010675
431,0,0,1,0.937,0.000513,0.06143,0.0002673,0.0007925,5.42e-05
432,0,0,1,0.9985,2.646e-05,0.001513,1.127e-05,3.17e-05,7e-07
433,0,0,1,0.821,0.00252,0.176,0.0001512,0.000611,5.335e-05
434,0,0,1,0.9126,0.0001765,0.0851,0.0002687,0.001642,5.62e-05
435,0,0,1,0.9893,0.0003726,0.01013,0.0002021,0.0002381,2.736e-05
436,0,0,1,0.999,3.01e-05,0.000999,1.05e-05,2.79e-05,1.55e-06
437,0,500,0,0.2703,0.000551,0.715,0.001855,0.01236,0.0002426
438,0,0,1,0.997,0.0001724,0.00262,5.77e-05,6.497e-05,5e-06
439,0,0,1,0.9937,0.000115,0.004913,0.0002255,0.001167,2.724e-05
440,0,0,1,0.955,0.000477,0.04156,0.000436,0.002464,9.716e-05
441,0,0,1,0.973,0.0003161,0.02559,0.0001954,0.0006804,3.564e-05
442,0,0,1,0.782,0.0001254,0.2048,0.001711,0.01117,8.82e-05
443,0,0,1,0.996,0.00010234,0.003082,0.0001322,0.000414,1.377e-05
444,0,500,0,0.03232,2.55e-05,0.967,8.315e-05,0.0007796,1.264e-05
445,0,500,0,0.363,0.0005493,0.6187,0.001842,0.01518,0.0004277
446,0,0,1,0.8164,0.0005393,0.1688,0.001467,0.012245,0.000322
447,0,500,0,0.2546,0.0005245,0.6646,0.007183,0.0728,0.00033
448,0,500,0,0.184,0.0002068,0.8135,0.0007296,0.001531,7.2e-05
449,0,0,1,0.9697,6.26e-05,0.02783,0.0004241,0.001982,3.415e-05
450,0,0,1,0.969,9.48e-05,0.0295,0.0003002,0.000929,1.91e-05
451,0,0,1,0.9785,0.0001819,0.01884,0.0002995,0.00235,4.154e-05
452,0,0,1,0.9995,2.58e-05,0.0003552,8.3e-06,2.05e-05,5.4e-07
453,0,0,1,0.928,0.0003467,0.0703,0.0003133,0.000843,3.415e-05
454,0,0,1,0.9585,0.0001509,0.0413,5.45e-05,0.0002302,1.34e-05
455,0,0,1,0.791,0.0003593,0.2012,0.0003612,0.006847,0.0001551
456,0,0,1,0.82,0.0007973,0.1655,0.00271,0.011,0.0003572
457,0,0,1,0.9536,0.0004253,0.04407,0.000255,0.001709,0.0001274
458,0,0,1,0.995,5.01e-05,0.004143,0.0001125,0.0003452,1.425e-05
459,0,0,1,0.879,0.0002496,0.1171,0.001282,0.00242,5.203e-05
460,0,500,0,0.4182,0.001604,0.5737,0.0006757,0.005184,0.0005064
461,0,0,1,0.986,4.685e-05,0.01329,9.53e-05,0.000483,8.05e-06
462,0,500,0,0.1597,0.000779,0.7783,0.01617,0.04434,0.0008745
463,0,0,1,0.96,0.000503,0.03802,0.0004368,0.001073,9.65e-05
464,0,0,1,0.9976,7.904e-05,0.002018,0.00010216,0.0001774,5.5e-06
465,0,0,1,0.9985,3.695e-05,0.001157,2.17e-05,9.07e-05,3.93e-06
466,0,0,1,0.9683,2.62e-05,0.03094,6.837e-05,0.000467,6.5e-06
467,0,500,0,0.3853,0.000625,0.605,0.001234,0.00751,0.0002964
468,0,0,1,0.9995,2.515e-05,0.0001975,1.323e-05,3.09e-05,8.3e-07
469,0,0,1,0.9883,0.00106,0.01054,4.86e-05,0.0001066,1.61e-05
470,0,0,1,0.8193,0.0003648,0.1628,0.00124,0.01619,0.0002252
471,0,0,1,0.5127,0.0005136,0.4275,0.003891,0.05515,0.0002728
472,0,0,1,0.6963,0.000665,0.2942,0.001222,0.007317,0.0003703
473,0,0,1,0.958,9.614e-05,0.03796,0.0002666,0.003477,2.07e-05
474,0,0,1,0.998,4.005e-05,0.001709,4.184e-05,0.0001812,3.04e-06
475,0,0,1,0.926,0.0002751,0.0714,0.000869,0.001369,6.825e-05
476,0,0,1,0.9067,0.0008717,0.0835,0.002134,0.0066,0.0003211
477,0,0,1,0.9844,0.000217,0.01334,0.000567,0.001343,6.866e-05
478,0,0,1,0.984,0.0002947,0.013405,0.0004508,0.001783,3.49e-05
479,0,0,1,0.9395,0.00403,0.04425,0.00806,0.003248,0.00098
480,0,0,1,0.9854,5.12e-05,0.01414,0.0002928,0.000374,9.36e-06
481,0,0,1,0.502,0.002474,0.3477,0.1207,0.02635,0.001031
482,0,500,0,0.4602,0.001826,0.4976,0.007126,0.03232,0.001063
483,0,0,1,0.998,6.99e-05,0.001494,0.0001695,0.0001947,4.5e-06
484,0,0,1,0.964,0.0003092,0.02983,0.002031,0.003616,0.0001038
485,0,500,0,0.3413,0.001025,0.5156,0.01539,0.1259,0.000753
486,0,0,1,0.964,0.000264,0.0309,0.001214,0.003674,0.0001194
487,0,0,1,0.93,0.0005784,0.00867,0.04977,0.01082,0.000165
488,0,0,1,0.993,0.0001997,0.00398,0.0006714,0.002176,4.42e-05
489,0,0,1,0.993,0.0001162,0.006317,0.0003273,0.0002613,8.76e-06
490,0,0,1,0.9995,2.09e-05,0.000612,2.253e-05,3.2e-05,1.3e-06
491,0,500,0,0.004864,0.000717,0.827,0.05667,0.10956,0.0008416
492,0,0,1,0.4873,0.00141,0.442,0.02122,0.04712,0.001045
493,0,0,1,0.842,0.0003912,0.1554,0.0003521,0.002197,0.0001326
494,0,0,1,0.978,0.000318,0.01688,0.001446,0.003212,0.00011253
495,0,0,1,0.994,0.0002035,0.004368,0.0006537,0.000734,1.59e-05
496,0,500,0,0.2537,0.0002086,0.7397,0.000671,0.00541,8.55e-05
497,0,0,1,0.6675,0.000334,0.3271,0.001188,0.00399,0.0001152
498,0,0,1,0.8027,0.000325,0.1859,0.002575,0.00801,0.000219
499,0,0,1,0.9165,0.0006447,0.0761,0.001712,0.004803,0.000258
500,100,100,1,1.884e-05,0.9927,3.386e-05,1.49e-05,1.293e-05,0.007446
501,100,100,1,3.08e-05,0.9927,0.000251,0.0001374,8.47e-05,0.006638
502,100,100,1,7.33e-06,0.998,1.83e-05,1.615e-05,1.05e-05,0.001757
503,100,100,1,1.61e-05,0.993,2.617e-05,1.96e-05,1.44e-05,0.006878
504,100,100,1,7.176e-05,0.979,0.0001237,5.513e-05,3.8e-05,0.02052
505,100,100,1,2.7e-06,1.0,1.067e-05,4.77e-06,2.6e-06,0.0002003
506,100,100,1,1.55e-05,0.985,0.0003335,7.77e-05,5.34e-05,0.01458
507,100,100,1,6.9e-06,0.999,2.37e-05,1.985e-05,6.4e-06,0.0009255
508,100,100,1,1.29e-05,1.0,2.63e-05,7e-06,3.64e-06,0.0001253
509,100,100,1,6.55e-05,0.999,7.61e-05,2.66e-05,2.37e-05,0.0005608
510,100,100,1,0.0001227,0.99,8.82e-05,0.0001358,8.17e-05,0.00929
511,100,100,1,1.13e-06,1.0,1.8e-06,2e-06,5.4e-07,7.075e-05
512,100,100,1,4.125e-05,0.997,0.0001624,6.235e-05,5.305e-05,0.00244
513,100,100,1,5.543e-05,0.9966,0.0001425,0.0001221,7.76e-05,0.002905
514,100,100,1,3.56e-05,1.0,3.7e-06,4.35e-06,1.7e-06,7.33e-06
515,100,100,1,1.407e-05,0.9995,2.915e-05,2.68e-05,8.4e-06,0.0002347
516,100,100,1,5.27e-05,0.969,0.001349,0.00011593,0.0001687,0.02887
517,100,2000,0,0.0003023,0.4639,0.0022,0.002098,0.0007367,0.531
518,100,100,1,2.7e-06,0.9985,1.293e-05,3.76e-06,2e-06,0.001302
519,100,100,1,1.32e-05,0.9976,0.0001347,9.68e-05,6.64e-05,0.002337
520,100,100,1,4.1e-06,1.0,6.9e-06,2.8e-06,1.7e-06,0.0001686
521,100,2000,0,0.0004597,0.2861,0.004528,0.0007715,0.001297,0.707
522,100,100,1,1.687e-05,1.0,6.6e-07,9e-07,2.4e-07,3.64e-06
523,100,100,1,0.0001907,0.996,0.0003965,0.0001788,9.084e-05,0.003082
524,100,100,1,2.52e-05,0.9907,0.000373,8.21e-05,5.49e-05,0.0086
525,100,100,1,0.0001253,0.9995,6.694e-05,4.554e-05,2.24e-05,0.000196
526,100,100,1,2.265e-05,0.9995,6.26e-05,1.84e-05,1.323e-05,0.0001813
527,100,100,1,0.0001015,0.975,0.004562,0.0002035,0.0003026,0.0197
528,100,2000,0,0.0001613,0.3916,0.000928,0.0004249,0.0004685,0.6064
529,100,100,1,0.0001379,0.932,0.000495,0.0002792,0.0002342,0.0666
530,100,100,1,8e-06,1.0,1.985e-05,6.3e-06,3.76e-06,9.555e-05
531,100,100,1,7.516e-05,0.981,0.0001717,0.0002302,0.0001572,0.01846
532,100,100,1,2.89e-05,0.9873,0.0002011,8.02e-05,3.47e-05,0.01231
533,100,2000,0,3.64e-06,0.0007377,2.44e-05,1.33e-05,2.444e-05,0.999
534,100,100,1,1.1e-05,0.998,4.196e-05,1.17e-05,6.6e-06,0.001903
535,100,100,1,5.54e-06,0.9995,2.51e-05,1.156e-05,5.6e-06,0.0004604
536,100,100,1,7.49e-05,0.997,7.33e-05,3.47e-05,1.824e-05,0.002928
537,100,100,1,0.001043,0.9985,9.79e-05,8.18e-05,4.88e-05,0.0001169
538,100,100,1,6.115e-05,0.9995,0.0001734,3.54e-05,2.99e-05,0.0003524
539,100,100,1,3.02e-05,0.998,7.766e-05,3.904e-05,4.05e-05,0.001862
540,100,100,1,1.28e-05,1.0,9.7e-06,4.95e-06,2.15e-06,0.0001875
541,100,100,1,6e-07,1.0,1.9e-06,5.4e-07,3e-07,2.27e-05
542,100,100,1,1.13e-06,1.0,2.74e-06,1.2e-06,6e-07,5.88e-05
543,100,100,1,4.23e-06,1.0,4.4e-06,1.6e-06,5e-07,2.82e-05
544,100,100,1,3.45e-05,0.9863,0.00011545,5.853e-05,4.63e-05,0.01334
545,100,100,1,6e-07,0.9995,3.7e-06,1.7e-06,6e-07,0.000611
546,100,100,1,0.0003076,0.997,0.0001801,8.1e-05,8.07e-05,0.002129
547,100,100,1,4.7e-06,1.0,1.49e-05,2.7e-06,1.25e-06,3.72e-05
548,100,100,1,4.7e-05,0.9966,0.0001304,9.35e-05,6.82e-05,0.003288
549,100,2000,0,0.0001459,0.4124,0.0005484,0.0002806,0.0003173,0.5864
550,100,2000,0,0.000249,0.4624,0.001859,0.0005946,0.000573,0.534
551,100,100,1,0.00011617,0.932,0.0001792,0.0002099,0.0001667,0.0674
552,100,100,1,2.056e-05,0.9995,4.995e-05,1.73e-05,6.14e-06,0.0002882
553,100,100,1,9.36e-06,1.0,1e-05,2.56e-06,1.2e-06,2.086e-05
554,100,100,1,6.163e-05,0.999,7.33e-05,3.18e-05,1.7e-05,0.00093
555,100,100,1,0.0002515,0.9956,0.0003762,0.0004535,0.0001278,0.003096
556,100,100,1,0.000155,0.984,0.001285,0.000253,0.0002424,0.01431
557,100,100,1,4.86e-05,0.9995,2.944e-05,4.804e-05,2.21e-05,0.000557
558,100,100,1,2.05e-05,0.9966,0.0001968,0.0001242,0.0001199,0.002728
559,100,100,1,3.254e-05,0.9995,2.48e-05,1.15e-05,5.7e-06,0.0003126
560,100,100,1,2.65e-05,0.993,0.0001167,8.05e-05,5.823e-05,0.00652
561,100,2000,0,0.0003254,0.292,0.0012,0.001134,0.001159,0.704
562,100,100,1,7.45e-06,0.9985,4.36e-05,2.21e-05,1.38e-05,0.001386
563,100,100,1,6.44e-06,0.9995,1.466e-05,5.9e-06,3.9e-06,0.000258
564,100,100,1,0.000351,0.9995,0.0001293,2.694e-05,2.09e-05,0.0001032
565,100,100,1,7.19e-05,0.985,0.0001671,9.54e-05,6.795e-05,0.01456
566,100,100,1,2.8e-06,0.9995,1.127e-05,4e-06,2e-06,0.00039
567,100,100,1,4.53e-05,0.9995,0.0001522,1.15e-05,8.6e-06,0.0001994
568,100,100,1,2.48e-05,0.9985,0.0001773,2.91e-05,1.395e-05,0.000987
569,100,100,1,3.7e-06,0.998,7.224e-05,7.45e-06,5.4e-06,0.001633
570,100,100,1,2.8e-05,0.997,6.35e-05,6.706e-05,4.32e-05,0.002563
571,100,100,1,0.0003436,0.998,0.0001189,0.000144,5.35e-05,0.001134
572,100,100,1,1.156e-05,0.9834,8.035e-05,3.03e-05,2.56e-05,0.01665
573,100,100,1,7.4e-06,0.9995,5.65e-05,9.54e-06,3.8e-06,0.00032
574,100,100,1,8.04e-05,0.9995,0.0002013,2.9e-05,1.95e-05,0.0003057
575,100,100,1,2e-06,1.0,4.05e-06,2.26e-06,9e-07,6.89e-05
576,100,100,1,3.53e-05,0.989,0.0007863,0.0001297,8.62e-05,0.0101
577,100,100,1,1.31e-05,0.999,6.515e-05,2.66e-05,1.61e-05,0.000708
578,100,100,1,4.584e-05,1.0,1.884e-05,1.67e-06,1.4e-06,7.26e-05
579,100,100,1,7.737e-05,0.9995,1.87e-05,2.193e-05,1.115e-05,0.0003219
580,100,100,1,5.5e-06,0.9995,3.695e-05,7.8e-06,5.36e-06,0.0003517
581,100,100,1,1.5e-05,0.9995,3.2e-05,9.54e-06,7.1e-06,0.0002269
582,100,100,1,1.2e-06,1.0,5.4e-06,4e-07,2e-07,2.34e-05
583,100,100,1,0.0005646,0.999,0.0001571,7.75e-06,4.8e-06,7.41e-05
584,100,100,1,2.235e-05,0.999,0.0001283,2.277e-05,1.675e-05,0.0005536
585,100,100,1,1.3e-06,0.9995,5.6e-06,2.74e-06,1.43e-06,0.000345
586,100,100,1,9e-06,1.0,1.305e-05,4.3e-06,2.4e-06,0.0001457
587,100,100,1,0.0003269,0.9995,4.48e-05,3.093e-05,1.585e-05,8.7e-05
588,100,100,1,1.41e-05,0.9995,0.0001981,5.6e-06,3.64e-06,0.0001434
589,100,100,1,6.79e-05,0.977,0.0001965,0.0001284,8.62e-05,0.02245
590,100,100,1,2.503e-05,0.9995,2.8e-05,1.52e-05,8.9e-06,0.0004685
591,100,100,1,0.0002066,0.9937,0.0003867,0.0001888,0.0001132,0.005363
592,100,100,1,0.000533,0.9937,0.00015,0.0001315,6.76e-05,0.00561
593,100,100,1,1.675e-05,0.9976,0.0001633,3.26e-05,2.307e-05,0.00201
594,100,100,1,2.307e-05,0.999,9.406e-05,4.196e-05,2.813e-05,0.0007644
595,100,100,1,1.055e-05,0.9995,0.0001417,2.32e-05,1.913e-05,0.0002073
596,100,100,1,1.156e-05,0.999,3.886e-05,3.86e-05,1.013e-05,0.0006647
597,100,100,1,0.0001699,0.999,0.0003195,7.105e-05,5.31e-05,0.000361
598,100,100,1,3.3e-06,0.9995,2.766e-05,1.156e-05,5.96e-06,0.000617
599,100,100,1,7.57e-05,0.891,0.0003905,0.0001885,0.0001835,0.1081
600,100,100,1,9.66e-06,0.9614,0.00011146,5.6e-05,4.03e-05,0.0384
601,100,100,1,3.5e-05,1.0,2.49e-05,1.174e-05,7.15e-06,5.126e-05
602,100,100,1,6.31e-05,0.9614,3.49e-05,0.0002226,3.296e-05,0.03802
603,100,100,1,7.57e-06,0.9995,4.536e-05,1.353e-05,6.56e-06,0.00048
604,100,100,1,1.26e-05,0.999,2.67e-05,3.517e-05,1.39e-05,0.0008388
605,100,100,1,5.1e-06,0.997,2.176e-05,1.484e-05,9.2e-06,0.002964
606,100,100,1,0.0001915,0.9053,0.000624,0.0003612,0.0004265,0.0934
607,100,100,1,0.0002276,0.9907,0.0002968,0.0002985,9.1e-05,0.00842
608,100,100,1,0.0006137,0.9976,0.0003483,9.894e-05,6.59e-05,0.0011015
609,100,100,1,0.00531,0.9946,3.18e-05,1.657e-05,9.9e-06,1.24e-05
610,100,100,1,0.0001994,0.9976,0.000136,0.000182,8.25e-05,0.001605
611,100,100,1,2.426e-05,0.9995,8.68e-05,1.07e-05,5.07e-06,0.0003874
612,100,100,1,5.87e-05,0.9976,0.0001692,6.264e-05,4.065e-05,0.002048
613,100,100,1,8.5e-06,1.0,4.5e-06,3.46e-06,2.15e-06,9.92e-05
614,100,100,1,1.74e-05,0.9995,1.204e-05,7.6e-06,3.46e-06,0.000217
615,100,100,1,4.8e-06,1.0,1.05e-05,6.44e-06,4.05e-06,0.0001578
616,100,100,1,1.967e-05,1.0,1.55e-06,2.6e-06,1.1e-06,6.85e-06
617,100,100,1,4.804e-05,0.996,0.001087,7.266e-05,5.3e-05,0.002743
618,100,100,1,2.46e-05,0.9976,5.87e-05,3.207e-05,2.825e-05,0.002106
619,100,100,1,1.925e-05,0.999,4.79e-05,2.617e-05,1.09e-05,0.0009713
620,100,100,1,1.985e-05,1.0,1.997e-05,1.23e-05,5.25e-06,0.0001786
621,100,100,1,0.000552,0.996,0.0004244,0.0001351,9.245e-05,0.002699
622,100,100,1,3.41e-05,0.998,6.24e-05,2.64e-05,1.603e-05,0.001951
623,100,100,1,6.5e-06,1.0,1.097e-05,5.5e-06,3.3e-06,3.99e-05
624,100,100,1,0.0001458,0.9995,7.67e-05,3.06e-05,1.76e-05,0.0002295
625,100,100,1,1.39e-05,1.0,3.46e-05,1.08e-05,9.66e-06,0.00010985
626,100,100,1,5e-06,0.98,1.353e-05,1.425e-05,6.8e-06,0.01999
627,100,100,1,3.034e-05,1.0,8.9e-06,1.04e-05,5.07e-06,4.79e-05
628,100,100,1,5.245e-05,0.998,7.856e-05,0.0001072,8.14e-05,0.001792
629,100,100,1,1.67e-06,1.0,2.86e-06,2.8e-06,1.2e-06,8.02e-05
630,100,100,1,2.736e-05,0.9966,5.436e-05,5.555e-05,3.797e-05,0.003326
631,100,100,1,1.26e-05,0.9966,0.0001304,3.266e-05,3.27e-05,0.003006
632,100,100,1,7.3e-06,1.0,1.156e-05,7.2e-06,4.65e-06,0.0002074
633,100,100,1,4.3e-06,0.9995,4e-06,4.35e-06,2.7e-06,0.0005083
634,100,100,1,1.15e-05,1.0,7.8e-06,3.5e-06,2.15e-06,2.384e-05
635,100,100,1,2.48e-05,0.9956,4.02e-05,4.83e-05,2.563e-05,0.004307
636,100,100,1,0.0001324,0.966,0.0002067,0.000562,0.0001466,0.0331
637,100,100,1,7e-06,0.9893,3.874e-05,1.603e-05,1.13e-05,0.01061
638,100,100,1,4.95e-06,1.0,1.16e-05,5.3e-06,3.9e-06,5.51e-05
639,100,100,1,5.7e-06,1.0,1.82e-05,5.6e-06,3.34e-06,0.0001554
640,100,100,1,5.54e-05,0.9995,9.924e-05,1.49e-05,1.186e-05,0.0002568
641,100,100,1,0.00011873,0.9985,0.0002043,8.82e-05,7.325e-05,0.001195
642,100,2000,0,0.0001112,0.0159,0.000847,0.0003734,0.0007257,0.982
643,100,100,1,6.956e-05,0.9995,2.885e-05,1.305e-05,9.36e-06,0.0001715
644,100,100,1,0.0002295,0.9995,2.474e-05,1.997e-05,8.05e-06,5.55e-05
645,100,100,1,3.4e-06,1.0,1.6e-06,2.1e-06,9e-07,1.87e-05
646,100,100,1,3.25e-05,0.999,6.08e-05,4.55e-05,2.45e-05,0.000662
647,100,100,1,6.09e-05,0.9995,4.84e-05,3.39e-05,1.5e-05,0.0003705
648,100,100,1,0.00018,0.922,0.0005713,0.0005107,0.000601,0.0763
649,100,100,1,8.94e-06,1.0,1.013e-05,3.16e-06,1.85e-06,9.656e-05
650,100,100,1,2.223e-05,0.999,0.00010043,4.33e-05,2.253e-05,0.0007715
651,100,100,1,2.7e-06,0.9995,4.53e-06,2.44e-06,1.25e-06,0.0004213
652,100,100,1,0.0003316,0.515,0.001,0.000752,0.0008945,0.482
653,100,100,1,0.0001305,0.999,9.89e-05,8.9e-05,5.86e-05,0.0004332
654,100,100,1,2.26e-06,1.0,3.8e-06,1.43e-06,8.3e-07,4.44e-05
655,100,100,1,1.13e-06,1.0,7e-07,2.4e-07,6e-08,5.3e-06
656,100,100,1,7.2e-06,0.994,4.88e-05,1.86e-05,1.544e-05,0.00574
657,100,100,1,7.8e-06,0.999,2.76e-05,1.645e-05,8.4e-06,0.0006924
658,100,100,1,3.31e-05,0.995,0.001016,0.0002599,0.0001891,0.003393
659,100,100,1,6.96e-05,0.9805,0.00028,8.33e-05,5.51e-05,0.01926
660,100,100,1,0.000647,0.9624,0.002449,0.000458,0.0006022,0.03333
661,100,100,1,3.433e-05,0.9995,0.0001109,9.06e-06,7.45e-06,0.0001856
662,100,100,1,3.1e-06,0.997,8.46e-05,7.75e-06,4.5e-06,0.002693
663,100,100,1,4.48e-05,0.9985,0.0001541,3.153e-05,2.4e-05,0.001207
664,100,100,1,3.916e-05,0.9995,6.574e-05,2.795e-05,1.64e-05,0.0005074
665,100,100,1,8.5e-06,1.0,1.68e-05,5e-06,3.6e-06,8.78e-05
666,100,100,1,7.9e-06,1.0,2.08e-05,3.93e-06,2.9e-06,8.26e-05
667,100,100,1,1.19e-05,1.0,1.02e-05,1.246e-05,6.85e-06,0.0001206
668,100,100,1,9.04e-05,1.0,3.23e-05,1.115e-05,6.6e-06,6.694e-05
669,100,100,1,1.2e-06,1.0,9.5e-07,6e-07,2.4e-07,1.585e-05
670,100,100,1,0.0001587,0.9893,0.0002975,6.93e-05,7.15e-05,0.00998
671,100,100,1,0.0004125,0.9785,0.000796,0.000306,0.00041,0.0196
672,100,100,1,0.0001019,0.9985,0.00029,0.0001002,8.404e-05,0.001073
673,100,100,1,0.00028,0.8745,0.005142,0.000886,0.001026,0.11835
674,100,100,1,2.9e-06,1.0,1.1e-06,9e-07,3e-07,2.3e-05
675,100,100,1,0.0001453,0.972,0.0005383,0.0002093,0.0001302,0.02678
676,100,100,1,0.00011957,0.666,0.001545,0.001525,0.001695,0.329
677,100,100,1,0.0001807,0.985,0.0006003,0.000316,0.0003235,0.0135
678,100,100,1,1.12e-05,1.0,9.66e-06,8.17e-06,4.7e-06,0.0001168
679,100,100,1,0.0001439,1.0,4.53e-05,8.8e-06,4.9e-06,3.576e-05
680,100,100,1,4.53e-06,0.9985,3.165e-05,7.1e-06,4.1e-06,0.001618
681,100,100,1,0.0001824,0.9995,1.34e-05,1.68e-05,7.15e-06,0.0001066
682,100,100,1,8.64e-06,1.0,3.76e-05,7.15e-06,1.7e-06,9.495e-05
683,100,2000,0,0.0004718,0.3748,0.00137,0.001188,0.001687,0.6206
684,100,100,1,0.0003548,0.9766,0.001136,0.0004256,0.00022,0.02148
685,100,100,1,9e-07,1.0,1.67e-06,4e-07,2.4e-07,6.74e-06
686,100,100,1,2.97e-05,0.995,5.71e-05,7.05e-05,2.325e-05,0.00491
687,100,100,1,5.037e-05,0.956,0.0002275,0.0001707,0.0001485,0.04343
688,100,100,1,5.8e-06,0.9995,5.25e-06,5.84e-06,3.46e-06,0.0002341
689,100,100,1,0.000302,0.955,0.000898,0.0003667,0.0003695,0.04297
690,100,100,1,0.0001533,0.9995,2.193e-05,1.633e-05,1.01e-05,4.31e-05
691,100,100,1,4.685e-05,0.998,5.096e-05,5.037e-05,2.104e-05,0.001984
692,100,100,1,0.0005574,0.8115,0.006973,0.003937,0.00698,0.17
693,100,100,1,5.66e-06,0.9995,6.3e-06,4.77e-06,2.4e-06,0.0006256
694,100,100,1,2.3e-06,1.0,8.7e-06,6.2e-06,2.6e-06,0.0001565
695,100,100,1,7.963e-05,0.9854,0.001185,0.0001605,0.000103,0.012924
696,100,100,1,0.0001077,0.9995,3.546e-05,2.05e-05,1.19e-05,0.0001225
697,100,100,1,2.91e-05,0.999,5.32e-05,3.445e-05,1.91e-05,0.0006304
698,100,100,1,3.79e-05,1.0,1.65e-05,1.35e-05,4.9e-06,6.956e-05
699,100,100,1,0.0003216,0.649,0.0007777,0.0004058,0.0005355,0.3494
700,100,100,1,2.62e-05,0.9976,2.52e-05,2.78e-05,2.056e-05,0.0024
701,100,100,1,0.000736,0.9795,0.000822,0.0003464,0.0002036,0.01826
702,100,100,1,9.2e-06,0.998,3.356e-05,3.84e-05,2.027e-05,0.00176
703,100,100,1,1.484e-05,0.995,6.54e-05,1.71e-05,1.29e-05,0.004635
704,100,100,1,0.00012136,0.946,0.003588,0.0002012,0.0001312,0.05023
705,100,100,1,0.0002174,0.9995,2.26e-05,1.454e-05,6.4e-06,0.00011003
706,100,100,1,2.4e-05,0.9995,9.08e-05,1.25e-05,1.043e-05,0.0005136
707,100,100,1,0.0003603,0.963,0.002337,0.0002073,0.0002606,0.03394
708,100,100,1,0.001033,0.985,0.0008283,0.0004096,0.0003388,0.01258
709,100,100,1,0.0001633,0.9985,0.0003693,8.98e-05,6.795e-05,0.0007157
710,100,100,1,9e-07,1.0,5e-07,6e-07,2.4e-07,1.04e-05
711,100,100,1,7.8e-06,0.9985,5.49e-05,2.35e-05,1.705e-05,0.001456
712,100,100,1,6.88e-05,0.998,9.406e-05,6.133e-05,5.51e-05,0.001816
713,100,2000,0,0.00010806,0.01707,0.0006456,0.0004604,0.000842,0.981
714,100,100,1,0.0009627,0.9956,0.0006456,0.0004435,0.000372,0.001816
715,100,100,1,1.234e-05,0.995,4.75e-05,1.866e-05,1.544e-05,0.004887
716,100,100,1,1.85e-05,0.9985,2.265e-05,1.323e-05,9.6e-06,0.001607
717,100,100,1,6.6e-06,1.0,1.94e-05,4.05e-06,1.5e-06,0.0001167
718,100,100,1,4.107e-05,1.0,1.186e-05,3.6e-06,2.56e-06,1.687e-05
719,100,100,1,1.174e-05,0.9995,4.12e-05,2.134e-05,1.246e-05,0.000359
720,100,100,1,0.0003006,0.967,0.000871,0.0003889,0.0003006,0.03128
721,100,100,1,0.0003695,0.993,0.000517,0.0002844,0.0002906,0.00543
722,100,100,1,3.76e-05,0.999,4.46e-05,2.94e-05,1.746e-05,0.0008616
723,100,100,1,5.1e-06,1.0,1.204e-05,7.15e-06,2.56e-06,0.0002021
724,100,100,1,5.25e-06,0.9995,1.645e-05,8.6e-06,3.6e-06,0.0003417
725,100,100,1,7.087e-05,0.9976,0.0001376,7.087e-05,4.67e-05,0.001995
726,100,100,1,3.874e-05,0.999,2.06e-05,2.1e-05,6e-06,0.000879
727,100,100,1,1.52e-05,1.0,1.764e-05,1.156e-05,6.74e-06,6.586e-05
728,100,100,1,3.39e-05,0.9995,5.29e-05,5.55e-05,2.027e-05,0.0003486
729,100,100,1,7e-06,1.0,8.3e-06,4.2e-06,3e-06,6.69e-05
730,100,100,1,9.36e-06,1.0,1.85e-06,2.15e-06,9.5e-07,1.12e-05
731,100,100,1,6.26e-05,0.9873,0.0003834,0.0001295,8.506e-05,0.012024
732,100,100,1,0.0001713,0.9595,0.0003536,0.0002439,0.0001689,0.03967
733,100,100,1,2.9e-05,1.0,1.32e-05,6.9e-06,3.3e-06,4.24e-05
734,100,100,1,2.426e-05,1.0,3.7e-05,8.76e-06,5.1e-06,4.62e-05
735,100,100,1,1.35e-05,1.0,2.056e-05,6.5e-06,3.34e-06,0.0001584
736,100,100,1,2.68e-05,0.999,4.07e-05,3.195e-05,1.675e-05,0.0009346
737,100,100,1,1.82e-05,0.9985,2.71e-05,1.94e-05,1.28e-05,0.001538
738,100,100,1,1.43e-06,1.0,1.9e-06,1.13e-06,4e-07,2.73e-05
739,100,100,1,5.8e-05,1.0,1.02e-05,8.3e-06,2.5e-06,7.19e-05
740,100,100,1,0.0002056,0.9478,0.0006547,0.000315,0.0003555,0.05072
741,100,100,1,1.51e-05,0.999,0.0002134,2.36e-05,1.4e-05,0.0004709
742,100,100,1,4.02e-05,0.9927,7.8e-05,5.424e-05,2.545e-05,0.00719
743,100,100,1,4e-06,1.0,1.633e-05,7e-06,4.3e-06,0.0001833
744,100,100,1,2.96e-05,0.994,3.517e-05,2.545e-05,1.83e-05,0.005753
745,100,100,1,0.00025,0.9995,2.74e-05,1.615e-05,8.64e-06,3.49e-05
746,100,100,1,0.0003557,0.9746,0.000538,0.0004685,0.0002288,0.02368
747,100,100,1,4e-06,0.9995,2.57e-05,1.734e-05,4.1e-06,0.0006304
748,100,100,1,0.0003257,0.998,0.0001448,0.0001768,8.905e-05,0.001232
749,100,100,1,5.186e-05,0.996,0.0003123,5.26e-05,2.89e-05,0.003431
750,100,100,1,0.0001305,0.9995,2.635e-05,2.18e-05,7.15e-06,0.0001508
751,100,100,1,0.0001591,0.9233,0.001254,0.000441,0.000515,0.0742
752,100,100,1,1.174e-05,0.999,2.99e-05,1.31e-05,6.74e-06,0.0006843
753,100,100,1,5.686e-05,0.9863,0.000621,0.0001557,0.00010765,0.01252
754,100,100,1,9.6e-06,1.0,4.673e-05,9e-06,5.36e-06,0.000158
755,100,100,1,6.8e-06,0.9995,2.41e-05,1.067e-05,5.6e-06,0.0004337
756,100,100,1,9.78e-05,0.998,0.0002081,0.0001164,7.826e-05,0.00149
757,100,100,1,0.0002477,0.9917,0.0003726,0.0004036,0.0003133,0.006866
758,100,100,1,9.54e-06,0.995,0.0005817,6.247e-05,2.074e-05,0.00397
759,100,100,1,9.5e-06,1.0,1.43e-06,5.4e-07,2.4e-07,2.86e-06
760,100,100,1,3.02e-05,0.9976,0.0006213,9.406e-05,5.317e-05,0.001567
761,100,100,1,4.494e-05,0.9985,0.000166,7.576e-05,4.435e-05,0.001373
762,100,100,1,0.0003684,0.832,0.000948,0.0008855,0.0008783,0.1648
763,100,100,1,0.00026,0.9995,0.0002205,1.93e-05,1.675e-05,5.76e-05
764,100,100,1,5.4e-07,1.0,1.13e-06,5e-07,2e-07,1.734e-05
765,100,100,1,6.77e-05,0.9805,0.0002694,0.0001541,0.0001432,0.01897
766,100,100,1,1.067e-05,0.999,4e-05,3.3e-05,6.9e-06,0.000983
767,100,100,1,3.85e-05,1.0,4.053e-05,1.82e-05,1.35e-05,0.0001024
768,100,100,1,1.377e-05,1.0,1.5e-05,7.7e-06,4.8e-06,3.904e-05
769,100,2000,0,0.0001557,0.265,0.0002054,0.0002337,0.00017,0.7344
770,100,100,1,6e-07,0.9995,4.1e-06,1.97e-06,9.5e-07,0.0006237
771,100,100,1,1.2e-06,1.0,1.25e-05,3.4e-06,1.5e-06,8.01e-05
772,100,100,1,7.47e-05,0.9956,0.0001318,0.0001415,0.00011057,0.003698
773,100,100,1,1.21e-05,0.999,7.594e-05,1.57e-05,1.17e-05,0.0007834
774,100,100,1,0.0004244,0.972,0.002542,0.000523,0.000607,0.02393
775,100,100,1,8.3e-07,1.0,3.3e-06,1.25e-06,6.6e-07,0.0001061
776,100,100,1,9.8e-06,0.999,2.086e-05,1.49e-05,1.18e-05,0.0007334
777,100,100,1,0.0001984,0.794,0.001791,0.000771,0.001113,0.202
778,100,100,1,9.5e-07,1.0,1.43e-06,6.6e-07,3e-07,1.395e-05
779,100,100,1,9.95e-06,1.0,2.29e-05,2.17e-05,5.96e-06,0.0001588
780,100,100,1,0.00011235,0.9863,0.0002296,0.0001434,0.00011957,0.01316
781,100,100,1,2.15e-06,0.999,2.56e-06,2.3e-06,9.5e-07,0.0009475
782,100,100,1,9.2e-06,1.0,2.867e-05,8.34e-06,3.93e-06,6.82e-05
783,100,100,1,5.05e-05,0.999,8.94e-05,4.184e-05,3.01e-05,0.00069
784,100,100,1,3.695e-05,0.999,0.0002751,6.52e-05,4.095e-05,0.0006385
785,100,100,1,0.0001253,0.997,0.000587,0.0002152,0.0002269,0.001627
786,100,100,1,2.95e-05,1.0,2.55e-05,9.66e-06,4.5e-06,5.406e-05
787,100,100,1,0.0001345,0.9917,0.0005445,0.0002823,0.0001899,0.007133
788,100,100,1,8.774e-05,0.997,0.0008106,0.0001633,0.0001627,0.001794
789,100,100,1,0.0001587,0.9995,4.87e-05,2.027e-05,9.66e-06,0.0002055
790,100,100,1,3.046e-05,1.0,2.43e-05,1.097e-05,6.8e-06,8.535e-05
791,100,100,1,7.41e-05,0.965,0.0002326,0.0001022,8.863e-05,0.03485
792,100,100,1,5.27e-05,0.997,0.000291,0.0001075,7.43e-05,0.002476
793,100,100,1,5.4e-07,1.0,1.43e-06,5e-07,3e-07,6.28e-05
794,100,100,1,1.115e-05,0.997,3.123e-05,2.223e-05,1.4e-05,0.002937
795,100,100,1,8.09e-05,0.901,0.0002453,0.0003095,0.0003083,0.09796
796,100,100,1,8.3e-07,1.0,2.4e-06,9.5e-07,4e-07,1.99e-05
797,100,100,1,5.7e-06,1.0,1.156e-05,5.8e-06,2.9e-06,0.0001891
798,100,100,1,5.52e-05,0.985,0.0004742,0.0001242,0.0001348,0.014206
799,100,100,1,6.634e-05,0.962,0.0002064,0.0001385,0.0001124,0.0376
800,100,100,1,4.286e-05,0.999,0.000127,8.506e-05,3.874e-05,0.000769
801,100,100,1,5.5e-05,0.999,0.0003102,3.53e-05,2.72e-05,0.0004041
802,100,100,1,5.4e-06,0.999,3.51e-05,7.15e-06,4.3e-06,0.0007253
803,100,100,1,3.69e-05,0.999,0.0001122,3.815e-05,2.587e-05,0.000671
804,100,100,1,1.15e-05,0.999,5.55e-05,1.79e-05,1.09e-05,0.000814
805,100,100,1,1.89e-05,0.9956,0.0004246,0.0002146,0.0001339,0.003517
806,100,100,1,0.0004783,0.948,0.0005245,0.0007195,0.0005183,0.04974
807,100,100,1,0.0001557,0.9985,0.000968,8.86e-05,3.785e-05,0.0004363
808,100,100,1,0.00011235,0.999,0.0003736,3.67e-05,4.715e-05,0.000256
809,100,100,1,0.0001351,0.9985,8.756e-05,6.646e-05,4.14e-05,0.001374
810,100,100,1,5.75e-05,0.9985,7.39e-05,5.3e-05,3.37e-05,0.001053
811,100,100,1,1.484e-05,0.9985,4.286e-05,3.84e-05,2.32e-05,0.001588
812,100,100,1,1.03e-05,0.9995,2.587e-05,1.77e-05,1e-05,0.0003972
813,100,100,1,9.06e-06,1.0,8.6e-06,7.15e-06,4.23e-06,0.0001724
814,100,2000,0,0.0002527,0.3057,0.0009456,0.000309,0.0002797,0.693
815,100,100,1,7.3e-05,0.9985,5.53e-05,3.564e-05,2.47e-05,0.001132
816,100,100,1,0.000659,0.9136,0.002136,0.001097,0.000997,0.08154
817,100,100,1,1.43e-06,1.0,1.127e-05,3.4e-06,1.3e-06,0.0001062
818,100,100,1,3.8e-06,0.9937,2.265e-05,1.41e-05,7.75e-06,0.00651
819,100,100,1,2.366e-05,0.9995,1.055e-05,8.6e-06,4.1e-06,0.000446
820,100,100,1,1.48e-05,1.0,1.585e-05,3.76e-06,2.56e-06,6.56e-05
821,100,100,1,6.6e-07,1.0,5e-07,3e-07,2e-07,1.8e-05
822,100,100,1,5.347e-05,0.998,5.144e-05,5.93e-05,2.68e-05,0.001751
823,100,100,1,2.11e-05,0.9966,8.005e-05,5.25e-05,3.18e-05,0.003101
824,100,100,1,6.604e-05,0.9995,0.0001398,4.363e-05,3.05e-05,0.0001451
825,100,100,1,5.2e-06,0.9985,3.91e-05,2.95e-05,1.48e-05,0.001167
826,100,100,1,4.536e-05,0.8784,0.0001993,0.0001105,0.0001373,0.1212
827,100,100,1,2.563e-05,0.9966,0.0001452,5.08e-05,3.123e-05,0.003376
828,100,100,1,1.9e-05,0.999,1.454e-05,1e-05,1.025e-05,0.0007606
829,100,100,1,7.87e-06,1.0,9e-06,5.4e-06,2.9e-06,4.923e-05
830,100,100,1,1.55e-06,1.0,2e-06,1.1e-06,5e-07,7.2e-05
831,100,100,1,0.0002424,0.5454,0.0005274,0.001035,0.000608,0.4521
832,100,100,1,1.01e-05,0.9995,1.705e-05,1.04e-05,3e-06,0.000466
833,100,100,1,0.0001036,0.9873,0.001341,0.0001682,0.0001591,0.011086
834,100,100,1,7.8e-05,0.9995,3.37e-05,4.03e-05,2.08e-05,0.0002224
835,100,100,1,7.04e-05,0.999,0.0001389,2.91e-05,2.19e-05,0.000638
836,100,100,1,6.3e-05,1.0,3.22e-05,2.15e-05,9.9e-06,9.2e-05
837,100,100,1,4.256e-05,0.996,0.0001426,9.686e-05,6.34e-05,0.00362
838,100,100,1,4.53e-06,1.0,1.2e-05,2.26e-06,1.2e-06,6.57e-05
839,100,100,1,0.0001882,0.9995,2.51e-05,1.776e-05,1.17e-05,2.307e-05
840,100,100,1,1.216e-05,1.0,1.94e-05,9.5e-06,6.85e-06,5.14e-05
841,100,100,1,0.0001649,0.9644,0.001285,0.000285,0.0003266,0.0335
842,100,100,1,2e-06,1.0,2.3e-06,1.1e-06,4e-07,6.94e-05
843,100,100,1,4.29e-05,0.9824,5.64e-05,8.03e-05,3.15e-05,0.01736
844,100,100,1,0.00824,0.971,0.004078,0.00252,0.00114,0.012924
845,100,100,1,1.18e-05,0.998,4.566e-05,2.986e-05,2.074e-05,0.00181
846,100,100,1,2.95e-05,0.9814,0.0003514,8.357e-05,7.01e-05,0.01805
847,100,100,1,9.83e-06,1.0,1.556e-05,9.54e-06,3.9e-06,0.0001242
848,100,100,1,5.73e-05,0.9927,0.0009747,0.0001286,0.00010353,0.006172
849,100,100,1,1.78e-05,0.997,0.0003114,4.196e-05,2.45e-05,0.002674
850,100,100,1,7.8e-06,1.0,2.12e-05,5.3e-06,3.76e-06,0.0001122
851,100,100,1,1.3e-05,0.976,9.08e-05,3.666e-05,1.62e-05,0.02368
852,100,100,1,1.38e-05,1.0,2.044e-05,1.3e-06,6.6e-07,1.11e-05
853,100,100,1,8e-05,0.992,0.0003617,0.0001521,0.0001382,0.00698
854,100,100,1,2.44e-05,0.9995,6.73e-05,1.377e-05,7.15e-06,0.0002573
855,100,100,1,3.16e-06,1.0,2.736e-05,4e-06,3.04e-06,0.0001402
856,100,100,1,5.5e-06,0.9995,6.914e-05,1.067e-05,6.6e-06,0.000196
857,100,100,1,2.14e-05,0.9995,6.753e-05,2.533e-05,1.574e-05,0.000412
858,100,100,1,0.0003905,0.9976,0.000924,0.0001899,0.0001091,0.000734
859,100,100,1,2.307e-05,0.9937,0.001067,0.0001255,6.497e-05,0.005093
860,100,100,1,3.463e-05,0.9995,3.69e-05,2.01e-05,1.42e-05,0.0004277
861,100,100,1,1.645e-05,0.999,8.22e-05,5.24e-05,2.426e-05,0.0009165
862,100,100,1,2.19e-05,0.999,0.0001715,2.74e-05,2.55e-05,0.0006814
863,100,100,1,0.002567,0.9956,0.000928,0.0001653,0.0001625,0.000461
864,100,100,1,9.54e-06,1.0,2.635e-05,4.8e-06,2.7e-06,0.0001012
865,100,100,1,0.000373,0.999,0.000329,3.046e-05,1.514e-05,0.0001987
866,100,100,1,2.01e-05,0.996,5.01e-05,2.056e-05,1.08e-05,0.00395
867,100,100,1,8.99e-05,0.988,0.0003848,0.0002792,0.0001911,0.01102
868,100,100,1,0.0005903,0.9966,0.001313,0.0002315,5.33e-05,0.001357
869,100,100,1,9.5e-07,1.0,3.4e-06,1.25e-06,5.4e-07,0.0001382
870,100,100,1,8.34e-06,0.999,4.727e-05,2.84e-05,1e-05,0.0008383
871,100,100,1,6.26e-06,1.0,7.75e-06,2.44e-06,9e-07,2.456e-05
872,100,100,1,2.235e-05,0.999,6.497e-05,5.263e-05,1.925e-05,0.0008645
873,100,100,1,0.000509,0.999,9.85e-05,5.63e-05,1.687e-05,7.09e-05
874,100,100,1,0.000218,0.9995,4.476e-05,2.59e-05,8.1e-06,0.0002059
875,100,100,1,0.002266,0.9917,0.001271,0.0004747,0.0003943,0.003778
876,100,100,1,6.97e-05,0.9995,5.43e-05,2.29e-05,1.27e-05,0.0002444
877,100,100,1,3.046e-05,0.996,0.0002127,7.033e-05,3.53e-05,0.003489
878,100,100,1,3.827e-05,0.9966,8.84e-05,4.16e-05,3.24e-05,0.003292
879,100,100,1,0.0002173,0.9136,0.005,0.0004582,0.0002868,0.0803
880,100,100,1,3.004e-05,0.9976,8.9e-05,4.554e-05,2.04e-05,0.00235
881,100,100,1,0.0001126,0.981,0.005077,0.0002038,0.0002112,0.01357
882,100,100,1,8e-07,1.0,1.13e-06,1.1e-06,3e-07,3.546e-05
883,100,100,1,1.115e-05,1.0,1.14e-05,5.3e-06,3e-06,8.506e-05
884,100,100,1,3.34e-06,1.0,3.7e-06,1.43e-06,6.6e-07,1.25e-05
885,100,100,1,0.0001127,0.9995,0.000292,2.34e-05,1.91e-05,0.0002618
886,100,100,1,4.536e-05,0.963,0.0001656,0.000111,9.143e-05,0.03683
887,100,100,1,0.0001289,0.998,0.000561,9.9e-05,7.3e-05,0.000869
888,100,100,1,1.99e-05,0.9995,3.344e-05,1.24e-05,9.7e-06,0.0006213
889,100,100,1,3.34e-06,0.999,2.97e-05,8.94e-06,7.45e-06,0.000867
890,100,100,1,3.34e-05,0.9995,0.0001932,2.36e-05,1.764e-05,0.0004022
891,100,100,1,2.86e-06,0.9995,1.41e-05,5.25e-06,3.46e-06,0.000538
892,100,100,1,0.0001663,0.9995,4.965e-05,1.717e-05,1e-05,0.000275
893,100,100,1,7.56e-05,0.9995,0.00011295,4.035e-05,3.475e-05,0.000226
894,100,100,1,0.0001656,0.9927,0.0004535,0.0002968,0.0001254,0.00608
895,100,100,1,2.6e-06,1.0,5.1e-06,4.23e-06,1.6e-06,0.0001732
896,100,100,1,3.517e-05,0.9995,3.266e-05,3.785e-05,1.156e-05,0.0001603
897,100,100,1,1.69e-05,1.0,1.264e-05,1.127e-05,7.1e-06,0.00013
898,100,100,1,4.13e-05,0.9995,2.426e-05,1.085e-05,6.2e-06,0.000494
899,100,100,1,3.225e-05,0.9775,0.0003414,9.25e-05,9.16e-05,0.02185
900,100,100,1,5.686e-05,0.998,0.0003464,8.55e-05,3.78e-05,0.001221
901,100,100,1,2.986e-05,1.0,1.764e-05,7.45e-06,5.66e-06,0.0001287
902,100,100,1,5.84e-06,0.9995,4.2e-05,1.097e-05,6.2e-06,0.0004
903,100,100,1,1.514e-05,0.998,8.07e-05,3.123e-05,2.07e-05,0.001659
904,100,100,1,3.84e-05,0.9995,5.6e-05,8.7e-06,6e-06,0.0001941
905,100,100,1,1.323e-05,0.9995,2.71e-05,1.33e-05,8.05e-06,0.0002097
906,100,100,1,2.29e-05,0.9995,0.000101,1.35e-05,9.1e-06,0.000493
907,100,100,1,4.375e-05,0.9995,7.6e-05,1.91e-05,1.365e-05,0.000404
908,100,100,1,6.086e-05,0.9995,7.933e-05,2.396e-05,2.01e-05,0.0002266
909,100,100,1,6.396e-05,0.9976,0.0001796,0.00011253,6.044e-05,0.002167
910,100,100,1,4.4e-06,0.9985,2.88e-05,1.746e-05,8.05e-06,0.001301
911,100,100,1,6.604e-05,0.967,0.001111,8.726e-05,0.00011474,0.03186
912,100,100,1,0.000206,0.6836,0.000975,0.0003498,0.000436,0.3142
913,100,100,1,1.05e-05,0.9995,2.885e-05,1.556e-05,8.76e-06,0.0003252
914,100,100,1,3.535e-05,0.999,0.0001457,4.727e-05,3.06e-05,0.000482
915,100,2000,0,0.0001595,0.177,0.002064,0.0003695,0.0004194,0.82
916,100,100,1,6.3e-06,0.9995,1.57e-05,1.204e-05,9.54e-06,0.0004778
917,100,100,1,6.56e-06,0.999,6.8e-06,3.6e-06,1.4e-06,0.0008526
918,100,100,1,1.6e-05,0.9966,3.326e-05,4.76e-05,1.65e-05,0.00316
919,100,100,1,3.046e-05,0.999,0.0001761,3.6e-05,2.474e-05,0.0005903
920,100,100,1,2.253e-05,0.9966,0.0001141,6.455e-05,2.855e-05,0.003227
921,100,100,1,2.223e-05,0.9995,4.57e-05,7.87e-06,7.9e-06,0.000173
922,100,100,1,6.52e-05,0.9985,0.0002245,4.613e-05,2.53e-05,0.001185
923,100,100,1,9.8e-05,0.5396,0.0004086,0.0002577,0.0002801,0.4595
924,100,100,1,3.28e-05,0.972,0.0001445,7.915e-05,7.18e-05,0.02731
925,100,100,1,9.7e-06,1.0,1.234e-05,7.1e-06,3.8e-06,7.904e-05
926,100,100,1,2.617e-05,1.0,5.3e-05,1.61e-05,8.7e-06,0.00011456
927,100,100,1,3.59e-05,0.9976,0.0001794,7.79e-05,2.426e-05,0.002346
928,100,100,1,0.0003116,0.9927,0.00063,0.0002687,0.0002134,0.005817
929,100,2000,0,0.0003724,0.4702,0.00241,0.001726,0.001853,0.5234
930,100,100,1,3.207e-05,0.9995,5.364e-05,3.994e-05,1.043e-05,0.000445
931,100,100,1,5.96e-06,0.999,0.000434,7.6e-06,7.15e-06,0.0007253
932,100,100,1,0.0001501,0.999,0.0003269,3.755e-05,3.076e-05,0.0003192
933,100,100,1,0.0001527,0.998,0.0001925,7.284e-05,8.047e-05,0.001246
934,100,100,1,0.0001519,0.995,0.001472,0.0002122,0.000158,0.003128
935,100,100,1,0.000193,0.9976,0.000226,0.0001334,7.963e-05,0.0017
936,100,100,1,2e-07,1.0,6e-08,0.0,0.0,5e-07
937,100,100,1,1.085e-05,0.9995,1.174e-05,1.08e-05,5.2e-06,0.0002596
938,100,100,1,2.14e-05,0.9995,2.91e-05,9.83e-06,5.36e-06,0.0005302
939,100,100,1,9.95e-05,0.986,0.001646,0.0001956,0.0001696,0.01195
940,100,100,1,0.001014,0.9663,0.001333,0.0010605,0.0009527,0.02943
941,100,100,1,4.315e-05,0.9795,0.000641,0.0001546,0.0001307,0.01959
942,100,100,1,4.61e-05,0.983,0.0003989,7.43e-05,6.2e-05,0.01639
943,100,2000,0,0.0001856,0.2162,0.001081,0.0003874,0.0005174,0.7817
944,100,100,1,5e-06,0.9995,2.235e-05,9.1e-06,3.34e-06,0.0003722
945,100,100,1,0.000682,0.9985,9.847e-05,8.255e-05,2.77e-05,0.0005155
946,100,100,1,0.0002935,0.999,0.00012,4.92e-05,2.47e-05,0.0003338
947,100,100,1,0.001025,0.9443,0.0008597,0.000677,0.0007,0.05225
948,100,100,1,0.0001411,0.992,0.000307,0.0001132,8.36e-05,0.007385
949,100,100,1,4.81e-05,0.9995,7.48e-05,2.223e-05,6.8e-06,0.000517
950,100,100,1,0.0001824,0.992,0.0003781,0.0001563,0.0001266,0.007214
951,100,100,1,5.9e-06,0.999,3.326e-05,1.26e-05,3.5e-06,0.000739
952,100,100,1,0.0001811,0.9565,0.01162,0.0003443,0.0002713,0.03082
953,100,100,1,1.28e-05,0.9995,0.00010914,9.3e-06,5.66e-06,0.0003855
954,100,100,1,8.05e-05,0.999,6.29e-05,5.57e-05,3.35e-05,0.0005946
955,100,100,1,0.0001354,0.999,4.69e-05,3.73e-05,1.9e-05,0.0004973
956,100,100,1,0.0001677,0.999,0.000533,4.17e-05,2.36e-05,0.0001938
957,100,100,1,4.506e-05,0.948,0.0001764,0.0001806,9.686e-05,0.05106
958,100,100,1,4.9e-06,0.9995,3.16e-05,9.5e-06,5e-06,0.0002371
959,100,100,1,1.657e-05,0.9995,0.0001497,2.426e-05,2.04e-05,0.0004597
960,100,100,1,4.05e-06,0.9985,1.866e-05,8.2e-06,5.36e-06,0.001579
961,100,2000,0,0.00108,0.3882,0.002817,0.001565,0.001555,0.605
962,100,100,1,1.985e-05,1.0,2.6e-06,3.93e-06,1.3e-06,5.007e-05
963,100,100,1,1.33e-05,0.9985,0.0002828,2.223e-05,1.24e-05,0.001155
964,100,100,1,0.0001061,0.988,0.0004065,0.0001496,0.0001502,0.01142
965,100,100,1,0.0001649,0.994,0.0002325,0.0001984,0.000141,0.004894
966,100,100,1,0.0001546,0.9985,0.0001427,0.0001197,4.464e-05,0.000795
967,100,100,1,0.0001017,0.998,0.0003216,6.133e-05,3.88e-05,0.001667
968,100,100,1,1.097e-05,0.998,0.0002247,2.47e-05,1.49e-05,0.001876
969,100,2000,0,0.0001236,0.1232,0.001213,0.0004418,0.00105,0.874
970,100,100,1,0.0001064,0.977,0.0007772,0.000303,0.0003316,0.02148
971,100,100,1,0.0001982,0.9995,0.0001198,2.784e-05,1.36e-05,0.0001427
972,100,100,1,6.527e-05,0.9937,0.0002016,0.0001159,9.2e-05,0.00581
973,100,100,1,6.77e-05,0.999,0.0001432,2.474e-05,1.75e-05,0.000503
974,100,2000,0,0.0002878,0.2291,0.0006742,0.0003386,0.0004869,0.769
975,100,100,1,2.27e-05,0.9854,0.0001473,4.94e-05,4.2e-05,0.01417
976,100,100,1,0.003315,0.78,0.00224,0.00131,0.0007086,0.2124
977,100,100,1,3.356e-05,0.9844,0.0001733,0.00012195,8.65e-05,0.01507
978,100,100,1,0.000163,0.993,0.0001708,7.04e-05,4.37e-05,0.006554
979,100,100,1,1.96e-05,0.9995,4.55e-05,3.15e-05,1.82e-05,0.000181
980,100,100,1,1.32e-05,0.997,3.88e-05,1.526e-05,1.02e-05,0.002792
981,100,100,1,0.0001456,0.97,0.000391,0.0002385,0.0001974,0.0289
982,100,100,1,0.001606,0.9907,0.001163,0.002016,0.001576,0.002806
983,100,100,1,0.0004935,0.9976,0.0007496,4.24e-05,2.563e-05,0.001138
984,100,100,1,1.61e-05,0.998,6.68e-05,4.08e-05,3.2e-05,0.002008
985,100,2000,0,0.007355,0.3074,0.02063,0.003626,0.00928,0.652
986,100,100,1,1.88e-05,0.9995,9.57e-05,1.29e-05,7.87e-06,0.0001906
987,100,2000,0,0.00076,0.493,0.001379,0.0007157,0.0003705,0.504
988,100,100,1,0.003664,0.9844,0.000675,0.0008717,0.0007844,0.009575
989,100,100,1,5.84e-06,0.9995,4.77e-06,9.5e-06,3.16e-06,0.0004032
990,100,100,1,9.8e-06,0.999,7.844e-05,1.824e-05,1.156e-05,0.00076
991,100,100,1,8.7e-06,1.0,4.9e-06,3.2e-06,1.85e-06,5.11e-05
992,100,100,1,5e-07,1.0,4.9e-06,9e-07,5.4e-07,4.19e-05
993,100,100,1,0.0001033,0.9634,0.00088,0.0002663,0.000237,0.03488
994,100,100,1,4.464e-05,1.0,5.5e-06,6.4e-06,2.56e-06,3.433e-05
995,100,100,1,3.44e-05,0.998,7.766e-05,2.24e-05,1.556e-05,0.001777
996,100,100,1,2.74e-06,0.9995,2.68e-05,4.1e-06,2.56e-06,0.0002383
997,100,100,1,4.8e-06,1.0,2.8e-06,3.1e-06,1.1e-06,7.427e-05
998,100,100,1,3.61e-05,0.986,0.0001596,0.00010186,6.276e-05,0.013954
999,100,100,1,7.33e-06,0.9985,4.69e-05,1.115e-05,6.7e-06,0.001481
1000,1000,1500,0,2.39e-05,2.15e-05,0.00169,0.1632,0.835,3.92e-05
1001,1000,1500,0,0.0002257,9.58e-05,0.002178,0.4482,0.5493,0.0001268
1002,1000,1500,0,0.001073,0.00011826,0.0949,0.4404,0.4634,8.13e-05
1003,1000,1500,0,5.51e-05,2.09e-05,0.003122,0.189,0.8076,3.314e-05
1004,1000,1000,1,0.0001207,6.85e-05,0.001024,0.7646,0.2341,7e-05
1005,1000,1000,1,0.0006175,0.0001876,0.00372,0.8833,0.1119,0.0001312
1006,1000,1000,1,0.001082,0.0005736,0.0327,0.566,0.3992,0.0004563
1007,1000,1500,0,8.41e-05,6.56e-05,0.00407,0.2383,0.7573,9.44e-05
1008,1000,1000,1,0.00041,0.0002792,0.10785,0.644,0.247,0.0003452
1009,1000,1000,1,0.000292,0.0002847,0.008194,0.945,0.04614,0.000153
1010,1000,1500,0,7.546e-05,5.853e-05,0.01796,0.264,0.718,0.0002875
1011,1000,1000,1,0.001204,0.000554,0.01045,0.499,0.4885,0.0003593
1012,1000,1000,1,0.0002035,0.0001639,0.1547,0.478,0.3667,0.0003335
1013,1000,1500,0,0.0001609,4.935e-05,0.00258,0.3848,0.6123,9.114e-05
1014,1000,1000,1,0.003439,0.001791,0.2996,0.5728,0.1222,0.000423
1015,1000,1500,0,0.0002367,0.0001243,0.003338,0.2042,0.792,0.0001255
1016,1000,1500,0,0.0005937,0.0002235,0.00402,0.426,0.569,0.0002055
1017,1000,1000,1,6.735e-05,4.29e-05,0.007545,0.5664,0.4258,4.06e-05
1018,1000,500,0,0.004303,0.000313,0.3748,0.2522,0.3682,0.000286
1019,1000,1000,1,0.001187,0.0002532,0.006832,0.5786,0.4128,0.0002038
1020,1000,1500,0,0.006172,0.0001361,0.007935,0.1418,0.8438,7.62e-05
1021,1000,1500,0,0.001541,0.0001763,0.317,0.138,0.543,0.0003498
1022,1000,1000,1,0.0001706,0.0002118,0.0414,0.6084,0.3494,0.000323
1023,1000,1000,1,0.0008707,0.0006547,0.0753,0.6045,0.3174,0.001375
1024,1000,500,0,0.0005565,0.0001664,0.652,0.1469,0.2,0.0004308
1025,1000,500,0,0.000556,0.0001234,0.7227,0.0376,0.2388,0.0001808
1026,1000,500,0,0.00757,0.000828,0.5884,0.1449,0.2576,0.0008407
1027,1000,1000,1,0.012146,0.003485,0.02133,0.7295,0.2313,0.002148
1028,1000,1000,1,4.69e-05,2.09e-05,0.0008516,0.53,0.4692,2.855e-05
1029,1000,1000,1,0.001653,0.0007567,0.04102,0.812,0.1442,0.000417
1030,1000,1000,1,0.00909,0.001605,0.02885,0.5347,0.4248,0.001013
1031,1000,1000,1,7.59e-05,7.13e-05,0.007668,0.6504,0.3416,0.0001157
1032,1000,1000,1,0.001517,0.0008936,0.4692,0.485,0.04205,0.001031
1033,1000,1500,0,4.16e-05,3.45e-05,0.001991,0.2046,0.7935,5.18e-05
1034,1000,1500,0,0.0003295,0.0001177,0.0173,0.2898,0.6924,0.0001653
1035,1000,1500,0,0.01507,0.000692,0.3647,0.172,0.4468,0.0007596
1036,1000,1500,0,0.0002146,0.0001537,0.008385,0.3806,0.6104,0.0001608
1037,1000,1500,0,4.673e-05,6.69e-05,0.00861,0.1774,0.814,7.15e-05
1038,1000,1500,0,0.001067,0.00046,0.00803,0.2345,0.7554,0.0004227
1039,1000,1500,0,0.000504,9.15e-05,0.00897,0.05487,0.9355,9.35e-05
1040,1000,1500,0,2.32e-05,2.47e-05,0.001229,0.4653,0.533,4.04e-05
1041,1000,1500,0,7.86e-05,1.323e-05,0.001352,0.1004,0.898,1.31e-05
1042,1000,1500,0,0.0001239,5.966e-05,0.00622,0.3315,0.662,3.713e-05
1043,1000,1000,1,0.000144,0.0001369,0.137,0.6245,0.238,0.0001647
1044,1000,1000,1,0.00634,0.00129,0.3152,0.434,0.2421,0.00106
1045,1000,1000,1,0.000669,0.0007067,0.2239,0.6,0.174,0.000669
1046,1000,500,0,0.002226,0.0002357,0.608,0.0659,0.323,0.000551
1047,1000,500,0,0.04004,0.0003762,0.9033,0.0449,0.0114,0.0001398
1048,1000,500,0,0.002234,0.000635,0.3657,0.3613,0.2695,0.00051
1049,1000,500,0,0.002459,0.0005636,0.3362,0.331,0.329,0.0008173
1050,1000,1000,1,0.000991,0.0004,0.0683,0.635,0.2952,0.0003803
1051,1000,1000,1,0.003845,0.000503,0.005524,0.815,0.1749,0.0002129
1052,1000,1500,0,0.0002313,0.00010103,0.02899,0.39,0.5806,0.0001785
1053,1000,1000,1,5.57e-05,7.76e-05,0.008026,0.654,0.338,0.0001478
1054,1000,1000,1,0.0002215,0.0005426,0.4485,0.5327,0.01727,0.0009656
1055,1000,1000,1,9.95e-05,6.74e-05,0.002493,0.833,0.1641,0.0001184
1056,1000,1000,1,0.000742,0.0003338,0.002373,0.9185,0.07794,0.0003092
1057,1000,1000,1,0.000236,0.0003831,0.07623,0.6714,0.2515,0.0004368
1058,1000,1000,1,0.0727,0.002802,0.1018,0.7725,0.04922,0.001207
1059,1000,1000,1,0.0001872,9.69e-05,0.0109,0.6,0.389,9.69e-05
1060,1000,1000,1,0.0002384,0.0002325,0.01826,0.6196,0.3608,0.000535
1061,1000,1000,1,0.0001945,0.0002167,0.01685,0.6636,0.3186,0.0004427
1062,1000,1500,0,0.0002252,5.65e-05,0.00599,0.3196,0.674,6.06e-05
1063,1000,1000,1,0.0001266,0.0002422,0.03293,0.6387,0.328,0.000267
1064,1000,1000,1,0.0001172,0.0002353,0.01648,0.9277,0.05518,0.0003352
1065,1000,1500,0,0.001813,0.0004208,0.005493,0.4333,0.5586,0.0001827
1066,1000,1500,0,0.00010747,5.33e-05,0.002998,0.2357,0.761,4.74e-05
1067,1000,1500,0,2.63e-05,1.81e-05,0.001061,0.2703,0.7285,2.23e-05
1068,1000,1500,0,5.746e-05,2.915e-05,0.0009456,0.4868,0.512,0.0001249
1069,1000,1500,0,0.000977,8.56e-05,0.007965,0.374,0.6167,6.825e-05
1070,1000,1000,1,0.0001771,0.0002292,0.0793,0.6187,0.3015,0.0003128
1071,1000,1500,0,0.0001158,7.07e-05,0.006565,0.3943,0.599,5.54e-05
1072,1000,1500,0,0.002733,0.001027,0.3416,0.09784,0.5557,0.001325
1073,1000,500,0,0.002602,0.01637,0.53,0.2988,0.1489,0.003515
1074,1000,1000,1,0.0005894,0.0002763,0.0165,0.941,0.04175,0.0001967
1075,1000,1500,0,0.0005636,5.376e-05,0.01656,0.09894,0.884,8.696e-05
1076,1000,1000,1,0.0001684,0.0002311,0.00232,0.8086,0.1884,8.91e-05
1077,1000,1500,0,7.844e-05,3.59e-05,0.002724,0.2063,0.791,9.423e-05
1078,1000,1500,0,0.001573,0.00021,0.02538,0.2144,0.7583,0.0001484
1079,1000,1500,0,7.4e-05,5.21e-05,0.01471,0.484,0.501,0.0001014
1080,1000,1500,0,1.675e-05,1.92e-05,0.00199,0.386,0.612,8.15e-05
1081,1000,1500,0,0.000465,0.0003278,0.03168,0.4553,0.5117,0.000476
1082,1000,1000,1,0.0004635,0.000578,0.1542,0.713,0.1316,0.000612
1083,1000,1000,1,0.000661,0.0007133,0.2428,0.655,0.10046,0.0004394
1084,1000,1000,1,0.00011814,7.38e-05,0.00338,0.8267,0.1696,0.0001071
1085,1000,1500,0,0.0001379,0.0002297,0.02235,0.4827,0.4941,0.0003421
1086,1000,1500,0,0.0001168,4.62e-05,0.003653,0.1525,0.8438,7.2e-05
1087,1000,1500,0,8.404e-05,5.27e-05,0.001634,0.2954,0.7026,7.87e-05
1088,1000,1500,0,8.16e-05,2.64e-05,0.003464,0.2172,0.7793,2.53e-05
1089,1000,1500,0,0.00846,0.0008335,0.00804,0.2394,0.743,0.0002042
1090,1000,1500,0,9.537e-05,0.0001503,0.02213,0.1849,0.7925,0.0002875
1091,1000,1500,0,0.0003912,5.054e-05,0.01778,0.08765,0.894,4.84e-05
1092,1000,1500,0,0.001098,0.000584,0.01559,0.2908,0.691,0.0008464
1093,1000,1500,0,0.007698,0.000774,0.01017,0.2142,0.7666,0.0004127
1094,1000,1500,0,0.001756,0.00102,0.1912,0.2467,0.556,0.00341
1095,1000,1500,0,0.000643,0.0001029,0.06256,0.1094,0.827,0.0001091
1096,1000,1500,0,0.0006905,7.87e-05,0.04282,0.08124,0.875,0.0001184
1097,1000,1000,1,0.0004513,0.0003982,0.1353,0.4854,0.378,0.0006866
1098,1000,1500,0,0.001306,0.0003605,0.00858,0.2244,0.765,0.0004022
1099,1000,500,0,0.001256,0.0001369,0.4426,0.2847,0.2712,0.0001305
1100,1000,500,0,0.007645,0.001167,0.5073,0.1743,0.3088,0.0005474
1101,1000,1500,0,0.0001144,4.506e-05,0.002563,0.1873,0.81,5.853e-05
1102,1000,500,0,0.0005116,0.0004065,0.942,0.04846,0.00833,0.0004733
1103,1000,1500,0,3.08e-05,1.76e-05,0.00915,0.476,0.5146,5.615e-05
1104,1000,1500,0,0.0002503,0.00010514,0.0054,0.4883,0.506,8.89e-05
1105,1000,1000,1,0.002337,0.001482,0.2225,0.648,0.1248,0.001072
1106,1000,500,0,0.001251,0.0001258,0.917,0.04202,0.03943,0.0001467
1107,1000,1500,0,0.0006084,0.0003157,0.02333,0.3108,0.6646,0.0001975
1108,1000,1500,0,8.75e-05,2.99e-05,0.004074,0.2125,0.783,3.41e-05
1109,1000,1500,0,0.0004106,0.0001233,0.01502,0.1414,0.843,0.0001245
1110,1000,1000,1,0.0004313,0.00012094,0.005272,0.576,0.4182,7.11e-05
1111,1000,1500,0,0.0002658,0.0001224,0.1111,0.3877,0.5005,0.0001471
1112,1000,1000,1,8.214e-05,5.25e-05,0.012726,0.6143,0.3726,0.000207
1113,1000,500,0,0.0014,0.000139,0.8145,0.1471,0.03677,0.0001596
1114,1000,1000,1,0.0001974,0.0001537,0.006393,0.6226,0.3704,0.0002854
1115,1000,1000,1,0.0005593,0.0003633,0.10156,0.834,0.0635,0.0002487
1116,1000,1000,1,0.00149,0.000398,0.1125,0.685,0.2002,0.0003512
1117,1000,1500,0,0.0001199,2.694e-05,0.0195,0.1526,0.8276,3.88e-05
1118,1000,1500,0,5.93e-05,2.11e-05,0.02959,0.04974,0.9204,8.04e-05
1119,1000,500,0,0.0005436,0.0001383,0.966,0.02144,0.01189,0.000245
1120,1000,500,0,0.0009413,0.0008965,0.5,0.398,0.0996,0.000546
1121,1000,1000,1,0.0005803,0.000503,0.09875,0.851,0.04846,0.0004718
1122,1000,1000,1,0.0207,0.000831,0.198,0.6826,0.0971,0.000568
1123,1000,1000,1,0.0006695,0.000369,0.0442,0.845,0.1094,0.0002792
1124,1000,1000,1,0.0001441,0.0001374,0.01345,0.798,0.1884,0.0001928
1125,1000,1000,1,5.776e-05,4.79e-05,0.00961,0.6475,0.3425,0.0001453
1126,1000,1500,0,0.01432,0.000191,0.1482,0.1159,0.721,0.0001851
1127,1000,1500,0,0.0001523,5.59e-05,0.0144,0.2996,0.6855,6.616e-05
1128,1000,1000,1,0.0003111,0.0001876,0.02837,0.689,0.2817,0.0002012
1129,1000,1000,1,0.0001731,8.79e-05,0.006622,0.9077,0.0854,6.914e-05
1130,1000,500,0,9.423e-05,0.0001106,0.8354,0.1111,0.0529,0.000407
1131,1000,500,0,0.000218,5.007e-05,0.685,0.05667,0.258,8.965e-05
1132,1000,1000,1,0.0004146,0.0002068,0.0162,0.6025,0.3806,0.000228
1133,1000,1500,0,0.0001197,1.98e-05,0.00739,0.09564,0.897,1.86e-05
1134,1000,1500,0,0.0005307,0.00012034,0.0753,0.2969,0.627,0.0001953
1135,1000,500,0,0.02127,0.0001158,0.9756,0.001082,0.001738,5.79e-05
1136,1000,500,0,0.001976,6.634e-05,0.9966,0.0007944,0.0006866,4.214e-05
1137,1000,1000,1,0.001002,0.001002,0.0763,0.754,0.166,0.001627
1138,1000,1000,1,0.001391,0.000692,0.1809,0.6562,0.1599,0.00065
1139,1000,1000,1,0.0005956,0.0004256,0.01863,0.6377,0.342,0.0005465
1140,1000,1000,1,7.665e-05,0.0001003,0.00824,0.9395,0.05188,0.0002426
1141,1000,1000,1,3.16e-05,3.35e-05,0.004417,0.5615,0.4338,3.53e-05
1142,1000,1000,1,0.0003428,0.000528,0.4019,0.5645,0.03247,0.000581
1143,1000,500,0,0.0695,0.00398,0.5015,0.3445,0.0798,0.0008793
1144,1000,0,0,0.976,0.001582,0.004,0.01267,0.005527,0.0001892
1145,1000,1500,0,0.000555,0.000283,0.0234,0.4526,0.523,0.0003593
1146,1000,1500,0,0.0003312,6.48e-05,0.015114,0.3076,0.677,1.77e-05
1147,1000,1000,1,0.00533,0.000732,0.1873,0.6616,0.1448,0.0004535
1148,1000,1000,1,0.0001009,6.39e-05,0.2489,0.553,0.1974,0.00011826
1149,1000,1000,1,0.0005,0.0004501,0.1404,0.5215,0.336,0.001141
1150,1000,1000,1,0.0001861,8.21e-05,0.013855,0.532,0.4534,0.0001271
1151,1000,500,0,0.0001465,0.0001454,0.6147,0.2766,0.1083,0.0001121
1152,1000,1000,1,0.0005736,0.0002463,0.0735,0.709,0.2166,0.000377
1153,1000,1500,0,0.0004973,0.0002168,0.05524,0.2323,0.7114,0.0004992
1154,1000,1500,0,0.002869,0.0002809,0.1028,0.1472,0.7466,0.000465
1155,1000,1500,0,0.0002378,0.0002247,0.06946,0.3252,0.604,0.0007663
1156,1000,1000,1,0.00115,0.0004811,0.1316,0.7754,0.0912,0.0002954
1157,1000,1500,0,0.000336,6.914e-05,0.01232,0.1654,0.822,5.45e-05
1158,1000,500,0,0.000853,2.55e-05,0.9893,0.001193,0.00882,4.363e-05
1159,1000,1000,1,0.005226,0.0004992,0.02388,0.671,0.2993,0.0003326
1160,1000,1500,0,0.001191,0.000629,0.05188,0.3643,0.581,0.001041
1161,1000,1000,1,0.001127,0.0002277,0.04904,0.549,0.4006,0.0002123
1162,1000,500,0,0.001483,0.000613,0.733,0.2031,0.0612,0.000598
1163,1000,1500,0,0.000575,0.000236,0.03026,0.401,0.568,0.0002431
1164,1000,1000,1,0.000987,0.0002073,0.0871,0.695,0.2169,0.0001887
1165,1000,1500,0,3.576e-05,2.897e-05,0.004505,0.493,0.5024,7.47e-05
1166,1000,1500,0,0.0004873,0.0001988,0.0215,0.4707,0.507,0.0002484
1167,1000,1500,0,0.0001515,0.0002558,0.010864,0.326,0.6597,0.002916
1168,1000,1000,1,0.000602,0.0001388,0.003056,0.9688,0.02716,9.17e-05
1169,1000,1000,1,0.000271,7.325e-05,0.001044,0.9805,0.01817,4.23e-05
1170,1000,1500,0,0.0004845,0.00010896,0.003803,0.3445,0.651,9.805e-05
1171,1000,1000,1,0.0001386,0.0001887,0.0013485,0.714,0.2822,0.002169
1172,1000,1000,1,0.001243,0.0006094,0.04205,0.8906,0.0651,0.0005193
1173,1000,1500,0,0.000345,4.727e-05,0.003859,0.11584,0.88,3.81e-05
1174,1000,1500,0,3.415e-05,4.286e-05,0.001353,0.4324,0.566,9.68e-05
1175,1000,1500,0,6.47e-05,5.75e-05,0.007664,0.4922,0.5,0.0001194
1176,1000,1500,0,0.0002297,0.0001432,0.002369,0.4204,0.5767,0.000204
1177,1000,1500,0,0.0001336,8.154e-05,0.008965,0.3127,0.6777,0.0001687
1178,1000,1500,0,0.0002198,2.784e-05,0.03604,0.1091,0.8545,7.26e-05
1179,1000,1500,0,0.000974,0.0001168,0.11804,0.1718,0.709,0.0001835
1180,1000,500,0,0.003126,0.000442,0.6997,0.2101,0.08606,0.0003796
1181,1000,1500,0,0.001687,0.0003786,0.3862,0.1895,0.4219,0.0003693
1182,1000,500,0,0.00437,0.000785,0.678,0.1927,0.1231,0.0009465
1183,1000,1000,1,0.000635,0.0002491,0.07996,0.6787,0.2401,0.0001763
1184,1000,1000,1,0.02135,0.002705,0.344,0.4443,0.185,0.002684
1185,1000,1000,1,0.0001655,0.0001498,0.01074,0.5376,0.451,0.000316
1186,1000,1500,0,0.001597,0.0005198,0.1218,0.3484,0.5273,0.000489
1187,1000,1000,1,0.0004048,0.0001351,0.01869,0.664,0.3167,0.0001668
1188,1000,1000,1,9.7e-06,4.23e-06,9.77e-05,0.999,0.0006723,1.3e-06
1189,1000,1000,1,0.0003371,0.0002241,0.001534,0.9717,0.026,0.0001133
1190,1000,1000,1,3.8e-06,5.36e-06,0.0001924,0.9644,0.03528,1.395e-05
1191,1000,1000,1,0.000107,4.63e-05,0.0001663,0.992,0.00757,0.00011104
1192,1000,1000,1,2.2e-05,1.71e-05,0.000939,0.8364,0.1627,1.794e-05
1193,1000,1000,1,4.7e-06,5.7e-06,5.746e-05,0.989,0.01122,7.3e-06
1194,1000,1000,1,6.175e-05,6.664e-05,0.0003352,0.995,0.00443,6.09e-05
1195,1000,1000,1,5e-05,3.31e-05,0.00959,0.94,0.0505,4.417e-05
1196,1000,1000,1,0.0004308,0.0002978,0.00816,0.8003,0.1902,0.000497
1197,1000,1000,1,8.52e-05,5.07e-05,0.003168,0.6675,0.329,8.32e-05
1198,1000,1000,1,6.68e-05,3.83e-05,0.00202,0.506,0.4922,6.217e-05
1199,1000,1000,1,0.00010455,4.52e-05,0.0003905,0.9946,0.00492,1.82e-05
1200,1000,1000,1,0.0004828,0.0002128,0.002504,0.9897,0.006718,0.00011957
1201,1000,1000,1,7.457e-05,6.884e-05,0.008446,0.977,0.01401,0.0001322
1202,1000,1000,1,0.000804,0.000513,0.02177,0.572,0.4045,0.0008297
1203,1000,1000,1,0.000536,0.0009,0.014725,0.9106,0.06934,0.003897
1204,1000,1000,1,3.797e-05,3.61e-05,0.001893,0.923,0.0753,0.000111
1205,1000,1000,1,0.0001385,0.0001764,0.04752,0.5137,0.4377,0.0004
1206,1000,1500,0,0.0001711,5.11e-05,0.00961,0.321,0.669,8.684e-05
1207,1000,1500,0,0.0003588,7.594e-05,0.03577,0.301,0.6626,0.00010896
1208,1000,1000,1,9.555e-05,4.506e-05,0.003176,0.6113,0.3855,6.16e-05
1209,1000,1500,0,2.38e-05,3.6e-05,0.002169,0.2896,0.708,8.67e-05
1210,1000,1500,0,0.0008802,0.0003107,0.0669,0.3296,0.6016,0.000606
1211,1000,1000,1,0.00474,0.000619,0.1081,0.5337,0.352,0.00079
1212,1000,1500,0,0.001008,0.000295,0.1602,0.3274,0.5107,0.0002854
1213,1000,1500,0,0.0001498,0.00010157,0.00443,0.3167,0.678,0.0002403
1214,1000,1000,1,4.166e-05,0.0001503,0.00445,0.9536,0.0411,0.0004077
1215,1000,1500,0,8.03e-05,3.48e-05,0.00303,0.1842,0.8125,6e-05
1216,1000,1000,1,0.005493,0.002047,0.4175,0.504,0.06726,0.003944
1217,1000,1500,0,0.000132,5.823e-05,0.01559,0.428,0.556,0.000319
1218,1000,1000,1,0.0008163,0.0003462,0.02634,0.788,0.1832,0.000925
1219,1000,1500,0,0.0002009,5.865e-05,0.006054,0.2457,0.748,0.00012064
1220,1000,1500,0,0.0001564,0.00010216,0.178,0.2134,0.608,0.0004826
1221,1000,1000,1,0.0001726,0.00010824,0.007114,0.6196,0.3728,0.0002273
1222,1000,1500,0,2.885e-05,1.407e-05,0.001999,0.2097,0.788,3.35e-05
1223,1000,1500,0,0.0002635,0.0001135,0.01668,0.3567,0.626,0.0001985
1224,1000,1500,0,0.0007324,0.000128,0.02248,0.1622,0.814,0.0002396
1225,1000,1000,1,0.0001347,0.00013,0.01044,0.9336,0.05542,0.0001746
1226,1000,1000,1,0.002447,0.0007267,0.1,0.7754,0.12054,0.000803
1227,1000,1000,1,0.0002706,0.0003335,0.05243,0.5767,0.37,0.000381
1228,1000,500,0,0.004173,0.0001702,0.6514,0.1777,0.1664,0.00014
1229,1000,1500,0,8.55e-05,2.6e-05,0.001374,0.09863,0.9,3.636e-05
1230,1000,500,0,0.11896,0.002806,0.513,0.2935,0.069,0.002575
1231,1000,1500,0,1.174e-05,8.5e-06,0.002125,0.365,0.633,2.015e-05
1232,1000,1500,0,0.000544,0.000183,0.01682,0.4575,0.5244,0.0002542
1233,1000,1500,0,0.00174,0.0003085,0.2206,0.2311,0.546,0.0004086
1234,1000,1500,0,0.000227,0.0001126,0.02644,0.335,0.638,4.005e-05
1235,1000,1500,0,8.13e-05,1.43e-05,0.0026,0.05927,0.938,1.73e-05
1236,1000,1500,0,0.0002241,9.793e-05,0.01354,0.1896,0.7964,0.0001354
1237,1000,1500,0,0.002537,0.0004733,0.03525,0.2559,0.7056,0.0004194
1238,1000,500,0,0.0008297,0.0002195,0.633,0.03348,0.3323,0.0003982
1239,1000,1500,0,9.537e-05,9.686e-05,0.0276,0.2866,0.6846,0.0009203
1240,1000,1500,0,4.303e-05,7.75e-06,0.000641,0.1179,0.8813,7.33e-06
1241,1000,1500,0,5.47e-05,2.795e-05,0.003464,0.2185,0.778,4.095e-05
1242,1000,1500,0,3.3e-05,6.56e-06,0.0009465,0.0835,0.9155,6.8e-06
1243,1000,1500,0,0.0003867,0.000166,0.01197,0.2162,0.771,0.000307
1244,1000,1000,1,0.000783,0.000365,0.04892,0.715,0.2349,0.0003018
1245,1000,1000,1,0.0707,0.003325,0.3313,0.5103,0.0822,0.002523
1246,1000,1000,1,0.0001748,0.0001628,0.00258,0.652,0.345,0.0002015
1247,1000,1500,0,0.0001225,6.396e-05,0.007652,0.2896,0.7026,9.73e-05
1248,1000,500,0,0.001025,0.002436,0.7993,0.0893,0.1007,0.00744
1249,1000,1500,0,0.005283,0.000784,0.0393,0.3293,0.624,0.001272
1250,1000,1000,1,0.002314,0.000561,0.11115,0.5625,0.3225,0.0007687
1251,1000,1000,1,0.0002663,8.09e-05,0.002121,0.967,0.0306,9.626e-05
1252,1000,1000,1,0.000905,0.001254,0.01037,0.522,0.4473,0.01823
1253,1000,1000,1,0.0004678,0.0005198,0.1985,0.595,0.2045,0.001077
1254,1000,1000,1,0.003641,0.002401,0.0622,0.7314,0.1962,0.00411
1255,1000,1500,0,0.006794,0.006363,0.03075,0.4675,0.4854,0.003206
1256,1000,1000,1,6.85e-05,6.21e-05,0.04346,0.8325,0.12354,0.0001564
1257,1000,1000,1,0.0005946,9.58e-05,0.05557,0.5503,0.3933,0.0001142
1258,1000,1000,1,0.01562,0.0003529,0.01666,0.83,0.1368,0.0002496
1259,1000,1000,1,0.000328,0.0001787,0.03308,0.7114,0.2551,0.0001272
1260,1000,1000,1,0.00495,0.000649,0.02165,0.9414,0.0314,0.0001724
1261,1000,1000,1,4.154e-05,1.61e-05,0.000791,0.8325,0.1665,1.28e-05
1262,1000,1000,1,8.076e-05,0.00011194,0.001714,0.945,0.0527,0.0003793
1263,1000,1000,1,2.575e-05,4.5e-05,0.0002992,0.9937,0.00606,2.96e-05
1264,1000,1000,1,0.000305,0.00010294,0.0044,0.638,0.3567,8.357e-05
1265,1000,1000,1,0.0001311,5.096e-05,0.003283,0.6147,0.3816,7.325e-05
1266,1000,1000,1,0.000844,0.000588,0.005928,0.951,0.04074,0.0008574
1267,1000,1000,1,4.184e-05,9.084e-05,0.0004313,0.9985,0.000934,8.72e-05
1268,1000,1000,1,0.0002209,8.32e-05,0.0007977,0.69,0.3086,4.7e-05
1269,1000,1000,1,6.51e-05,6.926e-05,0.001761,0.9946,0.00324,5.26e-05
1270,1000,1000,1,0.00010383,7.43e-05,0.00495,0.959,0.0359,0.0002316
1271,1000,1000,1,0.0001669,9.936e-05,0.0005283,0.998,0.000893,4.977e-05
1272,1000,1000,1,0.0001588,0.0001388,0.001206,0.994,0.00453,3.374e-05
1273,1000,1000,1,1.824e-05,2.104e-05,0.0005507,0.993,0.006,4.98e-05
1274,1000,1000,1,0.000735,0.0003805,0.04306,0.763,0.1921,0.0005713
1275,1000,1000,1,1.81e-05,2.736e-05,6.08e-05,0.9995,0.0004742,1.174e-05
1276,1000,1000,1,0.0001649,5.14e-05,0.001452,0.993,0.00519,2.897e-05
1277,1000,1000,1,0.0079,0.000594,0.02974,0.792,0.169,0.00055
1278,1000,1000,1,0.0005326,0.0001861,0.001028,0.993,0.00517,0.0001504
1279,1000,1000,1,0.0001013,0.000267,6.02e-05,0.9995,0.00010777,3.67e-05
1280,1000,1000,1,1.99e-05,2.074e-05,0.0002542,0.997,0.002748,2.027e-05
1281,1000,1000,1,7.15e-06,1.48e-05,5.28e-05,0.9995,0.000629,9.3e-06
1282,1000,1000,1,1.14e-05,2.563e-05,2.11e-05,0.999,0.0009456,2.6e-05
1283,1000,1000,1,0.0003066,0.000174,0.00464,0.8423,0.1522,0.0006256
1284,1000,1000,1,5.674e-05,6.765e-05,0.0002704,0.998,0.001465,4.67e-05
1285,1000,1000,1,5.49e-05,4.226e-05,0.001254,0.9077,0.09094,6.08e-05
1286,1000,1000,1,0.0001392,7.886e-05,0.000443,0.9976,0.001603,4.905e-05
1287,1000,1000,1,1.78e-05,5.26e-05,0.000201,0.9985,0.000985,4.286e-05
1288,1000,1000,1,0.0003994,7.71e-05,0.00442,0.7686,0.2263,6.37e-05
1289,1000,1000,1,0.002531,0.000667,0.02448,0.7954,0.1761,0.0008187
1290,1000,1000,1,0.0005407,0.0001658,0.002472,0.9346,0.06198,0.0004797
1291,1000,1000,1,1.67e-05,2.25e-05,0.0001565,0.9927,0.00715,2.277e-05
1292,1000,1000,1,0.0005684,0.0003836,0.002316,0.898,0.0986,0.000359
1293,1000,1000,1,1.305e-05,1.06e-05,0.0002263,0.9917,0.00814,4.2e-06
1294,1000,1000,1,0.0007324,0.00171,0.01153,0.9824,0.002268,0.001444
1295,1000,1000,1,2.97e-05,4.84e-05,0.0002475,0.9893,0.01015,4.4e-05
1296,1000,1000,1,1.23e-05,1.27e-05,5.686e-05,0.995,0.00466,8.1e-06
1297,1000,1000,1,5.07e-06,5.8e-06,0.0001467,0.9785,0.02153,3.6e-06
1298,1000,1000,1,0.001035,0.0003843,0.00996,0.8154,0.1726,0.000511
1299,1000,1000,1,0.0007257,0.000198,0.005173,0.8096,0.1838,0.000203
1300,1000,1000,1,1.91e-05,3.83e-05,0.00028,0.9927,0.007023,4.464e-05
1301,1000,1000,1,8.935e-05,5.245e-05,0.000542,0.9937,0.00577,3.67e-05
1302,1000,1000,1,0.001344,0.0007153,0.08325,0.8125,0.101,0.001295
1303,1000,1000,1,1e-05,1.19e-05,0.000825,0.8975,0.1015,2.83e-05
1304,1000,1000,1,2.5e-06,6.2e-06,8.166e-05,0.9976,0.002481,1.12e-05
1305,1000,1000,1,0.0003092,6.97e-05,0.001009,0.5767,0.4219,3.55e-05
1306,1000,1000,1,8.297e-05,4.864e-05,0.004723,0.6577,0.3374,5.96e-05
1307,1000,1500,0,0.0008736,0.000554,0.08936,0.3303,0.5776,0.001087
1308,1000,1000,1,0.001092,0.0002427,0.03014,0.517,0.451,0.000551
1309,1000,1000,1,1.115e-05,1.57e-05,0.0001274,0.998,0.00176,1.013e-05
1310,1000,1500,0,0.0004375,0.0001795,0.00517,0.4343,0.5596,0.0001582
1311,1000,1000,1,0.002129,0.0002978,0.2722,0.683,0.04172,0.0002723
1312,1000,1000,1,0.00677,0.0009136,0.02962,0.932,0.02982,0.0008736
1313,1000,1000,1,2.74e-06,2.5e-06,1.836e-05,0.9937,0.006413,5.54e-06
1314,1000,1000,1,2.676e-05,4.13e-05,0.0001965,0.998,0.001847,3.68e-05
1315,1000,1000,1,1.603e-05,1.49e-05,0.0002177,0.9863,0.013245,1.66e-05
1316,1000,1000,1,5.275e-05,1.955e-05,0.0002868,0.9727,0.02675,9.24e-06
1317,1000,1000,1,2.97e-05,9.6e-06,0.000741,0.554,0.445,1.067e-05
1318,1000,1000,1,3.93e-06,7.57e-06,2.51e-05,0.997,0.002651,1.127e-05
1319,1000,1000,1,7.03e-06,8.5e-06,9.04e-05,0.999,0.000638,4.53e-06
1320,1000,1000,1,0.0005803,0.0003612,0.012276,0.941,0.04544,0.0004435
1321,1000,1000,1,3.28e-05,0.0001842,0.0001143,0.999,0.000638,0.0001247
1322,1000,1000,1,9.966e-05,3.153e-05,0.000232,0.959,0.04053,1.68e-05
1323,1000,1000,1,0.002998,7.546e-05,0.00055,0.992,0.004265,1.574e-05
1324,1000,1000,1,3.725e-05,5.95e-05,0.0001249,0.999,0.000535,2.16e-05
1325,1000,1000,1,0.0002251,0.0001466,4.256e-05,0.999,0.0003097,4.18e-05
1326,1000,1000,1,4.196e-05,6.115e-05,8.73e-05,0.9995,0.0002651,3.046e-05
1327,1000,1000,1,0.01158,0.0007014,0.001071,0.9766,0.00999,0.0003035
1328,1000,1000,1,7.76e-05,0.000139,0.000186,0.9985,0.0008545,6.27e-05
1329,1000,1000,1,5.88e-05,8.744e-05,0.001425,0.9834,0.01466,0.0001929
1330,1000,1000,1,1.24e-05,4.303e-05,1.526e-05,0.9995,0.0001868,1.4e-05
1331,1000,1000,1,0.0005913,0.000139,0.001057,0.91,0.088,9.2e-05
1332,1000,1000,1,0.001089,0.0002553,0.0585,0.8896,0.0502,0.0003524
1333,1000,1000,1,0.004196,0.0003643,0.00795,0.971,0.01593,0.0002217
1334,1000,1000,1,0.0003853,0.0005617,0.011955,0.9785,0.00746,0.001008
1335,1000,1000,1,0.0004308,0.0001647,0.001595,0.925,0.0729,8.6e-05
1336,1000,1000,1,8.11e-05,0.0001277,0.000273,0.9985,0.0007915,7.176e-05
1337,1000,1000,1,0.01761,0.00122,0.0959,0.598,0.286,0.001222
1338,1000,1000,1,0.00394,0.002007,0.00842,0.9717,0.012856,0.001202
1339,1000,1000,1,0.01949,0.002304,0.0393,0.8955,0.04083,0.002363
1340,1000,1000,1,0.01111,0.005924,0.1238,0.762,0.0826,0.01435
1341,1000,1000,1,0.0004683,0.001516,0.005398,0.9863,0.003555,0.002897
1342,1000,1000,1,0.001611,0.00397,0.00927,0.9756,0.0048,0.00464
1343,1000,1000,1,0.003523,0.0009065,0.01982,0.8403,0.1345,0.000824
1344,1000,1500,0,0.0001559,4.476e-05,0.0019245,0.3042,0.694,6.02e-05
1345,1000,1000,1,0.0008283,0.0002902,0.01527,0.952,0.03084,0.000699
1346,1000,1000,1,2.325e-05,4.35e-05,0.000223,0.997,0.002674,3.38e-05
1347,1000,1000,1,4.375e-05,2.25e-05,0.0002114,0.998,0.001751,1.144e-05
1348,1000,1000,1,0.000402,0.0001219,0.04276,0.5854,0.3713,0.0002444
1349,1000,1000,1,1.675e-05,3.594e-05,3.15e-05,0.999,0.000881,1.13e-05
1350,1000,1000,1,1.836e-05,4.78e-05,0.000449,0.9976,0.001982,8.85e-05
1351,1000,1000,1,0.000588,0.0004122,0.0001866,0.995,0.003702,0.00010484
1352,1000,1000,1,0.0005503,6.73e-05,0.0001371,0.999,0.0002116,9.3e-06
1353,1000,1000,1,6.574e-05,6.63e-05,0.0006986,0.995,0.003752,6.56e-05
1354,1000,0,0,0.7256,0.005543,0.1781,0.07166,0.01848,0.0007615
1355,1000,1000,1,5.66e-05,0.0001089,0.003561,0.99,0.005753,0.0002315
1356,1000,1000,1,0.00293,0.002337,0.007187,0.974,0.00998,0.003439
1357,1000,1000,1,1.365e-05,7e-06,0.0007043,0.9014,0.09766,7.9e-06
1358,1000,1000,1,0.01746,0.0004616,0.004436,0.906,0.0718,0.0001614
1359,1000,1000,1,0.0006557,0.0002412,0.02087,0.872,0.10583,0.0001768
1360,1000,1000,1,3.72e-05,2.086e-05,0.0002002,0.9946,0.005157,1.264e-05
1361,1000,1000,1,0.0002083,0.0002909,0.003895,0.9805,0.01497,0.0003328
1362,1000,1000,1,0.00010383,4.876e-05,0.0005355,0.9893,0.010025,3.15e-05
1363,1000,1000,1,1.39e-05,1.127e-05,0.000613,0.9307,0.0685,3.25e-05
1364,1000,1000,1,0.0001035,0.0001878,0.0004997,0.9976,0.001334,0.0001619
1365,1000,1000,1,5.67e-05,0.0001125,0.00010586,0.999,0.0005455,9.143e-05
1366,1000,1000,1,5.835e-05,3.886e-05,0.000378,0.997,0.00244,3.755e-05
1367,1000,1000,1,7.29e-05,4.98e-05,0.0003045,0.9985,0.000763,3.165e-05
1368,1000,1000,1,8e-06,1.5e-05,1.48e-05,0.9985,0.001228,8.94e-06
1369,1000,1000,1,0.0002627,0.0003378,0.005527,0.9897,0.003773,0.00035
1370,1000,1000,1,0.0001119,9.01e-05,0.014084,0.9155,0.0695,0.0005326
1371,1000,1000,1,0.0653,0.0007596,0.0736,0.772,0.08765,0.000758
1372,1000,1000,1,7.576e-05,4.226e-05,0.002441,0.6274,0.37,3.713e-05
1373,1000,1000,1,0.0002754,0.0003164,0.001359,0.992,0.0056,0.0004134
1374,1000,1000,1,0.000305,0.000137,0.0002546,0.9966,0.002766,6.7e-05
1375,1000,1000,1,2.354e-05,3.65e-05,0.001052,0.9927,0.005898,7.635e-05
1376,1000,1000,1,4.303e-05,6.235e-05,0.002293,0.863,0.1349,0.00011736
1377,1000,1000,1,0.0002209,0.00010806,0.00602,0.985,0.00876,0.0001415
1378,1000,1000,1,7.856e-05,4.584e-05,0.012344,0.905,0.0825,7.92e-05
1379,1000,1000,1,1.293e-05,1.37e-05,0.0006022,0.952,0.0472,2.843e-05
1380,1000,1000,1,8e-06,7.03e-06,0.0002282,0.9907,0.00902,7.3e-06
1381,1000,500,0,0.02403,0.00052,0.8516,0.04837,0.0746,0.000741
1382,1000,1000,1,0.0012665,0.0004742,0.03055,0.9272,0.04037,0.00011003
1383,1000,1000,1,9.19e-05,7.47e-05,0.0003219,0.9673,0.0322,4.14e-05
1384,1000,1500,0,0.00104,0.0001299,0.00571,0.3506,0.6426,5.096e-05
1385,1000,1000,1,0.0001704,0.00011796,0.003744,0.9766,0.01921,0.0001353
1386,1000,1000,1,3.93e-06,2.4e-06,7.44e-05,0.986,0.014114,1.6e-06
1387,1000,1000,1,0.0001303,0.0001143,0.0005965,0.9976,0.00122,0.0001463
1388,1000,1000,1,5.376e-05,4.137e-05,0.0008516,0.988,0.01143,6.55e-05
1389,1000,1000,1,0.000903,0.0003114,0.01499,0.975,0.00872,0.000203
1390,1000,1000,1,2.15e-06,3.64e-06,2.265e-05,0.999,0.0008574,3.76e-06
1391,1000,1000,1,4.9e-06,1.2e-05,1.484e-05,0.9995,0.000342,3.04e-06
1392,1000,1000,1,8.53e-05,4.26e-05,0.0007734,0.982,0.01703,3.296e-05
1393,1000,1000,1,0.0001653,0.0001061,0.000995,0.86,0.1389,6.73e-05
1394,1000,1000,1,5.4e-07,2.4e-06,2.4e-06,1.0,0.0001652,1.5e-06
1395,1000,1000,1,1.75e-05,3.6e-05,3.98e-05,0.9995,0.0001966,2.223e-05
1396,1000,1000,1,4.29e-05,4.214e-05,0.0006337,0.996,0.003391,2.88e-05
1397,1000,1000,1,4.965e-05,2.62e-05,0.000259,0.997,0.002499,3.296e-05
1398,1000,1000,1,0.01726,0.000864,0.02228,0.926,0.0323,0.001745
1399,1000,1000,1,7.74e-05,0.0001062,0.007698,0.985,0.007267,0.0001135
1400,1000,1000,1,0.0001832,0.0002233,0.00167,0.995,0.00245,0.0003505
1401,1000,1000,1,1.78e-05,2.646e-05,3.5e-05,0.9995,0.0003672,1.01e-05
1402,1000,1000,1,1.13e-05,9.06e-06,7.54e-05,0.9937,0.006145,4.65e-06
1403,1000,1000,1,6.3e-06,2.414e-05,4.226e-05,0.9995,0.0005217,2.253e-05
1404,1000,1000,1,0.003466,0.0002992,0.000623,0.991,0.004242,5.62e-05
1405,1000,1000,1,5.01e-05,0.0001043,0.0001564,0.998,0.00165,9.26e-05
1406,1000,1000,1,0.0004776,0.000778,0.02776,0.905,0.06213,0.00397
1407,1000,1000,1,0.0002218,0.0002973,0.0008984,0.9814,0.01663,0.0006676
1408,1000,1000,1,0.0002425,7.81e-05,0.001447,0.7,0.2979,6e-05
1409,1000,1000,1,6.723e-05,7.24e-05,0.0001577,0.998,0.001285,0.0001338
1410,1000,1000,1,1.127e-05,1.41e-05,4.07e-05,0.997,0.003021,1.05e-05
1411,1000,1000,1,9.89e-05,0.0001348,0.000609,0.995,0.00411,4.52e-05
1412,1000,1000,1,8.83e-05,0.0001359,0.002586,0.9814,0.0157,0.0002162
1413,1000,1000,1,0.01126,0.000795,0.02487,0.9575,0.00509,0.0004392
1414,1000,1000,1,1.17e-05,3.976e-05,0.0002427,0.9966,0.003166,6.84e-05
1415,1000,1000,1,0.01175,0.005318,0.01596,0.9434,0.021,0.002499
1416,1000,1000,1,0.02708,0.000969,0.0432,0.9033,0.02455,0.0006113
1417,1000,1000,1,0.0005245,0.0002292,0.002878,0.981,0.01549,0.0001113
1418,1000,1000,1,0.001247,0.000893,0.1515,0.453,0.391,0.002386
1419,1000,1000,1,0.0005026,5.054e-05,0.000923,0.6885,0.3103,4.9e-05
1420,1000,1000,1,0.0002277,0.0004423,0.0277,0.959,0.01199,0.000626
1421,1000,1000,1,0.0007935,6.74e-05,0.000604,0.94,0.0587,3.04e-05
1422,1000,1000,1,0.01422,0.000269,0.002583,0.792,0.1907,9.74e-05
1423,1000,1000,1,1.43e-05,2.87e-05,0.0002282,0.9937,0.006214,2.25e-05
1424,1000,1000,1,6.64e-05,3.43e-05,0.0002245,0.948,0.05164,2.146e-05
1425,1000,1000,1,0.0004811,0.0004237,0.000381,0.992,0.00621,8.637e-05
1426,1000,1000,1,0.000665,0.0003,0.0573,0.707,0.2336,0.00088
1427,1000,1000,1,8.57e-05,0.0001905,0.003483,0.9717,0.02292,0.001604
1428,1000,1000,1,3.24e-05,5.12e-05,0.0003047,0.9976,0.00205,2.486e-05
1429,1000,1000,1,0.0004838,0.0003457,0.01797,0.9497,0.03122,0.0003948
1430,1000,1000,1,0.00046,0.000432,0.00946,0.8477,0.1414,0.0003667
1431,1000,1000,1,1.335e-05,3.34e-05,0.0002456,0.9985,0.001046,4.5e-05
1432,1000,1000,1,9.34e-05,0.00011075,0.0001348,0.999,0.0006986,4.59e-05
1433,1000,1000,1,0.0001005,8.184e-05,0.001266,0.9316,0.06696,6.13e-05
1434,1000,1000,1,0.0001552,0.000162,0.002138,0.9907,0.006622,0.0001947
1435,1000,1000,1,6.074e-05,9.43e-05,5.56e-05,0.9995,0.000199,3.93e-05
1436,1000,1000,1,0.0001248,6.74e-05,0.0001217,0.999,0.0007925,1.83e-05
1437,1000,1000,1,4.01e-05,4.9e-05,0.002604,0.9863,0.010956,3.72e-05
1438,1000,1000,1,2.867e-05,4.154e-05,0.000319,0.9976,0.002018,3.594e-05
1439,1000,1000,1,0.000273,0.0001277,0.01226,0.9624,0.02472,0.000155
1440,1000,1000,1,6.29e-05,1.58e-05,0.0002701,0.8604,0.1394,1.043e-05
1441,1000,1000,1,1.97e-06,3.04e-06,0.000271,0.932,0.06775,5.3e-06
1442,1000,1000,1,0.000235,0.0002115,0.00936,0.963,0.02708,0.0001239
1443,1000,1000,1,0.0002342,7.94e-05,0.0010395,0.973,0.02553,5.615e-05
1444,1000,1000,1,6.29e-05,5.54e-05,0.00554,0.8584,0.1359,0.0001457
1445,1000,1000,1,1.687e-05,4.8e-06,0.0003242,0.7837,0.216,3.7e-06
1446,1000,1000,1,2.93e-05,3.17e-05,0.001334,0.863,0.136,9.32e-05
1447,1000,1500,0,4.02e-05,1.866e-05,0.00414,0.3076,0.688,3.576e-05
1448,1000,1000,1,0.001722,0.0005326,0.01095,0.978,0.00835,0.0002897
1449,1000,1500,0,4.71e-05,3.33e-05,0.000724,0.4868,0.512,3.546e-05
1450,1000,1000,1,1.42e-05,1.353e-05,8.225e-05,0.997,0.002981,5.96e-06
1451,1000,1000,1,0.000427,0.0002017,0.01613,0.751,0.2318,0.000436
1452,1000,1000,1,0.0001441,2.825e-05,0.000516,0.904,0.0953,1.264e-05
1453,1000,1000,1,8e-07,9.5e-07,5.6e-06,0.9995,0.0005736,4e-07
1454,1000,1000,1,6.6e-05,5.04e-05,0.000554,0.997,0.002106,8.9e-05
1455,1000,1000,1,0.0002992,0.000368,0.01802,0.961,0.02002,0.000525
1456,1000,1000,1,0.001097,0.000692,0.01608,0.9077,0.0735,0.0007334
1457,1000,1000,1,0.00011235,7.373e-05,0.003094,0.8604,0.1361,7.755e-05
1458,1000,1000,1,0.003689,0.0007625,0.01178,0.892,0.09125,0.0004888
1459,1000,1000,1,0.0007935,0.000371,0.005283,0.9873,0.00595,0.0003753
1460,1000,1000,1,0.0002395,6.497e-05,0.0559,0.5366,0.4067,0.0001822
1461,1000,1000,1,0.0003364,0.0001433,0.01454,0.9043,0.08057,0.0001249
1462,1000,1000,1,0.0001497,9.876e-05,0.0004287,0.9805,0.01881,4.166e-05
1463,1000,1000,1,0.0008755,0.0002009,0.002277,0.9854,0.01106,8.69e-05
1464,1000,1000,1,0.00998,0.000727,0.04623,0.902,0.0407,0.0006647
1465,1000,1000,1,2.635e-05,4.33e-05,0.001015,0.9893,0.00949,7.623e-05
1466,1000,1000,1,9.89e-05,0.0001376,0.0008874,0.997,0.001603,0.0002259
1467,1000,1000,1,3.207e-05,7.86e-05,0.0002003,0.9966,0.003065,4.91e-05
1468,1000,1000,1,2.75e-05,2.68e-05,0.00046,0.9785,0.02112,2.87e-05
1469,1000,1000,1,0.000189,4.28e-05,3.886e-05,0.9995,0.0002685,4.1e-06
1470,1000,1000,1,5.79e-05,8.21e-05,0.001879,0.968,0.03009,0.0001818
1471,1000,1000,1,5.53e-05,5.63e-05,0.0002159,0.9966,0.002897,1.87e-05
1472,1000,1000,1,0.0002654,0.0001991,0.007233,0.948,0.0435,0.0004702
1473,1000,1000,1,0.0002165,0.0001526,0.005993,0.9443,0.0487,0.000607
1474,1000,1000,1,0.4556,0.003658,0.00655,0.513,0.02037,0.0007305
1475,1000,1000,1,0.005463,0.000507,0.000333,0.993,0.0006375,6.443e-05
1476,1000,1000,1,0.000156,5.23e-05,0.002031,0.773,0.2249,0.0001451
1477,1000,1000,1,6.9e-05,8.31e-05,0.0093,0.982,0.00865,8.8e-05
1478,1000,1500,0,0.0003958,0.00011015,0.00269,0.4382,0.5586,9.33e-05
1479,1000,1000,1,2.86e-06,2.21e-05,3.7e-05,0.999,0.000847,2.646e-05
1480,1000,1000,1,0.0001363,7.284e-05,0.00211,0.9614,0.03613,0.000113
1481,1000,1000,1,0.0003946,0.0001867,0.002155,0.9883,0.008675,0.0002835
1482,1000,1000,1,5.347e-05,3.38e-05,0.00072,0.994,0.005135,3.326e-05
1483,1000,1000,1,0.000928,7.78e-05,0.000211,0.9976,0.001339,1.17e-05
1484,1000,1000,1,1.07e-05,5.376e-05,4.54e-05,0.9985,0.001129,5.037e-05
1485,1000,1000,1,1.097e-05,2.176e-05,8.744e-05,0.998,0.0018635,3.32e-05
1486,1000,1000,1,0.0002794,0.0002584,0.004837,0.989,0.00555,0.00011533
1487,1000,1000,1,0.0003831,0.0002785,0.000993,0.995,0.002848,0.0001951
1488,1000,1000,1,7.96e-05,5.23e-05,0.0003433,0.993,0.00653,2.37e-05
1489,1000,1000,1,0.000821,5.24e-05,0.0003219,0.9966,0.001976,2.205e-05
1490,1000,1000,1,0.001895,0.0003989,0.3696,0.4084,0.219,0.000567
1491,1000,1000,1,2.53e-05,5.84e-05,9.14e-05,0.992,0.007328,7.16e-05
1492,1000,1000,1,5.466e-05,2.736e-05,0.0004804,0.9907,0.008804,1.65e-05
1493,1000,1000,1,0.000899,7.343e-05,0.0031,0.9414,0.05457,4.32e-05
1494,1000,1000,1,0.001292,0.000828,0.062,0.846,0.08856,0.001084
1495,1000,1000,1,0.0013275,0.0005503,0.05585,0.838,0.10333,0.001202
1496,1000,1000,1,5.84e-05,0.0001066,0.006683,0.8467,0.146,0.0002186
1497,1000,1000,1,1.09e-05,8.2e-06,0.001031,0.945,0.05435,1.67e-05
1498,1000,1000,1,3.755e-05,4.64e-05,0.01704,0.9766,0.00607,8.14e-05
1499,1000,1000,1,2.474e-05,2.29e-05,0.001182,0.972,0.02637,3.785e-05
1500,1500,1000,0,0.00121,0.00037,0.1935,0.7607,0.0437,0.0003183
1501,1500,1500,1,0.0004613,9.43e-05,0.0507,0.2109,0.738,8.42e-05
1502,1500,1500,1,0.02007,0.000521,0.327,0.1993,0.453,0.0003688
1503,1500,1500,1,0.001592,0.0001228,0.01865,0.4492,0.5303,0.0001353
1504,1500,1500,1,0.0009027,0.0001746,0.02966,0.0952,0.8735,0.0003762
1505,1500,500,0,0.00291,0.0001452,0.9907,0.005215,0.000833,7.474e-05
1506,1500,1000,0,0.003777,0.0004385,0.4033,0.5366,0.0556,0.0004873
1507,1500,1500,1,0.000714,0.0003667,0.09454,0.346,0.558,0.000257
1508,1500,500,0,0.00808,0.0003738,0.9272,0.01007,0.05365,0.0004752
1509,1500,500,0,0.0005226,0.0001247,0.993,0.002277,0.003536,0.0002959
1510,1500,1000,0,0.0002416,0.000378,0.09283,0.697,0.2092,0.0004463
1511,1500,1500,1,0.002537,0.0005126,0.10645,0.3247,0.5654,0.0005145
1512,1500,1000,0,0.0001781,0.0001488,0.03087,0.492,0.4768,0.0001417
1513,1500,1500,1,0.0704,0.0003183,0.11005,0.05664,0.762,0.0002558
1514,1500,500,0,0.00324,0.000389,0.518,0.1545,0.3235,0.000474
1515,1500,1500,1,0.17,0.0007143,0.132,0.05704,0.639,0.000896
1516,1500,1500,1,0.000551,0.000292,0.1943,0.3545,0.45,0.0003824
1517,1500,1500,1,7.19e-05,3.83e-05,0.01476,0.1476,0.8374,9.41e-05
1518,1500,500,0,0.001366,5.25e-05,0.8765,0.003174,0.11865,0.0001154
1519,1500,1000,0,0.000541,0.0004842,0.1537,0.548,0.2961,0.001293
1520,1500,1500,1,0.001059,0.0006046,0.422,0.08704,0.4888,0.0002228
1521,1500,1500,1,5.14e-05,3.2e-05,0.003014,0.1722,0.8247,3e-05
1522,1500,1500,1,0.0001089,7.56e-05,0.01685,0.3435,0.639,0.000113
1523,1500,1000,0,0.04385,0.00245,0.007267,0.4753,0.469,0.00218
1524,1500,1500,1,0.000263,1.82e-05,0.006264,0.1526,0.841,1.884e-05
1525,1500,1000,0,0.0001256,5.7e-05,0.00406,0.6187,0.3767,6.03e-05
1526,1500,1500,1,0.0003989,0.0001397,0.00666,0.2174,0.7754,9.817e-05
1527,1500,1500,1,0.003897,0.0003755,0.4014,0.1774,0.4165,0.000452
1528,1500,1500,1,7.81e-05,3.03e-05,0.01516,0.1213,0.8633,7.963e-05
1529,1500,1000,0,0.002373,0.0003839,0.002945,0.528,0.466,0.0002087
1530,1500,1500,1,7.79e-05,5.5e-05,0.002653,0.2296,0.7676,4.82e-05
1531,1500,1500,1,1.68e-05,8.8e-06,0.000987,0.3281,0.671,1.84e-05
1532,1500,1500,1,0.001815,0.0002303,0.0999,0.087,0.8105,0.0004764
1533,1500,1500,1,3.606e-05,4.74e-05,0.003086,0.474,0.5225,0.0001518
1534,1500,1500,1,3.69e-05,2.813e-05,0.002657,0.2069,0.79,6.9e-05
1535,1500,1500,1,0.0005813,0.0001985,0.02,0.3162,0.6626,0.0003216
1536,1500,1000,0,0.0011835,0.0005827,0.09216,0.624,0.2812,0.0006022
1537,1500,1500,1,0.001254,0.0001043,0.003727,0.1294,0.865,8.03e-05
1538,1500,1500,1,0.0009665,6.03e-05,0.01385,0.0687,0.9165,5.984e-05
1539,1500,1500,1,6.3e-05,1.54e-05,0.00295,0.0995,0.8975,2.223e-05
1540,1500,1500,1,8.97e-05,3.827e-05,0.00659,0.2343,0.759,4.32e-05
1541,1500,1000,0,0.000257,0.0002036,0.00941,0.517,0.4727,0.0001395
1542,1500,1000,0,0.001891,0.0003545,0.2034,0.4214,0.3726,0.0006056
1543,1500,1500,1,0.000986,0.0002546,0.02371,0.3684,0.6064,0.0002195
1544,1500,1000,0,2.97e-05,1.87e-05,0.001549,0.6113,0.387,5.573e-05
1545,1500,1000,0,0.0003576,0.0001956,0.02635,0.628,0.3447,0.0002518
1546,1500,1500,1,9.805e-05,5.33e-05,0.003109,0.18,0.8164,5.74e-05
1547,1500,1000,0,0.00133,0.0003116,0.1101,0.6836,0.2037,0.000681
1548,1500,1500,1,8.816e-05,4.78e-05,0.01964,0.2673,0.713,0.0001285
1549,1500,1000,0,0.0003688,8.15e-05,0.01075,0.915,0.07367,0.000109
1550,1500,1500,1,4.07e-05,2.72e-05,0.002571,0.2135,0.7837,7.623e-05
1551,1500,1000,0,0.003843,0.000679,0.0534,0.746,0.1954,0.000598
1552,1500,1500,1,0.0004053,0.0001774,0.01109,0.305,0.683,0.000268
1553,1500,1500,1,0.0756,0.001363,0.2224,0.1953,0.504,0.001524
1554,1500,1500,1,0.0002596,0.00010675,0.00138,0.1432,0.855,0.0001267
1555,1500,0,0,0.738,0.002045,0.07733,0.04263,0.1385,0.001715
1556,1500,1500,1,0.0002897,4.3e-05,0.002415,0.0728,0.9243,4.905e-05
1557,1500,1500,1,5.174e-05,2.843e-05,0.003143,0.1635,0.8335,5.25e-05
1558,1500,1500,1,9.18e-05,3.83e-05,0.004692,0.2439,0.751,9.11e-05
1559,1500,1000,0,0.000427,0.0003338,0.04285,0.557,0.3975,0.001722
1560,1500,1000,0,5.096e-05,2.575e-05,0.0009193,0.522,0.477,2.027e-05
1561,1500,1500,1,3.123e-05,1.09e-05,0.000874,0.3047,0.6943,7.3e-06
1562,1500,1500,1,0.0012045,0.0001508,0.01109,0.09717,0.89,0.000155
1563,1500,1500,1,2.754e-05,1.07e-05,0.0009513,0.08594,0.913,9.7e-06
1564,1500,1500,1,0.0005975,6.72e-05,0.005287,0.1509,0.8433,3.18e-05
1565,1500,500,0,0.03168,0.001832,0.7217,0.1608,0.083,0.000998
1566,1500,1500,1,0.0003273,6.956e-05,0.005405,0.07916,0.915,0.0001131
1567,1500,1500,1,0.0002239,8.24e-05,0.0691,0.2837,0.647,0.0001445
1568,1500,1500,1,0.001729,0.0002902,0.00991,0.2542,0.734,0.000137
1569,1500,1500,1,0.02039,0.0001245,0.00441,0.0918,0.8833,5.525e-05
1570,1500,1500,1,2.384e-05,7.1e-06,0.001295,0.2355,0.763,1.836e-05
1571,1500,1500,1,8.607e-05,5.555e-05,0.0134,0.3733,0.6133,0.0001138
1572,1500,1500,1,0.006157,0.000102,0.03973,0.0913,0.863,7.665e-05
1573,1500,1500,1,0.00022,0.000126,0.03873,0.1304,0.83,0.0003493
1574,1500,1000,0,0.0007367,0.000841,0.1184,0.5337,0.3447,0.001382
1575,1500,1000,0,0.0003161,0.000263,0.05072,0.5737,0.3748,0.0003574
1576,1500,1500,1,0.001568,0.0008674,0.1603,0.2069,0.629,0.001646
1577,1500,1500,1,0.0007696,7.91e-05,0.3235,0.3015,0.3738,9.25e-05
1578,1500,1000,0,0.0007915,0.0002139,0.02426,0.544,0.4304,8.005e-05
1579,1500,1500,1,0.0001201,7.1e-05,0.0065,0.2413,0.752,8.667e-05
1580,1500,1500,1,6.25e-05,7.296e-05,0.005833,0.2393,0.7544,0.00012004
1581,1500,1500,1,0.0001519,0.0001213,0.03546,0.1414,0.8228,0.0002394
1582,1500,500,0,0.02574,0.0004506,0.864,0.02417,0.0857,0.0001645
1583,1500,1500,1,0.000846,0.0006056,0.1437,0.05493,0.7993,0.0004544
1584,1500,1500,1,0.001144,0.001202,0.06323,0.2866,0.6436,0.004116
1585,1500,1500,1,0.000749,0.0001504,0.002434,0.2081,0.7886,9.58e-05
1586,1500,1000,0,0.001061,0.001361,0.3232,0.531,0.1422,0.001145
1587,1500,500,0,0.0009537,0.001123,0.727,0.1396,0.1292,0.00205
1588,1500,500,0,0.007347,0.03693,0.919,0.0218,0.0107,0.00416
1589,1500,1500,1,0.0002273,3.725e-05,0.006744,0.1058,0.887,3.57e-05
1590,1500,1000,0,2.32e-05,3.13e-05,0.003653,0.7197,0.2764,5.69e-05
1591,1500,1500,1,0.0005927,0.0004554,0.0305,0.4365,0.5317,0.0003667
1592,1500,1500,1,4.125e-05,1.57e-05,0.002113,0.1091,0.8887,2.23e-05
1593,1500,1000,0,0.0003228,0.000249,0.01959,0.6626,0.3171,0.0001289
1594,1500,1500,1,0.1469,0.0009713,0.2319,0.2039,0.4155,0.000984
1595,1500,1500,1,0.0001317,2.503e-05,0.00774,0.07886,0.913,4.023e-05
1596,1500,1500,1,0.01897,0.000484,0.05704,0.2979,0.6255,0.0003653
1597,1500,1500,1,7.737e-05,2.146e-05,0.004833,0.2346,0.7603,1.89e-05
1598,1500,1000,0,0.000159,0.00010085,0.1311,0.441,0.4275,0.0002642
1599,1500,1500,1,0.0002913,0.0001638,0.02051,0.1137,0.865,0.0002925
1600,1500,1500,1,0.001262,5.084e-05,0.02255,0.137,0.839,4.435e-05
1601,1500,1500,1,4.61e-05,2.35e-05,0.001176,0.3054,0.6934,2.17e-05
1602,1500,1500,1,8.16e-05,2.05e-05,0.00251,0.0669,0.9307,2.55e-05
1603,1500,1000,0,0.0002766,0.00011575,0.005093,0.5522,0.4421,5.79e-05
1604,1500,1000,0,0.000884,0.0001597,0.001354,0.8276,0.17,0.0001041
1605,1500,1500,1,0.000153,4.98e-05,0.02797,0.0472,0.9243,0.0001485
1606,1500,1500,1,0.0007935,0.0001473,0.00726,0.1196,0.872,0.000187
1607,1500,1500,1,0.007744,0.0007925,0.0199,0.09125,0.8794,0.0007067
1608,1500,1500,1,8.77e-05,5.066e-05,0.005135,0.3337,0.661,8.82e-05
1609,1500,1500,1,0.01869,0.000543,0.02289,0.2205,0.737,0.0004458
1610,1500,1500,1,0.00011927,3.356e-05,0.003092,0.3467,0.65,5.24e-05
1611,1500,1500,1,0.318,0.0004203,0.073,0.07007,0.538,0.0004618
1612,1500,1500,1,6.21e-05,4.75e-05,0.003256,0.349,0.6475,0.0001413
1613,1500,1500,1,6.896e-05,3.22e-05,0.001269,0.1742,0.824,2.84e-05
1614,1500,1500,1,0.000168,9.555e-05,0.002235,0.1489,0.8486,0.0001401
1615,1500,1500,1,4.464e-05,2.89e-05,0.000977,0.2362,0.7627,7.695e-05
1616,1500,1000,0,0.0001832,0.0001618,0.09735,0.7266,0.1749,0.000779
1617,1500,1500,1,4.274e-05,1.293e-05,0.03192,0.05334,0.9146,4.57e-05
1618,1500,1500,1,0.0002446,5.49e-05,0.02998,0.0985,0.871,4.923e-05
1619,1500,1500,1,0.02357,0.0004065,0.1608,0.1812,0.6333,0.0005846
1620,1500,1500,1,7.856e-05,3.266e-05,0.006706,0.171,0.8223,6.08e-05
1621,1500,1500,1,1.585e-05,7.5e-06,0.001642,0.06744,0.9307,2.58e-05
1622,1500,1500,1,4.83e-05,1.395e-05,0.000808,0.0987,0.9004,1.31e-05
1623,1500,1500,1,0.0003507,6.425e-05,0.0772,0.0439,0.8784,0.0001082
1624,1500,1500,1,0.0004668,4.52e-05,0.00828,0.0749,0.916,6.99e-05
1625,1500,1500,1,0.001259,8.37e-05,0.3745,0.05072,0.573,0.0001919
1626,1500,1500,1,0.0002061,1.46e-05,0.004803,0.05273,0.9424,1.64e-05
1627,1500,1500,1,0.0001652,2.59e-05,0.001628,0.09235,0.906,3.23e-05
1628,1500,1500,1,0.001102,0.0002315,0.349,0.1282,0.521,0.0005097
1629,1500,1500,1,0.000643,0.0001471,0.00887,0.1772,0.813,0.0001518
1630,1500,1500,1,0.001554,0.0005007,0.3408,0.1263,0.53,0.0008063
1631,1500,1500,1,0.0009584,0.002987,0.1113,0.2654,0.6025,0.01695
1632,1500,1500,1,0.004234,0.000594,0.003595,0.3513,0.64,0.0001621
1633,1500,1500,1,0.002867,0.000383,0.01682,0.2091,0.7705,0.0002118
1634,1500,1500,1,7.04e-05,2.52e-05,0.001875,0.2156,0.782,3.594e-05
1635,1500,1500,1,0.0004559,0.00019,0.01011,0.162,0.827,6.57e-05
1636,1500,1000,0,0.003027,0.001181,0.03119,0.65,0.3142,0.000588
1637,1500,1500,1,7.707e-05,5.835e-05,0.0135,0.314,0.6724,0.00010306
1638,1500,1000,0,0.0009637,0.000749,0.2637,0.5396,0.194,0.001044
1639,1500,500,0,0.0003958,0.0002716,0.5156,0.2026,0.2798,0.001379
1640,1500,1500,1,0.0004818,0.000263,0.02344,0.359,0.6167,0.0003033
1641,1500,1500,1,0.0001413,0.00011355,0.003513,0.0849,0.911,0.00014
1642,1500,500,0,0.002007,0.000798,0.617,0.1539,0.2261,0.0002606
1643,1500,1500,1,6.28e-05,4.81e-05,0.0103,0.1869,0.8027,7.32e-05
1644,1500,1500,1,0.0001537,2.444e-05,0.001628,0.11694,0.8813,2.503e-05
1645,1500,1500,1,0.0001937,5e-05,0.003212,0.074,0.9224,2.01e-05
1646,1500,1500,1,0.0004861,0.0001358,0.00386,0.2864,0.709,0.0001117
1647,1500,500,0,0.004337,0.00012195,0.561,0.1035,0.331,0.0001622
1648,1500,1500,1,0.000547,0.0001087,0.013954,0.2032,0.782,0.0001261
1649,1500,1000,0,0.0002191,0.0001043,0.00109,0.811,0.1875,9.096e-05
1650,1500,1500,1,0.0008593,5.144e-05,0.02016,0.03946,0.9395,8.85e-05
1651,1500,1500,1,0.0001262,3.11e-05,0.02187,0.1217,0.8564,4.745e-05
1652,1500,1500,1,5.984e-05,2.63e-05,0.004112,0.4075,0.5884,2.146e-05
1653,1500,1500,1,0.0004213,4.023e-05,0.00255,0.2651,0.732,3.35e-05
1654,1500,1500,1,0.0004265,0.0002297,0.0783,0.2898,0.631,0.0004342
1655,1500,1500,1,0.001417,0.0001433,0.02283,0.482,0.4934,0.000116
1656,1500,1500,1,0.0001603,0.00010914,0.003296,0.3103,0.686,0.00010073
1657,1500,500,0,0.000652,0.0002463,0.736,0.1671,0.0954,0.0006504
1658,1500,1000,0,0.0002968,0.0005,0.06464,0.4878,0.4465,0.0002036
1659,1500,1500,1,0.0002108,0.0001601,0.07697,0.1235,0.799,0.0001613
1660,1500,1500,1,3.475e-05,2.503e-05,0.01055,0.3,0.6895,8.71e-05
1661,1500,1500,1,0.0002472,0.0002002,0.2148,0.2664,0.5176,0.000843
1662,1500,1500,1,1.615e-05,5.3e-06,0.000488,0.03125,0.9683,7.3e-06
1663,1500,1500,1,0.001207,0.00010955,0.024,0.03714,0.9375,0.0001407
1664,1500,1500,1,9.69e-05,1.74e-05,0.005013,0.04962,0.9453,2.76e-05
1665,1500,1500,1,0.0469,0.0005445,0.2827,0.01599,0.6533,0.0004063
1666,1500,1500,1,0.0001246,2.61e-05,0.000789,0.10474,0.8945,3.004e-05
1667,1500,1500,1,9.01e-05,3.09e-05,0.009186,0.0436,0.947,7.21e-05
1668,1500,1000,0,0.0001731,0.0001264,0.0364,0.8843,0.0788,0.0001711
1669,1500,1500,1,0.0015955,0.000592,0.01521,0.2141,0.768,0.0005727
1670,1500,1500,1,0.02277,0.0004883,0.1815,0.04553,0.7495,0.000443
1671,1500,1500,1,0.0001699,3.874e-05,0.005985,0.2234,0.7705,2.9e-05
1672,1500,1500,1,0.02226,0.003744,0.304,0.254,0.4019,0.01416
1673,1500,1500,1,3.6e-06,2.1e-05,0.005493,0.259,0.7354,4.566e-05
1674,1500,1500,1,0.001489,0.002338,0.1203,0.074,0.802,0.0001594
1675,1500,500,0,0.001289,0.000854,0.769,0.0643,0.1631,0.001526
1676,1500,1500,1,0.0262,0.0007873,0.09534,0.04535,0.8315,0.0005703
1677,1500,500,0,0.01468,0.000607,0.769,0.0259,0.1892,0.0003366
1678,1500,1500,1,0.0005026,0.0001704,0.001791,0.273,0.7246,0.0001609
1679,1500,1500,1,7.045e-05,3.16e-05,0.002144,0.08704,0.9106,3.2e-05
1680,1500,500,0,0.002153,0.0003774,0.516,0.0592,0.4219,0.0002816
1681,1500,1500,1,3.18e-05,3.314e-05,0.002054,0.0883,0.9097,6.163e-05
1682,1500,1500,1,5.877e-05,3.57e-05,0.002575,0.2262,0.771,3.41e-05
1683,1500,1500,1,3.505e-05,8.8e-06,0.00223,0.1387,0.859,9.36e-06
1684,1500,1500,1,0.0003288,3.463e-05,0.000804,0.1991,0.8,1.54e-05
1685,1500,1500,1,0.0004203,6.28e-05,0.01404,0.0883,0.897,0.0001343
1686,1500,1500,1,0.0001565,0.0001127,0.01389,0.3748,0.611,0.0001593
1687,1500,1500,1,0.0002792,0.0001236,0.00327,0.378,0.618,8.076e-05
1688,1500,1500,1,3.517e-05,1.025e-05,0.00809,0.06183,0.93,3.1e-05
1689,1500,500,0,0.001077,0.00011235,0.912,0.009125,0.0774,0.0002165
1690,1500,1500,1,0.0003123,3.61e-05,0.00277,0.1987,0.7983,2.19e-05
1691,1500,500,0,0.007286,0.000253,0.7,0.013756,0.2773,0.001277
1692,1500,1500,1,0.0001506,7.355e-05,0.005005,0.426,0.569,0.0001945
1693,1500,1000,0,0.0001311,8.85e-05,0.01819,0.548,0.4333,0.000359
1694,1500,1500,1,0.00913,0.001106,0.07794,0.2837,0.627,0.001153
1695,1500,1000,0,7.09e-05,7.76e-05,0.02771,0.8267,0.1456,0.0001322
1696,1500,1000,0,0.02654,0.001531,0.1493,0.4883,0.3337,0.000661
1697,1500,1500,1,0.001085,0.0002109,0.00777,0.163,0.8276,0.0002084
1698,1500,1500,1,0.0001353,4.21e-05,0.00218,0.348,0.65,4.697e-05
1699,1500,1500,1,9.125e-05,7.15e-05,0.004673,0.4946,0.5005,4.846e-05
1700,1500,1500,1,0.0002503,3.56e-05,0.003014,0.119,0.8774,2.813e-05
1701,1500,1500,1,9.73e-05,6.455e-05,0.0668,0.1444,0.7886,0.0002245
1702,1500,1000,0,3e-06,1.43e-06,0.0002289,0.506,0.4941,2.4e-06
1703,1500,1500,1,5.68e-05,2.307e-05,0.001719,0.2686,0.7295,2.09e-05
1704,1500,1500,1,0.0001717,5.65e-05,0.001205,0.2257,0.773,4.45e-05
1705,1500,1500,1,0.000541,9.51e-05,0.1654,0.05945,0.774,0.0004647
1706,1500,1500,1,0.0006385,0.0002968,0.3347,0.2281,0.4355,0.0006337
1707,1500,1000,0,0.0001262,0.0002053,0.0005646,0.7876,0.2107,0.000963
1708,1500,1500,1,0.0005097,0.0001873,0.02159,0.2396,0.738,0.0002276
1709,1500,1500,1,0.00089,0.0006824,0.0992,0.1837,0.7124,0.002901
1710,1500,1500,1,0.0002837,0.000163,0.01834,0.3835,0.5977,0.0003033
1711,1500,1500,1,0.000669,0.0004547,0.2388,0.1556,0.6025,0.001974
1712,1500,1500,1,0.01345,0.001295,0.276,0.1047,0.6035,0.000997
1713,1500,1500,1,0.0103,0.000875,0.3977,0.1754,0.415,0.000792
1714,1500,1500,1,0.0005803,0.0006733,0.03806,0.3635,0.5967,0.0004618
1715,1500,1500,1,0.0002055,0.0004835,0.0541,0.2998,0.638,0.006977
1716,1500,1000,0,7.206e-05,4.22e-05,0.0202,0.86,0.1198,0.000123
1717,1500,1000,0,0.0002204,9.01e-05,0.008224,0.5913,0.4001,0.0001268
1718,1500,1000,0,0.0005555,0.0002456,0.02428,0.7026,0.272,0.0002441
1719,1500,1500,1,0.000515,0.0001913,0.02072,0.2444,0.734,0.000417
1720,1500,1000,0,0.000519,0.0002973,0.02502,0.5425,0.431,0.0004613
1721,1500,1500,1,0.0001281,4.21e-05,0.02803,0.3293,0.6426,9.453e-05
1722,1500,1500,1,0.000214,3.123e-05,0.00751,0.2124,0.78,3.964e-05
1723,1500,1000,0,0.000312,0.00011575,0.003262,0.609,0.3872,4.93e-05
1724,1500,1000,0,0.0001444,0.0001304,0.01749,0.512,0.47,0.0002167
1725,1500,1000,0,0.002823,0.0006185,0.0235,0.617,0.3552,0.000408
1726,1500,1000,0,0.001367,0.0006685,0.3123,0.3923,0.2922,0.001201
1727,1500,1500,1,5e-05,1.854e-05,0.001659,0.2617,0.737,3.68e-05
1728,1500,1500,1,5.38e-05,2.563e-05,0.003826,0.2827,0.7134,4.27e-05
1729,1500,1500,1,0.0002503,0.0002357,0.02895,0.3704,0.5996,0.000479
1730,1500,1500,1,0.001014,8.875e-05,0.011635,0.1561,0.831,6.86e-05
1731,1500,500,0,0.001662,0.000499,0.7686,0.0918,0.1367,0.0006223
1732,1500,1500,1,0.0001991,7.826e-05,0.03708,0.2383,0.724,0.0001451
1733,1500,500,0,0.001363,9.185e-05,0.935,0.03044,0.0328,7.03e-05
1734,1500,1500,1,3.82e-05,2.17e-05,0.00524,0.1903,0.804,3.356e-05
1735,1500,1500,1,0.001272,0.0002152,0.04507,0.3276,0.6255,0.0004637
1736,1500,500,0,0.001514,0.0001603,0.847,0.02399,0.1267,0.0003736
1737,1500,1500,1,0.0008783,0.001384,0.1143,0.09186,0.7905,0.000955
1738,1500,1500,1,0.00282,0.0003338,0.2013,0.1543,0.641,0.0002599
1739,1500,1500,1,9.59e-05,1.49e-05,0.01058,0.06305,0.9263,3.564e-05
1740,1500,1500,1,9.36e-06,7.1e-06,0.000917,0.48,0.519,3.22e-05
1741,1500,1500,1,0.0003924,0.0001684,0.01889,0.391,0.5894,0.0002859
1742,1500,1500,1,0.0003474,0.000268,0.3538,0.08026,0.564,0.001251
1743,1500,1500,1,0.000945,5.704e-05,0.009766,0.04816,0.941,4.995e-05
1744,1500,1500,1,7.313e-05,3.94e-05,0.005672,0.4363,0.558,3.24e-05
1745,1500,1500,1,0.0002033,2.664e-05,0.001444,0.06335,0.935,2.32e-05
1746,1500,1500,1,3.52e-05,1.276e-05,0.001023,0.1918,0.807,1.276e-05
1747,1500,1500,1,1.967e-05,1.17e-05,0.0007114,0.1338,0.865,1.377e-05
1748,1500,500,0,0.0547,0.0005126,0.6187,0.03287,0.2927,0.0004447
1749,1500,1500,1,0.00012165,4.274e-05,0.001904,0.10016,0.898,4.23e-05
1750,1500,1500,1,0.001101,9.686e-05,0.03287,0.08704,0.879,7.57e-05
1751,1500,1500,1,6.85e-05,7.28e-05,0.010826,0.4272,0.5615,8.696e-05
1752,1500,1500,1,5.317e-05,1.645e-05,0.00199,0.1068,0.891,1.6e-05
1753,1500,1500,1,0.0006695,0.0001733,0.012505,0.0919,0.8945,0.0001799
1754,1500,1500,1,0.000695,0.0001233,0.01488,0.1692,0.815,0.0002271
1755,1500,1500,1,0.00012106,4.31e-05,0.001641,0.3027,0.6953,2.91e-05
1756,1500,1500,1,4.44e-05,3.403e-05,0.002514,0.2268,0.7705,0.0001172
1757,1500,1500,1,4.804e-05,8.64e-06,0.007507,0.02347,0.9688,2.39e-05
1758,1500,1500,1,0.0002102,9.07e-05,0.007385,0.2556,0.737,8.28e-05
1759,1500,1500,1,0.00123,4.935e-05,0.00928,0.06696,0.9224,3.654e-05
1760,1500,1500,1,3.86e-05,3.225e-05,0.007965,0.2676,0.724,7.66e-05
1761,1500,1500,1,0.0003011,0.0002444,0.02347,0.2966,0.679,0.0002654
1762,1500,500,0,0.000472,4.95e-05,0.5415,0.04086,0.417,0.0001025
1763,1500,1500,1,0.01614,0.0005383,0.10944,0.05374,0.82,0.0005097
1764,1500,1500,1,0.0001527,3.713e-05,0.004955,0.1927,0.802,0.0001332
1765,1500,1500,1,0.000169,5.52e-05,0.006115,0.224,0.7695,6.014e-05
1766,1500,1500,1,0.000575,8.905e-05,0.05585,0.2603,0.683,0.0001587
1767,1500,500,0,0.000644,0.0002342,0.6006,0.0941,0.304,0.000411
1768,1500,500,0,0.004185,0.004246,0.656,0.11584,0.2191,0.0009646
1769,1500,1500,1,0.00828,0.0007505,0.31,0.1641,0.516,0.0006666
1770,1500,1000,0,0.0001687,4.58e-05,0.06018,0.602,0.3376,6.33e-05
1771,1500,1500,1,0.000125,2.205e-05,0.007683,0.3328,0.659,2.54e-05
1772,1500,1500,1,0.000584,0.0001771,0.3271,0.2253,0.4463,0.000399
1773,1500,1500,1,0.0001702,6.54e-05,0.0691,0.2341,0.6963,0.0001994
1774,1500,1000,0,0.0001061,0.0001721,0.0418,0.659,0.2988,0.0001669
1775,1500,1500,1,0.001063,0.0002282,0.02994,0.2517,0.717,0.000194
1776,1500,1500,1,0.0002083,8.35e-05,0.02803,0.0753,0.896,0.0001321
1777,1500,1000,0,0.0007105,0.0004523,0.2515,0.4177,0.329,0.000563
1778,1500,1500,1,0.0003238,6.46e-05,0.0217,0.2278,0.75,8.76e-05
1779,1500,1500,1,0.001538,0.0001612,0.3481,0.0861,0.564,0.0002198
1780,1500,1500,1,0.01715,0.0005217,0.1567,0.2805,0.545,0.00011307
1781,1500,1500,1,0.003294,0.0004659,0.1453,0.1814,0.669,0.0007815
1782,1500,1500,1,0.00697,0.0001297,0.2477,0.01967,0.725,0.000234
1783,1500,1000,0,0.0002046,9.95e-05,0.002619,0.644,0.353,0.0001295
1784,1500,1500,1,1.75e-05,1.824e-05,0.0005245,0.4414,0.558,3.48e-05
1785,1500,1000,0,0.00811,0.00204,0.2,0.7437,0.04376,0.002373
1786,1500,1000,0,2.19e-05,1.585e-05,0.0002844,0.716,0.2837,1.61e-05
1787,1500,1500,1,0.0006375,0.0001506,0.00273,0.3892,0.6074,0.0001384
1788,1500,1500,1,0.00531,0.0002149,0.03293,0.2451,0.7163,0.0002279
1789,1500,1500,1,0.0004907,0.0001994,0.00691,0.215,0.7773,0.000338
1790,1500,1500,1,0.0002276,3.636e-05,0.002003,0.1114,0.886,3.48e-05
1791,1500,1500,1,2.96e-05,1.746e-05,0.000987,0.4927,0.5063,5.895e-05
1792,1500,1500,1,0.0003803,0.0002245,0.01689,0.218,0.764,0.0004113
1793,1500,1000,0,0.00587,0.001474,0.0437,0.4854,0.4614,0.002247
1794,1500,1500,1,0.0003588,0.000192,0.01875,0.3018,0.6787,0.0002127
1795,1500,1000,0,3.743e-05,2.795e-05,0.003246,0.635,0.3618,8.59e-05
1796,1500,500,0,0.002094,0.001088,0.634,0.2825,0.07916,0.001384
1797,1500,1500,1,0.002462,0.001476,0.010315,0.487,0.4949,0.003735
1798,1500,1500,1,9.91e-05,6.473e-05,0.00693,0.2205,0.7725,0.0001229
1799,1500,1500,1,0.001236,0.0002568,0.006115,0.4353,0.5566,0.0001847
1800,1500,500,0,0.291,0.003517,0.6284,0.05643,0.01997,0.000753
1801,1500,1500,1,0.000528,0.0001782,0.003714,0.4724,0.523,0.0001717
1802,1500,1500,1,0.002163,0.0004153,0.0283,0.4783,0.4905,0.000421
1803,1500,1500,1,0.000483,9.87e-05,0.05508,0.1473,0.797,0.0001702
1804,1500,1500,1,0.0001361,4.54e-05,0.00839,0.3582,0.6333,4.286e-05
1805,1500,1500,1,0.0006137,0.000151,0.01628,0.3125,0.6704,0.0001742
1806,1500,500,0,0.001366,0.0003912,0.4834,0.2502,0.2644,0.000419
1807,1500,1500,1,0.001986,0.0001905,0.02309,0.1832,0.7915,0.0001857
1808,1500,1500,1,0.002296,8.45e-05,0.1539,0.03357,0.81,0.0001893
1809,1500,1500,1,0.0006948,0.0002283,0.010574,0.1449,0.8433,0.0002623
1810,1500,1500,1,0.000516,0.0002496,0.04468,0.1683,0.7856,0.0003603
1811,1500,1500,1,1.12e-05,9.2e-06,0.0008845,0.4126,0.5864,3.76e-05
1812,1500,1500,1,0.0002176,0.00010854,0.05524,0.328,0.616,0.0002072
1813,1500,1500,1,0.000355,9.39e-05,0.01245,0.0834,0.9033,0.0001919
1814,1500,1500,1,9.18e-05,5.996e-05,0.005344,0.4172,0.577,0.0001427
1815,1500,1000,0,6.94e-05,3.92e-05,0.01257,0.5083,0.4792,9e-05
1816,1500,1500,1,0.001359,0.0002285,0.0804,0.427,0.4907,0.000282
1817,1500,500,0,0.00729,8.79e-05,0.88,0.00822,0.1043,0.0001447
1818,1500,1500,1,4.87e-05,1.67e-05,0.01062,0.1272,0.8623,3.576e-05
1819,1500,1500,1,0.0001157,3.9e-05,0.003891,0.2898,0.706,3.76e-05
1820,1500,500,0,0.012695,0.0002925,0.832,0.03986,0.115,0.0003114
1821,1500,1500,1,0.000471,0.0001029,0.0694,0.3152,0.6147,0.0001842
1822,1500,1500,1,0.002167,0.00012076,0.03635,0.2137,0.7476,0.0001066
1823,1500,1000,0,0.0001024,5.8e-05,0.0003757,0.8545,0.145,7.683e-05
1824,1500,1500,1,0.0001463,0.00011176,0.0973,0.2052,0.697,0.000268
1825,1500,1000,0,0.0003603,0.0001328,0.002892,0.558,0.4382,0.0002172
1826,1500,1000,0,0.001303,0.0005984,0.00737,0.903,0.08765,0.0004945
1827,1500,1500,1,0.0099,0.0005603,0.04608,0.1445,0.7983,0.0005035
1828,1500,1500,1,0.001844,0.0008984,0.00617,0.3137,0.677,0.000493
1829,1500,1500,1,0.002354,0.000538,0.2742,0.3555,0.3662,0.001182
1830,1500,1000,0,0.001853,0.0007844,0.014015,0.5303,0.4517,0.001655
1831,1500,1500,1,0.000463,0.0001117,0.2213,0.08923,0.6885,0.000283
1832,1500,1500,1,1.95e-05,3.76e-06,0.000821,0.0726,0.927,4.35e-06
1833,1500,1500,1,0.0002937,9.86e-05,0.006798,0.448,0.5444,0.00010824
1834,1500,1500,1,0.002008,0.0001746,0.008736,0.1813,0.8076,0.0001502
1835,1500,1500,1,5.42e-05,1.42e-05,0.001651,0.1439,0.8545,1.544e-05
1836,1500,1500,1,7.886e-05,3.82e-05,0.01289,0.2556,0.7314,7.6e-05
1837,1500,1500,1,0.00103,0.0001531,0.00915,0.1011,0.8887,0.0001462
1838,1500,1500,1,0.0001034,4.46e-05,0.01444,0.2947,0.6904,0.00011027
1839,1500,500,0,0.04678,0.000585,0.583,0.1068,0.2622,0.0005155
1840,1500,1500,1,0.000375,3.886e-05,0.00413,0.05927,0.936,4.137e-05
1841,1500,1000,0,0.0004556,0.000354,0.00974,0.903,0.086,0.0004683
1842,1500,1500,1,0.0001128,9.95e-06,0.002684,0.06183,0.9355,1.097e-05
1843,1500,1500,1,7.54e-05,3.12e-05,0.03001,0.1882,0.7817,8.66e-05
1844,1500,500,0,0.01102,0.0002773,0.66,0.0736,0.2546,0.0001858
1845,1500,500,0,0.001864,0.0001991,0.8516,0.05588,0.0901,0.0004644
1846,1500,1000,0,7.76e-05,4.035e-05,0.00359,0.5225,0.4739,2.676e-05
1847,1500,500,0,0.0003974,6.324e-05,0.6255,0.01305,0.3606,0.0002099
1848,1500,500,0,0.000272,0.0001521,0.898,0.06506,0.03613,0.0004935
1849,1500,500,0,0.02258,0.0004907,0.8926,0.01243,0.0712,0.000835
1850,1500,1500,1,5.25e-06,1.1e-06,0.0004265,0.01342,0.9863,1.13e-06
1851,1500,500,0,0.001065,0.000155,0.78,0.09314,0.1254,0.0002863
1852,1500,1000,0,0.001489,0.000919,0.04315,0.4873,0.4658,0.001366
1853,1500,1500,1,0.2277,0.002436,0.03955,0.1353,0.5938,0.001276
1854,1500,1500,1,0.1552,0.000857,0.1368,0.0757,0.631,0.0007954
1855,1500,1500,1,0.01689,9.936e-05,0.01217,0.07605,0.8945,5.037e-05
1856,1500,500,0,0.005295,0.0004532,0.947,0.007122,0.0399,0.000462
1857,1500,500,0,0.002779,0.0002316,0.9663,0.01461,0.01578,0.0003242
1858,1500,1000,0,0.0007896,0.000872,0.1508,0.545,0.3022,0.0004807
1859,1500,1500,1,2.25e-05,1.17e-05,0.000534,0.1147,0.885,1.51e-05
1860,1500,1500,1,8.75e-05,2.52e-05,0.00219,0.07806,0.9194,1.83e-05
1861,1500,1500,1,0.001982,0.0001157,0.01094,0.05328,0.9336,6.39e-05
1862,1500,1500,1,0.0001019,3.093e-05,0.006702,0.1244,0.8687,4.1e-05
1863,1500,1500,1,0.002367,0.0002437,0.0942,0.1505,0.7524,0.0002968
1864,1500,500,0,0.0003748,0.0002482,0.3713,0.3557,0.2717,0.00064
1865,1500,1500,1,9.17e-05,2.27e-05,0.001997,0.1364,0.8613,2.71e-05
1866,1500,500,0,0.001059,0.0002414,0.4148,0.2203,0.3633,0.0004203
1867,1500,1000,0,0.0002532,0.0001366,0.015114,0.6533,0.331,0.0001771
1868,1500,1500,1,0.0005407,0.0001327,0.01059,0.4026,0.586,0.0001864
1869,1500,1500,1,0.0002835,0.0003088,0.02849,0.3076,0.6616,0.001476
1870,1500,500,0,0.001707,0.0004487,0.532,0.1882,0.2766,0.0007443
1871,1500,1500,1,0.001199,0.000393,0.1483,0.06146,0.788,0.0007663
1872,1500,1000,0,0.01531,0.002903,0.1763,0.489,0.3145,0.001925
1873,1500,1500,1,0.00369,0.000541,0.08997,0.4358,0.4695,0.0004945
1874,1500,1500,1,0.0005436,0.000205,0.0694,0.3848,0.545,0.0002518
1875,1500,1500,1,3.386e-05,9.3e-06,0.01578,0.121,0.8633,2.55e-05
1876,1500,1500,1,0.0001919,3.56e-05,0.00491,0.1277,0.867,6.66e-05
1877,1500,500,0,0.001489,0.0002894,0.8887,0.041,0.068,0.00077
1878,1500,1500,1,0.00010216,2.295e-05,0.01255,0.258,0.7295,2.5e-05
1879,1500,1500,1,4.256e-05,2.43e-05,0.0062,0.0817,0.912,9.114e-05
1880,1500,1500,1,0.001116,0.0001578,0.011955,0.1094,0.8774,9.26e-05
1881,1500,1000,0,0.003803,0.001738,0.1924,0.6743,0.1267,0.001189
1882,1500,1500,1,0.0007043,0.0002378,0.05585,0.4531,0.489,0.0009646
1883,1500,1500,1,0.0001587,5.82e-05,0.0048,0.1648,0.83,6.413e-05
1884,1500,1500,1,8.6e-05,3.785e-05,0.00542,0.238,0.7563,3.67e-05
1885,1500,1500,1,9.61e-05,1.293e-05,0.005672,0.0998,0.8945,2.88e-05
1886,1500,1500,1,0.0001838,2.48e-05,0.003214,0.09686,0.8994,3.75e-05
1887,1500,1500,1,0.0003524,7.504e-05,0.00785,0.1895,0.8022,9.1e-05
1888,1500,1000,0,0.001258,0.0004256,0.07294,0.721,0.2035,0.0005307
1889,1500,1000,0,0.001015,0.0003653,0.1212,0.4468,0.4297,0.0008087
1890,1500,1500,1,8.13e-05,3.576e-05,0.1086,0.07776,0.8135,0.0001755
1891,1500,1500,1,3.25e-05,9.8e-06,0.00892,0.1227,0.868,1.17e-05
1892,1500,1500,1,0.000469,0.000176,0.01287,0.445,0.541,0.0002322
1893,1500,1500,1,5.08e-05,1.365e-05,0.0009656,0.0844,0.9146,1.13e-05
1894,1500,1500,1,0.000114,0.0001223,0.0545,0.315,0.63,0.0004194
1895,1500,1000,0,4.04e-05,2.88e-05,0.003391,0.898,0.09875,4.417e-05
1896,1500,1000,0,7.48e-05,5.52e-05,0.05167,0.546,0.4023,0.0002042
1897,1500,1500,1,0.001324,7.135e-05,0.0392,0.0571,0.9023,0.0001677
1898,1500,1000,0,0.000851,0.000293,0.2124,0.447,0.3386,0.000858
1899,1500,1500,1,3.064e-05,7.993e-05,0.0097,0.1128,0.877,0.0005093
1900,1500,1500,1,0.0005836,0.0003471,0.4475,0.04883,0.5015,0.001315
1901,1500,1500,1,0.0009184,0.0003438,0.06204,0.1412,0.7954,0.000253
1902,1500,500,0,0.0001533,0.001718,0.7944,0.0703,0.10974,0.02382
1903,1500,1500,1,0.0002606,0.0001535,0.04474,0.3586,0.5957,0.000429
1904,1500,500,0,0.01106,0.0001532,0.75,0.0189,0.2196,0.0001467
1905,1500,500,0,0.0004635,0.0003781,0.7056,0.1599,0.1323,0.001428
1906,1500,1500,1,0.001667,0.0004683,0.07477,0.2343,0.6885,0.0003822
1907,1500,1500,1,0.0001394,2.54e-05,0.007256,0.1014,0.891,3.815e-05
1908,1500,1000,0,0.00211,0.0002728,0.00714,0.8335,0.1566,0.0002221
1909,1500,1500,1,6.01e-05,2.32e-05,0.002872,0.1476,0.8496,2.277e-05
1910,1500,1000,0,0.00228,0.001331,0.014,0.857,0.1205,0.00507
1911,1500,1500,1,0.0002278,0.0001409,0.1512,0.1081,0.7397,0.0003905
1912,1500,500,0,0.025,0.0002023,0.8276,0.0146,0.1322,0.0003355
1913,1500,1500,1,0.0002092,9.865e-05,0.1516,0.09985,0.748,0.000384
1914,1500,1500,1,0.0003874,0.00011057,0.256,0.0978,0.6455,0.0002208
1915,1500,1500,1,5.716e-05,6.896e-05,0.01952,0.4854,0.4949,0.0001467
1916,1500,1500,1,0.0003855,0.000746,0.1216,0.05502,0.8213,0.001118
1917,1500,1500,1,6.8e-06,5.54e-06,0.000951,0.3608,0.638,1.51e-05
1918,1500,1500,1,6.956e-05,7.35e-05,0.00914,0.446,0.5444,0.0002642
1919,1500,1500,1,0.0001367,1.925e-05,0.002966,0.062,0.935,3.06e-05
1920,1500,1500,1,0.002579,0.00178,0.1855,0.3867,0.4214,0.002264
1921,1500,1500,1,0.000756,9.114e-05,0.007294,0.3008,0.691,7.886e-05
1922,1500,1500,1,2.676e-05,1.21e-05,0.001957,0.2708,0.727,2.55e-05
1923,1500,1500,1,7.975e-05,3.904e-05,0.003653,0.1823,0.814,7.39e-05
1924,1500,1500,1,0.0001572,6.54e-05,0.004543,0.1564,0.839,7.37e-05
1925,1500,1500,1,6.32e-05,2.545e-05,0.00453,0.3093,0.686,2.927e-05
1926,1500,1500,1,0.0001028,3.13e-05,0.006027,0.3047,0.689,3.13e-05
1927,1500,1500,1,0.0002818,0.0002897,0.01074,0.4834,0.505,0.000591
1928,1500,500,0,0.004665,0.0001974,0.9043,0.0128,0.07794,0.0003285
1929,1500,1500,1,6.97e-05,2.05e-05,0.00179,0.1909,0.807,2.43e-05
1930,1500,1500,1,0.0006604,8.905e-05,0.04123,0.3381,0.6196,8.21e-05
1931,1500,500,0,0.003132,0.0007505,0.7095,0.1405,0.145,0.0009017
1932,1500,1500,1,0.001404,0.001061,0.0603,0.1875,0.746,0.003706
1933,1500,1500,1,0.0001123,5.99e-05,0.01292,0.2864,0.7007,9.17e-05
1934,1500,1500,1,1.69e-05,6.2e-06,0.001137,0.04614,0.9526,1.293e-05
1935,1500,1500,1,0.0001756,5.24e-05,0.001838,0.1517,0.846,5.96e-05
1936,1500,1500,1,0.0003898,7.53e-05,0.008255,0.1638,0.827,5.26e-05
1937,1500,1500,1,0.0004532,0.0002937,0.05743,0.262,0.6797,0.0003266
1938,1500,1500,1,9.85e-05,4.476e-05,0.00634,0.278,0.7153,3.2e-05
1939,1500,1500,1,0.002111,0.0001605,0.043,0.2109,0.7437,0.0001367
1940,1500,1500,1,0.0001315,7.147e-05,0.003975,0.1726,0.823,5.7e-05
1941,1500,1500,1,0.001213,8.523e-05,0.357,0.0272,0.6143,0.0001223
1942,1500,500,0,0.0006056,0.0007277,0.541,0.0847,0.369,0.003817
1943,1500,1500,1,0.0001609,6.133e-05,0.01048,0.1604,0.8286,0.0001168
1944,1500,1500,1,0.0004742,5.65e-05,0.01002,0.1951,0.7944,4.95e-05
1945,1500,1500,1,0.00010276,3.64e-05,0.03723,0.2317,0.731,0.0001464
1946,1500,1500,1,1.365e-05,4.4e-06,0.0009556,0.04446,0.9546,8.7e-06
1947,1500,1500,1,7.236e-05,4.26e-05,0.0414,0.1329,0.825,0.000117
1948,1500,500,0,0.000587,0.0001969,0.4187,0.2466,0.3333,0.0006585
1949,1500,1500,1,0.0001265,1.246e-05,0.00157,0.1781,0.8203,2.223e-05
1950,1500,1500,1,0.0002362,0.0001247,0.0268,0.3716,0.601,0.0001976
1951,1500,1500,1,0.00011104,2.71e-05,0.002714,0.3337,0.6636,4.38e-05
1952,1500,1000,0,0.003113,0.0002997,0.0132,0.627,0.356,0.0002842
1953,1500,1500,1,0.000331,6.11e-05,0.002317,0.1779,0.8193,7.37e-05
1954,1500,1500,1,0.0001506,0.0001119,0.01952,0.3086,0.6714,0.000472
1955,1500,1500,1,5.424e-05,7.11e-05,0.00278,0.4585,0.538,0.00026
1956,1500,1500,1,0.0008235,0.0001925,0.0745,0.2291,0.695,0.0002463
1957,1500,1000,0,0.001008,0.000596,0.009735,0.6987,0.2896,0.0006585
1958,1500,1000,0,0.01163,0.001107,0.0671,0.504,0.4148,0.00133
1959,1500,1500,1,0.001243,0.000181,0.0455,0.0855,0.867,0.0003343
1960,1500,1500,1,0.000824,0.0002087,0.0577,0.2952,0.646,0.0004275
1961,1500,1500,1,0.0117,0.002106,0.1211,0.4272,0.4348,0.002895
1962,1500,1500,1,0.001127,0.001799,0.1592,0.1772,0.6504,0.01023
1963,1500,1500,1,0.00011164,1.08e-05,0.0007143,0.1445,0.8545,1.25e-05
1964,1500,1500,1,0.007195,0.0005317,0.2318,0.2034,0.556,0.0008264
1965,1500,1500,1,0.010376,0.0007806,0.01322,0.2969,0.678,0.0004218
1966,1500,1500,1,0.0004041,8.404e-05,0.001562,0.1653,0.8325,8.93e-05
1967,1500,1500,1,9.11e-05,1.603e-05,0.0097,0.0931,0.897,1.98e-05
1968,1500,1000,0,1.526e-05,2.74e-05,0.002003,0.719,0.2786,8.13e-05
1969,1500,1500,1,0.000404,2.694e-05,0.002483,0.0928,0.9043,2.48e-05
1970,1500,1500,1,0.0002456,0.0001014,0.2156,0.185,0.5986,0.000225
1971,1500,1500,1,3.934e-05,2.164e-05,0.002703,0.3284,0.669,4.816e-05
1972,1500,500,0,0.0007186,8.08e-05,0.7656,0.04385,0.1898,0.00010747
1973,1500,500,0,0.002148,0.0003703,0.756,0.08374,0.1572,0.0009165
1974,1500,1500,1,5.95e-05,4.613e-05,0.051,0.2052,0.7437,0.0002427
1975,1500,500,0,0.003433,0.0002518,0.906,0.00773,0.082,0.001059
1976,1500,1500,1,0.001443,0.0001506,0.1566,0.3147,0.527,0.0002239
1977,1500,1000,0,0.00010365,6.46e-05,0.05896,0.5015,0.4392,0.0001343
1978,1500,500,0,0.0719,0.0002692,0.8647,0.011284,0.05176,0.0002687
1979,1500,500,0,0.0002444,6.21e-05,0.933,0.005657,0.06073,0.0001007
1980,1500,1500,1,0.000258,0.0002525,0.1155,0.3481,0.535,0.0009665
1981,1500,1500,1,0.00010824,1.45e-05,0.1022,0.0357,0.862,6.527e-05
1982,1500,1500,1,9.82e-05,1.687e-05,0.01744,0.1351,0.847,3.21e-05
1983,1500,1500,1,0.0001459,1.585e-05,0.02199,0.02632,0.9517,2.78e-05
1984,1500,1500,1,0.0003197,0.00011826,0.11383,0.3723,0.513,0.0003228
1985,1500,500,0,0.0001941,0.0001526,0.9707,0.01401,0.01467,0.0002148
1986,1500,1000,0,0.001295,0.0009646,0.02509,0.744,0.2244,0.004185
1987,1500,1500,1,0.010506,0.000995,0.211,0.325,0.4512,0.001238
1988,1500,500,0,0.0007644,0.0002354,0.6123,0.0775,0.3083,0.001003
1989,1500,1500,1,0.001494,4.613e-05,0.09265,0.03004,0.8755,0.0001173
1990,1500,1500,1,3.535e-05,2.87e-05,0.005104,0.1696,0.825,6.07e-05
1991,1500,1000,0,0.0002224,0.0001816,0.1677,0.4316,0.4,0.0005183
1992,1500,1500,1,0.0001621,0.00012165,0.12366,0.3008,0.575,0.0003064
1993,1500,1500,1,0.0003202,0.0001079,0.0802,0.3435,0.5757,0.0002954
1994,1500,500,0,0.01897,0.00173,0.4504,0.32,0.206,0.002647
1995,1500,1000,0,0.000207,0.0002346,0.04968,0.5947,0.355,0.0003006
1996,1500,1500,1,0.0001919,0.0001655,0.02014,0.314,0.665,0.0005383
1997,1500,1500,1,4.655e-05,3.445e-05,0.0014105,0.2996,0.699,5.68e-05
1998,1500,1000,0,0.0005264,0.0005217,0.0347,0.7817,0.1824,0.0002663
1999,1500,1000,0,0.0003097,9.01e-05,0.05087,0.6753,0.2734,0.0002115
2000,2000,2000,1,1.26e-05,0.00819,9.42e-05,0.0001456,0.0002313,0.991
2001,2000,2000,1,7.03e-06,0.002338,4.19e-05,3.093e-05,4.98e-05,0.9976
2002,2000,2000,1,3.2e-06,0.000192,4.923e-05,2.38e-05,8.91e-05,0.9995
2003,2000,2000,1,2.74e-06,0.0001731,2.6e-05,5.41e-05,7.33e-05,0.9995
2004,2000,2000,1,1.9e-06,0.0001309,2.82e-05,1.574e-05,6.59e-05,1.0
2005,2000,2000,1,6.6e-07,0.0001825,9.95e-06,4e-06,1.2e-05,1.0
2006,2000,2000,1,8.9e-06,0.000554,0.0001188,0.0001272,0.0002435,0.999
2007,2000,2000,1,1.5e-05,0.004177,0.00010926,6.07e-05,0.0001108,0.9956
2008,2000,2000,1,1.3e-05,0.000508,0.0002766,0.0002136,0.000305,0.9985
2009,2000,2000,1,5.2e-06,0.001751,8.714e-05,6.91e-05,9.19e-05,0.998
2010,2000,2000,1,6.8e-06,0.000504,4.494e-05,2.396e-05,5.18e-05,0.9995
2011,2000,2000,1,9.7e-06,0.0003479,0.00010204,7.03e-05,0.0001076,0.9995
2012,2000,2000,1,1.48e-05,0.00567,0.0001473,5.48e-05,8.75e-05,0.994
2013,2000,2000,1,3.374e-05,0.01193,0.0001442,6.056e-05,7.796e-05,0.988
2014,2000,2000,1,2.3e-06,0.000785,2.235e-05,1.31e-05,1.92e-05,0.999
2015,2000,2000,1,0.0001395,0.001129,0.0009685,0.002691,0.00317,0.9917
2016,2000,2000,1,2.5e-06,0.000534,2.56e-05,1.025e-05,2.66e-05,0.9995
2017,2000,2000,1,8.2e-06,0.0002565,7.236e-05,3.21e-05,6.664e-05,0.9995
2018,2000,2000,1,3.6e-06,0.000847,4.137e-05,1.17e-05,3.374e-05,0.999
2019,2000,2000,1,1.043e-05,0.0002637,0.0001963,0.0002644,0.000623,0.9985
2020,2000,2000,1,2.474e-05,0.01224,0.000154,6.08e-05,0.0001308,0.9873
2021,2000,2000,1,2.14e-05,0.008804,0.000539,9.084e-05,0.0002091,0.99
2022,2000,2000,1,9.5e-06,0.000888,0.0001109,7.88e-05,0.0002247,0.9985
2023,2000,2000,1,3e-06,9.93e-05,4.87e-05,0.000119,0.000241,0.9995
2024,2000,2000,1,3.18e-05,0.002474,0.0001996,0.0004876,0.0007205,0.996
2025,2000,2000,1,6.7e-06,0.0008783,0.0001036,0.0001166,0.0002732,0.9985
2026,2000,2000,1,1.08e-05,0.003372,4.524e-05,5.543e-05,6.95e-05,0.9966
2027,2000,2000,1,7.45e-06,0.001165,8.005e-05,0.0001445,0.0002016,0.9985
2028,2000,2000,1,3.9e-06,0.001722,3.62e-05,4.613e-05,6.33e-05,0.998
2029,2000,2000,1,1.13e-06,0.00011504,1.425e-05,1.276e-05,4.37e-05,1.0
2030,2000,2000,1,2.545e-05,0.002054,0.0001988,0.0001227,0.0001974,0.9976
2031,2000,2000,1,3.5e-06,0.0002058,3.743e-05,2.146e-05,6.05e-05,0.9995
2032,2000,2000,1,1.675e-05,0.002085,0.0001467,0.0001229,0.0001961,0.9976
2033,2000,2000,1,1.13e-06,7.74e-05,1.377e-05,1.91e-05,2.33e-05,1.0
2034,2000,2000,1,3.8e-05,0.04938,0.0003269,0.0001191,0.0002642,0.9497
2035,2000,2000,1,2.307e-05,0.000477,0.0002947,9.54e-05,0.0001551,0.999
2036,2000,2000,1,5.3e-06,0.000657,4.43e-05,2.13e-05,4.756e-05,0.999
2037,2000,2000,1,2.46e-05,0.001658,0.0002184,0.0001198,0.0002475,0.9976
2038,2000,2000,1,4.6e-06,0.0002687,5.82e-05,2.95e-05,7.4e-05,0.9995
2039,2000,2000,1,4.49e-05,0.004044,0.00037,0.001475,0.001169,0.9927
2040,2000,2000,1,6.4e-06,0.0001794,8.93e-05,0.0001308,0.0001837,0.9995
2041,2000,2000,1,4.23e-06,0.0525,0.0004272,8.905e-05,0.0002785,0.947
2042,2000,2000,1,1.08e-05,0.001276,8.49e-05,6.34e-05,0.00010663,0.9985
2043,2000,2000,1,2.7e-06,0.0006156,1.91e-05,5.66e-06,1.11e-05,0.9995
2044,2000,2000,1,2.93e-05,0.00094,0.002192,0.0002264,0.001002,0.9956
2045,2000,2000,1,7.26e-05,0.001526,0.003109,0.000953,0.001774,0.9927
2046,2000,2000,1,1e-07,1.824e-05,2e-06,1.43e-06,1.97e-06,1.0
2047,2000,2000,1,1.46e-05,0.0483,9.966e-05,9.38e-05,9.036e-05,0.951
2048,2000,2000,1,5.3e-06,0.000783,6.64e-05,4.613e-05,9.423e-05,0.999
2049,2000,2000,1,8.3e-07,0.000134,2.736e-05,8.9e-06,3.03e-05,1.0
2050,2000,2000,1,1.35e-05,0.0014515,0.0001327,0.0001756,0.0003724,0.998
2051,2000,2000,1,1.5e-06,0.000765,3.034e-05,6.44e-06,1.425e-05,0.999
2052,2000,2000,1,1.38e-05,0.003191,0.0001062,3.77e-05,8.18e-05,0.9966
2053,2000,2000,1,8e-06,0.001069,0.0001358,3.33e-05,5.14e-05,0.9985
2054,2000,2000,1,0.001326,0.264,0.05618,0.00508,0.006577,0.667
2055,2000,2000,1,4.274e-05,0.00489,0.0005217,0.0002627,0.000649,0.9937
2056,2000,2000,1,3e-07,2.26e-05,3.1e-06,1.85e-06,4.65e-06,1.0
2057,2000,2000,1,2.9e-06,0.0004034,2.63e-05,2.13e-05,3.9e-05,0.9995
2058,2000,2000,1,6e-07,8.357e-05,4.154e-05,1.99e-05,0.0001048,0.9995
2059,2000,2000,1,6.71e-05,0.002775,0.000556,0.0002087,0.00031,0.996
2060,2000,2000,1,2.646e-05,0.001113,8.47e-05,0.0001351,0.0001346,0.9985
2061,2000,2000,1,1.67e-05,0.000714,0.000628,6.71e-05,0.0002782,0.9985
2062,2000,2000,1,5.02e-05,0.01329,0.002699,0.0001705,0.0005035,0.9834
2063,2000,2000,1,9.5e-07,5.317e-05,8.76e-06,5.9e-06,1.687e-05,1.0
2064,2000,2000,1,3.904e-05,0.05872,0.000587,0.0002053,0.000308,0.94
2065,2000,100,0,0.00201,0.765,0.001768,0.002356,0.001545,0.227
2066,2000,2000,1,1.13e-05,0.00153,7.254e-05,4.55e-05,0.0001314,0.998
2067,2000,2000,1,8.3e-07,5.025e-05,1.544e-05,3.4e-06,1.1e-05,1.0
2068,2000,2000,1,4.2e-06,0.000259,5.203e-05,2.15e-05,6.866e-05,0.9995
2069,2000,2000,1,8e-07,0.0001676,9.54e-06,5e-06,8.8e-06,1.0
2070,2000,2000,1,7.105e-05,0.0315,0.0002266,0.000122,0.0002284,0.968
2071,2000,2000,1,9.2e-06,0.0009756,7e-05,1.997e-05,4.5e-05,0.999
2072,2000,2000,1,0.0001255,0.1421,0.001174,0.0004656,0.000994,0.855
2073,2000,2000,1,9.06e-06,0.0004501,0.0001711,0.0001568,0.000588,0.9985
2074,2000,2000,1,1.246e-05,0.000957,0.0001036,3.41e-05,8.02e-05,0.999
2075,2000,2000,1,3.7e-06,0.0002035,3.47e-05,2.91e-05,5.31e-05,0.9995
2076,2000,2000,1,1.37e-05,0.001653,0.000129,3.123e-05,7.635e-05,0.998
2077,2000,2000,1,1.067e-05,0.0005746,0.0002441,0.0001048,0.0002737,0.999
2078,2000,2000,1,1.7e-06,0.000131,2.635e-05,1.82e-05,2.766e-05,1.0
2079,2000,2000,1,3.6e-06,0.0002435,5.09e-05,2.193e-05,5.084e-05,0.9995
2080,2000,2000,1,4.55e-05,0.01228,0.0003765,0.0002658,0.000439,0.987
2081,2000,2000,1,2.825e-05,0.004623,0.000282,0.0003037,0.0005727,0.994
2082,2000,2000,1,3.77e-05,0.00965,0.0003572,0.0001447,0.000352,0.9893
2083,2000,2000,1,2e-07,4.524e-05,4.05e-06,1.4e-06,3.76e-06,1.0
2084,2000,2000,1,2.3e-06,0.0002463,2.134e-05,1.174e-05,1.66e-05,0.9995
2085,2000,2000,1,2.265e-05,0.01633,0.0002227,8.535e-05,0.0001549,0.9834
2086,2000,2000,1,4.905e-05,0.001174,0.001253,0.0004945,0.001565,0.9956
2087,2000,2000,1,1.1e-06,0.0002477,1.56e-05,7.75e-06,1.58e-05,0.9995
2088,2000,2000,1,0.0001242,0.297,0.001619,0.0004847,0.000588,0.7
2089,2000,2000,1,4.53e-06,0.001579,7.004e-05,2.91e-05,9.763e-05,0.998
2090,2000,2000,1,2.74e-06,0.0003533,6.92e-05,2.06e-05,6.026e-05,0.9995
2091,2000,2000,1,2.34e-05,0.000608,0.00049,0.0002549,0.000463,0.998
2092,2000,2000,1,2e-07,2.84e-05,3.4e-06,9.83e-06,1.34e-05,1.0
2093,2000,2000,1,7.284e-05,0.003284,0.0002468,0.0001987,0.0003617,0.9956
2094,2000,2000,1,5.48e-05,0.003775,0.0007205,0.000206,0.0004513,0.9946
2095,2000,2000,1,0.0002197,0.1517,0.003174,0.000673,0.00147,0.843
2096,2000,2000,1,1.09e-05,0.000545,9.7e-05,3.55e-05,5.704e-05,0.999
2097,2000,2000,1,1.67e-06,0.0001318,2.396e-05,7.33e-06,1.43e-05,1.0
2098,2000,2000,1,3.17e-05,0.00101,0.0001856,0.000284,0.0004134,0.998
2099,2000,2000,1,9.5e-07,7.09e-05,1.067e-05,4.1e-06,1.097e-05,1.0
2100,2000,2000,1,6.26e-06,0.0003946,7.01e-05,2.533e-05,5.376e-05,0.9995
2101,2000,2000,1,1.64e-05,0.00235,0.0002482,5.907e-05,0.0001302,0.997
2102,2000,2000,1,1.353e-05,0.003237,0.0001549,6.1e-05,8.774e-05,0.9966
2103,2000,2000,1,0.0001608,0.10126,0.00334,0.000544,0.0009003,0.8936
2104,2000,2000,1,3.8e-06,0.0002413,4.953e-05,3.99e-05,8.57e-05,0.9995
2105,2000,2000,1,8.1e-06,0.0006714,6.71e-05,3.04e-05,5.31e-05,0.999
2106,2000,2000,1,7.3e-06,0.0002973,9.43e-05,2.104e-05,4.876e-05,0.9995
2107,2000,2000,1,1.4e-06,0.0002034,1.365e-05,7e-06,1.09e-05,1.0
2108,2000,2000,1,7.2e-06,0.000616,5.996e-05,3.31e-05,6.13e-05,0.999
2109,2000,2000,1,2.44e-06,0.0001891,2.63e-05,1.216e-05,3.4e-05,0.9995
2110,2000,2000,1,2.78e-05,0.2172,0.00037,7.86e-05,0.0001284,0.782
2111,2000,2000,1,0.0001775,0.01209,0.000565,0.000369,0.0004997,0.9863
2112,2000,2000,1,1.85e-06,0.000312,1.83e-05,1.09e-05,1.89e-05,0.9995
2113,2000,2000,1,1.8e-06,0.000241,3.284e-05,1.776e-05,3.237e-05,0.9995
2114,2000,2000,1,2.15e-06,0.0001765,3.47e-05,1.32e-05,4.24e-05,0.9995
2115,2000,2000,1,0.00010735,0.1029,0.000482,0.0002992,0.0004303,0.896
2116,2000,2000,1,4.45e-05,0.01336,0.0002046,0.0001339,0.0001844,0.986
2117,2000,2000,1,6.7e-06,0.0005536,0.00014,9.733e-05,0.0002261,0.999
2118,2000,2000,1,8.64e-06,0.000539,0.00011134,0.0001369,0.0003357,0.999
2119,2000,100,0,8.41e-05,0.5806,0.0006275,0.0003352,0.0003269,0.4182
2120,2000,2000,1,3.04e-06,0.000265,2.63e-05,1.43e-05,2.676e-05,0.9995
2121,2000,2000,1,1.574e-05,0.001689,0.0001378,5.83e-05,0.0001117,0.998
2122,2000,2000,1,6.83e-05,0.0053,0.0002158,0.000942,0.0009193,0.9927
2123,2000,2000,1,4.756e-05,0.01904,0.0003266,0.0001027,0.0001569,0.9805
2124,2000,2000,1,1.1e-06,7.164e-05,1.24e-05,1.305e-05,1.96e-05,1.0
2125,2000,2000,1,4.53e-06,0.0006375,3.27e-05,2.48e-05,4.64e-05,0.999
2126,2000,2000,1,9.24e-06,0.003021,8.607e-05,3.934e-05,6.914e-05,0.9966
2127,2000,2000,1,9.2e-06,0.001783,0.0001367,0.0001055,0.0002701,0.9976
2128,2000,2000,1,6.14e-06,0.0007052,4.506e-05,0.0002627,0.0003011,0.9985
2129,2000,2000,1,7e-07,0.00010717,1.144e-05,1.28e-05,1.23e-05,1.0
2130,2000,2000,1,2.26e-06,0.0002456,4.655e-05,0.0001264,0.0002064,0.9995
2131,2000,100,0,8.094e-05,0.8145,0.0003824,0.0002027,0.0002217,0.1846
2132,2000,2000,1,8.2e-06,0.0003011,0.0001807,0.0002366,0.000529,0.9985
2133,2000,2000,1,5.07e-06,0.0001603,6.646e-05,5.09e-05,0.00011224,0.9995
2134,2000,2000,1,1.353e-05,0.0004487,0.0001675,0.0002003,0.0005727,0.9985
2135,2000,2000,1,2.4e-06,0.0003073,2.676e-05,1.866e-05,3.32e-05,0.9995
2136,2000,2000,1,5.84e-06,0.0002599,0.0001472,0.000466,0.0005946,0.9985
2137,2000,2000,1,3.034e-05,0.0224,0.0001657,0.0001527,0.000314,0.977
2138,2000,2000,1,3.16e-06,0.0004213,2.44e-05,1.657e-05,2.45e-05,0.9995
2139,2000,2000,1,2.44e-06,0.0001409,5.49e-05,2.76e-05,8.714e-05,0.9995
2140,2000,2000,1,2.86e-06,0.0002658,4.78e-05,2.164e-05,2.915e-05,0.9995
2141,2000,2000,1,0.000183,0.00836,0.0008216,0.0003965,0.0006094,0.9897
2142,2000,2000,1,9.1e-06,0.000746,9.054e-05,3.225e-05,8.005e-05,0.999
2143,2000,2000,1,9.83e-06,0.001554,9.35e-05,9.465e-05,0.0001183,0.998
2144,2000,2000,1,9e-07,8.91e-05,1.067e-05,4.05e-06,1.25e-05,1.0
2145,2000,2000,1,4.1e-06,0.0001986,2.48e-05,2.25e-05,2.754e-05,0.9995
2146,2000,2000,1,9.24e-06,0.0002627,0.0001589,0.0002089,0.000499,0.999
2147,2000,2000,1,3.5e-06,0.002909,5.335e-05,2.88e-05,5.03e-05,0.997
2148,2000,2000,1,9.06e-06,0.00458,5.09e-05,5.54e-05,4.66e-05,0.995
2149,2000,2000,1,1.115e-05,0.00065,6.22e-05,3.67e-05,6.37e-05,0.999
2150,2000,2000,1,7.683e-05,0.00799,0.0005903,0.0001773,0.0003843,0.9907
2151,2000,2000,1,1.75e-05,0.00681,8.273e-05,5.364e-05,7.25e-05,0.993
2152,2000,2000,1,3.386e-05,0.0024,0.0002604,0.0001614,0.0002465,0.997
2153,2000,2000,1,2.6e-06,0.0003214,4.89e-05,4.48e-05,0.0001146,0.9995
2154,2000,2000,1,5.36e-06,0.0002184,4.69e-05,4.06e-05,5.78e-05,0.9995
2155,2000,2000,1,6.9e-06,0.000505,4.625e-05,2.956e-05,6.03e-05,0.9995
2156,2000,2000,1,3.16e-06,0.0001812,4.49e-05,3.1e-05,5.436e-05,0.9995
2157,2000,2000,1,5.4e-06,0.0001576,0.00010633,5.615e-05,0.0001371,0.9995
2158,2000,2000,1,1.97e-06,0.0001767,7.03e-05,1.66e-05,5.22e-05,0.9995
2159,2000,2000,1,5.4e-07,0.0002049,1.04e-05,1.144e-05,1.776e-05,0.9995
2160,2000,2000,1,0.0001077,0.02126,0.0005684,0.0004427,0.0004623,0.977
2161,2000,2000,1,1.97e-06,0.00011516,2.31e-05,2.53e-05,6.92e-05,1.0
2162,2000,2000,1,3.6e-07,0.0001961,6e-06,3.7e-06,9.2e-06,1.0
2163,2000,2000,1,2.3e-06,0.001143,3.43e-05,6.1e-06,1.33e-05,0.999
2164,2000,2000,1,4e-07,9.125e-05,9.7e-06,2.3e-06,6.3e-06,1.0
2165,2000,2000,1,1.6e-06,8.97e-05,2.51e-05,1.22e-05,2.897e-05,1.0
2166,2000,2000,1,2.26e-06,0.0001602,3.284e-05,9.76e-05,0.0001224,0.9995
2167,2000,2000,1,3e-06,0.000193,2.044e-05,2.414e-05,4.88e-05,0.9995
2168,2000,2000,1,2.57e-05,0.01674,0.0002818,0.0001746,0.000442,0.9824
2169,2000,2000,1,9.817e-05,0.0416,0.001294,0.0003426,0.0007725,0.956
2170,2000,2000,1,4.05e-06,0.002014,2.855e-05,2.57e-05,4.1e-05,0.998
2171,2000,2000,1,4.31e-05,0.002329,0.0006747,0.001005,0.001222,0.9946
2172,2000,2000,1,2.4e-07,3.07e-05,4.23e-06,4e-06,1.705e-05,1.0
2173,2000,2000,1,6.5e-06,0.004025,7.62e-05,9.096e-05,0.0001411,0.9956
2174,2000,2000,1,1.85e-06,0.000926,2.03e-05,1.36e-05,1.56e-05,0.999
2175,2000,2000,1,1.54e-05,0.001499,7.606e-05,4.82e-05,7.635e-05,0.998
2176,2000,2000,1,7.486e-05,0.004467,0.0005913,0.0002171,0.00037,0.994
2177,2000,2000,1,4e-06,0.0002116,0.0001007,5.245e-05,0.0001155,0.9995
2178,2000,2000,1,1.25e-06,0.0002302,2.09e-05,1.097e-05,2.07e-05,0.9995
2179,2000,2000,1,5.8e-06,0.001142,4.96e-05,1.925e-05,3.403e-05,0.9985
2180,2000,2000,1,5.84e-06,0.000407,8.1e-05,0.0001097,0.0002038,0.999
2181,2000,2000,1,7.904e-05,0.004898,0.0003366,0.0002732,0.0003831,0.994
2182,2000,2000,1,7.7e-06,0.0004916,8.66e-05,2.444e-05,4.32e-05,0.9995
2183,2000,2000,1,1.01e-05,0.001308,0.0001693,1.967e-05,5.37e-05,0.9985
2184,2000,2000,1,1.7e-06,0.0011835,1.89e-05,9.54e-06,2.18e-05,0.9985
2185,2000,2000,1,1.41e-05,0.001094,6.26e-05,4.643e-05,7.19e-05,0.9985
2186,2000,2000,1,1.97e-06,0.000182,3.08e-05,2.04e-05,4.77e-05,0.9995
2187,2000,2000,1,8e-07,9.495e-05,1.4e-05,4.2e-06,1.03e-05,1.0
2188,2000,2000,1,4e-07,6.986e-05,5.6e-06,4.95e-06,8.64e-06,1.0
2189,2000,2000,1,2e-05,0.01587,0.00011563,4.053e-05,6.413e-05,0.984
2190,2000,2000,1,4.77e-06,0.003773,6.4e-05,4.13e-05,9.567e-05,0.996
2191,2000,2000,1,5.48e-05,0.0627,0.0005255,0.0002315,0.0004056,0.936
2192,2000,2000,1,5.3e-06,0.0007544,3.49e-05,2.76e-05,6.48e-05,0.999
2193,2000,2000,1,2.31e-05,0.0005383,0.0002656,0.0001928,0.00031,0.9985
2194,2000,2000,1,2.086e-05,0.003836,0.0003772,0.000192,0.0003505,0.995
2195,2000,100,0,0.0001546,0.6733,0.001517,0.0008025,0.001024,0.323
2196,2000,2000,1,2.2e-06,0.000509,2.48e-05,3.39e-05,6.54e-05,0.9995
2197,2000,2000,1,4.613e-05,0.1433,0.0001284,0.0001932,0.0001183,0.856
2198,2000,2000,1,5.36e-06,0.000917,7.05e-05,5.764e-05,0.00011957,0.999
2199,2000,2000,1,2.1e-06,0.0001364,2.193e-05,3.433e-05,5.203e-05,0.9995
2200,2000,2000,1,3.9e-06,0.0002768,3.55e-05,4.315e-05,6.557e-05,0.9995
2201,2000,2000,1,7.945e-05,0.2128,0.0007877,0.0002387,0.0003004,0.7856
2202,2000,2000,1,1.3e-05,0.0004227,0.0002632,0.0003471,0.0008817,0.998
2203,2000,2000,1,2.86e-06,0.0001912,2.4e-05,1.645e-05,3.08e-05,0.9995
2204,2000,2000,1,9.97e-05,0.171,0.000785,0.0003748,0.0006785,0.827
2205,2000,2000,1,3.34e-06,0.0002278,3.99e-05,0.0001253,0.0002656,0.9995
2206,2000,2000,1,7.254e-05,0.2137,0.0007777,0.0002191,0.0004656,0.7847
2207,2000,100,0,2.64e-05,0.6284,0.0001335,0.0001006,9.56e-05,0.371
2208,2000,2000,1,9.5e-07,0.00011986,1.174e-05,3.9e-06,1.11e-05,1.0
2209,2000,2000,1,5.66e-06,0.0002433,4.685e-05,3.1e-05,5.335e-05,0.9995
2210,2000,2000,1,2.65e-05,0.0626,0.0001484,7.42e-05,0.0001367,0.937
2211,2000,2000,1,2.3e-06,0.0003004,2.056e-05,9.66e-06,4.685e-05,0.9995
2212,2000,2000,1,5.7e-06,0.0001522,9.507e-05,4.375e-05,8.67e-05,0.9995
2213,2000,2000,1,4.95e-06,0.0001436,7.12e-05,7.51e-05,0.0001559,0.9995
2214,2000,2000,1,3.034e-05,0.00566,0.0001644,9.17e-05,0.0001754,0.9937
2215,2000,2000,1,3.34e-06,0.001106,2.295e-05,1.556e-05,3.123e-05,0.999
2216,2000,2000,1,2.4e-07,2.03e-05,3.7e-06,2.86e-06,7.03e-06,1.0
2217,2000,2000,1,6.205e-05,0.02347,0.0009527,0.0001588,0.0003684,0.975
2218,2000,2000,1,1.86e-05,0.0007844,0.0002352,0.00011027,0.000283,0.9985
2219,2000,2000,1,1.55e-06,0.0001704,1.57e-05,8e-06,1.87e-05,1.0
2220,2000,2000,1,1.3e-06,9.74e-05,1.514e-05,9.66e-06,1.81e-05,1.0
2221,2000,2000,1,1.43e-06,0.00011235,1.45e-05,1.43e-05,1.675e-05,1.0
2222,2000,2000,1,8.4e-05,0.003075,0.0003464,0.0002161,0.0005503,0.9956
2223,2000,2000,1,9.5e-07,0.0002553,1.34e-05,7.87e-06,1.717e-05,0.9995
2224,2000,2000,1,8e-07,0.0002277,1.866e-05,2.253e-05,5.73e-05,0.9995
2225,2000,2000,1,6e-07,6.634e-05,6.8e-06,5.54e-06,1.156e-05,1.0
2226,2000,2000,1,4.3e-06,0.0006366,3.004e-05,1.466e-05,3.994e-05,0.9995
2227,2000,2000,1,2.74e-06,0.0001644,2.69e-05,6.133e-05,7.176e-05,0.9995
2228,2000,2000,1,1.3e-06,0.0001112,2.575e-05,2.617e-05,5.67e-05,1.0
2229,2000,2000,1,3.64e-06,0.006474,4.953e-05,1.81e-05,3.153e-05,0.9937
2230,2000,2000,1,2.26e-06,0.001105,2.646e-05,5.9e-06,1.335e-05,0.999
2231,2000,2000,1,3.18e-05,0.02191,0.003672,0.001572,0.01048,0.9624
2232,2000,2000,1,0.0004647,0.2213,0.002056,0.0009646,0.00137,0.774
2233,2000,2000,1,0.00010365,0.0164,0.000953,0.000251,0.00046,0.982
2234,2000,2000,1,3.16e-06,0.0001761,4.61e-05,2.27e-05,5.97e-05,0.9995
2235,2000,2000,1,2.81e-05,0.00378,0.000258,0.0003195,0.0004196,0.995
2236,2000,2000,1,0.0001121,0.02057,0.0003314,0.0002242,0.0002742,0.9785
2237,2000,2000,1,1.806e-05,0.0005536,0.0008707,0.0004535,0.001171,0.997
2238,2000,2000,1,8e-07,8.696e-05,2.396e-05,2.027e-05,6.25e-05,1.0
2239,2000,2000,1,1.264e-05,0.001586,0.0002604,6.896e-05,0.0001657,0.998
2240,2000,2000,1,1.25e-06,7.945e-05,2.01e-05,1.45e-05,3.076e-05,1.0
2241,2000,2000,1,9e-06,0.000894,6.35e-05,5.18e-05,5.71e-05,0.999
2242,2000,2000,1,1.28e-05,0.000602,0.0001671,0.0001303,0.0002376,0.999
2243,2000,2000,1,7.45e-06,0.0004103,0.0001576,9.733e-05,0.0002191,0.999
2244,2000,2000,1,2.587e-05,0.003016,0.0005627,0.00011325,0.0002007,0.996
2245,2000,2000,1,6.7e-06,0.000761,8.35e-05,2.2e-05,7.284e-05,0.999
2246,2000,2000,1,6.85e-06,0.004417,2.65e-05,1.17e-05,1.35e-05,0.9956
2247,2000,2000,1,1.615e-05,0.00258,0.0001296,7.09e-05,9.09e-05,0.997
2248,2000,2000,1,7.75e-06,0.0003042,0.0001254,0.000169,0.0001347,0.999
2249,2000,2000,1,1.067e-05,0.000949,0.000185,0.0001371,0.0001297,0.9985
2250,2000,2000,1,2.366e-05,0.002943,0.0002663,7.474e-05,0.0001261,0.9966
2251,2000,2000,1,3.64e-06,0.0001664,6.294e-05,2.795e-05,6.62e-05,0.9995
2252,2000,2000,1,4.53e-06,0.0008802,5.1e-05,1.085e-05,2.074e-05,0.999
2253,2000,2000,1,2.6e-06,0.0001627,3.41e-05,2.253e-05,2.93e-05,0.9995
2254,2000,2000,1,1.687e-05,0.0771,0.0001979,3.32e-05,4.154e-05,0.923
2255,2000,2000,1,1.35e-05,0.0006633,0.0001495,9.567e-05,0.0001276,0.999
2256,2000,2000,1,2.325e-05,0.002106,0.0001339,9.51e-05,0.0001175,0.9976
2257,2000,2000,1,1e-07,7.91e-05,4.95e-06,9e-07,1.7e-06,1.0
2258,2000,2000,1,7.7e-06,0.000865,0.000783,9.35e-05,0.0002093,0.998
2259,2000,2000,1,1.2e-06,7.69e-05,3.535e-05,2.54e-05,3.95e-05,1.0
2260,2000,2000,1,2.5e-06,0.0005937,2.366e-05,2.4e-05,4.387e-05,0.9995
2261,2000,2000,1,1.943e-05,0.001184,7.86e-05,4.68e-05,8.255e-05,0.9985
2262,2000,2000,1,8.1e-06,0.000479,0.0006075,0.0002233,0.000714,0.998
2263,2000,2000,1,5.1e-06,0.0002003,9.24e-05,7.98e-05,0.0001723,0.9995
2264,2000,100,0,0.0001031,0.5947,0.0006866,0.0002213,0.0003514,0.404
2265,2000,2000,1,1.94e-05,0.00553,0.001019,9.81e-05,0.0003314,0.993
2266,2000,2000,1,5.25e-06,0.002344,6.926e-05,1.717e-05,2.68e-05,0.9976
2267,2000,2000,1,3e-06,0.0007043,6.694e-05,1.466e-05,3.38e-05,0.999
2268,2000,2000,1,5.54e-06,0.0002668,0.0001906,8.54e-05,0.0001732,0.9995
2269,2000,2000,1,5.8e-06,0.002375,6.36e-05,3.37e-05,7.08e-05,0.9976
2270,2000,2000,1,3.9e-06,0.000393,6.88e-05,2.45e-05,5.45e-05,0.9995
2271,2000,2000,1,6.6e-07,4.75e-05,3.34e-05,1.63e-05,4.524e-05,1.0
2272,2000,2000,1,1.2e-06,7.963e-05,1.293e-05,5.8e-06,1.71e-05,1.0
2273,2000,2000,1,2.72e-05,0.0421,0.0006194,0.000133,0.0002599,0.957
2274,2000,2000,1,1.4e-06,8.89e-05,2.82e-05,7.87e-06,2.13e-05,1.0
2275,2000,2000,1,4.2e-06,0.000409,2.724e-05,2.295e-05,4.005e-05,0.9995
2276,2000,2000,1,2.15e-06,0.0001161,2.253e-05,2.49e-05,6.545e-05,1.0
2277,2000,2000,1,0.0001314,0.285,0.0006633,0.0004268,0.0004234,0.7134
2278,2000,100,0,0.0003216,0.689,0.002518,0.000881,0.000651,0.3064
2279,2000,2000,1,9.8e-06,0.0003047,0.0001304,0.0004244,0.0005846,0.9985
2280,2000,2000,1,2.26e-06,0.0001071,3.153e-05,3.314e-05,0.0001551,0.9995
2281,2000,2000,1,6e-07,3.28e-05,9.24e-06,2.13e-05,3.27e-05,1.0
2282,2000,2000,1,5e-07,9.024e-05,6.74e-06,6.85e-06,1.454e-05,1.0
2283,2000,2000,1,0.0001632,0.1604,0.000986,0.0005426,0.000604,0.8374
2284,2000,2000,1,9.8e-06,0.0002627,0.0002202,0.0004215,0.001307,0.9976
2285,2000,2000,1,3e-07,3.93e-05,6.2e-06,2.9e-06,9e-06,1.0
2286,2000,2000,1,3.16e-06,0.0004828,4.78e-05,1.603e-05,4.15e-05,0.9995
2287,2000,2000,1,8e-07,9.36e-05,8.94e-06,5.4e-06,1.18e-05,1.0
2288,2000,2000,1,4e-07,4.333e-05,5.36e-06,9.4e-06,1.734e-05,1.0
2289,2000,2000,1,9.5e-07,0.0001544,1.43e-05,6.4e-06,2.027e-05,1.0
2290,2000,2000,1,1.353e-05,0.001738,0.0001329,9.06e-05,0.0002326,0.9976
2291,2000,2000,1,2.9e-06,0.0007157,2.82e-05,1.127e-05,3.08e-05,0.999
2292,2000,2000,1,4.9e-06,0.0001482,7.993e-05,4.417e-05,0.0001235,0.9995
2293,2000,2000,1,3.2e-06,0.0001351,4.51e-05,0.0001547,0.0001774,0.9995
2294,2000,2000,1,1.585e-05,0.0004482,0.000191,9.38e-05,0.0002133,0.999
2295,2000,2000,1,2.2e-06,0.0001662,4.923e-05,3.37e-05,7.33e-05,0.9995
2296,2000,2000,1,1.144e-05,0.01286,0.0001929,6.5e-05,0.0001594,0.987
2297,2000,2000,1,2.027e-05,0.001005,0.0001549,4.68e-05,8.386e-05,0.9985
2298,2000,2000,1,0.0001831,0.372,0.001011,0.000537,0.0004332,0.6255
2299,2000,2000,1,1.56e-05,0.001279,0.0001004,0.0001122,0.0003014,0.998
2300,2000,2000,1,4.5e-06,0.0005317,3.123e-05,1.717e-05,3.994e-05,0.9995
2301,2000,2000,1,1.85e-06,0.0007305,1.74e-05,5.47e-05,4.22e-05,0.999
2302,2000,2000,1,1.216e-05,0.0008416,9.81e-05,4.745e-05,8.88e-05,0.999
2303,2000,2000,1,5.8e-06,0.0002021,5.966e-05,5.68e-05,0.0001754,0.9995
2304,2000,2000,1,3.725e-05,0.00221,0.0003238,0.0001103,0.0002381,0.997
2305,2000,2000,1,1.955e-05,0.01285,0.000398,0.00022,0.000406,0.9863
2306,2000,2000,1,2.15e-06,0.0005836,2.164e-05,1.436e-05,2.694e-05,0.9995
2307,2000,2000,1,5.8e-06,0.005394,6.06e-05,1.83e-05,2.69e-05,0.9946
2308,2000,2000,1,4.6e-06,0.000354,6.324e-05,0.0002275,0.000277,0.999
2309,2000,2000,1,5.4e-07,4.96e-05,6.6e-06,4.77e-06,1.96e-05,1.0
2310,2000,2000,1,1.1e-06,6.795e-05,1.5e-05,6.5e-06,2.277e-05,1.0
2311,2000,2000,1,4.8e-06,0.000288,6.1e-05,4.625e-05,8.49e-05,0.9995
2312,2000,2000,1,1.484e-05,0.0009055,0.0002292,0.0001153,0.000327,0.9985
2313,2000,2000,1,1.7e-06,0.0002577,1.395e-05,5e-06,7.15e-06,0.9995
2314,2000,2000,1,1.335e-05,0.001104,7.784e-05,7.05e-05,0.0001823,0.9985
2315,2000,2000,1,5e-07,6.99e-05,5.96e-06,3e-06,6.8e-06,1.0
2316,2000,2000,1,5.8e-06,0.0002737,6.54e-05,1.925e-05,4.125e-05,0.9995
2317,2000,2000,1,1.57e-05,0.006706,7.85e-05,2.503e-05,5.746e-05,0.993
2318,2000,2000,1,0.0006905,0.242,0.007866,0.005016,0.006462,0.738
2319,2000,2000,1,1.82e-05,0.004463,9.507e-05,5.28e-05,0.0001018,0.995
2320,2000,2000,1,1.23e-05,0.0003169,0.0002049,5.22e-05,0.0001844,0.999
2321,2000,2000,1,7.844e-05,0.0448,0.000611,0.0001746,0.0002885,0.954
2322,2000,2000,1,3.5e-06,0.0004578,5.203e-05,1.264e-05,3.59e-05,0.9995
2323,2000,2000,1,1.45e-05,0.0007753,0.000185,6.664e-05,0.0002066,0.9985
2324,2000,2000,1,8e-07,8.48e-05,7.45e-06,5.36e-06,8.4e-06,1.0
2325,2000,2000,1,6e-06,0.00043,7.19e-05,4.57e-05,9.3e-05,0.9995
2326,2000,2000,1,7e-07,0.000577,1.2e-05,5.84e-06,8.34e-06,0.9995
2327,2000,2000,1,7.1e-06,0.000229,9.89e-05,0.0003438,0.000324,0.999
2328,2000,2000,1,3.6e-06,0.0002328,8.184e-05,0.00026,0.0002353,0.999
2329,2000,2000,1,8.3e-07,5.347e-05,2.02e-05,1.33e-05,4.38e-05,1.0
2330,2000,2000,1,1.87e-05,0.005302,0.000334,0.00011235,0.0001674,0.994
2331,2000,100,0,3.13e-05,0.979,0.0001731,8.24e-05,8.386e-05,0.02052
2332,2000,2000,1,1.6e-06,0.0001397,3.153e-05,1.62e-05,2.87e-05,1.0
2333,2000,2000,1,7.5e-06,0.001242,6.61e-05,2.563e-05,5.436e-05,0.9985
2334,2000,2000,1,1.6e-06,0.0001731,1.84e-05,6.5e-06,1.89e-05,1.0
2335,2000,2000,1,2.354e-05,0.0007157,0.0003014,0.0001713,0.0002458,0.9985
2336,2000,2000,1,3.16e-06,0.000534,4.935e-05,3.97e-05,7.69e-05,0.9995
2337,2000,2000,1,3.8e-06,0.000806,2.164e-05,1.81e-05,2.87e-05,0.999
2338,2000,2000,1,9.2e-06,0.00422,9.793e-05,6.75e-05,0.00010365,0.9956
2339,2000,2000,1,1.3e-06,0.0001031,2.66e-05,1.085e-05,3.24e-05,1.0
2340,2000,2000,1,6e-06,0.0002782,0.0001076,6.115e-05,0.0001135,0.9995
2341,2000,2000,1,4.494e-05,0.02429,0.0003173,0.0004551,0.0005393,0.974
2342,2000,2000,1,1.174e-05,0.000662,4.69e-05,4.035e-05,7.01e-05,0.999
2343,2000,2000,1,3.6e-06,0.0001969,6.944e-05,5.36e-05,9e-05,0.9995
2344,2000,2000,1,1.84e-05,0.001236,0.0009403,0.0001118,0.000415,0.997
2345,2000,2000,1,8.82e-05,0.006294,0.000341,0.0002302,0.000379,0.9927
2346,2000,100,0,0.0001848,0.9556,0.0003626,0.00034,0.0002425,0.04315
2347,2000,2000,1,4e-07,6.03e-05,6.26e-06,2.6e-06,4.65e-06,1.0
2348,2000,2000,1,1.72e-05,0.004177,0.0002565,5.14e-05,9.68e-05,0.9956
2349,2000,2000,1,5e-06,0.0011835,0.0002192,5.27e-05,0.0001038,0.9985
2350,2000,2000,1,2.26e-06,0.000426,2.63e-05,1.73e-05,3.11e-05,0.9995
2351,2000,2000,1,6.8e-06,0.004726,5.49e-05,2.754e-05,4.48e-05,0.995
2352,2000,2000,1,6.44e-06,0.0003333,5.627e-05,2.4e-05,5.496e-05,0.9995
2353,2000,2000,1,3.06e-05,0.002201,0.0003362,7.87e-05,0.0001827,0.997
2354,2000,2000,1,9.9e-06,0.003157,7.77e-05,2.68e-05,5.58e-05,0.9966
2355,2000,2000,1,1.746e-05,0.03992,0.0001613,3.98e-05,0.00010073,0.96
2356,2000,2000,1,6.1e-05,0.091,0.0002054,0.0001457,0.000164,0.908
2357,2000,2000,1,3.76e-06,0.000232,6.837e-05,2.825e-05,6.23e-05,0.9995
2358,2000,2000,1,7.41e-05,0.01426,0.0006213,0.0001563,0.0004823,0.9844
2359,2000,2000,1,4.23e-06,0.0004945,4.345e-05,2.706e-05,5.13e-05,0.9995
2360,2000,2000,1,0.0001312,0.02776,0.001897,0.0005364,0.001489,0.9683
2361,2000,2000,1,3.6e-06,0.0001832,3.994e-05,1.24e-05,2.71e-05,0.9995
2362,2000,2000,1,1.436e-05,0.000523,9.33e-05,2.694e-05,5.51e-05,0.9995
2363,2000,2000,1,2.6e-06,0.000214,3.32e-05,1.52e-05,3.54e-05,0.9995
2364,2000,2000,1,2.3e-06,0.0001408,2.235e-05,1.41e-05,2.85e-05,1.0
2365,2000,2000,1,1.156e-05,0.01492,0.0001407,4.3e-05,0.0001098,0.985
2366,2000,2000,1,1.55e-06,0.000168,2.6e-05,1.454e-05,3.46e-05,0.9995
2367,2000,2000,1,0.0001606,0.01604,0.0004804,0.0006223,0.0005484,0.982
2368,2000,2000,1,2.93e-05,0.01416,0.0003436,0.000157,0.0003207,0.985
2369,2000,2000,1,8.76e-06,0.000975,5.71e-05,3.195e-05,4.69e-05,0.999
2370,2000,2000,1,9.24e-06,0.000364,0.0001343,0.0001872,0.000552,0.9985
2371,2000,2000,1,2.15e-06,0.0001284,1.96e-05,2.7e-05,5.69e-05,1.0
2372,2000,2000,1,2.44e-06,0.000361,2.307e-05,8.8e-06,1.913e-05,0.9995
2373,2000,2000,1,4.5e-06,0.0004015,8.15e-05,9.173e-05,0.0001756,0.999
2374,2000,2000,1,3e-06,0.0003133,6.306e-05,5.704e-05,0.0001094,0.9995
2375,2000,2000,1,2.74e-06,0.0001433,4.125e-05,1.15e-05,3.33e-05,1.0
2376,2000,2000,1,0.0001581,0.04117,0.001284,0.0007963,0.0009694,0.9556
2377,2000,2000,1,2.7e-06,0.0001372,4.554e-05,4.363e-05,8.607e-05,0.9995
2378,2000,2000,1,2.8e-06,0.000723,3.046e-05,1.645e-05,5.53e-05,0.999
2379,2000,2000,1,6.6e-06,0.0006967,4.005e-05,3.24e-05,5.645e-05,0.999
2380,2000,2000,1,0.0001348,0.4434,0.01776,0.00257,0.00258,0.5337
2381,2000,2000,1,9.173e-05,0.0805,0.0003953,0.00306,0.001671,0.914
2382,2000,2000,1,3.7e-06,0.0006194,3.535e-05,1.454e-05,2.79e-05,0.9995
2383,2000,2000,1,3.71e-05,0.01582,0.0006943,0.0007725,0.000999,0.9814
2384,2000,2000,1,2.8e-06,0.000439,2.915e-05,3.135e-05,4.613e-05,0.9995
2385,2000,2000,1,6.6e-06,0.0002496,9.394e-05,0.0002005,0.0006804,0.9985
2386,2000,2000,1,4.77e-06,0.000514,3.886e-05,4.76e-05,6.83e-05,0.9995
2387,2000,2000,1,2.91e-05,0.00266,0.0004048,0.0005445,0.000737,0.9956
2388,2000,2000,1,1.02e-05,0.001649,8.4e-05,0.0001627,0.0001227,0.998
2389,2000,2000,1,1.055e-05,0.01122,0.0001824,4.77e-05,9.98e-05,0.9883
2390,2000,2000,1,1.067e-05,0.002024,9.495e-05,8.43e-05,0.0003583,0.9976
2391,2000,2000,1,4.8e-06,0.0002778,3.61e-05,7.266e-05,7.725e-05,0.9995
2392,2000,2000,1,4.43e-05,0.001815,0.0003219,0.0002863,0.000596,0.997
2393,2000,2000,1,6.6e-06,0.003918,7.707e-05,7.38e-05,0.000212,0.9956
2394,2000,2000,1,2.78e-05,0.001285,0.0005703,0.000177,0.0004592,0.9976
2395,2000,2000,1,1.5e-05,0.004383,0.000376,9.27e-05,0.0001934,0.995
2396,2000,2000,1,3.23e-05,0.002207,0.000398,0.0001082,0.0001966,0.997
2397,2000,2000,1,2.2e-06,0.001307,4.07e-05,3.3e-05,0.000115,0.9985
2398,2000,2000,1,3.2e-06,0.0006833,3.65e-05,1.043e-05,3.01e-05,0.999
2399,2000,2000,1,4.1e-06,0.000284,6.15e-05,2.44e-05,6.014e-05,0.9995
2400,2000,2000,1,7.1e-06,0.002003,0.0001575,6.616e-05,0.0001673,0.9976
2401,2000,2000,1,6.4e-06,0.002056,6.616e-05,1.33e-05,4.053e-05,0.998
2402,2000,2000,1,4e-06,0.000362,4.47e-05,1.776e-05,2.766e-05,0.9995
2403,2000,2000,1,1.9e-06,0.0006356,3.62e-05,1.353e-05,2.956e-05,0.9995
2404,2000,2000,1,5e-07,9.6e-05,3.8e-06,2.2e-06,3.46e-06,1.0
2405,2000,2000,1,6.26e-06,0.0002708,5.44e-05,6.67e-05,0.0001137,0.9995
2406,2000,2000,1,5.734e-05,0.01457,0.0006824,0.0003948,0.0007215,0.9834
2407,2000,2000,1,3.16e-06,0.0002269,3.976e-05,1.23e-05,3.36e-05,0.9995
2408,2000,2000,1,5.19e-05,0.006863,0.0005736,0.0001667,0.0003672,0.992
2409,2000,2000,1,2.7e-06,0.0001141,5.263e-05,3.16e-05,5.84e-05,0.9995
2410,2000,2000,1,6.6e-07,8.81e-05,1.097e-05,4.1e-06,9.1e-06,1.0
2411,2000,2000,1,6.9e-06,0.0003512,9.08e-05,2.1e-05,6.765e-05,0.9995
2412,2000,2000,1,1.013e-05,0.000741,9.49e-05,9.83e-05,0.0001166,0.999
2413,2000,2000,1,5e-07,3.874e-05,9.1e-06,7.33e-06,1.526e-05,1.0
2414,2000,2000,1,8.3e-07,8.7e-05,1.13e-05,4.1e-06,1.48e-05,1.0
2415,2000,2000,1,1.127e-05,0.000703,0.0001638,4.83e-05,0.0001498,0.999
2416,2000,2000,1,9.644e-05,0.03342,0.000814,0.0002637,0.000357,0.965
2417,2000,2000,1,3.03e-05,0.014084,0.0004206,8.18e-05,0.0001408,0.9854
2418,2000,2000,1,9.06e-06,0.0002484,0.0001143,0.0001829,0.000504,0.999
2419,2000,2000,1,9e-07,0.0001353,1.07e-05,4.2e-06,1.574e-05,1.0
2420,2000,2000,1,4.35e-06,0.001871,8.88e-05,3.314e-05,0.0001384,0.998
2421,2000,2000,1,5.32e-05,0.03458,0.0003653,0.0001729,0.0002377,0.9644
2422,2000,2000,1,9e-07,0.0001329,1.25e-05,9.66e-06,2.146e-05,1.0
2423,2000,100,0,0.000299,0.705,0.001492,0.001379,0.001021,0.291
2424,2000,2000,1,1.85e-06,0.0001504,2.956e-05,1.62e-05,2.974e-05,1.0
2425,2000,2000,1,1.99e-05,0.003479,0.0001544,6.926e-05,0.00010115,0.996
2426,2000,2000,1,2.366e-05,0.001509,0.0002866,0.000214,0.0004292,0.9976
2427,2000,2000,1,7.04e-05,0.03195,0.0006905,0.0001855,0.0003548,0.967
2428,2000,2000,1,0.0002942,0.4429,0.001766,0.0007753,0.000969,0.553
2429,2000,2000,1,2.44e-06,0.000187,3.65e-05,2.34e-05,4.93e-05,0.9995
2430,2000,2000,1,1.484e-05,0.0006633,5.525e-05,4.715e-05,5.15e-05,0.999
2431,2000,2000,1,3.1e-06,0.00559,1.92e-05,1.17e-05,1.895e-05,0.994
2432,2000,2000,1,2.74e-06,0.0002713,3.52e-05,1.58e-05,3.64e-05,0.9995
2433,2000,2000,1,1.85e-05,0.01099,0.0003827,0.00011,0.0002449,0.9883
2434,2000,2000,1,1.436e-05,0.001187,0.000304,4.846e-05,0.0001343,0.9985
2435,2000,2000,1,3.16e-06,0.0001336,4.61e-05,5.6e-05,0.0001609,0.9995
2436,2000,2000,1,8.5e-06,0.00119,8.69e-05,3.19e-05,5.27e-05,0.9985
2437,2000,2000,1,1.085e-05,0.003801,9.42e-05,1.854e-05,4.46e-05,0.996
2438,2000,2000,1,9.24e-06,0.0007796,0.0001594,7.96e-05,0.0001106,0.999
2439,2000,2000,1,9e-07,9.155e-05,2.16e-05,1.764e-05,3.69e-05,1.0
2440,2000,2000,1,7.1e-06,0.000956,0.0003557,3.785e-05,8.37e-05,0.9985
2441,2000,2000,1,1.15e-05,0.002197,0.0002913,5.895e-05,7.67e-05,0.9976
2442,2000,2000,1,1.3e-06,0.000527,2.277e-05,8.7e-06,1.62e-05,0.9995
2443,2000,2000,1,5.25e-06,0.0001447,0.0001639,3.06e-05,0.0001192,0.9995
2444,2000,2000,1,1.8e-06,0.0002013,1.64e-05,1.323e-05,2.5e-05,0.9995
2445,2000,2000,1,1.055e-05,0.007694,8.33e-05,2.76e-05,5.203e-05,0.992
2446,2000,2000,1,2.1e-06,0.0001255,4.65e-05,2.53e-05,8.53e-05,0.9995
2447,2000,2000,1,8.434e-05,0.0517,0.000448,0.0002338,0.0004284,0.9473
2448,2000,2000,1,2.1e-06,0.0001507,4.405e-05,2.11e-05,3.65e-05,0.9995
2449,2000,2000,1,1.776e-05,0.000751,0.0003345,0.00010496,0.0003688,0.9985
2450,2000,2000,1,4.554e-05,0.001081,0.001027,0.0006876,0.00233,0.9946
2451,2000,2000,1,4.9e-06,0.0003335,4.84e-05,4.387e-05,9.614e-05,0.9995
2452,2000,2000,1,8.3e-07,9.03e-05,1.115e-05,6.44e-06,1e-05,1.0
2453,2000,2000,1,9.5e-07,0.0001465,1.15e-05,4.53e-06,1e-05,1.0
2454,2000,2000,1,1.07e-05,0.001262,4.625e-05,9.03e-05,7.606e-05,0.9985
2455,2000,2000,1,1.97e-06,0.0003567,3.41e-05,9.36e-06,2.09e-05,0.9995
2456,2000,2000,1,1.13e-06,8.97e-05,1.484e-05,6.8e-06,1.51e-05,1.0
2457,2000,2000,1,9.8e-06,0.00045,0.0001427,2.86e-05,9.53e-05,0.9995
2458,2000,2000,1,3.3e-06,0.0003119,3.564e-05,3.64e-05,4.87e-05,0.9995
2459,2000,2000,1,1.46e-05,0.000951,0.0001932,0.000921,0.0004964,0.9976
2460,2000,2000,1,8.1e-06,0.0007396,0.0001382,2.9e-05,7.415e-05,0.999
2461,2000,2000,1,2.86e-06,0.000652,3.415e-05,7.4e-06,1.74e-05,0.9995
2462,2000,2000,1,6.26e-06,0.00918,6.84e-05,6.18e-05,0.0001373,0.9907
2463,2000,2000,1,4.7e-06,0.000293,9.507e-05,1.8e-05,5.94e-05,0.9995
2464,2000,2000,1,1e-06,0.0001148,1.8e-05,7.8e-06,2.11e-05,1.0
2465,2000,2000,1,2.39e-05,0.03017,0.0002534,0.0003762,0.0007095,0.9683
2466,2000,2000,1,9.6e-06,0.000321,0.000259,0.0002288,0.0004213,0.9985
2467,2000,2000,1,6.26e-05,0.001257,0.000828,0.00089,0.001995,0.995
2468,2000,2000,1,1e-07,1.65e-05,3.8e-06,3.3e-06,8.8e-06,1.0
2469,2000,2000,1,1.74e-05,0.000918,0.000102,0.000112,0.0001534,0.9985
2470,2000,2000,1,3.61e-05,0.01151,0.0001134,0.001482,0.000803,0.986
2471,2000,2000,1,2.44e-06,0.0004804,2.09e-05,1.27e-05,1.854e-05,0.9995
2472,2000,2000,1,2.253e-05,0.003561,0.0001239,4.41e-05,0.00010765,0.996
2473,2000,2000,1,1.9e-06,0.0003688,5.14e-05,3.32e-05,0.00011295,0.9995
2474,2000,2000,1,4.9e-06,0.0007,6.63e-05,2.515e-05,7.343e-05,0.999
2475,2000,2000,1,3.9e-06,0.0006785,4.11e-05,1.68e-05,4.67e-05,0.999
2476,2000,2000,1,3.5e-06,0.0009537,3.41e-05,5.937e-05,7.71e-05,0.999
2477,2000,2000,1,1.85e-06,0.0001725,2.38e-05,3.38e-05,4.67e-05,0.9995
2478,2000,2000,1,4.53e-06,0.00092,3.22e-05,3.43e-05,6.175e-05,0.999
2479,2000,2000,1,0.00014,0.06934,0.001798,0.000517,0.000626,0.9277
2480,2000,2000,1,1.7e-06,0.0001618,3.034e-05,1.264e-05,2.41e-05,1.0
2481,2000,2000,1,8e-07,6.31e-05,9.3e-06,1.45e-05,2.724e-05,1.0
2482,2000,2000,1,3.004e-05,0.001855,0.0001184,0.0001457,0.0001991,0.9976
2483,2000,2000,1,0.000349,0.01872,0.001556,0.00184,0.001887,0.9756
2484,2000,2000,1,1.25e-06,8.22e-05,3.093e-05,8.404e-05,9.83e-05,0.9995
2485,2000,2000,1,3.05e-05,0.005352,0.0002197,0.0008216,0.0008883,0.9927
2486,2000,2000,1,3.34e-06,0.0001903,9.07e-05,0.0003629,0.0003316,0.999
2487,2000,2000,1,7.57e-06,0.0003314,7.55e-05,0.0001289,0.000162,0.9995
2488,2000,2000,1,3.93e-06,0.0001559,3.624e-05,4.125e-05,5.966e-05,0.9995
2489,2000,2000,1,1.407e-05,0.002024,6.3e-05,6.473e-05,0.0001291,0.9976
2490,2000,2000,1,2.164e-05,0.03793,0.0002099,9.704e-05,0.0001746,0.9614
2491,2000,2000,1,1.5e-05,0.0008473,0.0001452,0.0001832,0.000362,0.9985
2492,2000,2000,1,1.8e-06,0.000282,2.78e-05,1.603e-05,5.11e-05,0.9995
2493,2000,100,0,1.88e-05,0.727,0.000273,7.58e-05,0.0001236,0.2727
2494,2000,2000,1,2.205e-05,0.0006576,0.0003471,0.0004034,0.0007014,0.998
2495,2000,2000,1,5.4e-07,4.905e-05,5e-06,5.4e-06,1.144e-05,1.0
2496,2000,2000,1,2.5e-06,0.000134,3.946e-05,2.59e-05,5.174e-05,0.9995
2497,2000,2000,1,3.135e-05,0.000959,0.000532,0.0004857,0.001224,0.9966
2498,2000,2000,1,1.89e-05,0.00451,0.00013,4.56e-05,6.93e-05,0.995
2499,2000,2000,1,6.133e-05,0.2124,0.0004702,0.001129,0.001298,0.7847
2500,500,500,1,0.01865,0.000803,0.967,0.007664,0.005596,0.0003211
2501,500,500,1,0.002811,0.0001034,0.991,0.002428,0.003448,0.0001223
2502,500,500,1,0.000431,0.0003161,0.8477,0.0871,0.06384,0.000414
2503,500,500,1,0.0006814,5.63e-05,0.9697,0.002434,0.02682,0.0001905
2504,500,500,1,0.0006385,5.39e-05,0.998,0.0002623,0.001045,8.076e-05
2505,500,500,1,0.0001547,7.13e-05,0.992,0.001316,0.00614,9.67e-05
2506,500,500,1,3.7e-05,1.967e-05,0.999,0.000156,0.000542,1.73e-05
2507,500,500,1,0.001149,5.156e-05,0.9966,0.0003097,0.00181,4.97e-05
2508,500,500,1,0.0003684,4.196e-05,0.991,0.0008535,0.007366,8.1e-05
2509,500,500,1,0.09625,0.0002856,0.8936,0.001028,0.0085,0.0002565
2510,500,500,1,0.000443,5.716e-05,0.994,0.0009775,0.00442,8.55e-05
2511,500,500,1,0.000961,4.48e-05,0.988,0.001412,0.00962,7.95e-05
2512,500,500,1,0.001692,0.0001267,0.9536,0.00829,0.03592,0.0002127
2513,500,500,1,0.000997,7.284e-05,0.9985,0.0002248,0.0002441,4.333e-05
2514,500,500,1,0.1978,8.3e-05,0.79,0.001347,0.01079,7.36e-05
2515,500,500,1,0.002184,0.00392,0.6807,0.2441,0.0642,0.00493
2516,500,1000,0,0.0001692,0.0003934,0.1505,0.6143,0.2336,0.001002
2517,500,500,1,0.0002544,0.0001425,0.9956,0.0005,0.003105,0.000552
2518,500,500,1,5.66e-05,0.0002314,0.9883,0.001755,0.00949,0.0003417
2519,500,500,1,0.138,0.0003445,0.8584,0.0002322,0.003078,0.0001246
2520,500,500,1,9.69e-05,4.15e-05,0.9995,7.963e-05,6.63e-05,1.1e-05
2521,500,500,1,0.0001433,5.65e-05,0.9956,0.0005455,0.00337,0.0001781
2522,500,500,1,0.0006127,3.445e-05,0.999,3.98e-05,0.0003023,2.51e-05
2523,500,500,1,0.00658,0.0001824,0.9785,0.00807,0.006355,0.0001575
2524,500,500,1,0.00010496,5.245e-05,0.996,0.002,0.001678,6.354e-05
2525,500,500,1,0.001091,0.0001522,0.997,0.0009522,0.0004916,3.463e-05
2526,500,500,1,0.007393,3.654e-05,0.991,0.0001022,0.000981,3.904e-05
2527,500,500,1,0.05313,0.003723,0.5396,0.2048,0.1937,0.004913
2528,500,500,1,0.0007725,0.000651,0.906,0.01203,0.07745,0.003551
2529,500,500,1,0.0003176,0.0001264,0.99,0.001475,0.00711,0.0005045
2530,500,500,1,0.0001106,9.06e-06,0.998,0.000988,0.0005984,9.36e-06
2531,500,500,1,0.0001322,4.6e-05,0.998,0.0002804,0.0012455,8.17e-05
2532,500,500,1,0.00872,0.0009394,0.964,0.007774,0.01752,0.000975
2533,500,500,1,0.01741,0.0001115,0.9507,0.002077,0.02965,0.0001737
2534,500,500,1,0.01118,3.505e-05,0.984,0.00067,0.004395,3.964e-05
2535,500,500,1,0.0007334,0.00010824,0.99,0.0059,0.002909,0.0001128
2536,500,500,1,0.0002302,0.0001721,0.987,0.00313,0.00908,0.000499
2537,500,500,1,0.00611,1.13e-05,0.9927,0.0001099,0.0013075,1.436e-05
2538,500,1500,0,8.93e-05,2.8e-05,0.02428,0.3357,0.6396,3.63e-05
2539,500,500,1,0.02078,5.77e-05,0.9556,0.006004,0.01738,5.19e-05
2540,500,1500,0,0.0004048,0.0001361,0.1138,0.3665,0.519,0.0002342
2541,500,500,1,0.001213,7.91e-05,0.983,0.010735,0.00525,5.17e-05
2542,500,1500,0,0.0007596,6.586e-05,0.1945,0.05484,0.75,0.00010985
2543,500,500,1,0.000989,7.236e-05,0.9727,0.02342,0.00283,8.345e-05
2544,500,500,1,0.00010437,1.067e-05,0.9976,0.001752,0.0004132,2.19e-05
2545,500,500,1,0.05698,0.001093,0.531,0.0557,0.3545,0.000922
2546,500,500,1,0.00627,0.0002568,0.964,0.01275,0.0167,0.0001507
2547,500,500,1,0.001656,0.0002732,0.855,0.10956,0.03314,0.0001509
2548,500,500,1,0.003252,5.35e-05,0.985,0.003176,0.008675,3.47e-05
2549,500,0,0,0.8403,0.002129,0.07806,0.04715,0.03084,0.00141
2550,500,500,1,0.001222,0.0002747,0.527,0.2488,0.2227,0.0003605
2551,500,500,1,0.05582,0.000633,0.8945,0.01953,0.02913,0.0002754
2552,500,500,1,0.0001876,0.0001444,0.9893,0.006542,0.003819,0.0001698
2553,500,500,1,0.002033,5.72e-05,0.991,0.001277,0.00521,9.143e-05
2554,500,500,1,0.000872,7.75e-05,0.984,0.01166,0.003317,7.6e-05
2555,500,500,1,0.0007486,3.904e-05,0.997,0.0003695,0.001797,5.97e-05
2556,500,500,1,0.1356,0.000622,0.8423,0.00528,0.01584,0.0003448
2557,500,500,1,0.0004413,4.94e-05,0.997,0.000865,0.001564,9.09e-05
2558,500,500,1,0.001885,7.37e-05,0.954,0.01554,0.0283,0.0001134
2559,500,500,1,0.01371,0.0002277,0.957,0.0118,0.0168,0.0001899
2560,500,500,1,0.001647,0.000424,0.919,0.06235,0.01593,0.0006814
2561,500,500,1,0.000772,9.2e-05,0.4758,0.0794,0.4436,0.0002401
2562,500,1500,0,0.001108,0.0008,0.373,0.2334,0.3894,0.002403
2563,500,500,1,0.0004256,0.0001662,0.9946,0.003128,0.001289,0.0002307
2564,500,500,1,5.75e-05,1.05e-05,1.0,7.164e-05,4.095e-05,6.3e-06
2565,500,500,1,0.0101,0.0003283,0.9766,0.005512,0.00711,0.0003347
2566,500,500,1,0.004215,0.0002118,0.976,0.01182,0.007404,0.0001292
2567,500,500,1,0.03613,0.0002209,0.962,0.0006437,0.001113,5.08e-05
2568,500,1000,0,0.00698,0.0004086,0.06476,0.5293,0.398,0.000733
2569,500,500,1,0.02654,0.000393,0.9707,0.001078,0.0009685,0.0001074
2570,500,500,1,0.00306,0.0001411,0.993,0.002388,0.001045,6.88e-05
2571,500,500,1,5.44e-05,5.1e-05,0.996,0.003408,0.0002906,4.804e-05
2572,500,500,1,0.000534,0.00011605,0.9873,0.00318,0.008705,0.0001756
2573,500,500,1,0.001086,6.62e-05,0.9663,0.00612,0.02641,0.000138
2574,500,500,1,0.006416,0.0001636,0.9697,0.00459,0.01901,0.0001466
2575,500,500,1,0.0001987,2.98e-05,0.999,0.0002897,0.000519,4.035e-05
2576,500,500,1,0.002459,0.0005774,0.9307,0.03256,0.03265,0.000934
2577,500,500,1,0.000355,1.35e-05,0.9946,0.000879,0.00412,2.563e-05
2578,500,500,1,0.002527,0.0002873,0.986,0.001629,0.00919,0.000538
2579,500,500,1,0.0002136,1.96e-05,0.991,0.002932,0.00565,2.533e-05
2580,500,500,1,0.0008626,5.66e-05,0.9966,0.00175,0.0008554,5.054e-05
2581,500,500,1,0.0074,0.001029,0.5557,0.2888,0.1466,0.000762
2582,500,500,1,0.01236,0.0008154,0.963,0.018,0.005287,0.0005517
2583,500,500,1,0.000343,5.865e-05,0.9966,0.002018,0.000734,7.01e-05
2584,500,500,1,0.0003638,8.17e-06,0.999,8.357e-05,0.0004408,8.05e-06
2585,500,500,1,0.1177,0.001325,0.8574,0.003147,0.0196,0.0006742
2586,500,500,1,0.004078,1.31e-05,0.993,0.0003743,0.002346,1.45e-05
2587,500,500,1,0.0003057,2.784e-05,0.998,0.000305,0.001281,4.613e-05
2588,500,500,1,0.001383,0.0001451,0.9937,0.001451,0.003225,9.274e-05
2589,500,500,1,9.89e-05,1.04e-05,0.999,0.000235,0.000482,1.38e-05
2590,500,500,1,0.001331,0.000194,0.9873,0.003345,0.007656,0.0003402
2591,500,500,1,6.24e-05,5.66e-06,0.9976,0.001244,0.001181,7.7e-06
2592,500,500,1,0.02316,0.0002906,0.963,0.007202,0.006237,0.000216
2593,500,500,1,0.00419,0.0001026,0.993,0.0005145,0.00214,9.79e-05
2594,500,500,1,0.0003114,0.0001421,0.9907,0.0045,0.00378,0.000347
2595,500,500,1,0.0004783,0.0003743,0.996,0.0007987,0.001697,0.0005307
2596,500,500,1,0.001325,0.000405,0.948,0.013504,0.03638,0.0003426
2597,500,500,1,7.665e-05,5.585e-05,0.9985,0.000725,0.00047,9.36e-05
2598,500,500,1,0.0002487,0.00011367,0.998,0.0009646,0.0005617,8.73e-05
2599,500,500,1,0.2408,0.0007787,0.7534,0.001254,0.003345,0.0004015
2600,500,500,1,0.004864,4.363e-05,0.9883,0.002447,0.004303,9.936e-05
2601,500,500,1,0.0003662,0.0001165,0.9873,0.004303,0.007584,0.0001473
2602,500,500,1,0.004116,1.5e-05,0.9956,7.385e-05,0.0001754,5.25e-06
2603,500,500,1,0.000382,0.0004616,0.978,0.00635,0.014305,0.0006795
2604,500,500,1,0.000926,0.0001357,0.94,0.00961,0.04904,0.0003154
2605,500,500,1,0.001558,8.166e-05,0.997,0.000181,0.001186,0.0001014
2606,500,500,1,0.0001931,9.596e-05,0.989,0.00787,0.002731,0.0001537
2607,500,500,1,0.001914,0.0003288,0.961,0.02258,0.01373,0.0003076
2608,500,500,1,0.00648,0.0003524,0.9585,0.00256,0.03128,0.0008388
2609,500,500,1,0.001421,0.0002424,0.946,0.0263,0.02591,0.0002594
2610,500,500,1,0.01732,0.0003376,0.9473,0.01403,0.02057,0.0004742
2611,500,500,1,0.00298,0.0001808,0.9688,0.006447,0.02132,0.0002128
2612,500,500,1,0.1658,0.001139,0.7847,0.01318,0.0344,0.00075
2613,500,500,1,0.00415,0.0003738,0.961,0.01796,0.01634,0.000379
2614,500,500,1,0.002928,2.67e-05,0.9956,0.0001948,0.001165,3.59e-05
2615,500,500,1,0.001743,0.0007324,0.649,0.1313,0.2162,0.0008936
2616,500,500,1,0.005196,0.0001538,0.946,0.005432,0.04318,0.0002856
2617,500,500,1,0.002539,0.0006633,0.509,0.4587,0.0285,0.0005426
2618,500,500,1,0.001323,0.0001652,0.8936,0.03787,0.06665,0.0002625
2619,500,500,1,0.0002563,0.0002222,0.847,0.07684,0.0752,0.0004282
2620,500,500,1,0.00797,8.92e-05,0.9653,0.0173,0.00919,0.000113
2621,500,500,1,0.01788,0.0004115,0.98,0.0001428,0.00134,6.473e-05
2622,500,500,1,6.634e-05,3.296e-05,0.9995,0.000172,0.000253,4.584e-05
2623,500,500,1,0.01271,0.003582,0.9507,0.006546,0.02509,0.001432
2624,500,500,1,0.0001886,0.0001744,0.992,0.001919,0.004944,0.0003588
2625,500,500,1,9.8e-05,1.967e-05,0.999,0.000325,0.0006495,3.23e-05
2626,500,500,1,0.0001299,0.0001447,0.995,0.0007195,0.003845,0.0002142
2627,500,500,1,0.0006194,9.936e-05,0.998,0.000659,0.0003204,7.325e-05
2628,500,500,1,0.001118,1.81e-05,0.9985,5.11e-05,0.0004642,1.615e-05
2629,500,500,1,0.001698,9.35e-05,0.992,0.00151,0.004467,6.83e-05
2630,500,500,1,0.00395,0.0002291,0.995,0.000322,0.000555,5.45e-05
2631,500,500,1,0.003435,1.9e-05,0.996,1.88e-05,0.0001838,1e-05
2632,500,500,1,0.0004616,4.643e-05,0.997,0.000637,0.001683,4.59e-05
2633,500,500,1,0.001088,0.0002425,0.9937,0.003115,0.001607,0.0002131
2634,500,500,1,0.09894,0.001756,0.6934,0.1813,0.02419,0.0006247
2635,500,500,1,0.0016775,0.0003786,0.9785,0.00859,0.00998,0.0007296
2636,500,500,1,0.0004354,0.000394,0.88,0.077,0.04108,0.001105
2637,500,500,1,0.00968,0.0004048,0.847,0.04037,0.102,0.0003884
2638,500,500,1,0.00312,0.000903,0.925,0.0356,0.03485,0.000786
2639,500,500,1,0.0010805,0.0003388,0.495,0.1096,0.393,0.000837
2640,500,1000,0,0.00057,0.000489,0.293,0.4783,0.2268,0.001185
2641,500,500,1,0.0007443,8.464e-05,0.981,0.002783,0.01544,0.000223
2642,500,500,1,0.01027,0.000512,0.8364,0.05026,0.1019,0.0006676
2643,500,0,0,0.664,0.001455,0.2438,0.0369,0.05316,0.0007334
2644,500,500,1,0.4475,0.003094,0.519,0.01573,0.01327,0.001195
2645,500,500,1,0.003239,0.0014,0.5015,0.406,0.08716,0.00102
2646,500,500,1,0.0002503,4.19e-05,0.9956,0.001908,0.002146,5.09e-05
2647,500,500,1,0.1804,0.0002031,0.8115,0.001451,0.006084,0.0001314
2648,500,500,1,0.001431,5.33e-05,0.994,0.001365,0.002802,2.52e-05
2649,500,1500,0,0.0003529,0.00011253,0.244,0.12366,0.6313,0.0003521
2650,500,500,1,0.0008492,0.0003095,0.6694,0.07996,0.2488,0.0004573
2651,500,500,1,0.001746,8.24e-05,0.9634,0.01424,0.02023,9.555e-05
2652,500,500,1,0.003437,0.0005236,0.6284,0.246,0.1214,0.000429
2653,500,500,1,0.01193,0.0007653,0.9604,0.00877,0.01775,0.0005207
2654,500,1000,0,0.00771,0.002491,0.1063,0.4492,0.4329,0.00126
2655,500,500,1,0.001589,0.0005703,0.954,0.00963,0.0321,0.002163
2656,500,500,1,0.05765,0.001364,0.7446,0.0877,0.107,0.001457
2657,500,500,1,0.000971,9.185e-05,0.994,0.002827,0.002115,8.85e-05
2658,500,0,0,0.8745,0.0008507,0.11835,0.002514,0.00351,0.0001624
2659,500,500,1,0.02478,0.001093,0.9277,0.0217,0.02426,0.0003412
2660,500,500,1,0.0027,0.0005608,0.6245,0.1146,0.2568,0.000638
2661,500,500,1,0.1564,0.005325,0.5215,0.10925,0.2056,0.001955
2662,500,500,1,0.007114,0.0006433,0.913,0.0393,0.03833,0.001472
2663,500,500,1,0.0005693,0.000292,0.447,0.1566,0.3945,0.0008016
2664,500,500,1,0.002342,0.003206,0.6816,0.07794,0.2284,0.006447
2665,500,500,1,0.03418,0.0009646,0.9463,0.0064,0.0114,0.00068
2666,500,500,1,0.3608,0.0148,0.5996,0.01523,0.007935,0.001564
2667,500,500,1,0.0002809,0.0003538,0.9565,0.03714,0.00534,0.000533
2668,500,500,1,8.2e-05,0.00011545,0.928,0.05807,0.01312,0.0003467
2669,500,500,1,0.1781,0.000881,0.7827,0.012985,0.0249,0.0004156
2670,500,500,1,0.001809,0.000637,0.6704,0.2927,0.03406,0.0003715
2671,500,500,1,0.00929,0.00828,0.9673,0.00159,0.011375,0.002186
2672,500,500,1,0.00196,4.303e-05,0.9976,7.933e-05,0.0004926,1.967e-05
2673,500,500,1,0.0003204,0.0003724,0.97,0.007935,0.0205,0.000544
2674,500,500,1,0.002329,0.01315,0.9707,0.002007,0.01,0.00203
2675,500,500,1,0.0007524,0.001824,0.9946,0.0007296,0.001494,0.0005603
2676,500,500,1,0.0003757,0.0004191,0.996,0.000601,0.001328,0.001172
2677,500,1000,0,0.04425,0.00172,0.291,0.4292,0.2318,0.001984
2678,500,500,1,0.07745,0.003471,0.6284,0.2306,0.05838,0.001501
2679,500,500,1,0.0168,0.00033,0.9243,0.04257,0.01581,0.0002049
2680,500,500,1,0.4456,0.0001519,0.4634,0.005302,0.0855,9.21e-05
2681,500,500,1,0.002256,0.001199,0.694,0.1,0.2015,0.001106
2682,500,500,1,0.001036,0.0001929,0.9893,0.00455,0.004353,0.0003731
2683,500,500,1,0.007164,0.0002304,0.967,0.00666,0.01881,0.0002341
2684,500,500,1,0.002735,0.001204,0.4448,0.37,0.1793,0.001672
2685,500,500,1,0.04028,0.0001941,0.943,0.003551,0.01289,0.0001268
2686,500,500,1,0.002535,1.68e-05,0.997,0.0001233,9.346e-05,6.44e-06
2687,500,500,1,0.04227,0.001015,0.919,0.02544,0.01184,0.000275
2688,500,500,1,0.003132,0.0003521,0.9634,0.02037,0.01217,0.0004063
2689,500,500,1,0.01718,0.0003061,0.9697,0.004234,0.008224,0.0002787
2690,500,500,1,0.003378,7.1e-05,0.9707,0.003265,0.02238,8.77e-05
2691,500,500,1,0.0397,0.002445,0.7305,0.0628,0.1637,0.001091
2692,500,500,1,0.000422,0.0003142,0.963,0.03047,0.005753,0.0003405
2693,500,500,1,0.01576,3.654e-05,0.9824,0.0001802,0.001409,3.487e-05
2694,500,500,1,0.002544,1.61e-05,0.9966,0.0002009,0.000521,6.14e-06
2695,500,500,1,0.01066,0.0001608,0.9795,0.00081,0.00864,0.0001149
2696,500,500,1,0.0007353,5.7e-05,0.9927,0.001031,0.00535,0.0001364
2697,500,500,1,0.11896,0.000769,0.8667,0.00628,0.006847,0.0002959
2698,500,500,1,0.00278,7.4e-05,0.975,0.011566,0.01034,5.573e-05
2699,500,500,1,0.000581,0.0002047,0.971,0.00777,0.0198,0.000473
2700,500,500,1,0.0003006,7.546e-05,0.994,0.003292,0.001948,0.0001266
2701,500,500,1,0.00010324,4.387e-05,0.9995,0.0001281,0.0001652,3.78e-05
2702,500,500,1,0.000463,7.13e-05,0.998,0.000641,0.00056,4.33e-05
2703,500,500,1,0.0002002,2.5e-05,0.999,0.0004907,0.0002357,1.47e-05
2704,500,500,1,0.001726,0.000559,0.995,0.001178,0.00088,0.0003138
2705,500,500,1,0.02092,0.001171,0.9673,0.003483,0.006348,0.000653
2706,500,500,1,0.0205,9.4e-05,0.976,0.001396,0.001913,5.496e-05
2707,500,500,1,0.0001678,5.48e-05,0.993,0.002995,0.00373,6.87e-05
2708,500,500,1,0.0008783,2.38e-05,0.9907,0.003214,0.00488,6.62e-05
2709,500,500,1,8.434e-05,1.687e-05,0.9995,0.0001407,0.00035,2.02e-05
2710,500,500,1,0.0922,0.001058,0.896,0.002577,0.00801,0.0002314
2711,500,500,1,0.002996,0.000185,0.9946,0.0004513,0.001308,0.000228
2712,500,500,1,0.000849,0.00011367,0.994,0.00269,0.002083,8.61e-05
2713,500,500,1,0.001666,0.000505,0.9917,0.002596,0.003315,0.0002382
2714,500,500,1,0.001055,2.646e-05,0.999,2.53e-05,9.99e-05,1.36e-05
2715,500,500,1,0.0002985,6.79e-05,0.998,0.0007253,0.000883,0.0001881
2716,500,500,1,0.0004303,0.0001019,0.9985,0.0001649,0.000865,0.0001323
2717,500,500,1,0.0005736,6.44e-06,0.999,4.256e-05,0.0001495,5.9e-06
2718,500,500,1,0.005733,0.0002313,0.9204,0.003853,0.0692,0.00052
2719,500,0,0,0.6147,0.00426,0.3787,0.001208,0.000765,0.0001582
2720,500,500,1,0.001402,8.35e-05,0.996,0.0002441,0.002054,0.0001404
2721,500,500,1,0.2715,0.001308,0.7236,0.000507,0.002796,0.000253
2722,500,500,1,0.00091,0.001293,0.992,0.0008698,0.002932,0.001941
2723,500,500,1,0.03537,0.006985,0.861,0.01872,0.05682,0.02106
2724,500,500,1,0.01017,0.0002837,0.989,0.0003052,0.000537,9.745e-05
2725,500,500,1,0.0003252,4.75e-05,0.999,0.0002189,0.0004373,7.683e-05
2726,500,0,0,0.61,0.0002015,0.3877,0.000389,0.001536,6.47e-05
2727,500,500,1,0.00961,0.0001743,0.945,0.0058,0.03952,0.0001535
2728,500,500,1,0.001328,0.000104,0.998,9.334e-05,0.0002797,6.11e-05
2729,500,500,1,0.003576,0.0001732,0.9893,0.00252,0.00445,8.15e-05
2730,500,500,1,0.00559,0.0002625,0.9365,0.006695,0.05008,0.0008183
2731,500,500,1,0.002218,3.77e-05,0.997,0.0003247,0.0001287,1.26e-05
2732,500,500,1,0.002449,8.85e-05,0.9937,0.000556,0.002974,8.65e-05
2733,500,500,1,0.0675,0.0004945,0.921,0.006985,0.004078,0.0002406
2734,500,1500,0,0.002989,0.000183,0.02797,0.08496,0.884,0.0001336
2735,500,1500,0,0.0009575,0.0004117,0.3044,0.1183,0.574,0.001813
2736,500,500,1,0.09503,0.0003054,0.898,0.001,0.005577,0.0001442
2737,500,500,1,0.2603,0.0002103,0.739,0.0002378,0.0006504,4.256e-05
2738,500,500,1,0.000424,1.657e-05,0.999,5.81e-05,0.0004318,5e-06
2739,500,500,1,0.05844,7.66e-05,0.9395,0.001294,0.000829,3.44e-05
2740,500,500,1,0.004143,2.474e-05,0.995,0.0002139,0.000406,7.45e-06
2741,500,500,1,0.003675,0.0003314,0.986,0.005016,0.00485,0.0002751
2742,500,500,1,0.4326,0.0002108,0.5645,0.0006223,0.002335,2.724e-05
2743,500,0,0,0.585,0.000492,0.413,0.0004153,0.0012455,8.7e-05
2744,500,500,1,0.003378,0.0002239,0.9883,0.003378,0.00445,0.0001533
2745,500,500,1,0.000733,0.0001626,0.9194,0.01188,0.0674,0.0002916
2746,500,500,1,0.00011796,2.414e-05,0.9985,0.001159,0.0001429,1.925e-05
2747,500,500,1,0.009514,0.001069,0.9834,0.002989,0.002293,0.000745
2748,500,500,1,0.0005684,9.57e-05,0.998,0.000254,0.0007915,0.0001682
2749,500,500,1,0.000557,0.0001676,0.982,0.008736,0.008385,0.0002259
2750,500,500,1,9.76e-05,1.49e-05,0.9995,8.65e-05,0.00010544,1.12e-05
2751,500,500,1,0.005394,3.69e-05,0.994,6.354e-05,0.0002606,1.615e-05
2752,500,500,1,0.01403,8.41e-05,0.946,0.001787,0.03793,0.0001743
2753,500,500,1,9.567e-05,9.775e-05,0.997,0.001549,0.000963,0.0001853
2754,500,500,1,0.0002418,5.877e-05,0.9966,0.001878,0.000975,6.74e-05
2755,500,500,1,0.2966,0.000305,0.698,0.0006156,0.004124,0.0001578
2756,500,500,1,0.0001276,0.0001594,0.99,0.004047,0.00528,0.0003011
2757,500,500,1,0.00438,0.0002782,0.9907,0.00205,0.002592,0.0002162
2758,500,500,1,0.01996,0.0002205,0.966,0.00131,0.01268,0.00011414
2759,500,500,1,0.000741,7.38e-05,0.998,0.000609,0.0006456,9.59e-05
2760,500,500,1,0.002413,5.9e-05,0.981,0.015564,0.001039,4.87e-05
2761,500,500,1,0.0939,0.0004907,0.6763,0.0498,0.1792,0.000205
2762,500,500,1,0.001086,9.31e-05,0.9976,0.0003943,0.0007977,8.833e-05
2763,500,500,1,8.82e-05,7.4e-05,0.9985,0.000303,0.000847,0.0001246
2764,500,500,1,0.01611,6.497e-05,0.983,0.0001058,0.0005817,1.46e-05
2765,500,500,1,0.06152,0.000316,0.9365,0.000317,0.001388,0.0001107
2766,500,500,1,0.001361,8.51e-05,0.994,0.0009165,0.003496,0.0001632
2767,500,500,1,0.003998,0.0001409,0.9766,0.00639,0.01292,6.527e-05
2768,500,500,1,0.0006638,0.0001012,0.974,0.00286,0.0222,0.0001665
2769,500,500,1,8.523e-05,0.0001026,0.9043,0.06744,0.02792,0.0001402
2770,500,500,1,0.000628,3.89e-05,0.998,0.0003037,0.000806,6.425e-05
2771,500,500,1,0.0006447,2.235e-05,0.998,0.000717,0.000397,1.35e-05
2772,500,500,1,0.01657,7.004e-05,0.979,0.001508,0.002844,3.67e-05
2773,500,500,1,0.000807,8.67e-05,0.76,0.07245,0.1669,0.0001843
2774,500,500,1,0.004814,6.19e-05,0.9917,0.0010395,0.002209,6.31e-05
2775,500,500,1,0.0004084,3.41e-05,0.987,0.00364,0.008965,7.683e-05
2776,500,500,1,0.000917,8.94e-06,0.999,4.59e-05,0.0001794,1.204e-05
2777,500,500,1,0.0003357,2.724e-05,0.9956,0.000975,0.002754,7.03e-05
2778,500,500,1,0.003344,0.0003366,0.988,0.005432,0.00283,0.000235
2779,500,500,1,0.3074,0.001415,0.6807,0.002996,0.00642,0.0007973
2780,500,500,1,0.0007005,0.0001911,0.996,0.001051,0.001925,0.0002797
2781,500,500,1,0.004448,4.554e-05,0.995,0.00010955,0.0001992,3.51e-05
2782,500,500,1,0.00949,0.0002004,0.985,0.001864,0.003504,0.000249
2783,500,500,1,0.001865,0.000168,0.996,0.0003655,0.001365,0.0002568
2784,500,500,1,0.0001054,9.155e-05,0.9985,0.000667,0.000625,0.0002093
2785,500,500,1,0.1637,0.000871,0.828,0.001884,0.00494,0.0002906
2786,500,500,1,0.0003314,3.093e-05,0.9956,0.001409,0.002657,4.494e-05
2787,500,500,1,0.0005336,0.0001565,0.9985,0.0001929,0.0004706,0.0001547
2788,500,500,1,0.003113,4.57e-05,0.9927,0.00315,0.0009103,2.66e-05
2789,500,500,1,0.01643,7.07e-05,0.982,0.0002382,0.001188,4.4e-05
2790,500,500,1,0.001564,8.047e-05,0.994,0.000378,0.003601,0.0002071
2791,500,500,1,0.1482,0.0002428,0.8496,0.0003107,0.00136,9.85e-05
2792,500,500,1,0.001924,0.0003376,0.897,0.0357,0.06464,0.0006585
2793,500,500,1,0.002174,0.0002627,0.9956,0.001229,0.0007396,0.00010526
2794,500,500,1,0.000948,1.91e-05,0.997,0.000238,0.001553,1.59e-05
2795,500,500,1,0.259,0.001051,0.6025,0.1289,0.00835,0.0002143
2796,500,500,1,0.004623,0.0001014,0.974,0.01962,0.001626,5.13e-05
2797,500,500,1,0.008575,0.0003304,0.985,0.002974,0.003223,0.0001316
2798,500,500,1,0.02985,0.0007806,0.895,0.02536,0.04843,0.0003629
2799,500,500,1,0.0002173,0.0006704,0.9575,0.02933,0.01123,0.001249
2800,500,500,1,0.00554,3.403e-05,0.9937,4.66e-05,0.0007577,1.78e-05
2801,500,500,1,0.009224,6.95e-05,0.99,5.3e-05,0.0004992,2.65e-05
2802,500,500,1,0.337,7.83e-05,0.662,0.0001033,0.0005503,1.824e-05
2803,500,500,1,0.05276,0.0004022,0.9443,0.000374,0.001715,0.0001653
2804,500,500,1,0.0001031,9.95e-06,0.9995,7.29e-05,7.68e-05,4.9e-06
2805,500,500,1,0.04996,0.000383,0.9424,0.001293,0.005672,0.0001844
2806,500,500,1,0.003853,7.13e-05,0.981,0.000499,0.01463,0.0001345
2807,500,500,1,0.04102,0.0002997,0.953,0.002432,0.003078,0.0002184
2808,500,500,1,5.704e-05,3.266e-05,0.9995,9.62e-05,7.606e-05,2.77e-05
2809,500,500,1,0.0001482,3.68e-05,0.9995,7.856e-05,0.0001222,2.855e-05
2810,500,500,1,0.00086,2.42e-05,0.9985,0.000338,0.000411,2.056e-05
2811,500,500,1,0.00935,0.0001487,0.9814,0.0005927,0.00854,0.0001052
2812,500,500,1,0.0004685,4.876e-05,0.999,8.345e-05,0.0002472,3.07e-05
2813,500,500,1,9.835e-05,1.42e-05,0.999,0.0002952,0.000741,2.84e-05
2814,500,500,1,0.02512,0.0001823,0.9727,0.0004659,0.001785,3.33e-05
2815,500,500,1,0.00011516,2.17e-05,0.999,0.0003057,0.000381,2.68e-05
2816,500,500,1,0.000697,2.65e-05,0.999,8.96e-05,0.0002646,3.105e-05
2817,500,500,1,0.001976,3.34e-05,0.995,0.002054,0.0006795,1.26e-05
2818,500,500,1,0.0004761,9.173e-05,0.9985,0.000773,0.0002468,5.394e-05
2819,500,500,1,0.0006332,0.000503,0.9775,0.01074,0.00932,0.001135
2820,500,500,1,0.02283,0.0002725,0.9736,0.001965,0.001068,8.88e-05
2821,500,500,1,0.02194,3.39e-05,0.9775,4.154e-05,0.000312,1.21e-05
2822,500,500,1,0.02287,0.0001292,0.9614,0.007286,0.00841,9.495e-05
2823,500,500,1,0.0005317,3.356e-05,0.9995,2.88e-05,6.44e-05,1.39e-05
2824,500,500,1,0.001041,0.0002882,0.985,0.007416,0.006046,0.0002787
2825,500,500,1,0.00221,0.000108,0.988,0.003857,0.00603,0.0001631
2826,500,500,1,0.00371,0.00041,0.993,0.001843,0.000777,0.0001125
2827,500,500,1,0.008514,5.31e-05,0.9893,0.0002282,0.001788,3.51e-05
2828,500,500,1,0.00993,0.0001426,0.9883,0.001411,0.0003247,2.337e-05
2829,500,500,1,0.0003364,4.26e-05,0.999,0.00043,0.0001838,2.47e-05
2830,500,500,1,7.695e-05,5.4e-06,0.9995,0.0002923,0.0001754,5.25e-06
2831,500,500,1,0.0004334,3.5e-05,0.999,9.775e-05,0.0001926,2.71e-05
2832,500,500,1,0.03354,0.0002453,0.9595,0.002066,0.004597,0.0001819
2833,500,500,1,0.0004418,0.0002546,0.508,0.3357,0.1558,0.0002278
2834,500,500,1,0.0001614,4.54e-05,0.997,0.001688,0.0009484,7.945e-05
2835,500,500,1,0.05902,7.486e-05,0.936,0.001245,0.003588,4.137e-05
2836,500,500,1,0.001137,5.77e-05,0.9897,0.002802,0.006096,5.955e-05
2837,500,500,1,0.003836,4.876e-05,0.995,0.0003474,0.0007353,4.49e-05
2838,500,500,1,7.3e-05,8.84e-05,0.987,0.008026,0.00486,0.0001077
2839,500,500,1,0.0003,4.333e-05,0.9956,0.003576,0.0002923,4.345e-05
2840,500,500,1,0.004887,0.0001188,0.986,0.00812,0.001178,7.73e-05
2841,500,500,1,0.00608,0.009766,0.9463,0.02528,0.0113,0.001512
2842,500,500,1,0.002588,0.001088,0.9824,0.00754,0.00598,0.000586
2843,500,0,0,0.7295,0.000506,0.2556,0.00996,0.004383,0.0001416
2844,500,500,1,0.0005536,0.0004983,0.951,0.03558,0.01106,0.0009165
2845,500,500,1,0.00946,0.000807,0.949,0.026,0.01387,0.0007563
2846,500,500,1,0.003523,0.000531,0.9478,0.03275,0.01519,0.0002267
2847,500,500,1,0.001439,0.0007,0.961,0.01796,0.0185,0.0005593
2848,500,500,1,0.01038,0.002066,0.8584,0.1126,0.01517,0.001382
2849,500,1000,0,0.0003874,0.0002668,0.1636,0.5425,0.2932,0.0001557
2850,500,500,1,0.0003867,0.0004013,0.7905,0.1827,0.02551,0.0002801
2851,500,500,1,0.001853,0.0003977,0.987,0.00934,0.001474,0.0002149
2852,500,500,1,0.0015135,0.0006027,0.9883,0.007656,0.001442,0.0003402
2853,500,500,1,0.00523,0.001207,0.741,0.0975,0.153,0.00197
2854,500,500,1,0.001693,0.0002544,0.826,0.0735,0.0981,0.0002418
2855,500,1000,0,0.001803,0.0002064,0.07275,0.8145,0.1105,0.00011045
2856,500,500,1,0.003868,0.0001299,0.863,0.01393,0.1191,0.0002687
2857,500,500,1,0.007164,0.001072,0.795,0.05698,0.139,0.00063
2858,500,500,1,0.000956,9.04e-05,0.988,0.005417,0.00571,0.0001873
2859,500,1000,0,0.0001289,2.19e-05,0.00317,0.5093,0.4875,1.764e-05
2860,500,500,1,0.00325,0.001392,0.4785,0.3662,0.1488,0.001787
2861,500,500,1,0.0586,0.000629,0.85,0.0646,0.02586,0.0002685
2862,500,1000,0,0.001107,0.0005345,0.1156,0.596,0.2861,0.0002887
2863,500,500,1,0.01482,0.001602,0.9297,0.03114,0.02254,0.0004132
2864,500,500,1,0.003222,0.001072,0.734,0.11786,0.1404,0.003563
2865,500,500,1,0.0009327,0.0002873,0.817,0.053,0.128,0.000729
2866,500,500,1,0.0272,0.000892,0.7544,0.147,0.0702,0.0003867
2867,500,500,1,0.03946,0.0006576,0.875,0.01276,0.0711,0.001061
2868,500,1500,0,0.000204,0.0001842,0.1711,0.281,0.547,0.0003803
2869,500,500,1,0.000539,9.996e-05,0.996,0.001993,0.000954,0.0001466
2870,500,1500,0,0.02856,0.0009375,0.421,0.0766,0.4724,0.0004444
2871,500,1000,0,0.001817,0.0009556,0.3271,0.4807,0.1882,0.001276
2872,500,1000,0,7.29e-05,4.62e-05,0.00403,0.629,0.367,6.163e-05
2873,500,1500,0,0.000835,0.0002058,0.04773,0.4126,0.538,0.0002673
2874,500,1000,0,0.001221,0.000253,0.02728,0.5073,0.4636,0.0003228
2875,500,500,1,0.0913,0.001466,0.7896,0.05777,0.05884,0.001304
2876,500,500,1,0.0009613,0.0005555,0.4111,0.4072,0.179,0.001014
2877,500,1000,0,0.001894,0.001,0.2052,0.5537,0.2362,0.001993
2878,500,500,1,0.02461,0.0008874,0.72,0.1791,0.07446,0.0005717
2879,500,1500,0,0.002014,0.0009046,0.02344,0.1306,0.842,0.000998
2880,500,500,1,0.01318,0.003504,0.7437,0.1938,0.04437,0.001543
2881,500,500,1,0.0004127,0.0005198,0.834,0.1343,0.03058,0.0003366
2882,500,500,1,0.001019,0.0005727,0.717,0.1517,0.1285,0.001061
2883,500,500,1,0.015144,0.001138,0.7334,0.1279,0.1214,0.000729
2884,500,500,1,0.0008683,0.0005097,0.9736,0.01974,0.0047,0.0004544
2885,500,500,1,0.015144,0.003614,0.4634,0.2256,0.2805,0.01178
2886,500,0,0,0.7554,0.002953,0.10864,0.05124,0.0801,0.00159
2887,500,500,1,0.0006194,0.0007973,0.881,0.1048,0.01123,0.001577
2888,500,500,1,0.002764,0.000829,0.949,0.0345,0.01242,0.0004244
2889,500,1000,0,0.0031,0.001289,0.3574,0.5093,0.1273,0.001728
2890,500,1000,0,0.1005,0.0008283,0.2139,0.4995,0.185,0.0002472
2891,500,500,1,0.007248,0.001097,0.6387,0.1203,0.2308,0.002028
2892,500,0,0,0.636,0.00442,0.05502,0.2913,0.01289,0.0002713
2893,500,500,1,0.00941,0.001312,0.9077,0.0391,0.04138,0.0010605
2894,500,1000,0,0.007034,0.0006986,0.1998,0.7085,0.0834,0.000503
2895,500,500,1,0.051,0.00139,0.752,0.1752,0.01997,0.0003195
2896,500,500,1,0.0003784,0.00010335,0.9907,0.006245,0.00256,0.00010276
2897,500,500,1,0.003323,0.001236,0.3494,0.3367,0.3083,0.001072
2898,500,500,1,0.004135,0.001054,0.7373,0.07086,0.1835,0.003149
2899,500,500,1,0.001335,0.0003095,0.8906,0.04587,0.0615,0.0005536
2900,500,500,1,0.03372,0.000972,0.8633,0.04486,0.0567,0.000512
2901,500,500,1,0.003065,0.0007176,0.532,0.2299,0.2325,0.001458
2902,500,500,1,0.0001436,0.0004125,0.8613,0.1337,0.003736,0.0004663
2903,500,500,1,0.04584,0.004734,0.883,0.05948,0.004154,0.003159
2904,500,500,1,0.03873,0.001337,0.5835,0.09106,0.2844,0.001153
2905,500,500,1,0.00672,0.001662,0.5356,0.3137,0.1414,0.000943
2906,500,500,1,0.0002902,7.21e-05,0.9976,0.000957,0.000867,8.4e-05
2907,500,500,1,0.05316,8.595e-05,0.9463,0.0001065,0.0004704,3.844e-05
2908,500,500,1,0.003523,7.707e-05,0.9917,0.000443,0.00407,0.0001175
2909,500,500,1,0.0004447,4.7e-05,0.9966,0.000585,0.002449,8.6e-05
2910,500,500,1,0.0008097,3.12e-05,0.9956,0.001059,0.00256,8.136e-05
2911,500,500,1,0.0002656,0.0001111,0.9985,0.0004616,0.0004344,0.0001258
2912,500,500,1,0.0381,0.0003703,0.9424,0.014946,0.00417,0.0002005
2913,500,500,1,0.00859,0.0001454,0.985,0.001329,0.004997,7.623e-05
2914,500,500,1,0.000598,0.0003393,0.994,0.002457,0.002253,0.0003355
2915,500,500,1,0.0005774,1.75e-05,0.9985,0.0001451,0.000785,2.11e-05
2916,500,500,1,0.000267,9.31e-05,0.9976,0.0002383,0.001514,0.0001643
2917,500,500,1,0.4404,0.000491,0.5522,0.0005608,0.00579,0.0001942
2918,500,500,1,0.01578,0.0001854,0.9795,0.0004814,0.003813,0.0002097
2919,500,500,1,0.002378,0.000972,0.9844,0.00341,0.00787,0.000836
2920,500,500,1,0.0003223,3.165e-05,0.994,0.002079,0.003128,0.00011086
2921,500,500,1,0.000589,7.856e-05,0.9956,0.000673,0.002815,0.0001706
2922,500,500,1,0.357,0.0004003,0.62,0.0034,0.01888,0.0003686
2923,500,500,1,0.0002028,9.06e-06,0.9995,8.66e-05,0.0001554,9.9e-06
2924,500,500,1,0.007446,1.89e-05,0.992,2.94e-05,0.0001556,1.27e-05
2925,500,500,1,0.06604,0.0001585,0.9165,0.000616,0.01645,0.0001783
2926,500,500,1,0.0005617,2.7e-05,0.999,0.0001527,0.0003421,3.84e-05
2927,500,500,1,0.01258,0.00027,0.959,0.0009384,0.02696,0.0001297
2928,500,500,1,0.0004563,0.0001195,0.997,0.0006423,0.001381,0.000256
2929,500,500,1,0.001195,0.0001222,0.9883,0.002537,0.00794,0.0001572
2930,500,500,1,0.10345,0.0001357,0.892,0.000505,0.003786,0.000129
2931,500,500,1,0.0002568,9.745e-05,0.998,0.000593,0.000925,0.0001712
2932,500,500,1,0.007355,7.576e-05,0.9834,0.000512,0.00882,7.415e-05
2933,500,500,1,0.0002463,5.6e-05,0.9956,0.001047,0.00299,0.0001354
2934,500,500,1,0.0001135,3.93e-06,0.9995,6.84e-05,0.000149,5.84e-06
2935,500,500,1,0.0001817,2.21e-05,0.999,0.0002285,0.000718,4.63e-05
2936,500,500,1,0.002,0.0001271,0.9287,0.0069,0.06186,0.0002384
2937,500,500,1,0.001554,1.94e-05,0.995,0.0003421,0.003048,7.19e-05
2938,500,500,1,0.05096,0.0001631,0.9463,0.000616,0.001669,8.494e-05
2939,500,500,1,0.013954,0.0002133,0.983,0.0004342,0.002403,0.0001273
2940,500,500,1,0.04453,0.0001091,0.9263,0.002901,0.02594,0.0001683
2941,500,500,1,0.000808,5.615e-05,0.9863,0.008316,0.004204,0.00010914
2942,500,1500,0,0.0003903,0.0001188,0.4304,0.08075,0.4878,0.000422
2943,500,500,1,0.04987,0.00010306,0.9443,0.000656,0.004967,0.0001225
2944,500,500,1,0.3813,0.002281,0.5684,0.00981,0.03625,0.002052
2945,500,500,1,0.002153,0.000899,0.756,0.214,0.02652,0.0005965
2946,500,500,1,0.0003984,9.817e-05,0.99,0.006195,0.00288,0.0002074
2947,500,500,1,0.003786,0.0002806,0.7847,0.04175,0.1691,0.0005703
2948,500,500,1,0.01591,0.000786,0.978,0.003174,0.0017395,0.000257
2949,500,500,1,0.001208,0.0003257,0.845,0.11597,0.03668,0.000599
2950,500,500,1,0.00537,4.26e-05,0.993,0.0004506,0.000839,5.59e-05
2951,500,500,1,0.006542,6.795e-05,0.991,0.0001544,0.001805,0.0001225
2952,500,500,1,0.001353,2.03e-05,0.9966,0.0002247,0.001848,2.87e-05
2953,500,500,1,0.04987,0.0002143,0.9463,0.0003712,0.003164,9.97e-05
2954,500,500,1,0.002249,0.000282,0.9946,0.0008597,0.001585,0.0002904
2955,500,500,1,0.1909,0.002216,0.737,0.02196,0.04617,0.001791
2956,500,500,1,0.00594,0.0016165,0.912,0.02019,0.05664,0.003275
2957,500,500,1,0.000604,3.97e-05,0.989,0.002432,0.008095,7.27e-05
2958,500,500,1,0.003664,0.000789,0.9785,0.01235,0.004173,0.0002847
2959,500,500,1,0.002325,0.0001019,0.996,0.0004325,0.000765,0.0001372
2960,500,500,1,0.0002393,3.03e-05,0.9995,0.0001382,0.0002266,3.41e-05
2961,500,500,1,0.0002916,5.2e-05,0.989,0.007763,0.003244,7.86e-05
2962,500,500,1,0.02216,0.000543,0.9224,0.011055,0.04327,0.000758
2963,500,500,1,0.03632,0.001906,0.935,0.02109,0.004894,0.0006266
2964,500,500,1,0.000753,0.0005946,0.9126,0.01839,0.0666,0.001276
2965,500,500,1,0.0004067,8.02e-05,0.917,0.00487,0.0775,0.000256
2966,500,500,1,0.000917,0.0003953,0.943,0.01917,0.03506,0.001584
2967,500,500,1,0.001083,2.426e-05,0.9956,0.0005646,0.002684,5.19e-05
2968,500,500,1,0.0006657,0.0002527,0.912,0.02618,0.0604,0.0003233
2969,500,500,1,0.0003846,1.395e-05,0.9995,4.34e-05,0.0001135,1.895e-05
2970,500,500,1,0.02032,9.27e-05,0.979,5.57e-05,0.0002685,2.74e-05
2971,500,500,1,9.9e-05,1.425e-05,0.9995,0.0001299,0.0003045,2.015e-05
2972,500,500,1,0.002712,0.001058,0.983,0.003164,0.00715,0.003088
2973,500,500,1,0.3323,0.002611,0.662,0.000618,0.002285,0.0004504
2974,500,500,1,0.0517,0.002153,0.746,0.02989,0.1633,0.006886
2975,500,500,1,0.000686,2.81e-05,0.9956,0.000815,0.002716,5.98e-05
2976,500,500,1,0.0001808,5.5e-06,0.9995,3.75e-05,7.105e-05,7.6e-06
2977,500,500,1,0.003468,2.52e-05,0.996,0.0001762,0.0003521,1.84e-05
2978,500,0,0,0.6313,0.000215,0.3682,0.0001438,0.0003576,2.51e-05
2979,500,500,1,8.78e-05,1.69e-05,0.9995,0.0001649,0.000321,2.235e-05
2980,500,500,1,0.005985,0.000576,0.9893,0.001631,0.002314,0.0002782
2981,500,500,1,0.0002234,6.986e-05,0.999,0.0003004,0.0003715,0.0001361
2982,500,500,1,0.2322,0.00010175,0.767,0.0002432,0.0003748,1.24e-05
2983,500,500,1,0.1503,0.0001972,0.848,0.0001547,0.000947,6.06e-05
2984,500,500,1,0.000758,1.88e-05,0.998,9.64e-05,0.001283,3.12e-05
2985,500,500,1,0.01573,5.573e-05,0.9766,0.001635,0.005726,8.35e-05
2986,500,500,1,0.011215,0.000117,0.986,0.0006037,0.002136,8.66e-05
2987,500,500,1,0.228,0.001254,0.7036,0.0315,0.03497,0.0004807
2988,500,500,1,0.003372,2.91e-05,0.996,0.0001869,0.0001633,1.913e-05
2989,500,500,1,0.3635,0.00010914,0.6357,0.0002091,0.0004482,1.705e-05
2990,500,500,1,0.0137,9.77e-05,0.959,0.007565,0.01974,9.47e-05
2991,500,500,1,0.000595,5.89e-05,0.956,0.01092,0.03214,0.0001594
2992,500,500,1,0.0001659,1.377e-05,0.9966,0.001772,0.001591,1.34e-05
2993,500,500,1,0.0002503,1.44e-05,0.9995,0.0002102,0.0002308,1.705e-05
2994,500,500,1,0.0002341,3.24e-05,0.999,0.0003612,0.0003462,3.475e-05
2995,500,500,1,0.0001987,0.000128,0.898,0.05685,0.04437,0.0004342
2996,500,500,1,0.0006127,2.96e-05,0.9937,0.000825,0.004757,5.54e-05
2997,500,500,1,0.0908,0.0004897,0.8467,0.02437,0.03708,0.0003176
2998,500,500,1,0.02905,0.0004706,0.918,0.02007,0.03186,0.0004864
2999,500,500,1,0.01174,0.002155,0.9478,0.02711,0.01024,0.0009623
