Sample,True Label,Pred Label,Correct,Prob_0,Prob_100,Prob_500,Prob_1000,Prob_1500,Prob_2000
0,0,0,1,0.993,0.00011116,0.0039,0.0004616,0.002558,3.25e-05
1,0,0,1,0.979,0.0003147,0.01884,0.0009394,0.0008144,6.39e-05
2,0,500,0,0.03174,0.0002637,0.961,0.00258,0.004456,0.0001378
3,0,0,1,0.957,0.0003965,0.04056,0.000846,0.001046,0.00012094
4,0,0,1,0.9946,6.51e-05,0.003782,0.000355,0.0009127,1.717e-05
5,0,0,1,0.887,0.0008817,0.09143,0.00332,0.01703,0.0003507
6,0,0,1,0.9873,8.357e-05,0.01153,0.000391,0.0009017,2.486e-05
7,0,500,0,0.1316,0.0008974,0.8438,0.00337,0.0203,0.0002573
8,0,0,1,0.6206,0.001035,0.3713,0.002628,0.003883,0.000407
9,0,0,1,0.98,0.0003345,0.01784,0.0006704,0.00111,9.31e-05
10,0,500,0,0.1361,0.0004172,0.8584,0.001905,0.003117,0.0001215
11,0,500,0,0.1704,0.00275,0.429,0.10535,0.2903,0.002361
12,0,0,1,0.9946,8.047e-05,0.002186,0.001415,0.001727,3.91e-05
13,0,0,1,0.9663,0.000678,0.02522,0.00268,0.004654,0.000421
14,0,500,0,0.2952,0.0001398,0.682,0.002247,0.02036,4.74e-05
15,0,500,0,0.003113,0.0001438,0.9365,0.024,0.03638,9.18e-05
16,0,0,1,0.8027,0.001608,0.1802,0.004894,0.01026,0.0005646
17,0,0,1,0.9243,0.000339,0.0724,0.00131,0.001734,0.0001354
18,0,0,1,0.566,0.0004482,0.4312,0.001427,0.001097,0.0001249
19,0,500,0,0.429,0.0008073,0.548,0.003254,0.01904,0.0002835
20,0,0,1,0.9966,0.0002139,0.00197,0.000335,0.000617,4.816e-05
21,0,500,0,0.2622,0.000721,0.7266,0.003223,0.006737,0.000346
22,0,0,1,0.9854,0.000252,0.0131,0.00052,0.0005474,4.35e-05
23,0,0,1,0.9526,0.0004,0.0435,0.001224,0.002079,0.0001233
24,0,500,0,0.4087,0.0004392,0.581,0.001637,0.00825,0.0001482
25,0,500,0,0.4575,0.000911,0.4822,0.0163,0.0427,0.000544
26,0,500,0,0.1539,0.0007343,0.8193,0.01521,0.01019,0.0003495
27,0,0,1,0.9946,0.0002201,0.004265,0.0003026,0.000549,3.356e-05
28,0,0,1,0.79,0.000489,0.05545,0.00962,0.1443,0.0003266
29,0,1500,0,0.05103,0.002289,0.0715,0.1128,0.76,0.002794
30,0,0,1,0.9795,7.87e-05,0.01872,0.0005374,0.001079,2.87e-05
31,0,0,1,0.653,0.00456,0.203,0.09283,0.0447,0.001904
32,0,0,1,0.9966,7.68e-05,0.002386,0.0005207,0.000593,2.265e-05
33,0,0,1,0.495,0.000551,0.1661,0.10876,0.2291,0.0003264
34,0,0,1,0.4084,0.002169,0.213,0.05173,0.3232,0.001403
35,0,0,1,0.9414,0.000994,0.03616,0.00437,0.01625,0.0006146
36,0,0,1,0.9917,0.0001271,0.00571,0.0008383,0.001363,4.49e-05
37,0,0,1,0.9062,0.0008397,0.0825,0.005745,0.00424,0.0002081
38,0,0,1,0.998,0.0001047,0.000917,0.0006943,0.0003314,4.14e-05
39,0,500,0,0.00352,0.0003474,0.979,0.01161,0.005558,0.0001882
40,0,0,1,0.8486,0.0006204,0.139,0.002975,0.00861,0.0002074
41,0,0,1,0.996,0.0002351,0.00093,0.001831,0.0009685,6.974e-05
42,0,0,1,0.9517,0.0001621,0.04105,0.002548,0.004597,6.64e-05
43,0,0,1,0.966,0.000654,0.01953,0.00271,0.01118,0.00028
44,0,0,1,0.8955,0.0005846,0.09625,0.002758,0.004692,0.0001534
45,0,0,1,0.547,0.00075,0.06555,0.0609,0.3254,0.0005097
46,0,0,1,0.961,0.0006657,0.03287,0.001616,0.003645,0.0001283
47,0,0,1,0.9517,0.0005355,0.03088,0.00223,0.01454,0.0002203
48,0,0,1,0.6396,0.0006847,0.3555,0.001735,0.002377,8.47e-05
49,0,0,1,0.9805,0.0004199,0.002981,0.008995,0.007084,0.000121
50,0,0,1,0.961,0.0006094,0.00813,0.01281,0.01698,0.0003219
51,0,0,1,0.912,0.000786,0.06506,0.00817,0.01354,0.000357
52,0,0,1,0.982,0.000822,0.007698,0.004414,0.004543,0.0003998
53,0,500,0,0.4001,0.0007753,0.589,0.003494,0.006443,0.0002716
54,0,0,1,0.9795,0.0002844,0.01418,0.001186,0.004917,0.000103
55,0,500,0,0.333,0.002335,0.571,0.02443,0.0676,0.0014925
56,0,0,1,0.785,0.001984,0.11945,0.04694,0.04602,0.00059
57,0,0,1,0.862,0.0005703,0.0136,0.09937,0.02434,0.000359
58,0,0,1,0.9604,0.0005655,0.01613,0.01877,0.003775,0.0002009
59,0,0,1,0.9707,0.0004964,0.01904,0.003773,0.006004,0.000125
60,0,0,1,0.9824,0.0002842,0.01299,0.003162,0.001092,7.045e-05
61,0,1000,0,0.367,0.0009017,0.16,0.4414,0.03008,0.000582
62,0,1500,0,0.09875,0.0001849,0.004086,0.11334,0.7837,0.0001799
63,0,1000,0,6.336e-05,1.61e-05,0.0002816,0.9995,0.0002475,3.23e-05
64,0,0,1,0.9854,0.000821,0.005787,0.006565,0.001257,0.0002021
65,0,0,1,0.908,0.001686,0.00995,0.0592,0.02052,0.0005803
66,0,0,1,0.972,0.0006733,0.02103,0.004177,0.001765,0.0001243
67,0,0,1,0.996,5.1e-05,0.002691,0.0007997,0.000573,3.207e-05
68,0,0,1,0.9365,0.001289,0.04742,0.00897,0.00502,0.0006876
69,0,0,1,0.9976,4.71e-05,0.000623,0.001502,0.0003824,1.1e-05
70,0,0,1,0.6436,0.000945,0.04337,0.291,0.02046,0.0005984
71,0,1000,0,0.2467,0.001773,0.005894,0.7324,0.01103,0.002308
72,0,1000,0,0.01385,0.0006475,0.01047,0.9727,0.001882,0.0005817
73,0,1000,0,0.3293,0.00463,0.07153,0.5845,0.00753,0.002686
74,0,0,1,0.674,0.002024,0.0215,0.2434,0.0579,0.001316
75,0,0,1,0.9863,0.0005727,0.004227,0.00282,0.00585,0.0001886
76,0,0,1,0.98,0.0003605,0.002098,0.01624,0.00107,0.0001932
77,0,1000,0,0.1001,0.0006437,0.01938,0.747,0.1321,0.000899
78,0,0,1,0.6875,0.001698,0.01509,0.278,0.01662,0.000761
79,0,0,1,0.9976,4.06e-05,0.001456,0.0004213,0.0004795,8.5e-06
80,0,0,1,0.985,0.0001377,0.013275,0.0004025,0.001182,2.97e-05
81,0,0,1,0.9785,0.000184,0.01743,0.002275,0.001711,5.215e-05
82,0,0,1,0.8154,0.0009255,0.0972,0.02489,0.06094,0.0004115
83,0,0,1,0.527,0.0003133,0.2583,0.00831,0.2059,0.00019
84,0,0,1,0.842,0.000663,0.0328,0.01516,0.10944,0.0003974
85,0,0,1,0.991,0.0001776,0.002148,0.003092,0.0033,3.82e-05
86,0,0,1,0.9946,0.0001793,0.003496,0.000294,0.001298,4.29e-05
87,0,0,1,0.9927,0.0001054,0.00632,0.0004208,0.0005474,2.15e-05
88,0,0,1,0.725,0.001822,0.04724,0.03653,0.1884,0.000916
89,0,0,1,0.9873,0.0001308,0.010735,0.000657,0.0009217,2.533e-05
90,0,0,1,0.5317,0.0003352,0.4656,0.00068,0.001406,5.746e-05
91,0,0,1,0.9863,0.0003085,0.00934,0.001201,0.002634,0.00010055
92,0,500,0,0.07245,0.0001134,0.921,0.001188,0.0052,3.034e-05
93,0,0,1,0.985,0.00011414,0.01384,0.000587,0.000787,2.4e-05
94,0,500,0,0.01059,1.89e-05,0.989,0.000121,0.0002928,3.4e-06
95,0,0,1,0.9966,2.67e-05,0.002771,0.0002913,0.0004394,5.07e-06
96,0,0,1,0.981,0.0004516,0.01776,0.0003586,0.0005565,9.35e-05
97,0,0,1,0.977,2.99e-05,0.02284,7.2e-05,0.0001139,4.35e-06
98,0,0,1,0.6226,0.0004058,0.3596,0.003454,0.013695,0.0001416
99,0,500,0,0.05286,0.0001225,0.9424,0.001152,0.003695,4.57e-05
100,0,500,0,0.1133,0.0006022,0.8804,0.002647,0.00291,0.000167
101,0,0,1,0.9976,9.894e-05,0.001754,0.0001634,0.0001838,1.717e-05
102,0,0,1,0.537,0.000439,0.4583,0.002144,0.001978,0.0001689
103,0,0,1,0.9854,0.0001558,0.01325,0.0003068,0.000881,4.54e-05
104,0,0,1,0.9434,0.0002171,0.0482,0.003633,0.004383,0.0001151
105,0,0,1,0.9756,0.00011605,0.02177,0.000882,0.001467,3.14e-05
106,0,0,1,0.9863,0.0003128,0.00808,0.003008,0.002007,0.0001615
107,0,0,1,0.949,0.0001056,0.04922,0.000384,0.001159,2.84e-05
108,0,0,1,0.9917,0.0003011,0.006588,0.0007496,0.0005713,6.205e-05
109,0,500,0,0.3643,0.0001205,0.6206,0.002995,0.01176,5.203e-05
110,0,0,1,0.9126,0.000308,0.0839,0.001134,0.001715,0.0001266
111,0,0,1,0.989,0.0001466,0.00906,0.000597,0.001298,5.48e-05
112,0,0,1,0.9844,9.35e-05,0.01514,0.0001683,0.0003035,1.57e-05
113,0,0,1,0.993,0.0002093,0.005756,0.000438,0.000532,7.01e-05
114,0,0,1,0.999,2.72e-05,0.000578,6.44e-05,0.0001643,6.14e-06
115,0,500,0,0.2952,0.0005894,0.7,0.000854,0.003191,0.0001328
116,0,0,1,0.988,0.000115,0.01132,0.000395,0.0004253,5.04e-05
117,0,0,1,0.9917,6.986e-05,0.008286,4.32e-05,6.056e-05,7.33e-06
118,0,0,1,0.9624,9.435e-05,0.03696,0.0001898,0.0002202,1.925e-05
119,0,500,0,0.321,0.001396,0.6665,0.002983,0.00782,0.0003824
120,0,0,1,0.8354,0.0004241,0.1527,0.0026,0.008484,0.0001309
121,0,0,1,0.996,8.446e-05,0.003572,0.0001234,0.0001489,2.164e-05
122,0,0,1,0.953,0.0004003,0.04538,0.0003595,0.0005536,7.96e-05
123,0,0,1,0.6143,0.0004475,0.378,0.00202,0.005043,0.000207
124,0,0,1,0.974,6.28e-05,0.02565,0.0001304,0.0002395,1.49e-05
125,0,0,1,0.9785,0.0004349,0.01968,0.00049,0.0005083,0.0001479
126,0,0,1,0.9966,6.6e-05,0.002968,5.26e-05,8.71e-05,7.45e-06
127,0,0,1,0.9976,0.000107,0.001963,6.92e-05,8.184e-05,6.8e-06
128,0,0,1,0.6426,0.000366,0.3555,0.0004644,0.0009165,7.84e-05
129,0,0,1,0.9956,0.0001603,0.003454,0.0002165,0.000303,3.505e-05
130,0,0,1,0.994,4.6e-05,0.00501,0.000375,0.0002047,1.74e-05
131,0,0,1,0.9263,0.0004683,0.07056,0.001029,0.001376,0.0001881
132,0,0,1,0.983,0.0001645,0.01541,0.000365,0.001296,3.713e-05
133,0,500,0,0.3066,0.0003047,0.691,0.000871,0.001235,8.935e-05
134,0,500,0,0.1593,0.0004745,0.804,0.003746,0.03198,0.0002134
135,0,0,1,0.9814,0.0002172,0.011284,0.004295,0.002642,9.81e-05
136,0,0,1,0.999,2.41e-05,0.0009627,3.254e-05,4.59e-05,4.2e-06
137,0,0,1,0.9663,0.0002751,0.01967,0.0049,0.00878,0.00014
138,0,0,1,0.9707,0.0003226,0.02838,0.0001471,0.0002642,3.684e-05
139,0,0,1,0.7944,0.0002944,0.2036,0.0006847,0.0007696,8.16e-05
140,0,500,0,0.1198,8.12e-05,0.8784,0.0003486,0.001391,1.496e-05
141,0,500,0,0.03897,0.0003417,0.924,0.003633,0.0328,0.0004303
142,0,0,1,0.9146,0.0001935,0.08344,0.00037,0.001337,3.84e-05
143,0,0,1,0.9253,0.0002371,0.0725,0.000559,0.001228,4.93e-05
144,0,0,1,0.988,6.485e-05,0.01188,0.00010306,0.0001851,1.365e-05
145,0,0,1,0.93,0.0002415,0.06885,0.0005307,0.0003433,3.6e-05
146,0,0,1,0.626,0.000676,0.00997,0.2642,0.09875,0.000583
147,0,1000,0,0.1342,0.002468,0.0482,0.6167,0.1967,0.001719
148,0,0,1,0.8716,0.001896,0.04144,0.04892,0.03497,0.001045
149,0,0,1,0.795,0.001783,0.115,0.03403,0.05347,0.00081
150,0,1500,0,0.2186,0.002563,0.0357,0.2615,0.4797,0.001926
151,0,0,1,0.7656,0.00134,0.01475,0.0948,0.1229,0.0006914
152,0,0,1,0.974,0.0003986,0.002966,0.01701,0.005535,0.0001335
153,0,0,1,0.783,0.0009117,0.02255,0.1571,0.03546,0.0007515
154,0,1500,0,0.2136,0.003077,0.03111,0.328,0.42,0.0044
155,0,0,1,0.9785,0.0003808,0.002033,0.01518,0.003727,8.63e-05
156,0,0,1,0.958,0.002104,0.006714,0.02185,0.01029,0.0009727
157,0,0,1,0.974,0.000485,0.003279,0.0059,0.016,0.0001502
158,0,0,1,0.9707,0.0005393,0.02008,0.00363,0.004715,9.97e-05
159,0,0,1,0.711,0.006226,0.0742,0.05832,0.145,0.004993
160,0,0,1,0.9087,0.00115,0.01024,0.01392,0.06525,0.000794
161,0,0,1,0.982,0.0005465,0.013664,0.001072,0.00249,0.00011885
162,0,0,1,0.933,0.001198,0.0416,0.015366,0.008385,0.0003574
163,0,0,1,0.738,0.0049,0.0686,0.1558,0.03065,0.002357
164,0,1500,0,0.3098,0.001178,0.04605,0.11066,0.531,0.001466
165,0,1500,0,0.11487,0.0007725,0.04202,0.3962,0.4456,0.00056
166,0,0,1,0.9917,0.0003521,0.003002,0.00142,0.003466,0.0001434
167,0,0,1,0.998,4.596e-05,0.0008764,0.00098,0.000214,1.085e-05
168,0,0,1,0.9893,0.000513,0.0028,0.005028,0.002384,0.0001073
169,0,1000,0,0.04544,0.001518,0.0532,0.739,0.1593,0.001588
170,0,0,1,0.669,0.001211,0.05344,0.1231,0.1527,0.0006185
171,0,0,1,0.994,0.0001483,0.003141,0.00085,0.001446,6.753e-05
172,0,0,1,0.974,0.0001862,0.01461,0.00637,0.004387,0.0001899
173,0,0,1,0.8535,0.001514,0.0896,0.01225,0.04245,0.000875
174,0,0,1,0.517,0.000581,0.3687,0.03082,0.0827,0.0002842
175,0,1500,0,0.1427,0.001526,0.02701,0.0878,0.7397,0.001283
176,0,0,1,0.996,5.585e-05,0.002577,0.0007606,0.0005584,2.265e-05
177,0,0,1,0.8525,0.003136,0.04636,0.05524,0.0409,0.001662
178,0,0,1,0.9624,0.0004632,0.014626,0.00459,0.01775,0.0002077
179,0,0,1,0.358,0.000697,0.1886,0.2074,0.2448,0.000615
180,0,0,1,0.9976,1.377e-05,0.001788,7.296e-05,0.000382,4e-06
181,0,0,1,0.625,0.014694,0.3318,0.003687,0.0244,0.000518
182,0,1500,0,0.1255,0.02039,0.06506,0.217,0.4832,0.0887
183,0,0,1,0.9956,0.00012195,0.002028,0.00107,0.0009055,2.7e-05
184,0,0,1,0.999,8.42e-05,0.0005455,0.0001633,0.000211,9.2e-06
185,0,0,1,0.984,0.0001212,0.01474,0.0005007,0.0007443,2.16e-05
186,0,0,1,0.974,0.00012,0.0221,0.0006175,0.00309,3.916e-05
187,0,0,1,0.998,5.44e-05,0.001347,0.0002966,0.0004094,8.17e-06
188,0,0,1,0.5503,0.0009727,0.2922,0.02362,0.1326,0.000628
189,0,0,1,0.4294,0.003727,0.1169,0.1578,0.2886,0.00336
190,0,0,1,0.9946,8.3e-05,0.001786,0.001483,0.002169,4.41e-05
191,0,0,1,0.847,0.0009193,0.0899,0.0408,0.02069,0.0004072
192,0,0,1,0.736,0.007786,0.1432,0.0745,0.03598,0.002426
193,0,0,1,0.983,0.0002356,0.010025,0.00324,0.003643,6.8e-05
194,0,0,1,0.9976,8.06e-05,0.001905,0.0001316,0.0001392,4.9e-06
195,0,500,0,0.01316,0.000429,0.877,0.01851,0.0906,0.0003023
196,0,0,1,0.989,0.0001894,0.00708,0.002497,0.001251,4.49e-05
197,0,0,1,0.9326,0.000596,0.0563,0.005093,0.005066,0.0002012
198,0,0,1,0.9307,0.0006456,0.010506,0.05228,0.00543,0.0002553
199,0,0,1,0.985,0.0002534,0.006016,0.002588,0.006104,8.13e-05
200,0,0,1,0.9414,0.002028,0.0491,0.002699,0.004433,0.000496
201,0,0,1,0.648,0.00598,0.3123,0.00493,0.02806,0.000845
202,0,0,1,0.902,0.0004096,0.08276,0.00445,0.0101,0.0001773
203,0,0,1,0.8257,0.000924,0.1632,0.005333,0.004974,0.0001451
204,0,0,1,0.992,0.0001988,0.005516,0.0003831,0.001439,6.896e-05
205,0,0,1,0.9375,0.0005026,0.04346,0.00753,0.01092,0.0001134
206,0,0,1,0.992,0.001541,0.004772,0.000785,0.000499,4.8e-05
207,0,500,0,0.07983,0.000473,0.9155,0.002823,0.001072,0.0001189
208,0,100,0,0.04654,0.9355,0.01209,0.001628,0.002674,0.001628
209,0,0,1,0.644,0.006718,0.1343,0.01611,0.1948,0.004295
210,0,0,1,0.9946,0.0001718,0.003271,0.0008283,0.000987,6.22e-05
211,0,0,1,0.4216,0.02452,0.2072,0.173,0.1626,0.01104
212,0,0,1,0.9917,0.0002341,0.003216,0.003311,0.001305,5.186e-05
213,0,0,1,0.9775,0.000302,0.01308,0.00478,0.00432,0.000133
214,0,500,0,0.33,0.0002782,0.665,0.001609,0.002836,4.41e-05
215,0,0,1,0.9336,0.000592,0.0437,0.01279,0.009026,0.0002062
216,0,0,1,0.9053,0.001123,0.07526,0.01459,0.003395,0.0005617
217,0,1000,0,0.177,0.001288,0.2065,0.5874,0.02635,0.001266
218,0,0,1,0.9575,0.001337,0.01701,0.012856,0.01087,0.0003474
219,0,0,1,0.882,0.000741,0.09973,0.007183,0.01013,0.0002651
220,0,1500,0,0.3794,0.0006347,0.0965,0.0529,0.4702,0.0004945
221,0,0,1,0.9546,0.0001935,0.04227,0.0015745,0.001409,7.2e-05
222,0,0,1,0.7676,0.001298,0.2046,0.00672,0.01904,0.000502
223,0,0,1,0.998,7.13e-05,0.000939,0.0004368,0.0002997,1.79e-05
224,0,500,0,0.179,0.0005097,0.8003,0.002462,0.01749,0.0002556
225,0,0,1,0.6885,0.001064,0.2761,0.007053,0.02669,0.000628
226,0,0,1,0.5796,0.0063,0.1794,0.1438,0.08563,0.005264
227,0,0,1,0.821,0.002165,0.1499,0.01799,0.00874,0.0003922
228,0,500,0,0.4827,0.001463,0.4873,0.01006,0.018,0.000537
229,0,0,1,0.8477,0.000862,0.137,0.006363,0.00797,0.000384
230,0,0,1,0.827,0.001117,0.1399,0.02045,0.01105,0.0004804
231,0,0,1,0.8623,0.001747,0.0714,0.02567,0.0384,0.0007415
232,0,500,0,0.06714,0.00275,0.4954,0.366,0.0681,0.0008554
233,0,0,1,0.9966,0.000324,0.002419,0.0004334,0.0002692,3.71e-05
234,0,500,0,0.4807,0.00093,0.504,0.005756,0.00834,0.0003898
235,0,0,1,0.8438,0.0006247,0.1266,0.005993,0.02257,0.000351
236,0,0,1,0.9556,0.0004997,0.01532,0.00942,0.01852,0.0004637
237,0,0,1,0.993,0.0002267,0.003332,0.0009418,0.002138,7.886e-05
238,0,0,1,0.6416,0.001523,0.24,0.00863,0.1073,0.001097
239,0,0,1,0.99,5.56e-05,0.009125,0.0001351,0.0002692,1.68e-05
240,0,0,1,0.997,0.00011694,0.002169,0.000213,0.0003252,1.63e-05
241,0,0,1,0.9907,0.00010747,0.007008,0.00079,0.00155,3.433e-05
242,0,0,1,0.985,0.0002,0.01161,0.001295,0.001968,0.00010234
243,0,1500,0,0.2467,0.00196,0.0655,0.1465,0.537,0.00198
244,0,0,1,0.4377,0.003689,0.3596,0.1062,0.091,0.001701
245,0,0,1,0.953,0.0005536,0.03058,0.002802,0.01298,0.0001938
246,0,0,1,0.986,0.0002396,0.00906,0.00213,0.00242,0.00011384
247,0,0,1,0.995,3.73e-05,0.001359,0.0008907,0.002737,1.7e-05
248,0,0,1,0.9873,0.0002105,0.002466,0.007626,0.002195,5.04e-05
249,0,0,1,0.8867,0.000335,0.075,0.0171,0.0208,0.0002713
250,0,0,1,0.947,0.000621,0.008095,0.03415,0.01004,0.0002494
251,0,0,1,0.9966,0.0001923,0.001476,0.000963,0.0008817,6.82e-05
252,0,0,1,0.9893,0.0001439,0.006218,0.003428,0.000823,5.86e-05
253,0,0,1,0.9897,0.0003734,0.003626,0.00261,0.003468,0.000175
254,0,0,1,0.801,0.0004354,0.1698,0.00624,0.02228,0.0002837
255,0,0,1,0.9497,0.001157,0.025,0.018,0.005714,0.0003624
256,0,0,1,0.7896,0.001194,0.1938,0.0048,0.010216,0.0002527
257,0,0,1,0.934,0.000956,0.03004,0.007614,0.02682,0.0002997
258,0,0,1,0.757,0.001044,0.2198,0.00843,0.01327,0.00062
259,0,0,1,0.9907,0.0002837,0.006996,0.000766,0.001333,8.11e-05
260,0,0,1,0.991,0.000414,0.00477,0.0014105,0.002035,0.00014
261,0,0,1,0.9917,0.0001334,0.007607,0.00032,0.0004084,3.8e-05
262,0,0,1,0.991,0.00011647,0.001565,0.003202,0.00386,5.347e-05
263,0,0,1,0.934,0.0002494,0.03023,0.02054,0.0149,0.0002296
264,0,0,1,0.7153,0.002022,0.2399,0.01682,0.02478,0.000985
265,0,0,1,0.961,0.0003352,0.03023,0.001443,0.00699,0.0001328
266,0,0,1,0.701,0.0008116,0.2896,0.003813,0.004196,0.000321
267,0,0,1,0.866,0.001292,0.11273,0.005592,0.01357,0.000677
268,0,0,1,0.663,0.001315,0.2659,0.007576,0.06192,0.000377
269,0,0,1,0.9966,5.21e-05,0.002914,0.000248,0.0004098,1.615e-05
270,0,500,0,0.393,0.0007033,0.5903,0.005505,0.01013,0.0002754
271,0,0,1,0.7544,0.0007854,0.2256,0.00415,0.01484,0.0003874
272,0,0,1,0.9536,0.0009623,0.02437,0.01011,0.01069,0.0004003
273,0,0,1,0.894,0.000315,0.1025,0.001335,0.001828,8.136e-05
274,0,0,1,0.8594,0.0005503,0.02844,0.05316,0.05777,0.0006385
275,0,0,1,0.9966,0.0001668,0.002337,0.0002675,0.0005274,3.624e-05
276,0,0,1,0.999,8.26e-05,0.0005836,0.00011224,0.0002358,1.13e-05
277,0,0,1,0.9883,0.0001177,0.00611,0.0006337,0.00498,6.5e-05
278,0,1000,0,0.014626,0.0021,0.1603,0.447,0.3684,0.007507
279,0,0,1,0.941,4.584e-05,0.0583,0.0003161,0.000425,9.06e-06
280,0,0,1,0.9473,0.0004234,0.04855,0.000679,0.003153,9.84e-05
281,0,0,1,0.71,0.007717,0.176,0.07715,0.02715,0.00219
282,0,500,0,0.06104,0.002403,0.8916,0.01869,0.02473,0.001467
283,0,500,0,0.2854,0.0002732,0.694,0.00808,0.0123,0.0001148
284,0,500,0,0.3062,0.0002482,0.6914,0.0009336,0.001301,5.317e-05
285,0,0,1,0.9634,0.0001888,0.03543,0.000529,0.0005627,3.827e-05
286,0,0,1,0.8496,0.002148,0.1342,0.00498,0.008415,0.0007434
287,0,500,0,0.2444,0.001117,0.744,0.00412,0.005844,0.000323
288,0,0,1,0.6553,0.001596,0.3335,0.005573,0.00369,0.000209
289,0,0,1,0.816,0.008224,0.1131,0.02124,0.03497,0.006454
290,0,0,1,0.986,0.0001962,0.013626,0.0002105,0.0003386,2.074e-05
291,0,0,1,0.978,0.0001378,0.01266,0.001217,0.00799,6.485e-05
292,0,0,1,0.9414,0.001187,0.05386,0.001557,0.001612,0.0002292
293,0,0,1,0.9946,0.000502,0.004215,0.0001322,0.0002456,4.345e-05
294,0,0,1,0.989,0.0003183,0.005775,0.001236,0.003902,0.0001557
295,0,0,1,0.995,0.0001967,0.002974,0.0007205,0.000847,7.78e-05
296,0,0,1,0.991,0.0002885,0.006382,0.001064,0.0007567,8.345e-05
297,0,0,1,0.911,0.0001504,0.08746,0.0004883,0.0006022,4.54e-05
298,0,0,1,0.999,5.47e-05,0.000732,8.39e-05,0.0001456,1.05e-05
299,0,0,1,0.999,3.77e-05,0.0005975,5.36e-05,9.06e-05,6.5e-06
300,0,0,1,0.993,0.000138,0.006157,0.0001022,0.0002215,1.866e-05
301,0,500,0,0.05444,0.000947,0.9326,0.003263,0.007965,0.000513
302,0,0,1,0.988,7.31e-05,0.01202,0.0001297,0.0001663,2.17e-05
303,0,500,0,0.2507,0.000446,0.743,0.000598,0.004955,0.0001023
304,0,0,1,0.997,0.0001167,0.001978,0.000454,0.0004203,3.47e-05
305,0,0,1,0.9673,0.0003078,0.02943,0.001169,0.001785,0.000167
306,0,0,1,0.964,4.94e-05,0.03513,0.0002068,0.0005326,1.854e-05
307,0,0,1,0.898,0.0004375,0.09357,0.002333,0.00541,0.000367
308,0,0,1,0.996,7.933e-05,0.002626,0.0002328,0.001028,3.08e-05
309,0,0,1,0.998,9.19e-05,0.0017,0.0001089,0.0001231,1.05e-05
310,0,0,1,0.989,0.00010115,0.010475,0.0002084,0.000353,2.724e-05
311,0,500,0,0.0006394,4.625e-05,0.9893,0.001519,0.00855,5.72e-05
312,0,0,1,0.905,0.0003777,0.09045,0.001266,0.002893,0.0002013
313,0,0,1,0.9565,0.000464,0.0407,0.001135,0.001217,0.0001342
314,0,0,1,0.5854,0.0002359,0.3953,0.001667,0.01738,0.0001615
315,0,0,1,0.8677,0.0008607,0.118,0.00804,0.00524,0.0002718
316,0,0,1,0.998,5.853e-05,0.001416,0.0001423,0.0003111,1.06e-05
317,0,0,1,0.921,0.0002487,0.0762,0.000853,0.001622,0.0001308
318,0,0,1,0.9893,0.0001549,0.00717,0.001502,0.002039,7.7e-05
319,0,0,1,0.9966,0.0002223,0.001241,0.0006604,0.001048,5.835e-05
320,0,0,1,0.981,0.000605,0.013084,0.003418,0.001873,0.0001196
321,0,0,1,0.99,0.0003407,0.006397,0.001304,0.001581,0.0001674
322,0,0,1,0.998,3.237e-05,0.001763,7.254e-05,0.0001953,7.6e-06
323,0,0,1,0.9966,9.924e-05,0.001708,0.000537,0.000802,3.84e-05
324,0,0,1,0.998,7.62e-05,0.001059,0.00045,0.0005717,1.87e-05
325,0,0,1,0.9956,5.305e-05,0.003063,0.000667,0.000494,2.48e-05
326,0,0,1,0.526,0.000224,0.4714,0.001133,0.0009613,8.804e-05
327,0,500,0,0.096,0.002033,0.4485,0.0767,0.3735,0.003325
328,0,0,1,0.997,9.55e-05,0.001705,0.0003989,0.000602,4.58e-05
329,0,0,1,0.998,0.00011593,0.001328,0.0001616,0.000288,3.09e-05
330,0,0,1,0.9883,0.0001806,0.01103,0.0001512,0.0004752,3.66e-05
331,0,0,1,0.9834,7.445e-05,0.0161,0.0001247,0.0003703,2.617e-05
332,0,0,1,0.9927,8.32e-05,0.00692,0.0001603,0.000285,1.69e-05
333,0,0,1,0.909,0.0003443,0.08777,0.0006547,0.001806,0.0001167
334,0,0,1,0.6094,0.0009437,0.3398,0.02132,0.02753,0.000876
335,0,0,1,0.965,0.0004916,0.03143,0.0005884,0.002544,7.75e-05
336,0,0,1,0.999,4.894e-05,0.0006843,4.11e-05,6.65e-05,8.3e-06
337,0,0,1,0.9854,0.0001052,0.01402,0.0002404,0.0003617,3.47e-05
338,0,0,1,0.689,0.000268,0.3086,0.0007133,0.001463,6.67e-05
339,0,500,0,0.004456,3.11e-05,0.995,9.45e-05,0.0001291,3.9e-06
340,0,0,1,0.9927,9.483e-05,0.00637,0.0001916,0.0006766,2.867e-05
341,0,0,1,0.4216,0.0008802,0.2974,0.0593,0.2196,0.00116
342,0,0,1,0.968,0.0001585,0.03087,0.0002613,0.000744,4.16e-05
343,0,0,1,0.9956,3.11e-05,0.0041,5.22e-05,9.72e-05,5.7e-06
344,0,0,1,0.9814,5.984e-05,0.01785,0.0002053,0.0002077,1.17e-05
345,0,0,1,0.942,0.001116,0.0502,0.002483,0.00407,0.0003004
346,0,0,1,0.8477,0.004265,0.1436,0.002138,0.002113,0.0001742
347,0,0,1,0.9404,0.0005,0.015205,0.01736,0.02599,0.0003238
348,0,0,1,0.6245,0.000937,0.3557,0.005314,0.0132,0.0005155
349,0,0,1,0.6416,0.000658,0.3557,0.0005827,0.001253,0.0001994
350,0,0,1,0.9805,6.64e-05,0.01874,0.0003214,0.0004487,1.78e-05
351,0,0,1,0.8296,0.000732,0.1559,0.0024,0.01101,0.0002756
352,0,0,1,0.9727,0.0003974,0.02568,0.000306,0.000739,4.435e-05
353,0,500,0,0.1991,0.000624,0.771,0.004513,0.02454,0.0003667
354,0,0,1,0.9795,5.11e-05,0.0203,5.66e-05,0.0001408,6.8e-06
355,0,0,1,0.9824,0.000428,0.012405,0.001221,0.00359,0.0001358
356,0,0,1,0.927,9.63e-05,0.07245,0.0001432,0.0003436,1.38e-05
357,0,500,0,0.316,0.0003672,0.679,0.00201,0.002083,0.000146
358,0,0,1,0.9707,0.0002309,0.00829,0.00581,0.014885,0.0001352
359,0,0,1,0.8716,0.0002207,0.1268,0.0004556,0.0008965,3.94e-05
360,0,500,0,0.01357,0.0001487,0.9233,0.00977,0.05292,0.0001277
361,0,0,1,0.9883,0.0001369,0.00716,0.00286,0.001558,5.94e-05
362,0,0,1,0.9937,0.0001112,0.00457,0.0008554,0.000663,3.95e-05
363,0,0,1,0.8193,0.0007973,0.1698,0.005554,0.003998,0.0002916
364,0,0,1,0.9985,4.37e-05,0.000849,0.0001857,0.0006104,1.23e-05
365,0,0,1,0.749,0.0003252,0.2418,0.002245,0.00628,7.814e-05
366,0,0,1,0.867,0.0001979,0.1317,0.0004365,0.000707,3.92e-05
367,0,0,1,0.999,3.463e-05,0.0006995,8.13e-05,0.0001674,7.8e-06
368,0,0,1,0.99,0.0001824,0.009125,0.000217,0.000406,4.107e-05
369,0,0,1,0.9556,0.0001556,0.0435,0.000289,0.0004702,4.71e-05
370,0,0,1,0.992,0.0001775,0.006985,0.0002178,0.000505,3.36e-05
371,0,0,1,0.9976,5.364e-05,0.001894,0.000255,0.0003538,1.806e-05
372,0,0,1,0.9746,0.000172,0.02444,0.0002034,0.0004828,3.03e-05
373,0,0,1,0.929,0.0004916,0.0681,0.000732,0.001183,6.9e-05
374,0,0,1,0.8755,0.0007906,0.11505,0.001968,0.006336,0.000297
375,0,0,1,0.998,7.3e-05,0.001366,0.0001545,0.0001694,1.746e-05
376,0,0,1,0.998,7.457e-05,0.00139,0.0002346,0.0004444,1.51e-05
377,0,0,1,0.979,0.0001332,0.02003,0.0004807,0.000534,5.44e-05
378,0,500,0,0.03105,8.047e-05,0.9565,0.002651,0.009735,6.294e-05
379,0,500,0,0.2098,0.001055,0.775,0.002836,0.01071,0.0005975
380,0,0,1,0.974,0.0001906,0.0214,0.000831,0.003204,7.826e-05
381,0,0,1,0.7485,0.0007086,0.2347,0.003283,0.012245,0.0003188
382,0,0,1,0.9937,9.48e-05,0.00424,0.000284,0.001777,5.03e-05
383,0,0,1,0.737,0.0005727,0.2607,0.00052,0.001196,9.91e-05
384,0,0,1,0.9985,5.835e-05,0.00111,0.0001277,0.0001394,1.305e-05
385,0,0,1,0.991,0.0001174,0.00795,0.00031,0.0003731,2.897e-05
386,0,0,1,0.998,4.315e-05,0.001932,6.527e-05,0.0001342,9.4e-06
387,0,0,1,0.8135,0.001026,0.1833,0.0006676,0.00123,0.0001394
388,0,0,1,0.672,0.0001056,0.3274,0.000221,0.000501,1.776e-05
389,0,0,1,0.6675,0.000713,0.326,0.001183,0.004555,0.00032
390,0,0,1,0.9966,5.7e-05,0.002586,0.000281,0.0003722,1.466e-05
391,0,0,1,0.9766,0.0001919,0.0225,0.0001369,0.000367,3.606e-05
392,0,0,1,0.7524,0.0001811,0.2457,0.000665,0.0009685,5.09e-05
393,0,0,1,0.9844,4.226e-05,0.01515,0.0001039,0.00022,8.94e-06
394,0,0,1,0.783,0.0006895,0.2108,0.001594,0.003637,0.0002468
395,0,0,1,0.702,0.0001758,0.2961,0.0005937,0.000592,3.41e-05
396,0,500,0,0.1796,0.0004888,0.7896,0.002989,0.02728,0.0002136
397,0,0,1,0.9434,0.0004377,0.05316,0.000988,0.001914,0.000122
398,0,0,1,0.703,0.0007424,0.2886,0.002289,0.00498,0.0003254
399,0,500,0,0.1139,0.0004187,0.8696,0.008026,0.00775,0.0001581
400,0,0,1,0.9707,0.0001027,0.0282,0.0002487,0.000598,2.116e-05
401,0,0,1,0.797,0.0001521,0.2012,0.0008235,0.0007324,5.716e-05
402,0,500,0,0.1043,9.584e-05,0.894,0.0005927,0.000798,2.79e-05
403,0,0,1,0.9985,3.8e-05,0.001019,7.43e-05,9.847e-05,5.2e-06
404,0,0,1,0.9805,0.00010246,0.01915,0.0001563,0.0002208,1.204e-05
405,0,0,1,0.9966,0.0001259,0.00276,0.0001378,0.0001591,1.377e-05
406,0,0,1,0.9946,9.227e-05,0.004803,8.357e-05,0.0003452,2.12e-05
407,0,0,1,0.9683,0.0002656,0.03014,0.0003703,0.0008135,7.963e-05
408,0,0,1,0.502,0.000473,0.496,0.0002296,0.001436,4.05e-05
409,0,0,1,0.9824,0.0001893,0.01501,0.0003998,0.001749,7.47e-05
410,0,0,1,0.9863,9.876e-05,0.01209,0.000948,0.0007205,3.666e-05
411,0,0,1,0.9917,9.78e-05,0.00717,0.0003536,0.0004227,1.967e-05
412,0,500,0,0.079,0.0001484,0.9165,0.001821,0.002415,5e-05
413,0,500,0,0.011635,0.000577,0.905,0.05835,0.02417,0.000454
414,0,0,1,0.9893,0.0001568,0.01011,0.0001127,0.000178,1.84e-05
415,0,500,0,0.0157,0.0001376,0.982,0.000258,0.001937,2.766e-05
416,0,500,0,0.0951,0.0001688,0.904,0.0003462,0.000588,3.27e-05
417,0,0,1,0.969,0.000717,0.02788,0.0010805,0.001011,0.0002792
418,0,0,1,0.5947,0.0006037,0.4,0.001726,0.002815,0.0002747
419,0,0,1,0.7617,0.0002314,0.2365,0.000372,0.0009007,5.29e-05
420,0,0,1,0.867,0.000705,0.1249,0.001942,0.005196,0.0002499
421,0,0,1,0.963,0.0002211,0.03577,0.0004728,0.0007453,7.29e-05
422,0,0,1,0.9917,0.0001659,0.00656,0.0004718,0.000974,5.1e-05
423,0,0,1,0.925,0.000249,0.0733,0.000449,0.0009284,8.86e-05
424,0,0,1,0.9507,0.0002325,0.0458,0.000907,0.00213,0.00010604
425,0,0,1,0.9814,0.000132,0.01794,0.0001552,0.0002475,2.01e-05
426,0,0,1,0.994,0.0004232,0.00517,0.000142,0.0001806,3.61e-05
427,0,0,1,0.7793,0.000722,0.2164,0.0009675,0.002365,0.0001525
428,0,0,1,0.708,0.0001684,0.2905,0.0003247,0.000631,4.274e-05
429,0,500,0,0.174,0.000145,0.825,0.0002823,0.000622,1.97e-05
430,0,500,0,0.1714,0.000658,0.8237,0.001663,0.002316,0.0001638
431,0,0,1,0.9434,0.0003233,0.05417,0.0006304,0.001444,7.17e-05
432,0,0,1,0.998,0.00012106,0.00129,0.0001973,0.0001613,2.02e-05
433,0,500,0,0.146,0.001229,0.8486,0.001859,0.002028,0.0001628
434,0,0,1,0.893,0.0002997,0.1042,0.000516,0.001612,8.756e-05
435,0,0,1,0.809,0.0005097,0.1887,0.0004847,0.001327,6.15e-05
436,0,0,1,0.998,7.254e-05,0.001382,9.98e-05,0.0001912,1.305e-05
437,0,500,0,0.3945,0.001199,0.5684,0.00986,0.02524,0.0005617
438,0,0,1,0.9727,0.00011814,0.0269,0.0001746,0.0003352,1.69e-05
439,0,0,1,0.9805,0.0001266,0.01846,0.0002892,0.000473,2.74e-05
440,0,0,1,0.715,0.0006146,0.2805,0.0007753,0.003193,0.0001519
441,0,0,1,0.893,0.0003984,0.10516,0.0005074,0.001027,4.435e-05
442,0,0,1,0.9893,0.0001652,0.00966,0.0003438,0.000664,4.42e-05
443,0,0,1,0.9966,7.415e-05,0.002754,0.0002154,0.000359,2.58e-05
444,0,500,0,0.03906,7.61e-05,0.9595,0.000715,0.0008397,2.825e-05
445,0,500,0,0.151,0.00043,0.839,0.002161,0.007175,0.0001495
446,0,0,1,0.9854,0.0002109,0.013435,0.0002928,0.0008416,7.4e-05
447,0,500,0,0.1808,0.000958,0.757,0.01005,0.05072,0.0006113
448,0,500,0,0.1631,0.0001348,0.835,0.0006666,0.001341,4.697e-05
449,0,0,1,0.994,6e-05,0.00511,0.0002933,0.0004475,3.05e-05
450,0,0,1,0.762,0.0007787,0.2302,0.002249,0.00414,0.0001973
451,0,0,1,0.9404,0.0002317,0.05737,0.0005927,0.001384,0.0001036
452,0,0,1,0.997,8.44e-05,0.002474,7.61e-05,0.000126,1.156e-05
453,0,500,0,0.275,0.0003982,0.721,0.001033,0.002464,0.00011516
454,0,0,1,0.8984,0.0001886,0.0994,0.0004508,0.00131,6.32e-05
455,0,0,1,0.777,0.0008593,0.2034,0.0017185,0.01701,0.0003872
456,0,0,1,0.9185,0.000506,0.0766,0.001543,0.002716,0.0001675
457,0,0,1,0.995,2.92e-05,0.004715,3.135e-05,8.64e-05,4.35e-06
458,0,0,1,0.9966,1.84e-05,0.003193,5.23e-05,9.674e-05,5.3e-06
459,0,500,0,0.2932,0.0002074,0.705,0.000499,0.001121,3.713e-05
460,0,500,0,0.2036,0.001096,0.7817,0.005764,0.007202,0.000495
461,0,0,1,0.9883,6.04e-05,0.00982,0.0003793,0.001649,1.89e-05
462,0,500,0,0.04776,0.000766,0.921,0.00748,0.02255,0.0006337
463,0,0,1,0.975,0.0003297,0.0235,0.0003626,0.00078,6.94e-05
464,0,0,1,0.9404,0.0006104,0.05655,0.000989,0.001233,0.0001532
465,0,0,1,0.9966,0.0001315,0.002779,0.0001199,0.0002146,1.64e-05
466,0,0,1,0.999,1.72e-05,0.000919,4.13e-05,5.835e-05,3.8e-06
467,0,0,1,0.605,0.000114,0.3936,0.0003486,0.001121,2.2e-05
468,0,0,1,0.9985,5.5e-05,0.001459,7.02e-05,8.875e-05,8.7e-06
469,0,0,1,0.9873,0.0001071,0.012375,9.847e-05,0.000322,3.21e-05
470,0,0,1,0.8486,0.0003824,0.12396,0.002964,0.02362,0.0001973
471,0,500,0,0.02425,0.0001544,0.97,0.001291,0.00414,5.996e-05
472,0,500,0,0.491,0.0009756,0.4976,0.002716,0.007427,0.000336
473,0,0,1,0.983,0.000172,0.01387,0.001125,0.002026,5.51e-05
474,0,0,1,0.993,0.0001574,0.005608,0.0004697,0.0007815,3.564e-05
475,0,0,1,0.963,0.0002081,0.03534,0.0007105,0.000668,4.154e-05
476,0,0,1,0.8315,0.001709,0.1436,0.00889,0.013596,0.0006514
477,0,0,1,0.9814,0.0001993,0.01189,0.00309,0.0032,9.11e-05
478,0,0,1,0.982,0.000902,0.01073,0.002218,0.004105,0.0001644
479,0,0,1,0.828,0.001092,0.1647,0.002607,0.00322,0.0005355
480,0,0,1,0.924,0.00012183,0.0738,0.0013,0.001073,4e-05
481,0,500,0,0.2477,0.0003293,0.748,0.001446,0.002506,0.0001167
482,0,0,1,0.7856,0.000511,0.2069,0.002525,0.00424,0.000155
483,0,0,1,0.998,3.2e-05,0.001663,6.71e-05,0.0001415,5.8e-06
484,0,0,1,0.707,0.0006347,0.2852,0.003294,0.003643,0.0001962
485,0,0,1,0.4817,0.0012665,0.08374,0.107,0.3247,0.001531
486,0,0,1,0.5894,0.0003788,0.405,0.001863,0.003456,9.596e-05
487,0,0,1,0.5977,0.001195,0.04456,0.1969,0.1588,0.0009694
488,0,0,1,0.991,0.0001829,0.006145,0.00092,0.0016365,7.25e-05
489,0,0,1,0.9863,0.000295,0.01238,0.0006123,0.0004015,5.615e-05
490,0,0,1,0.9966,0.0001075,0.002241,0.000281,0.000547,3.016e-05
491,0,500,0,0.007423,0.001565,0.62,0.1503,0.2186,0.001859
492,0,0,1,0.911,0.0003963,0.06055,0.01202,0.01576,0.0003033
493,0,0,1,0.9746,0.0001395,0.02435,0.0002364,0.0006094,4.22e-05
494,0,0,1,0.921,0.001057,0.06506,0.006477,0.006115,0.0006
495,0,0,1,0.982,0.0002673,0.014084,0.002562,0.000835,9.185e-05
496,0,500,0,0.0971,0.000564,0.886,0.004448,0.01167,0.0001965
497,0,0,1,0.634,0.000619,0.3562,0.002478,0.0064,0.0002233
498,0,500,0,0.2874,0.0009212,0.6562,0.03293,0.0221,0.0005913
499,0,500,0,0.4604,0.0008173,0.531,0.003357,0.00415,0.0002675
500,100,100,1,0.0001279,0.998,6.354e-05,2.28e-05,1.806e-05,0.001513
501,100,100,1,0.0002863,0.9956,0.0002785,0.000108,9.06e-05,0.00343
502,100,100,1,0.0001681,0.996,0.0001401,5.585e-05,3.79e-05,0.003466
503,100,100,1,0.0002209,0.981,0.000166,8.434e-05,6.94e-05,0.01854
504,100,100,1,0.0009427,0.7505,0.0008044,0.00053,0.0004365,0.247
505,100,100,1,0.0004644,0.982,0.0004091,0.0001602,0.0001235,0.01706
506,100,100,1,0.0003247,0.9893,0.0004761,0.0002311,0.000195,0.009674
507,100,100,1,0.0001107,0.9985,0.0001522,3.11e-05,2.18e-05,0.00111
508,100,100,1,0.0003972,0.998,0.0004761,0.0001261,7.15e-05,0.001068
509,100,100,1,0.0001033,0.9995,5.245e-05,1.115e-05,8.34e-06,0.0002155
510,100,100,1,0.0009007,0.8633,0.0006576,0.0004582,0.000395,0.1344
511,100,100,1,0.0002314,0.9976,0.0001535,5.955e-05,3.57e-05,0.001803
512,100,100,1,0.0001618,0.995,0.0001633,6.986e-05,4.476e-05,0.004314
513,100,100,1,0.001142,0.9893,0.001073,0.0003104,0.0003483,0.00799
514,100,100,1,0.0008826,0.9976,0.0004582,0.0001906,0.0001292,0.000776
515,100,100,1,0.0004494,0.9956,0.0003989,0.000165,0.00010866,0.003223
516,100,100,1,0.001025,0.968,0.001797,0.0004587,0.000551,0.02849
517,100,2000,0,0.0003078,0.07025,0.0003743,0.0002892,0.0002023,0.9287
518,100,100,1,0.0001544,0.995,0.0001308,4.19e-05,2.456e-05,0.004295
519,100,100,1,0.002285,0.9565,0.008644,0.002766,0.00266,0.02711
520,100,100,1,0.000109,0.9995,8.2e-05,2.79e-05,1.65e-05,0.0004828
521,100,2000,0,0.001543,0.1055,0.00249,0.001151,0.001317,0.888
522,100,100,1,0.0004647,0.999,9.304e-05,2.38e-05,1.98e-05,0.0002978
523,100,100,1,0.0004115,0.982,0.0004907,0.0001606,0.00012004,0.01671
524,100,100,1,0.0006824,0.9536,0.001451,0.0006866,0.000568,0.04303
525,100,100,1,0.001261,0.9854,0.001434,0.0006447,0.000761,0.01047
526,100,100,1,0.0004046,0.997,0.0003219,8.79e-05,7.96e-05,0.002167
527,100,100,1,0.000541,0.9937,0.001963,0.0001262,0.0001547,0.003498
528,100,2000,0,0.001491,0.0676,0.001986,0.001615,0.001562,0.926
529,100,100,1,0.0001994,0.9976,0.0001907,5.805e-05,4.214e-05,0.001906
530,100,100,1,0.0001978,0.999,0.0001571,4.26e-05,3.177e-05,0.0005193
531,100,100,1,0.001966,0.7705,0.001895,0.0009623,0.001318,0.2234
532,100,100,1,0.000619,0.991,0.001427,0.0002866,0.0002065,0.00607
533,100,2000,0,0.0002623,0.002487,0.0004265,0.000566,0.0003014,0.996
534,100,100,1,0.0004447,0.9917,0.0003633,0.0001422,0.00012094,0.007195
535,100,100,1,0.001067,0.97,0.00317,0.0007977,0.0006866,0.02391
536,100,100,1,0.0002332,0.9917,0.000184,6.616e-05,4.87e-05,0.007866
537,100,100,1,0.002697,0.996,0.0004034,0.0001104,8.22e-05,0.0005555
538,100,100,1,0.000321,0.9985,0.0003164,7.26e-05,4.905e-05,0.0004852
539,100,100,1,0.0002503,0.998,0.0001981,4.72e-05,4.333e-05,0.001539
540,100,100,1,0.0005927,0.9985,0.0001923,7.13e-05,5.38e-05,0.000631
541,100,100,1,3.38e-05,0.9995,2.79e-05,8.3e-06,4.1e-06,0.0002333
542,100,100,1,0.000665,0.992,0.000664,0.0002801,0.000265,0.006104
543,100,100,1,0.000486,0.997,0.0003722,0.0001565,6.92e-05,0.0016165
544,100,100,1,0.001118,0.929,0.001394,0.0006185,0.000558,0.0673
545,100,100,1,0.0002475,0.99,0.0001694,7.844e-05,4.935e-05,0.00915
546,100,100,1,0.0003536,0.99,0.0005198,0.0001717,0.0001252,0.00844
547,100,100,1,8.327e-05,0.9995,0.00010854,2.027e-05,1.276e-05,0.0003233
548,100,100,1,5.9e-05,0.998,6.49e-05,2.295e-05,1.46e-05,0.001665
549,100,2000,0,0.000522,0.2747,0.000504,0.000368,0.000267,0.7236
550,100,2000,0,0.0005407,0.007496,0.00245,0.001624,0.004513,0.9834
551,100,2000,0,0.002497,0.3562,0.002989,0.00207,0.002165,0.634
552,100,100,1,0.0005326,0.997,0.0008464,0.0001012,6.35e-05,0.001605
553,100,100,1,0.0001476,0.9995,0.0002396,2.33e-05,1.496e-05,0.0001868
554,100,100,1,0.0001622,0.9995,7.904e-05,1.78e-05,1.13e-05,0.0002666
555,100,100,1,0.001345,0.894,0.003084,0.001241,0.001098,0.099
556,100,100,1,0.0005274,0.9966,0.000655,0.0001992,0.0001893,0.001999
557,100,100,1,0.000146,0.998,0.0001137,4.524e-05,3.36e-05,0.001506
558,100,100,1,0.0007806,0.992,0.0006166,0.0003026,0.0002477,0.005882
559,100,100,1,0.0006256,0.997,0.0003119,0.0001466,8.88e-05,0.001852
560,100,100,1,0.0002573,0.9927,0.0002744,0.0001025,9.14e-05,0.006798
561,100,2000,0,0.0002098,0.01038,0.0005317,0.0005326,0.000703,0.988
562,100,100,1,0.0008807,0.9937,0.000609,0.0003548,0.0002942,0.004158
563,100,100,1,0.000916,0.9946,0.0003774,0.0001421,0.00014,0.003895
564,100,100,1,0.0006332,0.9985,0.0002437,6.443e-05,3.517e-05,0.0003102
565,100,100,1,0.0008483,0.7417,0.0006375,0.000407,0.0003529,0.2563
566,100,100,1,0.00010115,0.9995,0.0001286,2.24e-05,1.22e-05,0.000195
567,100,100,1,8.4e-05,0.9995,8.774e-05,1.13e-05,7e-06,0.0002804
568,100,100,1,0.001019,0.9927,0.003119,0.000351,0.000412,0.002579
569,100,100,1,0.0004284,0.9956,0.0003855,0.00011295,9.435e-05,0.003462
570,100,100,1,0.0007753,0.7954,0.0007606,0.0004575,0.0004063,0.2019
571,100,100,1,0.0001751,0.999,0.000166,2.58e-05,1.276e-05,0.0003674
572,100,100,1,0.0002542,0.992,0.0002706,0.00011194,8.62e-05,0.00687
573,100,100,1,0.0001624,0.999,0.000145,3.15e-05,2.146e-05,0.00079
574,100,100,1,0.0003467,0.998,0.0013485,3.27e-05,2.253e-05,0.0003467
575,100,100,1,2.176e-05,1.0,1.734e-05,2.6e-06,1.55e-06,3.18e-05
576,100,100,1,0.0002322,0.9956,0.0005636,9.74e-05,7.69e-05,0.003523
577,100,100,1,0.000962,0.9844,0.000924,0.0003874,0.000446,0.013115
578,100,100,1,0.000604,0.993,0.0002959,6.473e-05,5.233e-05,0.00558
579,100,100,1,0.0001233,0.999,7.78e-05,1.81e-05,1.556e-05,0.0006046
580,100,100,1,0.0003572,0.9966,0.0005407,0.0001658,0.0001286,0.002453
581,100,100,1,0.0002424,0.999,0.0002682,3.636e-05,1.633e-05,0.000562
582,100,100,1,0.00010717,0.9976,0.0001711,4.274e-05,2.53e-05,0.001945
583,100,100,1,0.00158,0.9956,0.001792,0.0002425,0.0001273,0.0004349
584,100,100,1,0.000715,0.9966,0.0005417,0.0001466,0.0001052,0.001705
585,100,100,1,0.0001999,0.998,0.0001704,4.93e-05,4.16e-05,0.00136
586,100,100,1,0.001433,0.99,0.001496,0.0003684,0.0003846,0.005993
587,100,100,1,0.001711,0.996,0.000248,8.94e-05,8.065e-05,0.00165
588,100,100,1,0.000155,0.999,0.0001297,2.795e-05,1.46e-05,0.0004508
589,100,100,1,0.0004468,0.978,0.000544,0.0001794,0.0001476,0.02054
590,100,100,1,0.0003643,0.9976,0.0002472,6.837e-05,5.966e-05,0.001608
591,100,100,1,0.000514,0.9897,0.0003645,0.0001436,0.0001436,0.00923
592,100,100,1,0.000783,0.9883,0.0003622,0.0001213,8.55e-05,0.01016
593,100,100,1,0.0001478,0.9985,0.0002388,6.443e-05,3.83e-05,0.0007606
594,100,100,1,8.62e-05,0.9995,6.37e-05,1.75e-05,1.26e-05,0.0003104
595,100,100,1,0.001184,0.9854,0.0015135,0.0009584,0.0009985,0.009995
596,100,100,1,0.000883,0.9854,0.001746,0.0005527,0.0004244,0.01089
597,100,100,1,0.001274,0.9956,0.0005736,0.000272,0.000227,0.001853
598,100,100,1,0.0002801,0.993,0.000289,0.000129,8.214e-05,0.00601
599,100,100,1,0.000968,0.7734,0.001255,0.000521,0.000427,0.2234
600,100,2000,0,0.002756,0.4905,0.003607,0.002583,0.002588,0.498
601,100,100,1,0.0001,0.9995,6.8e-05,1.514e-05,1.335e-05,0.0002894
602,100,100,1,0.00209,0.986,0.001297,0.000543,0.0004983,0.0097
603,100,100,1,0.000439,0.9976,0.000534,0.0001982,0.0001321,0.001286
604,100,100,1,0.0001818,0.999,0.0001639,4.41e-05,2.474e-05,0.000753
605,100,100,1,0.001275,0.972,0.000881,0.00057,0.0005846,0.02467
606,100,2000,0,0.0006924,0.1056,0.0009575,0.000768,0.0006685,0.891
607,100,100,1,0.000991,0.997,0.000514,0.0001287,9.7e-05,0.00123
608,100,100,1,0.0005975,0.997,0.0004508,0.0001363,8.41e-05,0.001668
609,100,100,1,0.0071,0.9917,0.000665,7.57e-05,4.98e-05,0.0001925
610,100,100,1,0.000748,0.9614,0.000662,0.000364,0.0003226,0.03656
611,100,100,1,0.00024,0.997,0.0003073,9.924e-05,6.52e-05,0.002161
612,100,100,1,0.0001832,0.9966,0.0001307,5.543e-05,4.74e-05,0.003042
613,100,100,1,0.0002856,0.9917,0.0001858,7.61e-05,5.55e-05,0.00786
614,100,100,1,0.0001578,0.999,9.42e-05,3.02e-05,2.17e-05,0.0004313
615,100,100,1,0.0002725,0.997,0.0001787,9e-05,7.12e-05,0.002245
616,100,100,1,0.0001045,0.9995,3.47e-05,6.85e-06,5.07e-06,9.78e-05
617,100,100,1,0.000158,0.999,0.0003593,2.426e-05,1.436e-05,0.0003614
618,100,100,1,0.0004284,0.987,0.0005455,0.000245,0.0002854,0.01184
619,100,100,1,0.00011635,0.9976,0.0001314,2.97e-05,2.15e-05,0.002014
620,100,100,1,0.000368,0.997,0.0002424,8.41e-05,6.54e-05,0.002014
621,100,100,1,0.0002402,0.999,0.0002223,3.785e-05,3.22e-05,0.000422
622,100,100,1,7.06e-05,0.998,5.597e-05,1.746e-05,1.26e-05,0.001792
623,100,100,1,0.0002104,0.9966,0.0001905,6.306e-05,4.834e-05,0.002827
624,100,100,1,0.0003057,0.999,0.000213,4.363e-05,2.39e-05,0.0003662
625,100,100,1,0.0002187,0.998,0.0003574,0.0001011,6.866e-05,0.0012455
626,100,100,1,0.001227,0.9814,0.000677,0.000368,0.0002935,0.01591
627,100,100,1,0.00018,0.9995,9.024e-05,2.307e-05,1.824e-05,0.0003529
628,100,100,1,0.0002651,0.9976,0.0001823,7.92e-05,6.06e-05,0.001701
629,100,100,1,4.965e-05,0.9995,3.17e-05,1.08e-05,7.6e-06,0.000626
630,100,100,1,0.001121,0.9224,0.001095,0.0006156,0.0006866,0.07404
631,100,100,1,0.0006084,0.9946,0.000757,0.000249,0.0002284,0.00355
632,100,100,1,0.0001658,0.9995,5.67e-05,2.426e-05,1.425e-05,0.0003734
633,100,100,1,0.0001605,0.999,0.00012124,3.767e-05,2.354e-05,0.000583
634,100,100,1,0.000864,0.9966,0.0005813,0.0003033,0.0002129,0.001335
635,100,100,1,0.000614,0.989,0.000321,0.0001554,0.0001094,0.01008
636,100,100,1,0.0008383,0.9785,0.001497,0.00061,0.0004418,0.01805
637,100,100,1,0.000957,0.926,0.0014305,0.0006747,0.000545,0.07043
638,100,100,1,0.00017,0.999,0.0001704,3.64e-05,2.82e-05,0.0004718
639,100,100,1,0.001311,0.993,0.00109,0.0002427,0.0002747,0.004105
640,100,100,1,0.0002346,0.999,0.0002283,4.02e-05,2.89e-05,0.000605
641,100,100,1,0.0001882,0.998,0.000247,6.57e-05,5.877e-05,0.001156
642,100,2000,0,0.00029,0.0136,0.000493,0.0004258,0.0003357,0.985
643,100,100,1,0.0002179,0.999,0.0001183,2.253e-05,2.05e-05,0.000539
644,100,100,1,0.0007467,0.9976,0.00068,0.0001341,0.00011015,0.000929
645,100,100,1,0.0001202,0.999,9.716e-05,3.546e-05,1.98e-05,0.0004792
646,100,100,1,0.001325,0.9473,0.001675,0.0008116,0.000984,0.04794
647,100,100,1,0.004013,0.9297,0.003473,0.002388,0.001716,0.05862
648,100,2000,0,0.0003207,0.0625,0.0004787,0.0004675,0.0004215,0.936
649,100,100,1,0.0004234,0.9976,0.000434,8.2e-05,7.39e-05,0.001583
650,100,100,1,0.0002658,0.977,0.000442,0.0001872,0.000124,0.02194
651,100,100,1,0.0002254,0.995,0.0001752,9.54e-05,5.925e-05,0.004505
652,100,2000,0,0.0001064,0.003239,0.0002273,0.0002123,0.0002847,0.996
653,100,100,1,0.001506,0.9873,0.001766,0.000934,0.0007067,0.007767
654,100,100,1,4.214e-05,1.0,2.754e-05,6.3e-06,3.34e-06,0.0001317
655,100,100,1,0.0002625,0.9985,0.0002263,8.86e-05,4.1e-05,0.000877
656,100,2000,0,0.0007935,0.2157,0.002026,0.001363,0.001903,0.7783
657,100,100,1,0.0008965,0.9624,0.000755,0.0003622,0.0004535,0.03522
658,100,100,1,0.0006123,0.9697,0.001652,0.000552,0.0003915,0.02716
659,100,100,1,0.000508,0.9976,0.000723,8.184e-05,4.64e-05,0.00132
660,100,100,1,0.004242,0.826,0.0297,0.001472,0.0013485,0.137
661,100,100,1,0.004887,0.9883,0.003517,0.0005445,0.00056,0.002115
662,100,100,1,0.000572,0.986,0.0006046,0.0002396,0.000129,0.01279
663,100,100,1,0.00054,0.9736,0.001028,0.0002197,0.0001351,0.02423
664,100,100,1,0.000377,0.9976,0.0003097,9.33e-05,6.51e-05,0.001833
665,100,100,1,0.0001768,0.999,0.0001079,2.53e-05,2.205e-05,0.0004804
666,100,100,1,7.78e-05,0.9995,7.01e-05,1.08e-05,7.8e-06,0.0001547
667,100,100,1,0.000593,0.9927,0.0003183,0.0001199,0.000134,0.006096
668,100,100,1,0.0001881,0.9985,0.0001755,6.17e-05,3.284e-05,0.001044
669,100,100,1,0.0004184,0.9985,0.0001042,5.215e-05,3.713e-05,0.00098
670,100,100,1,0.003786,0.8813,0.003157,0.001238,0.001317,0.10913
671,100,100,1,0.000371,0.9834,0.0006804,0.0001866,0.0001862,0.01502
672,100,100,1,7.224e-05,0.9976,7.796e-05,2.027e-05,1.687e-05,0.002058
673,100,100,1,0.003124,0.9663,0.00131,0.0007176,0.00092,0.0276
674,100,100,1,0.0002592,0.9985,8.62e-05,3.56e-05,2.116e-05,0.0009575
675,100,100,1,0.00666,0.745,0.00787,0.006184,0.005665,0.2288
676,100,100,1,0.00143,0.966,0.00218,0.000967,0.001213,0.02846
677,100,100,1,0.000593,0.9946,0.0004416,0.0001444,0.0001701,0.003986
678,100,100,1,0.000271,0.9985,0.000101,3.46e-05,2.8e-05,0.000988
679,100,100,1,6.48e-05,0.9995,5.525e-05,8.17e-06,5.3e-06,0.00011456
680,100,100,1,0.000431,0.9937,0.000383,0.0001702,0.0001099,0.005253
681,100,100,1,0.00010085,0.9995,3.39e-05,1.764e-05,1.067e-05,0.0003827
682,100,100,1,0.000294,0.9985,0.000367,7.26e-05,4.54e-05,0.0006003
683,100,100,1,0.000478,0.946,0.0004041,0.0002267,0.0001822,0.05295
684,100,100,1,0.001728,0.8677,0.001678,0.000782,0.0005755,0.1274
685,100,100,1,0.0003254,0.998,0.0003958,5.937e-05,4.58e-05,0.000897
686,100,100,1,0.0004752,0.989,0.0009346,0.0003428,0.000267,0.00932
687,100,2000,0,0.001127,0.2383,0.001417,0.0009494,0.000748,0.7573
688,100,100,1,0.000342,0.997,0.0002193,7.87e-05,6.473e-05,0.002037
689,100,100,1,0.0011835,0.969,0.000937,0.0005674,0.0004785,0.02771
690,100,100,1,0.0004163,0.999,0.000248,5.72e-05,4.63e-05,0.0002441
691,100,100,1,0.001608,0.9097,0.001263,0.0009074,0.0008407,0.0859
692,100,2000,0,0.001502,0.1073,0.002409,0.002241,0.003174,0.8833
693,100,100,1,0.000874,0.9717,0.0009713,0.0004606,0.0003679,0.02574
694,100,100,1,0.000734,0.9897,0.001193,0.000763,0.000625,0.006912
695,100,100,1,0.001251,0.9805,0.0047,0.0005875,0.000774,0.01206
696,100,100,1,0.000202,0.9995,8.607e-05,2.605e-05,1.8e-05,0.000352
697,100,100,1,0.0003579,0.9966,0.0005374,0.0002279,0.0001724,0.002342
698,100,100,1,0.0004954,0.9976,0.000574,7.69e-05,6.66e-05,0.00111
699,100,2000,0,0.001711,0.1886,0.001607,0.001356,0.001477,0.805
700,100,100,1,0.0002704,0.997,0.0002584,8.07e-05,6.55e-05,0.002117
701,100,100,1,0.0002208,0.9966,0.0001394,3.89e-05,2.9e-05,0.003033
702,100,100,1,0.0004742,0.9736,0.0006456,0.0002718,0.000337,0.02469
703,100,100,1,0.0004742,0.9897,0.0002942,0.0001329,0.0001043,0.00914
704,100,100,1,0.000802,0.9873,0.003462,0.0002515,0.0001564,0.008224
705,100,100,1,0.000998,0.9976,0.0003657,0.0001076,6.735e-05,0.0006957
706,100,100,1,3.49e-05,1.0,6.014e-05,4.7e-06,2.6e-06,9.644e-05
707,100,100,1,0.001948,0.967,0.00879,0.000757,0.0005054,0.0211
708,100,100,1,0.001232,0.9927,0.001362,0.000253,0.0002708,0.004112
709,100,100,1,0.00033,0.9985,0.0006576,6.33e-05,4.685e-05,0.0004692
710,100,100,1,5.275e-05,0.9995,4.3e-05,1.16e-05,7.4e-06,0.000335
711,100,100,1,0.0004103,0.99,0.0004418,0.0001497,0.0001314,0.00851
712,100,100,1,0.0007277,0.997,0.000266,6.783e-05,7.35e-05,0.00172
713,100,2000,0,0.000573,0.102,0.000864,0.000678,0.0006742,0.895
714,100,100,1,0.000665,0.9893,0.000532,0.0003154,0.000287,0.009125
715,100,100,1,0.002699,0.9214,0.002499,0.001385,0.001204,0.0709
716,100,100,1,0.0005174,0.994,0.0003376,0.0001527,0.00010806,0.004513
717,100,100,1,0.001204,0.995,0.0010805,0.0003965,0.00031,0.00194
718,100,100,1,0.001773,0.9956,0.00073,0.0002054,0.000173,0.0014305
719,100,100,1,0.0001721,0.9985,0.000167,4.01e-05,3.75e-05,0.000952
720,100,100,1,0.00010604,0.9995,0.0001625,1.54e-05,1.02e-05,0.0002856
721,100,100,1,0.0004497,0.9937,0.0003507,0.000129,0.00014,0.005512
722,100,100,1,0.0005503,0.9966,0.0004213,0.0001171,0.0001274,0.002224
723,100,100,1,0.0001084,0.9995,0.00011307,2.205e-05,1.52e-05,0.0004718
724,100,100,1,0.0012,0.9326,0.002478,0.0007944,0.0007477,0.062
725,100,100,1,0.000437,0.9956,0.0004473,0.0001241,9.97e-05,0.00323
726,100,100,1,0.0003383,0.968,0.000198,8.5e-05,5.573e-05,0.0316
727,100,100,1,0.0002292,0.9985,0.0002546,7.814e-05,6.014e-05,0.001014
728,100,100,1,0.0004582,0.9937,0.000201,6.9e-05,6.51e-05,0.005688
729,100,100,1,0.0002095,0.999,0.0001335,4.33e-05,3.445e-05,0.0006094
730,100,100,1,0.000531,0.9985,0.000282,9.316e-05,6.807e-05,0.000602
731,100,100,1,0.00028,0.9946,0.000735,0.000178,9.18e-05,0.003967
732,100,100,1,0.001049,0.837,0.000822,0.0004365,0.0003467,0.1604
733,100,100,1,7.59e-05,0.9995,6.855e-05,9.95e-06,8.5e-06,0.0001522
734,100,100,1,0.0003896,0.999,0.0003119,4.66e-05,3.123e-05,0.0002766
735,100,100,1,0.0001051,0.999,0.0001027,2.32e-05,1.56e-05,0.0005603
736,100,100,1,0.00051,0.9946,0.000425,0.0001711,0.00011307,0.004078
737,100,100,1,0.0002285,0.993,0.0001532,7.3e-05,4.894e-05,0.006355
738,100,100,1,4.52e-05,0.9995,2.474e-05,7.45e-06,4.53e-06,0.0003567
739,100,100,1,0.000248,0.999,0.0003242,3.73e-05,2.044e-05,0.0003223
740,100,100,1,0.000415,0.992,0.0003428,0.0001321,9.61e-05,0.006798
741,100,100,1,0.00011945,0.9995,0.0001153,2.533e-05,1.615e-05,0.0002732
742,100,100,1,0.0004144,0.9976,0.0002098,7.53e-05,5.525e-05,0.001675
743,100,100,1,0.0014715,0.9785,0.0009065,0.0004675,0.000683,0.01775
744,100,100,1,0.002209,0.589,0.001264,0.000941,0.000865,0.4058
745,100,100,1,0.000719,0.9985,0.0001574,5.12e-05,3.81e-05,0.0004687
746,100,100,1,0.001493,0.7886,0.0008297,0.0005827,0.000514,0.2078
747,100,100,1,0.0006742,0.938,0.000627,0.0002842,0.0002134,0.0601
748,100,100,1,8.15e-05,0.9995,5.09e-05,1.013e-05,7.45e-06,0.000263
749,100,100,1,0.0001801,0.9985,0.0002046,5.41e-05,3.52e-05,0.001019
750,100,100,1,7.96e-05,0.9995,3.546e-05,7.3e-06,5.2e-06,0.0003586
751,100,100,1,0.000899,0.557,0.001255,0.0007854,0.0007057,0.4392
752,100,100,1,0.000294,0.998,0.0001956,5.65e-05,4.196e-05,0.00142
753,100,100,1,0.000806,0.9727,0.0010195,0.0003822,0.0003366,0.0249
754,100,100,1,0.0009065,0.9863,0.001724,0.0002782,0.0002288,0.01031
755,100,100,1,0.00011283,0.9995,7.91e-05,1.55e-05,1.043e-05,0.0002816
756,100,100,1,0.0004725,0.995,0.0005946,0.0001441,0.0001012,0.003702
757,100,100,1,0.0002685,0.997,0.0002577,8.91e-05,6.82e-05,0.00239
758,100,100,1,0.001097,0.97,0.001787,0.0008025,0.0006056,0.02544
759,100,100,1,0.000274,0.9995,0.0001644,3.87e-05,1.91e-05,0.0001861
760,100,100,1,0.001724,0.9907,0.004467,0.0004103,0.0003502,0.002459
761,100,100,1,0.000771,0.988,0.0006866,0.0002102,0.0002725,0.01025
762,100,100,1,0.0003939,0.7715,0.0005426,0.0002604,0.0002416,0.2272
763,100,100,1,0.00097,0.998,0.0006123,0.00011593,6.723e-05,0.0002787
764,100,100,1,0.000161,0.999,0.0001235,3.785e-05,2.38e-05,0.0006814
765,100,100,1,0.0012865,0.8257,0.001171,0.0006495,0.0005455,0.1704
766,100,100,1,0.000257,0.9956,0.0003507,0.0001053,6.36e-05,0.003544
767,100,100,1,0.0005813,0.9966,0.0009055,0.0001901,0.0001464,0.001453
768,100,100,1,0.0001339,0.9995,6.586e-05,2.22e-05,1.59e-05,0.0003102
769,100,2000,0,0.0002892,0.02357,0.0004141,0.0005317,0.0004408,0.9746
770,100,100,1,0.0003245,0.9785,0.0002851,0.0001696,0.0001119,0.0207
771,100,100,1,0.0002203,0.9976,0.000403,0.0001448,9.68e-05,0.001479
772,100,100,1,0.0002964,0.993,0.0002311,9.36e-05,0.0001026,0.006336
773,100,100,1,0.00011474,0.9995,0.0001235,2.66e-05,1.925e-05,0.000366
774,100,100,1,0.000536,0.9863,0.0008984,0.000226,0.0001956,0.01199
775,100,100,1,0.0004027,0.997,0.000218,9.4e-05,6.14e-05,0.002075
776,100,100,1,0.0002351,0.999,0.0001523,3.54e-05,2.724e-05,0.0004315
777,100,2000,0,0.0007467,0.10486,0.001382,0.000991,0.001286,0.8906
778,100,100,1,0.000145,0.9995,0.0001248,2.43e-05,1.93e-05,0.0002687
779,100,100,1,0.0002435,0.998,0.0002241,7.796e-05,5.89e-05,0.0014515
780,100,100,1,0.001189,0.9717,0.001413,0.00062,0.0005097,0.02463
781,100,100,1,0.0001694,0.985,0.0001564,6.807e-05,5.7e-05,0.01454
782,100,100,1,0.0001616,0.9995,0.00011057,3.546e-05,2.116e-05,0.00021
783,100,100,1,7.13e-05,0.9995,4.935e-05,1.043e-05,9.24e-06,0.0004604
784,100,100,1,0.0004756,0.9985,0.0003364,7.147e-05,5.466e-05,0.0004551
785,100,100,1,0.0001588,0.999,0.0001605,5.436e-05,3.89e-05,0.0007925
786,100,100,1,0.0001923,0.9995,0.0001636,4.06e-05,3.02e-05,0.0002997
787,100,100,1,0.001138,0.886,0.002522,0.0007653,0.0006003,0.10876
788,100,100,1,0.00022,0.998,0.000375,0.0001194,8.37e-05,0.001275
789,100,100,1,0.0001253,0.9995,4.69e-05,9.24e-06,6.4e-06,0.00011396
790,100,100,1,0.000287,0.999,0.0002102,5.67e-05,3.177e-05,0.0002515
791,100,100,1,0.0006504,0.9795,0.000376,0.000178,0.0001714,0.01923
792,100,100,1,0.001837,0.9873,0.001177,0.0003872,0.0003471,0.00898
793,100,100,1,0.0001695,0.999,0.0001276,2.825e-05,2.325e-05,0.0007005
794,100,100,1,0.0003726,0.982,0.0001918,9.114e-05,8.53e-05,0.01712
795,100,2000,0,0.0002176,0.0345,0.0003204,0.000422,0.0002878,0.9644
796,100,100,1,0.0002122,0.9985,0.000204,5.555e-05,4.61e-05,0.000746
797,100,100,1,5.77e-05,0.9995,5.656e-05,1.33e-05,7.15e-06,0.0004032
798,100,100,1,0.00027,0.9937,0.0003698,9.72e-05,6.706e-05,0.00535
799,100,100,1,0.001598,0.9185,0.001389,0.000749,0.0006533,0.0774
800,100,100,1,0.0008836,0.9937,0.001413,0.0002897,0.0002106,0.003466
801,100,100,1,0.0010605,0.997,0.0008802,0.0001253,0.0001118,0.0005217
802,100,100,1,0.0003092,0.998,0.000539,7.844e-05,3.58e-05,0.001064
803,100,100,1,0.000469,0.996,0.000287,0.00010663,9.465e-05,0.002855
804,100,100,1,0.0002835,0.9985,0.0003605,4.77e-05,4.154e-05,0.000804
805,100,100,1,0.001393,0.9673,0.009224,0.001831,0.001785,0.01859
806,100,2000,0,0.000492,0.0958,0.0006385,0.0003717,0.0003686,0.9023
807,100,100,1,0.002947,0.9814,0.010826,0.001456,0.0008245,0.002295
808,100,100,1,7.546e-05,0.9995,5.47e-05,1.365e-05,8.7e-06,0.000262
809,100,100,1,0.0005527,0.9937,0.0004172,0.0001805,0.00011957,0.00503
810,100,100,1,0.0006194,0.9966,0.0004299,0.0001394,0.00010854,0.0019245
811,100,100,1,0.0005803,0.993,0.0004659,0.0001702,0.0001614,0.00523
812,100,100,1,0.000581,0.987,0.000748,0.0002584,0.0002316,0.011314
813,100,100,1,0.00062,0.9976,0.0004334,0.0001099,0.0001059,0.001048
814,100,100,1,0.001869,0.7324,0.002363,0.001219,0.0007534,0.2615
815,100,100,1,0.000525,0.985,0.0003045,0.0001552,0.0001452,0.01385
816,100,100,1,0.0007086,0.9263,0.001386,0.000429,0.0004349,0.07074
817,100,100,1,0.0001875,0.999,0.0001018,2.384e-05,2.295e-05,0.0004282
818,100,100,1,0.0008483,0.8877,0.0009704,0.0004888,0.0005517,0.10956
819,100,100,1,5.674e-05,0.9995,3.52e-05,8.6e-06,4.95e-06,0.0004253
820,100,100,1,0.0001029,0.9995,8.005e-05,1.365e-05,8.34e-06,0.0002775
821,100,100,1,0.0001189,0.999,6.044e-05,2.015e-05,1.615e-05,0.0008035
822,100,100,1,0.0002097,0.9966,0.0002441,8.26e-05,5.513e-05,0.00259
823,100,100,1,0.0008254,0.9673,0.000988,0.0004199,0.0004134,0.02997
824,100,100,1,0.0001795,0.999,0.0001414,3.684e-05,2.867e-05,0.000477
825,100,100,1,0.0001954,0.9985,0.0002854,6.09e-05,3.976e-05,0.000799
826,100,2000,0,0.0001183,0.08813,0.000204,0.000206,0.0001917,0.911
827,100,100,1,0.000803,0.958,0.0009227,0.0005236,0.0004418,0.0393
828,100,100,1,0.0004604,0.998,0.0001222,7.3e-05,4.864e-05,0.001005
829,100,100,1,0.0003526,0.999,0.0001911,5.007e-05,3.856e-05,0.000536
830,100,100,1,0.000436,0.9966,0.0001957,8.57e-05,7.46e-05,0.002604
831,100,2000,0,0.000683,0.04718,0.001027,0.001254,0.001162,0.9487
832,100,100,1,0.0002801,0.999,0.0001417,4.78e-05,2.98e-05,0.000425
833,100,100,1,0.000457,0.9893,0.0007234,0.0002218,0.0001599,0.00929
834,100,100,1,0.000934,0.993,0.0009046,0.0004153,0.0005336,0.004086
835,100,100,1,0.0005827,0.9907,0.000526,0.0001582,0.000132,0.0079
836,100,100,1,3.934e-05,0.9995,2.59e-05,6.1e-06,3.76e-06,0.0002303
837,100,100,1,0.001489,0.96,0.001837,0.000999,0.000939,0.03485
838,100,100,1,0.0002043,0.999,0.000318,4.286e-05,2.82e-05,0.0003142
839,100,100,1,0.000932,0.9966,0.0005584,0.0002573,0.0002215,0.0013075
840,100,100,1,0.0003843,0.9985,0.0002218,8.52e-05,7.427e-05,0.0008545
841,100,100,1,0.0003848,0.9834,0.000537,0.0001346,0.0001024,0.0156
842,100,100,1,0.00087,0.994,0.0006785,0.0003476,0.0002087,0.003572
843,100,100,1,0.0009313,0.917,0.000875,0.000683,0.0006227,0.07965
844,100,100,1,0.0004604,0.993,0.0003273,8.345e-05,7.05e-05,0.00572
845,100,100,1,0.0011,0.9775,0.0009036,0.0004535,0.0003948,0.01967
846,100,2000,0,0.000839,0.2527,0.001481,0.0006332,0.0006237,0.7437
847,100,100,1,0.0002382,0.999,0.0001658,3.463e-05,2.62e-05,0.0002835
848,100,100,1,0.00433,0.9062,0.02011,0.003675,0.003717,0.06192
849,100,100,1,0.000124,0.993,0.0001692,6.85e-05,4.5e-05,0.006485
850,100,100,1,0.0001864,0.999,0.0002105,3.725e-05,2.63e-05,0.0007515
851,100,100,1,0.00233,0.649,0.00494,0.002699,0.002794,0.3386
852,100,100,1,0.0008335,0.997,0.001081,0.0001614,8.243e-05,0.000713
853,100,100,1,0.0001608,0.9873,0.0001508,5.79e-05,4.876e-05,0.012085
854,100,100,1,6.914e-05,0.9995,6.82e-05,1.72e-05,1.1e-05,0.0002362
855,100,100,1,0.0001266,0.998,0.0001568,3.34e-05,2.64e-05,0.00179
856,100,100,1,0.000597,0.995,0.001778,0.000426,0.0002259,0.001999
857,100,100,1,0.0001631,0.9976,0.0002216,4.61e-05,3.41e-05,0.001991
858,100,100,1,0.0002369,0.9985,0.0003204,5.186e-05,4.786e-05,0.000622
859,100,100,1,0.0005016,0.989,0.001151,0.0002809,0.0001651,0.009254
860,100,100,1,0.000962,0.9937,0.000905,0.0002458,0.0002913,0.00388
861,100,100,1,0.0001869,0.998,0.0002081,5.704e-05,4.33e-05,0.001285
862,100,100,1,0.0002964,0.9976,0.0005794,0.0001682,0.0001248,0.001333
863,100,100,1,0.0004065,0.9985,0.000288,6.044e-05,4.44e-05,0.000425
864,100,100,1,0.0001938,0.999,0.0002732,5.09e-05,2.84e-05,0.0002449
865,100,100,1,0.0002389,0.9985,0.000495,8.45e-05,5.21e-05,0.0006423
866,100,100,1,0.000504,0.9956,0.0004826,0.0001508,0.00011814,0.003353
867,100,100,1,0.003077,0.9043,0.004833,0.002144,0.004272,0.0813
868,100,100,1,0.0001979,0.9985,0.000331,6.7e-05,3.34e-05,0.000644
869,100,100,1,0.0002187,0.9863,0.000303,9.46e-05,5.966e-05,0.01296
870,100,100,1,0.0001241,0.996,0.0001515,4.49e-05,3.11e-05,0.00359
871,100,100,1,0.000264,0.999,0.0001988,4.2e-05,1.87e-05,0.0002152
872,100,100,1,0.0003934,0.9917,0.000318,0.0001433,0.00011677,0.00745
873,100,100,1,0.0001145,1.0,3.25e-05,4.2e-06,3.1e-06,4.81e-05
874,100,100,1,0.0002835,0.9976,0.0002463,6.88e-05,5.37e-05,0.001782
875,100,100,1,0.00183,0.991,0.001009,0.0003533,0.0003345,0.005028
876,100,100,1,0.0009274,0.9976,0.0003607,0.0001179,6.974e-05,0.001066
877,100,100,1,0.000317,0.852,0.000694,0.0002214,0.0002266,0.1464
878,100,100,1,0.00147,0.9746,0.001885,0.00071,0.000691,0.02042
879,100,100,1,0.003775,0.905,0.01014,0.001385,0.002087,0.0779
880,100,100,1,0.0004597,0.9937,0.001047,0.0001262,0.00010884,0.004555
881,100,100,1,0.0003457,0.9946,0.0004888,0.00010705,9.36e-05,0.00433
882,100,100,1,6.324e-05,0.9995,3.487e-05,1.025e-05,7.5e-06,0.0003235
883,100,100,1,0.00055,0.998,0.0003645,0.00010496,5.52e-05,0.0008736
884,100,100,1,0.0002037,0.9995,7.37e-05,1.92e-05,1.34e-05,0.0001535
885,100,100,1,0.000981,0.997,0.001629,7.534e-05,5.305e-05,0.0002558
886,100,100,1,0.0003538,0.9893,0.0003483,0.0001769,0.0001475,0.00996
887,100,100,1,0.0002398,0.9995,0.0001649,2.396e-05,1.33e-05,0.0001645
888,100,100,1,0.0002128,0.996,0.0002174,6.866e-05,5.56e-05,0.003479
889,100,100,1,0.0002992,0.993,0.0003445,0.00010324,9.507e-05,0.00589
890,100,100,1,0.0003214,0.999,0.0002108,3.96e-05,2.706e-05,0.0005856
891,100,100,1,0.0001625,0.994,0.0001813,6.735e-05,5.44e-05,0.005413
892,100,100,1,0.000576,0.999,0.0001619,3.39e-05,2.205e-05,0.0003185
893,100,100,1,0.0005155,0.998,0.0006776,4.37e-05,4.447e-05,0.0004377
894,100,100,1,0.0003865,0.995,0.0003688,0.0001211,7.93e-05,0.003952
895,100,100,1,0.0006666,0.998,0.0001827,4.756e-05,4.9e-05,0.000984
896,100,100,1,0.00011283,0.999,0.0001237,2.2e-05,1.59e-05,0.000578
897,100,100,1,0.000798,0.994,0.0006394,0.000212,0.0001781,0.00422
898,100,100,1,0.001269,0.995,0.0006323,0.000158,0.0002164,0.002827
899,100,100,1,0.0007515,0.956,0.001404,0.0004997,0.000654,0.04068
900,100,100,1,0.000591,0.986,0.001253,0.0002918,0.0002449,0.011566
901,100,100,1,8.75e-05,0.9995,4.95e-05,1.18e-05,7.57e-06,0.0002854
902,100,100,1,7.993e-05,0.9995,8.97e-05,1.61e-05,1.043e-05,0.000355
903,100,100,1,0.0004764,0.976,0.0009284,0.0002828,0.0002313,0.02199
904,100,100,1,0.000502,0.9985,0.0003197,3.606e-05,2.63e-05,0.000519
905,100,100,1,0.0003738,0.998,0.0004022,0.0001119,8.14e-05,0.001215
906,100,100,1,0.0001383,0.999,0.0001227,2.074e-05,1.276e-05,0.0004528
907,100,100,1,0.0002227,0.9927,0.0006475,9.084e-05,4.72e-05,0.006508
908,100,100,1,0.0004535,0.9966,0.000493,0.0001125,8.07e-05,0.00204
909,100,100,1,0.0007586,0.8203,0.000887,0.0004442,0.0003982,0.1771
910,100,100,1,0.001554,0.891,0.004078,0.001457,0.001514,0.10046
911,100,100,1,0.001712,0.714,0.004013,0.001274,0.001876,0.2773
912,100,100,1,0.001879,0.6743,0.001744,0.000879,0.0009394,0.3203
913,100,100,1,0.0003138,0.993,0.0002458,8.26e-05,6.3e-05,0.005978
914,100,100,1,0.0004852,0.9966,0.000987,0.000112,8.34e-05,0.00156
915,100,2000,0,0.0003963,0.06726,0.000773,0.0004854,0.0003483,0.9307
916,100,100,1,0.0005703,0.9966,0.0005755,0.0001775,0.0002184,0.001893
917,100,100,1,0.0006833,0.9976,0.0002952,0.0001112,7.1e-05,0.001442
918,100,100,1,0.0006604,0.8076,0.0005703,0.0002646,0.0002885,0.1904
919,100,100,1,0.001517,0.9956,0.001012,0.0002286,0.0001746,0.001551
920,100,100,1,0.0002937,0.989,0.0004263,0.00010663,7.033e-05,0.01042
921,100,100,1,0.0003738,0.999,0.0002313,3.636e-05,2.587e-05,0.0003085
922,100,100,1,0.000487,0.9946,0.0005493,0.0001857,0.00011396,0.003803
923,100,2000,0,0.0002214,0.01009,0.0003657,0.0003197,0.0002475,0.989
924,100,2000,0,0.00138,0.264,0.001755,0.002167,0.001793,0.729
925,100,100,1,0.0001762,0.9995,7.78e-05,1.67e-05,1.425e-05,0.000161
926,100,100,1,0.0003824,0.998,0.0002923,8.285e-05,6.05e-05,0.000901
927,100,100,1,0.0001503,0.999,0.0001522,3.505e-05,1.86e-05,0.0005736
928,100,100,1,0.001922,0.909,0.002178,0.000651,0.0005546,0.0856
929,100,2000,0,0.0009317,0.1085,0.00148,0.000827,0.000654,0.8877
930,100,100,1,7.91e-05,0.9995,7.933e-05,8.17e-06,4.8e-06,0.00011265
931,100,100,1,0.0002668,0.998,0.000769,6.95e-05,3.284e-05,0.000739
932,100,100,1,0.0002313,0.999,0.000283,5.28e-05,2.14e-05,0.000441
933,100,100,1,0.0006676,0.9976,0.000526,0.0001039,8.446e-05,0.0009136
934,100,100,1,0.0008545,0.991,0.003197,0.0001752,0.0002041,0.004147
935,100,100,1,0.0003555,0.9985,0.0002277,5.63e-05,4.804e-05,0.000871
936,100,100,1,0.0001152,0.9995,0.0001133,2.176e-05,1.23e-05,0.0001987
937,100,100,1,0.0001901,0.9985,0.0001098,3.81e-05,2.86e-05,0.001228
938,100,100,1,0.0001844,0.9995,9.79e-05,1.19e-05,8.46e-06,0.00039
939,100,100,1,0.001422,0.761,0.002722,0.001224,0.001444,0.2318
940,100,2000,0,0.0003436,0.02902,0.0003932,0.0003586,0.0003214,0.9697
941,100,100,1,0.002937,0.968,0.00485,0.0009108,0.00185,0.02151
942,100,100,1,0.0002723,0.9785,0.000537,0.0001377,0.000107,0.02022
943,100,100,1,0.0006504,0.9526,0.0007033,0.0003855,0.000271,0.04547
944,100,100,1,0.0003297,0.9985,0.0003204,6.17e-05,4.023e-05,0.0009084
945,100,100,1,0.0002763,0.9976,0.0002226,4.87e-05,3.606e-05,0.001762
946,100,100,1,0.02452,0.9463,0.02048,0.001925,0.001286,0.00559
947,100,100,1,0.00687,0.949,0.00256,0.0008984,0.0008707,0.03955
948,100,100,1,0.0002465,0.999,0.0003664,5.91e-05,3.6e-05,0.0004838
949,100,100,1,0.0004191,0.997,0.000967,8.845e-05,6.61e-05,0.001231
950,100,100,1,0.0001048,0.9985,0.0001296,2.384e-05,1.56e-05,0.001149
951,100,100,1,0.0001186,0.9937,0.0002251,5.734e-05,2.97e-05,0.006096
952,100,500,0,0.02014,0.4065,0.432,0.0088,0.005726,0.1271
953,100,100,1,6.276e-05,0.999,0.0001483,2.7e-05,1.16e-05,0.000531
954,100,100,1,0.0001705,0.999,0.0001209,3.49e-05,2.81e-05,0.00072
955,100,100,1,0.000319,0.998,0.0002006,5.87e-05,4.44e-05,0.001541
956,100,100,1,0.000314,0.9995,0.0001422,3.17e-05,1.9e-05,0.0001544
957,100,2000,0,0.001659,0.3762,0.00208,0.001696,0.001499,0.6167
958,100,100,1,0.0003886,0.997,0.000776,0.0001974,0.0001811,0.001565
959,100,100,1,0.00201,0.9907,0.003525,0.000514,0.0004525,0.002657
960,100,100,1,0.0002031,0.9985,0.0002154,6.57e-05,4.67e-05,0.000999
961,100,100,1,0.0009,0.968,0.0008035,0.0003335,0.0003278,0.02997
962,100,100,1,0.000892,0.9985,0.0001351,4.65e-05,3.576e-05,0.00036
963,100,100,1,0.0003054,0.996,0.000612,0.0001083,8.076e-05,0.002699
964,100,100,1,0.00284,0.8423,0.002504,0.001107,0.001294,0.1498
965,100,100,1,0.0002766,0.997,0.0002044,8.54e-05,5.984e-05,0.00215
966,100,100,1,0.0001739,0.999,0.0001075,2.4e-05,1.56e-05,0.00051
967,100,100,1,0.000245,0.998,0.0003834,3.624e-05,2.724e-05,0.001372
968,100,100,1,0.0001409,0.9976,0.000547,7.397e-05,4.256e-05,0.001666
969,100,2000,0,0.0001367,0.00753,0.0002964,0.0002428,0.0002575,0.9917
970,100,100,1,0.0004401,0.9785,0.000448,0.0002477,0.000223,0.01996
971,100,100,1,0.0002167,0.9985,0.000342,6.443e-05,3.463e-05,0.0007367
972,100,100,1,0.0004635,0.963,0.0004709,0.0001673,0.0001656,0.03583
973,100,100,1,7.46e-05,0.9995,6.634e-05,1.18e-05,8.5e-06,0.0001436
974,100,2000,0,0.001922,0.2458,0.001635,0.001147,0.000883,0.7485
975,100,100,1,0.0003624,0.9966,0.0004568,0.000148,0.00010747,0.002542
976,100,100,1,0.002953,0.9297,0.00131,0.0009236,0.0005894,0.0645
977,100,100,1,0.000614,0.97,0.0005918,0.0003777,0.0003881,0.02777
978,100,100,1,0.00312,0.6055,0.003483,0.003002,0.002508,0.3826
979,100,100,1,9.87e-05,0.9995,8.51e-05,2.474e-05,1.746e-05,0.0004258
980,100,2000,0,0.00394,0.3875,0.003603,0.003332,0.00271,0.599
981,100,100,1,0.0005693,0.756,0.0006022,0.0003982,0.00032,0.2421
982,100,100,1,0.00646,0.765,0.00812,0.004814,0.00922,0.2064
983,100,100,1,0.00569,0.986,0.006214,0.000405,0.000328,0.0015745
984,100,100,1,0.001101,0.97,0.0009604,0.0005374,0.000526,0.02675
985,100,2000,0,0.001393,0.05954,0.002249,0.001273,0.0016,0.934
986,100,100,1,0.00038,0.997,0.0008426,0.0002024,0.0001357,0.001367
987,100,100,1,0.003592,0.768,0.003735,0.002937,0.001664,0.2201
988,100,100,1,0.001931,0.729,0.001484,0.001073,0.001424,0.2651
989,100,100,1,0.0009594,0.962,0.0008335,0.0004816,0.0004873,0.03537
990,100,100,1,0.0003803,0.9976,0.0004017,0.00011545,7.07e-05,0.001277
991,100,100,1,0.0005097,0.998,0.0001768,5.69e-05,5.585e-05,0.001082
992,100,100,1,0.0003073,0.996,0.0005083,0.0001764,0.0001423,0.00285
993,100,2000,0,0.000648,0.1825,0.0009317,0.000597,0.000547,0.815
994,100,100,1,0.0002754,0.9985,0.0001895,6.52e-05,4.447e-05,0.0007143
995,100,100,1,0.000538,0.9966,0.000639,9.9e-05,5.29e-05,0.002024
996,100,100,1,0.0004835,0.9966,0.0006547,0.0001839,0.0001744,0.001993
997,100,100,1,0.0001496,0.999,0.00011164,2.65e-05,1.83e-05,0.0005565
998,100,100,1,0.0005217,0.979,0.000517,0.0002394,0.0001649,0.01933
999,100,100,1,0.0001465,0.9937,0.000143,5.32e-05,4.01e-05,0.00612
1000,1000,1500,0,0.000302,8.535e-05,0.003786,0.1708,0.824,0.0005608
1001,1000,1500,0,0.000637,0.000179,0.002907,0.2612,0.734,0.001328
1002,1000,500,0,0.007782,0.001255,0.423,0.1769,0.3892,0.0017605
1003,1000,1000,1,0.0004237,0.000128,0.01141,0.5596,0.4282,0.0004663
1004,1000,1000,1,0.0008664,0.00041,0.01155,0.8564,0.127,0.003643
1005,1000,1000,1,0.000903,0.0001625,0.03815,0.588,0.3723,0.000679
1006,1000,1000,1,0.0003757,0.00011593,0.00413,0.57,0.425,0.000541
1007,1000,1500,0,0.0008907,0.00012195,0.0063,0.1098,0.8823,0.0005474
1008,1000,1000,1,0.001612,0.0004213,0.02129,0.5693,0.4062,0.001091
1009,1000,1000,1,0.001422,0.0004838,0.1136,0.8105,0.07355,0.000615
1010,1000,1500,0,0.001194,0.0002916,0.01666,0.202,0.7773,0.002258
1011,1000,1500,0,0.001772,0.0003304,0.004635,0.4412,0.5513,0.000674
1012,1000,1500,0,0.001104,0.0003114,0.2188,0.368,0.4111,0.00071
1013,1000,1500,0,0.002571,0.0001979,0.006462,0.2328,0.7573,0.0004313
1014,1000,1000,1,0.001738,0.0002697,0.05243,0.661,0.2842,0.0003757
1015,1000,1500,0,0.0007653,0.0001242,0.00717,0.258,0.7334,0.0004106
1016,1000,1000,1,0.000704,0.0001262,0.007717,0.7397,0.2517,0.0002968
1017,1000,1500,0,0.000607,0.0001225,0.01288,0.4265,0.5596,0.0004718
1018,1000,1500,0,0.02193,0.0007477,0.06635,0.28,0.63,0.000989
1019,1000,1000,1,7.86e-05,2.52e-05,0.0025,0.9736,0.02376,6.9e-05
1020,1000,1500,0,0.004276,0.0002837,0.00801,0.1909,0.796,0.0004177
1021,1000,1500,0,0.000453,8.53e-05,0.03403,0.2239,0.741,0.000323
1022,1000,1500,0,0.001235,0.0002863,0.0964,0.436,0.465,0.00087
1023,1000,1000,1,0.001685,0.000543,0.02538,0.4888,0.4822,0.001505
1024,1000,500,0,0.012985,0.003925,0.642,0.1715,0.1573,0.01194
1025,1000,1500,0,0.001904,0.0004992,0.2222,0.1764,0.598,0.0011
1026,1000,500,0,0.002449,0.000396,0.4844,0.3247,0.1875,0.000655
1027,1000,1000,1,0.001038,0.0006685,0.00547,0.9653,0.02583,0.001705
1028,1000,1500,0,0.000397,3.64e-05,0.002028,0.3848,0.613,9.28e-05
1029,1000,1000,1,0.004513,0.001719,0.08496,0.584,0.3184,0.00635
1030,1000,1000,1,0.0007505,5.573e-05,0.00757,0.7163,0.2751,0.0001094
1031,1000,1000,1,0.0003526,0.000127,0.0164,0.605,0.3777,0.000672
1032,1000,1000,1,0.000698,0.0003297,0.02798,0.9307,0.03973,0.00074
1033,1000,1500,0,0.0004706,0.0001796,0.0057,0.4246,0.568,0.001262
1034,1000,1500,0,0.001475,0.000448,0.019,0.379,0.5986,0.001546
1035,1000,500,0,0.006104,0.000289,0.63,0.11145,0.2517,0.000511
1036,1000,1500,0,0.0006723,0.0001779,0.01703,0.3643,0.617,0.0005574
1037,1000,1500,0,0.001366,0.0004027,0.01761,0.2522,0.727,0.001569
1038,1000,1500,0,0.0005507,0.000115,0.01173,0.4133,0.5737,0.0002797
1039,1000,1500,0,0.001636,8.8e-05,0.2532,0.06216,0.6826,0.0001702
1040,1000,1500,0,0.002287,0.001779,0.01999,0.2338,0.7344,0.007786
1041,1000,1500,0,0.0004508,4.11e-05,0.003078,0.06152,0.9346,0.0002549
1042,1000,1500,0,0.0042,0.0004983,0.11597,0.1273,0.751,0.0008593
1043,1000,1000,1,0.001059,0.000522,0.3982,0.516,0.0831,0.00089
1044,1000,500,0,0.1636,0.00373,0.675,0.0668,0.0891,0.00219
1045,1000,500,0,0.002842,0.0003793,0.8374,0.1317,0.0275,0.0002887
1046,1000,500,0,0.003048,0.000373,0.8984,0.05408,0.04327,0.0005674
1047,1000,500,0,0.01883,0.0003479,0.972,0.006744,0.001865,9.346e-05
1048,1000,500,0,0.02652,0.00145,0.7363,0.07544,0.1587,0.001661
1049,1000,500,0,0.00937,0.0007367,0.8047,0.0916,0.09247,0.000875
1050,1000,1000,1,0.01949,0.0005913,0.2986,0.457,0.2236,0.000824
1051,1000,1000,1,0.02034,0.004158,0.07916,0.49,0.4016,0.004665
1052,1000,1500,0,0.000454,8.06e-05,0.02039,0.476,0.503,0.000303
1053,1000,1000,1,0.00166,0.0004637,0.01802,0.5146,0.4639,0.001388
1054,1000,500,0,0.00485,0.0012045,0.76,0.2002,0.03128,0.002516
1055,1000,1000,1,9.465e-05,9.39e-05,0.002087,0.9507,0.04532,0.001879
1056,1000,1000,1,0.000918,0.0002906,0.00998,0.6094,0.3784,0.000902
1057,1000,1000,1,0.0009437,0.000284,0.1621,0.4307,0.4053,0.000721
1058,1000,1000,1,0.002491,0.0002527,0.03854,0.884,0.0744,0.0003655
1059,1000,1000,1,0.001167,0.0003963,0.01578,0.725,0.257,0.000761
1060,1000,1500,0,0.000801,0.0001702,0.004555,0.3398,0.654,0.000607
1061,1000,1500,0,0.001219,0.0004544,0.00957,0.3748,0.607,0.007156
1062,1000,1500,0,0.00105,0.0001105,0.00735,0.3047,0.6865,0.000421
1063,1000,1000,1,0.000626,0.0002358,0.03104,0.5366,0.4304,0.000784
1064,1000,1000,1,0.0009265,0.000706,0.1614,0.7866,0.04898,0.001284
1065,1000,1500,0,0.0397,0.0003514,0.02467,0.2051,0.73,0.0003698
1066,1000,1500,0,0.0002751,3.207e-05,0.004776,0.352,0.6426,9.4e-05
1067,1000,1500,0,0.0006385,7.373e-05,0.003601,0.1848,0.8105,0.000366
1068,1000,1500,0,0.000543,9.81e-05,0.002584,0.2947,0.7017,0.0003812
1069,1000,1500,0,0.01122,0.0003226,0.01331,0.224,0.7505,0.000476
1070,1000,1500,0,0.001807,0.000305,0.0292,0.37,0.597,0.001271
1071,1000,1000,1,0.001008,0.0002079,0.01663,0.5996,0.3818,0.0006924
1072,1000,500,0,0.00491,0.001318,0.717,0.03595,0.2388,0.00222
1073,1000,500,0,0.003168,0.002647,0.633,0.09875,0.255,0.00755
1074,1000,1000,1,0.000752,0.0005417,0.03723,0.886,0.0737,0.001432
1075,1000,1500,0,0.0005918,6.53e-05,0.0101,0.2065,0.7827,0.0002097
1076,1000,1500,0,0.000519,0.0001965,0.01034,0.4033,0.5845,0.001176
1077,1000,1500,0,0.000377,5.496e-05,0.002785,0.1483,0.848,0.000283
1078,1000,1500,0,0.000886,4.846e-05,0.00886,0.1459,0.844,9.143e-05
1079,1000,1500,0,0.000842,0.0003097,0.02222,0.3962,0.579,0.001343
1080,1000,1500,0,0.0002882,7.39e-05,0.00367,0.3704,0.625,0.000385
1081,1000,1500,0,0.001757,0.0004811,0.03078,0.3047,0.6606,0.001628
1082,1000,1000,1,0.00097,0.000546,0.0906,0.7183,0.1881,0.00152
1083,1000,500,0,0.00433,0.001062,0.678,0.2495,0.06604,0.0008454
1084,1000,1500,0,0.00196,0.0003638,0.00526,0.434,0.557,0.001167
1085,1000,1000,1,0.0005827,0.0004346,0.01646,0.555,0.4255,0.00175
1086,1000,1500,0,0.0005226,6.735e-05,0.002295,0.1804,0.8164,0.0002985
1087,1000,1500,0,0.0005326,8.464e-05,0.004105,0.1741,0.821,0.0004148
1088,1000,1500,0,0.0005503,6.6e-05,0.0054,0.1559,0.838,0.0001917
1089,1000,1500,0,0.002153,4.58e-05,0.00326,0.2566,0.738,5.81e-05
1090,1000,1500,0,0.001218,0.0003304,0.0171,0.07434,0.906,0.001238
1091,1000,1500,0,0.000555,1.99e-05,0.00452,0.0974,0.8975,6.85e-05
1092,1000,1500,0,0.005505,0.001734,0.02417,0.2373,0.719,0.01221
1093,1000,1500,0,0.0771,0.01475,0.1002,0.1145,0.6807,0.01262
1094,1000,1500,0,0.014755,0.002415,0.3467,0.1853,0.447,0.00372
1095,1000,1500,0,0.001261,6.85e-05,0.00407,0.10443,0.89,0.000137
1096,1000,1500,0,0.000919,4.953e-05,0.013535,0.0552,0.93,0.0002115
1097,1000,500,0,0.000888,0.0002599,0.516,0.2229,0.259,0.0006986
1098,1000,1500,0,0.001223,0.0002985,0.02367,0.3318,0.642,0.000912
1099,1000,500,0,0.002815,0.0002387,0.9688,0.01703,0.01085,0.0002654
1100,1000,500,0,0.005684,0.0003338,0.935,0.015144,0.04367,0.000257
1101,1000,1500,0,0.001331,0.0001338,0.00551,0.1383,0.854,0.0006056
1102,1000,500,0,0.00512,0.0001259,0.9546,0.009415,0.0304,0.00010985
1103,1000,1500,0,0.002295,0.000552,0.01076,0.2144,0.767,0.00482
1104,1000,1500,0,0.000427,6.676e-05,0.004913,0.2433,0.751,0.0002228
1105,1000,1000,1,0.001888,0.0004172,0.0999,0.6123,0.2847,0.0008883
1106,1000,1500,0,0.002312,0.0004327,0.0781,0.3452,0.5723,0.0015955
1107,1000,1500,0,0.00141,0.0002247,0.01993,0.162,0.816,0.0005445
1108,1000,1500,0,0.0004954,4.107e-05,0.004948,0.1415,0.853,0.00010484
1109,1000,1500,0,0.0003803,5.99e-05,0.01522,0.2969,0.6875,0.0001469
1110,1000,1500,0,0.000991,0.0002433,0.05133,0.473,0.4739,0.0007687
1111,1000,1000,1,0.001639,0.000715,0.1539,0.7017,0.1406,0.001721
1112,1000,1000,1,0.0009527,0.0002923,0.0114,0.568,0.418,0.001267
1113,1000,500,0,0.003344,0.000182,0.977,0.0114,0.00787,0.0002706
1114,1000,1500,0,0.00149,0.0004218,0.0147,0.2452,0.7363,0.001894
1115,1000,1000,1,0.00432,0.001219,0.322,0.556,0.1148,0.001429
1116,1000,1000,1,0.003075,0.0001805,0.0486,0.853,0.0948,0.0002472
1117,1000,1500,0,0.000577,0.0001528,0.01406,0.27,0.7144,0.001031
1118,1000,1500,0,0.0003998,8.37e-05,0.00826,0.1169,0.874,0.0005107
1119,1000,500,0,0.001799,0.000307,0.9785,0.01131,0.007935,0.0003066
1120,1000,500,0,0.002642,0.0003784,0.4995,0.4265,0.07086,0.00024
1121,1000,500,0,0.005013,0.001128,0.7036,0.2471,0.04187,0.001264
1122,1000,1000,1,0.002552,0.0006685,0.2394,0.5864,0.17,0.000734
1123,1000,1000,1,0.003109,0.0006824,0.04,0.4783,0.4763,0.001458
1124,1000,1000,1,0.000991,0.000313,0.145,0.4702,0.3816,0.001892
1125,1000,1000,1,0.001384,0.0006485,0.0396,0.6943,0.259,0.004807
1126,1000,500,0,0.01509,0.000322,0.9106,0.01098,0.0626,0.0002592
1127,1000,1500,0,0.001251,0.0002325,0.02464,0.1847,0.788,0.000994
1128,1000,1000,1,0.003397,0.00077,0.1724,0.6323,0.1898,0.001297
1129,1000,1000,1,0.001713,0.0005183,0.07715,0.8384,0.08154,0.0005817
1130,1000,500,0,0.001042,0.000568,0.6987,0.1656,0.1324,0.001646
1131,1000,1500,0,0.001391,0.0002146,0.3813,0.2224,0.3943,0.000517
1132,1000,1500,0,0.005455,0.000373,0.02301,0.0726,0.897,0.001735
1133,1000,1500,0,0.00135,0.000134,0.01274,0.1197,0.8657,0.0003324
1134,1000,1500,0,0.002241,0.000176,0.05862,0.03038,0.908,0.0003822
1135,1000,500,0,0.01197,0.00011736,0.981,0.003178,0.003574,6.33e-05
1136,1000,500,0,0.002316,2.82e-05,0.996,0.0006137,0.000854,1.26e-05
1137,1000,1000,1,0.003193,0.001063,0.2401,0.5234,0.23,0.00214
1138,1000,1000,1,0.002897,0.0003028,0.01224,0.615,0.369,0.0004334
1139,1000,1000,1,0.001748,0.0005302,0.05307,0.63,0.3135,0.001408
1140,1000,1000,1,9.47e-05,7.9e-05,0.008194,0.974,0.01747,0.0002549
1141,1000,1000,1,0.0002515,8.64e-05,0.007362,0.8125,0.1796,0.0002704
1142,1000,500,0,0.00204,0.0003564,0.797,0.1576,0.04245,0.0004566
1143,1000,1000,1,0.01061,0.002127,0.0822,0.76,0.1438,0.001359
1144,1000,0,0,0.9795,0.000981,0.00998,0.006535,0.002491,0.000286
1145,1000,1000,1,0.000741,0.0002918,0.008484,0.6816,0.3079,0.001212
1146,1000,1500,0,0.01011,0.000651,0.01262,0.3218,0.654,0.0008745
1147,1000,500,0,0.04208,0.001816,0.4365,0.1824,0.3354,0.001816
1148,1000,1000,1,0.0009103,0.0002187,0.1715,0.5547,0.2725,0.0004394
1149,1000,1500,0,0.00246,0.0008144,0.01991,0.4253,0.5483,0.003366
1150,1000,1500,0,0.001049,0.0002265,0.06995,0.275,0.6533,0.0006604
1151,1000,500,0,0.001554,0.0003922,0.6406,0.2554,0.1019,0.0004323
1152,1000,1000,1,0.001213,0.0001371,0.195,0.4631,0.3403,0.0002191
1153,1000,1500,0,0.002707,0.0001497,0.263,0.07007,0.6636,0.000621
1154,1000,1500,0,0.002821,0.0005813,0.1328,0.1776,0.6836,0.00256
1155,1000,1500,0,0.0004272,6.706e-05,0.04425,0.3296,0.6255,0.0002229
1156,1000,1500,0,0.07214,0.003557,0.1327,0.2069,0.58,0.004795
1157,1000,1500,0,0.0005336,6.694e-05,0.007324,0.236,0.756,0.0001693
1158,1000,500,0,0.01811,0.0004346,0.8125,0.015335,0.153,0.0008297
1159,1000,1000,1,0.0044,0.0003026,0.02669,0.5576,0.4104,0.0003831
1160,1000,1500,0,0.001273,0.0002925,0.1469,0.3586,0.4922,0.0006895
1161,1000,1000,1,0.003088,0.0005603,0.0688,0.542,0.3845,0.000881
1162,1000,500,0,0.002352,0.000706,0.516,0.3909,0.0894,0.000712
1163,1000,1500,0,0.002468,0.000639,0.04828,0.2798,0.6675,0.001477
1164,1000,1000,1,0.00077,0.0001633,0.0598,0.851,0.08795,0.0002339
1165,1000,1000,1,0.001982,0.0006957,0.0725,0.6436,0.2783,0.002821
1166,1000,1500,0,0.001188,0.0002409,0.0541,0.2477,0.6963,0.000577
1167,1000,1500,0,0.001405,0.0006433,0.00708,0.1423,0.8247,0.02402
1168,1000,1000,1,0.0006847,6.133e-05,0.00198,0.981,0.01625,6.18e-05
1169,1000,1000,1,0.000123,8.42e-05,0.001789,0.9927,0.0052,0.0001879
1170,1000,1500,0,0.001838,0.0001907,0.00662,0.441,0.55,0.0005236
1171,1000,1000,1,0.001529,0.0008473,0.007965,0.685,0.2834,0.02101
1172,1000,1000,1,0.000873,0.0006504,0.01666,0.8223,0.157,0.002563
1173,1000,1500,0,0.0003028,8.36e-05,0.01019,0.3982,0.591,0.000342
1174,1000,1500,0,0.001426,0.0003974,0.006363,0.314,0.6763,0.001473
1175,1000,1500,0,0.001558,0.0002856,0.07043,0.4197,0.5073,0.0007524
1176,1000,1500,0,0.001585,0.0002217,0.0046,0.263,0.73,0.0006146
1177,1000,1500,0,0.003006,0.0008154,0.02005,0.2463,0.727,0.002895
1178,1000,1500,0,0.001849,0.0003014,0.08746,0.1051,0.8037,0.001824
1179,1000,1500,0,0.00999,0.0003765,0.3643,0.066,0.5586,0.0006123
1180,1000,500,0,0.003721,0.00028,0.6787,0.11365,0.2034,0.0004098
1181,1000,500,0,0.00617,0.000294,0.4197,0.1582,0.4148,0.001107
1182,1000,500,0,0.01433,0.001241,0.8633,0.06287,0.0559,0.002222
1183,1000,500,0,0.00406,0.0001682,0.814,0.07294,0.10864,0.000313
1184,1000,1000,1,0.03287,0.001165,0.07574,0.5244,0.3633,0.002169
1185,1000,1500,0,0.001443,0.0002286,0.03943,0.3516,0.6064,0.000961
1186,1000,1500,0,0.005703,0.0002201,0.05322,0.0915,0.8486,0.00049
1187,1000,1000,1,0.001794,0.000532,0.06476,0.809,0.122,0.001944
1188,1000,1000,1,0.0002043,0.0001206,0.0007906,0.998,0.0006022,0.0001813
1189,1000,1000,1,5.734e-05,4.095e-05,0.0008717,0.995,0.00363,0.0002228
1190,1000,1000,1,0.000613,0.0004954,0.00405,0.9746,0.01523,0.00507
1191,1000,1000,1,0.001165,0.0006566,0.00975,0.982,0.00547,0.000814
1192,1000,1000,1,0.001182,0.0004501,0.02534,0.792,0.1799,0.001065
1193,1000,1000,1,0.000686,0.0002424,0.00636,0.858,0.1339,0.0009365
1194,1000,1000,1,0.00309,0.00223,0.02348,0.9316,0.02017,0.01933
1195,1000,1000,1,0.0001792,4.95e-05,0.005478,0.9033,0.0908,0.0001479
1196,1000,1000,1,0.0003796,0.0001299,0.002485,0.8657,0.13,0.001151
1197,1000,1000,1,0.0005627,0.0001049,0.006638,0.6543,0.3381,0.0002954
1198,1000,1000,1,0.0001981,4.83e-05,0.0028,0.8477,0.1493,0.0001931
1199,1000,1000,1,0.002201,0.0007777,0.0173,0.9585,0.02005,0.001012
1200,1000,1000,1,0.000533,0.000189,0.00645,0.9907,0.001695,0.00049
1201,1000,1000,1,0.0001893,0.0002503,0.00586,0.9634,0.02669,0.003462
1202,1000,1500,0,0.002209,0.0005584,0.01906,0.3115,0.6646,0.001984
1203,1000,1000,1,0.007755,0.0046,0.04495,0.8267,0.10406,0.01192
1204,1000,1000,1,0.002867,0.001214,0.02002,0.809,0.1647,0.002325
1205,1000,500,0,0.002722,0.00067,0.349,0.2969,0.349,0.00181
1206,1000,1500,0,0.001607,0.0002666,0.01446,0.425,0.5576,0.0008254
1207,1000,1000,1,0.001782,0.0003846,0.01773,0.6294,0.3496,0.0008287
1208,1000,1000,1,0.001984,0.00041,0.015236,0.538,0.4426,0.001562
1209,1000,1500,0,0.000886,0.0001546,0.02348,0.3716,0.6035,0.000456
1210,1000,1000,1,0.001805,0.0003412,0.1693,0.4365,0.3914,0.000828
1211,1000,500,0,0.01302,0.0004098,0.423,0.2556,0.3071,0.000613
1212,1000,1500,0,0.0007415,0.0001533,0.05566,0.3665,0.5767,0.0003495
1213,1000,1500,0,0.0006313,0.0001432,0.02452,0.3362,0.638,0.0005608
1214,1000,1000,1,4.786e-05,4.74e-05,0.0007534,0.9956,0.0031,0.0002369
1215,1000,1500,0,0.00057,8.16e-05,0.00923,0.127,0.863,0.0004761
1216,1000,1000,1,0.002945,0.0010605,0.05093,0.7065,0.2367,0.0018425
1217,1000,1000,1,0.0004036,4.554e-05,0.004498,0.803,0.1919,0.0001646
1218,1000,1000,1,0.00339,0.0008273,0.0582,0.6943,0.2375,0.00586
1219,1000,1000,1,0.00095,0.0001827,0.004047,0.712,0.2825,0.00053
1220,1000,1500,0,0.000971,0.000223,0.03223,0.1875,0.7773,0.001835
1221,1000,1000,1,0.0008225,0.000138,0.01167,0.524,0.4624,0.0007696
1222,1000,1500,0,0.0007253,0.0002013,0.02138,0.4014,0.5737,0.002298
1223,1000,1500,0,0.0007143,6.515e-05,0.00491,0.1403,0.854,0.0002121
1224,1000,1500,0,0.003685,0.0006237,0.05792,0.1995,0.737,0.001729
1225,1000,1000,1,8.863e-05,2.81e-05,0.003418,0.8,0.1968,0.0001228
1226,1000,1000,1,0.0007205,0.0002682,0.01569,0.7793,0.2032,0.0007377
1227,1000,1500,0,0.001959,0.0003424,0.1445,0.3733,0.4792,0.0005846
1228,1000,500,0,0.01165,0.0003352,0.789,0.148,0.0511,0.0001858
1229,1000,1500,0,0.000405,3.82e-05,0.002264,0.1493,0.8477,0.0001502
1230,1000,1000,1,0.02138,0.0008273,0.0358,0.6333,0.3074,0.001294
1231,1000,1500,0,0.000594,9.89e-05,0.015396,0.1599,0.8237,0.000385
1232,1000,1500,0,0.002993,0.0003266,0.0685,0.184,0.7437,0.000569
1233,1000,500,0,0.00741,0.000503,0.742,0.0885,0.1605,0.00077
1234,1000,1500,0,0.005013,0.0005703,0.0822,0.1377,0.774,0.0008264
1235,1000,1500,0,0.0003433,1.7e-05,0.003275,0.03235,0.964,4.536e-05
1236,1000,1500,0,0.0007987,9.96e-05,0.01302,0.1233,0.8623,0.0002441
1237,1000,1500,0,0.01317,0.0002909,0.0238,0.1475,0.8145,0.000541
1238,1000,1500,0,0.004913,0.0005136,0.0456,0.11127,0.8354,0.00236
1239,1000,1500,0,0.002419,0.00052,0.0112,0.1971,0.784,0.00446
1240,1000,1500,0,0.0002782,3.284e-05,0.001368,0.1149,0.8833,0.0001427
1241,1000,1500,0,0.0005865,7.86e-05,0.011665,0.0958,0.8916,0.0004578
1242,1000,1500,0,0.0008087,0.000273,0.007866,0.4602,0.53,0.001114
1243,1000,1500,0,0.002157,0.0007443,0.01459,0.2289,0.7476,0.006203
1244,1000,1000,1,0.001271,0.0005145,0.0493,0.62,0.3274,0.001665
1245,1000,1000,1,0.0512,0.001377,0.07385,0.8584,0.01304,0.001911
1246,1000,1500,0,0.000513,7.52e-05,0.00219,0.3223,0.6743,0.0004725
1247,1000,1500,0,0.0004992,6.336e-05,0.006706,0.1656,0.8267,0.000377
1248,1000,1500,0,0.00211,0.0004373,0.02406,0.15,0.8203,0.003168
1249,1000,1000,1,0.002935,0.0005383,0.01121,0.7505,0.2334,0.001421
1250,1000,1000,1,0.0007424,0.0001726,0.00846,0.7534,0.237,0.0004086
1251,1000,1000,1,0.02336,0.003286,0.1317,0.7734,0.06238,0.005917
1252,1000,1500,0,0.000988,0.0003598,0.004536,0.4324,0.556,0.005287
1253,1000,1500,0,0.00351,0.0006676,0.2092,0.285,0.5,0.001597
1254,1000,1000,1,0.002518,0.000776,0.0143,0.8965,0.0801,0.0057
1255,1000,1000,1,0.00787,0.004448,0.0336,0.523,0.4229,0.00819
1256,1000,1000,1,0.0001839,0.0001169,0.0053,0.964,0.03009,0.0002735
1257,1000,1000,1,0.002314,0.0003345,0.1285,0.4639,0.4045,0.0005302
1258,1000,1000,1,0.005486,0.0002154,0.007633,0.9585,0.02798,0.0002825
1259,1000,1000,1,0.001562,0.0001389,0.01068,0.5225,0.4646,0.0004582
1260,1000,1000,1,0.002556,0.000425,0.02148,0.9106,0.06415,0.0005984
1261,1000,1000,1,0.0001487,3.237e-05,0.00527,0.9565,0.03812,8.6e-05
1262,1000,1000,1,0.0005445,0.0005608,0.00797,0.8584,0.126,0.006424
1263,1000,1000,1,2.843e-05,2.18e-05,0.0002985,0.9985,0.0008802,8.31e-05
1264,1000,1000,1,0.004208,0.0006676,0.004025,0.7236,0.2656,0.001858
1265,1000,1000,1,0.0008974,0.0002074,0.006466,0.523,0.4678,0.002008
1266,1000,1000,1,0.001079,0.0004604,0.00367,0.9863,0.006092,0.00229
1267,1000,1000,1,0.0004082,0.0003889,0.007217,0.9854,0.004784,0.001764
1268,1000,1000,1,0.0002995,9.67e-05,0.001142,0.9595,0.03802,0.000803
1269,1000,1000,1,0.0005617,7.397e-05,0.001926,0.9883,0.00864,0.000537
1270,1000,1000,1,0.000894,0.0005593,0.02159,0.9355,0.03937,0.001919
1271,1000,1000,1,3.61e-05,2.927e-05,0.0003111,0.999,0.0003667,0.00011206
1272,1000,1000,1,0.0002532,0.0001037,0.001199,0.994,0.003893,0.0003054
1273,1000,1000,1,0.000534,0.000768,0.003397,0.977,0.00548,0.01254
1274,1000,1000,1,0.0007877,0.0002782,0.0102,0.8506,0.1372,0.000802
1275,1000,1000,1,0.00011754,8.84e-05,0.0006166,0.9985,0.0005894,0.0002558
1276,1000,1000,1,0.002142,0.000573,0.01412,0.9624,0.01996,0.000984
1277,1000,1000,1,0.001153,0.0005026,0.02394,0.8555,0.11743,0.001291
1278,1000,1000,1,0.0002587,7.236e-05,0.00076,0.9976,0.001026,0.0001674
1279,1000,1000,1,6.76e-05,3.26e-05,0.0002744,0.999,0.0002878,9.95e-05
1280,1000,1000,1,0.0001962,0.0002159,0.001461,0.995,0.00214,0.000946
1281,1000,1000,1,5.51e-05,2.635e-05,0.000638,0.998,0.001213,5.573e-05
1282,1000,1000,1,0.0001684,0.0001765,0.000824,0.9966,0.001349,0.000977
1283,1000,1000,1,0.000987,0.0001429,0.003244,0.742,0.253,0.000409
1284,1000,1000,1,7.43e-05,3.35e-05,0.0006795,0.9985,0.0005207,6.14e-05
1285,1000,1000,1,0.0002806,0.0002065,0.001843,0.993,0.003893,0.0007377
1286,1000,1000,1,0.000602,0.001235,0.004116,0.985,0.00469,0.004654
1287,1000,1000,1,2.53e-05,2.06e-05,0.0002453,0.9995,0.0003414,9.47e-05
1288,1000,1000,1,0.00233,0.0001986,0.00443,0.908,0.08466,0.0003352
1289,1000,1000,1,0.0006633,0.0001285,0.002758,0.9863,0.00983,0.0004973
1290,1000,1000,1,0.001885,0.0004935,0.01172,0.8755,0.1085,0.001972
1291,1000,1000,1,3.89e-05,2.384e-05,0.0001881,0.9976,0.00183,0.0001428
1292,1000,1000,1,0.000501,0.0001514,0.003496,0.929,0.06604,0.0005274
1293,1000,1000,1,0.0001701,9.996e-05,0.001341,0.9927,0.00558,0.0002052
1294,1000,1000,1,8.4e-06,8.7e-06,0.000408,0.9995,5.01e-05,1.89e-05
1295,1000,1000,1,0.0001558,0.0001116,0.001907,0.953,0.0433,0.001375
1296,1000,1000,1,0.0001296,0.0001019,0.001176,0.9883,0.009476,0.0007634
1297,1000,1000,1,0.00012094,4.345e-05,0.000525,0.9917,0.007397,0.0002216
1298,1000,1000,1,0.0001644,6.056e-05,0.0009236,0.982,0.01677,0.0001925
1299,1000,1000,1,7.993e-05,3.79e-05,0.001068,0.9956,0.003159,0.00010026
1300,1000,1000,1,6.61e-05,9.215e-05,0.001162,0.997,0.0007915,0.000697
1301,1000,1000,1,5.78e-05,3.82e-05,0.0005527,0.998,0.001376,8.89e-05
1302,1000,1000,1,0.001012,0.0001872,0.01179,0.6587,0.328,0.0005198
1303,1000,1000,1,0.0003626,0.0003126,0.00263,0.9766,0.01881,0.001143
1304,1000,1000,1,0.000129,0.0001506,0.0017605,0.9897,0.006733,0.001472
1305,1000,1000,1,0.001098,6.2e-05,0.001101,0.5894,0.4082,0.000127
1306,1000,1000,1,0.0004303,0.0001376,0.00912,0.7,0.2896,0.000578
1307,1000,1000,1,0.004547,0.001331,0.1453,0.4758,0.3691,0.003748
1308,1000,1000,1,0.0008307,0.0001261,0.00487,0.5645,0.4294,0.0002227
1309,1000,1000,1,0.000191,0.000211,0.002808,0.993,0.002777,0.0006323
1310,1000,1500,0,0.000261,0.000115,0.004032,0.4233,0.572,0.000611
1311,1000,1000,1,0.0004826,9.066e-05,0.00502,0.985,0.00931,0.0001495
1312,1000,1000,1,0.006287,0.0008655,0.1525,0.6245,0.2151,0.000527
1313,1000,1000,1,0.000377,0.0003853,0.004955,0.9614,0.03012,0.00291
1314,1000,1000,1,5.364e-05,5.496e-05,0.00121,0.9976,0.001062,0.000176
1315,1000,1000,1,3.02e-05,2.24e-05,0.000644,0.997,0.002193,0.0001608
1316,1000,1000,1,0.0003772,3.35e-05,0.0004237,0.996,0.0032,5.585e-05
1317,1000,1000,1,0.0006223,0.0001235,0.006645,0.873,0.1193,0.0002005
1318,1000,1000,1,0.0003529,0.0004246,0.003036,0.986,0.007088,0.003065
1319,1000,1000,1,0.0001428,0.00011975,0.000898,0.997,0.001257,0.0002906
1320,1000,1000,1,0.001143,0.00010484,0.00417,0.978,0.01645,0.0002882
1321,1000,1000,1,7.975e-05,6.82e-05,0.0003948,0.9985,0.0002456,0.0005274
1322,1000,1000,1,0.000991,0.0001715,0.001401,0.9834,0.0134,0.0004992
1323,1000,1000,1,0.010605,0.0003366,0.004772,0.98,0.004025,0.0003142
1324,1000,1000,1,0.0001109,6.783e-05,0.0003214,0.999,0.0004888,0.0001698
1325,1000,1000,1,0.001805,0.000307,0.001519,0.9937,0.001339,0.001251
1326,1000,1000,1,0.0003066,0.0001518,0.002417,0.996,0.000653,0.0005145
1327,1000,1000,1,0.00871,0.001527,0.01114,0.9336,0.04324,0.001904
1328,1000,1000,1,0.000512,0.000627,0.002268,0.993,0.001251,0.002323
1329,1000,1000,1,0.000188,0.0002271,0.00255,0.9893,0.00597,0.001999
1330,1000,1000,1,0.0006585,0.0001235,0.000724,0.9966,0.001441,0.0005407
1331,1000,1000,1,0.000334,7.814e-05,0.0006847,0.994,0.00465,0.0001314
1332,1000,1000,1,0.0005207,0.00011665,0.003775,0.909,0.08624,0.0002418
1333,1000,1000,1,0.0003366,0.0001207,0.003742,0.9917,0.00389,0.0001892
1334,1000,1000,1,0.0001289,7.66e-05,0.00233,0.996,0.001322,0.0001369
1335,1000,1000,1,0.0001502,3.65e-05,0.001364,0.988,0.01063,0.00010735
1336,1000,1000,1,6.044e-05,2.52e-05,0.0004423,0.999,0.0001695,7.51e-05
1337,1000,1000,1,0.001937,0.000744,0.00516,0.982,0.00856,0.001625
1338,1000,1000,1,6.2e-05,1.78e-05,0.0003831,0.999,0.000504,5.6e-05
1339,1000,1000,1,0.00072,0.0002713,0.01192,0.9585,0.02843,0.0003994
1340,1000,1000,1,0.0003552,0.000329,0.002645,0.9946,0.000733,0.001465
1341,1000,1000,1,0.002033,0.0009217,0.003824,0.984,0.003819,0.00564
1342,1000,1000,1,0.000727,0.0002244,0.0015545,0.994,0.002207,0.0009246
1343,1000,1000,1,0.0001996,0.0001364,0.002869,0.981,0.01563,0.000295
1344,1000,1500,0,0.001019,0.00011814,0.00335,0.2864,0.7085,0.00051
1345,1000,1000,1,0.001128,0.000225,0.005783,0.991,0.001239,0.0003486
1346,1000,1000,1,6.21e-05,3.266e-05,0.00028,0.9985,0.0009413,9.27e-05
1347,1000,1000,1,0.0014515,0.0001562,0.002476,0.9917,0.00419,0.0002606
1348,1000,1000,1,0.0005455,0.0001426,0.06433,0.816,0.11847,0.000386
1349,1000,1000,1,0.000265,0.0002271,0.001367,0.9946,0.002644,0.001112
1350,1000,1000,1,7.546e-05,6.83e-05,0.000756,0.9985,0.0004654,0.0001495
1351,1000,1000,1,0.001202,0.0001278,0.000633,0.9956,0.001594,0.000751
1352,1000,1000,1,0.0004585,0.0002171,0.001113,0.996,0.001629,0.0004134
1353,1000,1000,1,6.115e-05,2.396e-05,0.0007486,0.9873,0.01195,8.863e-05
1354,1000,500,0,0.1045,0.0010395,0.824,0.05832,0.01113,0.0006633
1355,1000,1000,1,0.0001281,0.0001677,0.004776,0.9907,0.003334,0.0009165
1356,1000,1000,1,0.0003872,0.0002289,0.00131,0.9907,0.006443,0.0007997
1357,1000,1000,1,0.001046,0.0004466,0.01656,0.83,0.1505,0.001568
1358,1000,1000,1,0.00425,0.0001366,0.0011015,0.9824,0.01208,0.0001215
1359,1000,1000,1,9.87e-05,4.154e-05,0.001459,0.9624,0.03568,0.0001131
1360,1000,1000,1,0.0004241,0.0001286,0.0063,0.985,0.00801,0.0001779
1361,1000,1000,1,3.25e-05,3.26e-05,0.000613,0.9985,0.0008397,0.0001228
1362,1000,1000,1,0.0002677,0.0001885,0.001658,0.9956,0.002148,0.0002835
1363,1000,1000,1,0.0004058,0.0002975,0.005516,0.946,0.04492,0.003124
1364,1000,1000,1,0.0001003,4.54e-05,0.0005956,0.998,0.000948,0.0001737
1365,1000,1000,1,0.0001327,0.00011843,0.0005355,0.998,0.0005054,0.0006647
1366,1000,1000,1,0.0001522,2.56e-05,0.0004997,0.957,0.04214,5.76e-05
1367,1000,1000,1,0.0007153,0.0001299,0.003527,0.9907,0.004856,0.0001264
1368,1000,1000,1,5.585e-05,3.606e-05,0.0003986,0.9966,0.002632,0.000204
1369,1000,1000,1,3.076e-05,5.32e-05,0.000661,0.999,0.0001652,6.42e-05
1370,1000,1000,1,0.000269,0.0003006,0.005177,0.969,0.0228,0.002386
1371,1000,1000,1,0.00811,0.0002995,0.00808,0.912,0.07117,0.0003605
1372,1000,1000,1,0.0004294,8.42e-05,0.005104,0.696,0.298,0.0002594
1373,1000,1000,1,0.001039,0.000999,0.005455,0.984,0.004543,0.004032
1374,1000,1000,1,0.001218,0.000564,0.001966,0.99,0.004486,0.001603
1375,1000,1000,1,0.0001249,8.62e-05,0.001542,0.994,0.003593,0.0003355
1376,1000,1000,1,0.0001192,6.49e-05,0.0013895,0.902,0.096,0.0004742
1377,1000,1000,1,8.59e-05,3.767e-05,0.000884,0.997,0.001781,9.11e-05
1378,1000,1000,1,0.000324,0.0001572,0.002695,0.975,0.02077,0.00072
1379,1000,1000,1,0.0007253,0.0003,0.0079,0.806,0.1835,0.001298
1380,1000,1000,1,0.000326,0.0001452,0.003199,0.9473,0.04883,0.0003686
1381,1000,500,0,0.05423,0.002651,0.52,0.2227,0.1963,0.004036
1382,1000,1000,1,0.02306,0.00088,0.03072,0.917,0.02766,0.000838
1383,1000,1000,1,0.0001398,5.08e-05,0.001493,0.985,0.013405,9.614e-05
1384,1000,1000,1,0.00243,8.553e-05,0.005722,0.869,0.12256,0.0001655
1385,1000,1000,1,0.002293,0.000266,0.01668,0.8813,0.09924,0.0003593
1386,1000,1000,1,7.105e-05,4.596e-05,0.001483,0.996,0.001939,0.0001507
1387,1000,1000,1,0.00087,0.001189,0.005928,0.9805,0.002775,0.00868
1388,1000,1000,1,0.0003805,0.000395,0.004303,0.9917,0.00239,0.00098
1389,1000,1000,1,0.001991,0.000535,0.0316,0.9155,0.04886,0.001609
1390,1000,1000,1,0.00011474,8.9e-05,0.001293,0.9937,0.004696,0.0002835
1391,1000,1000,1,9.406e-05,1.4e-05,0.000183,0.9976,0.002031,7.44e-05
1392,1000,1000,1,0.0002573,8.196e-05,0.002546,0.9927,0.00411,0.0002192
1393,1000,1000,1,0.000247,0.0001546,0.000986,0.995,0.003017,0.0004773
1394,1000,1000,1,4.09e-05,3.535e-05,0.0002226,0.999,0.0005813,0.000206
1395,1000,1000,1,0.0002518,0.0002103,0.001157,0.996,0.001662,0.0007725
1396,1000,1000,1,0.0003924,0.0001787,0.001045,0.997,0.001209,0.0002285
1397,1000,1000,1,0.001862,0.0003426,0.00978,0.9805,0.00661,0.00095
1398,1000,1000,1,0.001469,0.0004187,0.00622,0.9854,0.005558,0.0008054
1399,1000,1000,1,0.0001472,0.000104,0.007637,0.989,0.002857,0.000267
1400,1000,1000,1,0.0002404,0.0002177,0.00388,0.9893,0.005695,0.000511
1401,1000,1000,1,0.000344,0.0002146,0.001092,0.996,0.001354,0.000721
1402,1000,1000,1,5.674e-05,5.11e-05,0.000535,0.997,0.002214,0.0002575
1403,1000,1000,1,0.00039,0.000582,0.002216,0.9907,0.001332,0.004757
1404,1000,1000,1,0.000494,5.704e-05,0.0005584,0.998,0.000729,0.0001332
1405,1000,1000,1,0.000839,0.000427,0.001877,0.991,0.0039,0.001602
1406,1000,1000,1,0.000999,0.00068,0.006657,0.9844,0.00631,0.001021
1407,1000,1000,1,0.0001012,8.01e-05,0.0006056,0.997,0.001427,0.0005717
1408,1000,1000,1,0.01643,0.000537,0.002607,0.95,0.02974,0.0004094
1409,1000,1000,1,0.0008397,0.0006366,0.004353,0.9883,0.003687,0.002396
1410,1000,1000,1,0.000103,3.517e-05,0.000304,0.999,0.0006657,7.474e-05
1411,1000,1000,1,0.0001413,4.8e-05,0.0006003,0.996,0.002922,0.0001338
1412,1000,1000,1,4.55e-05,4.065e-05,0.0007644,0.9917,0.007225,0.000243
1413,1000,1000,1,0.001119,0.0002304,0.00657,0.9897,0.002098,0.000257
1414,1000,1000,1,0.0004132,0.0002565,0.00271,0.98,0.01576,0.0008492
1415,1000,1000,1,0.00431,0.0006905,0.002005,0.9873,0.004227,0.001464
1416,1000,1000,1,0.01294,0.0007634,0.1946,0.7754,0.01566,0.0004249
1417,1000,1000,1,0.0006475,0.000234,0.003576,0.9897,0.005272,0.000542
1418,1000,500,0,0.006115,0.002068,0.5093,0.2015,0.2717,0.0096
1419,1000,1000,1,0.0001681,1.967e-05,0.0008163,0.9814,0.0176,4.18e-05
1420,1000,1000,1,0.0002424,5.77e-05,0.00555,0.9854,0.00858,0.0001749
1421,1000,1000,1,0.001655,9.01e-05,0.002478,0.92,0.0759,0.0001551
1422,1000,1000,1,0.03183,0.002693,0.0146,0.8833,0.06335,0.00438
1423,1000,1000,1,8.094e-05,6.19e-05,0.000552,0.998,0.0009522,0.0002973
1424,1000,1000,1,5.39e-05,1.84e-05,0.0005064,0.99,0.009315,5.65e-05
1425,1000,1000,1,0.0007143,5.82e-05,0.000257,0.9976,0.001172,0.00010675
1426,1000,1000,1,0.0001241,6.18e-05,0.003286,0.9536,0.04233,0.0004628
1427,1000,1000,1,0.000477,0.000991,0.006107,0.9775,0.002436,0.01244
1428,1000,1000,1,0.0004826,0.0002432,0.001618,0.9907,0.006554,0.0003014
1429,1000,1000,1,0.0001779,6.39e-05,0.0008354,0.994,0.00432,0.0003824
1430,1000,1000,1,0.0001401,2.94e-05,0.001615,0.877,0.12103,0.0001342
1431,1000,1000,1,0.0004668,0.0005007,0.003483,0.987,0.002283,0.0064
1432,1000,1000,1,3.445e-05,1.925e-05,0.0003364,0.999,0.0006948,7.36e-05
1433,1000,1000,1,3.9e-05,2.28e-05,0.0003784,0.9956,0.003872,7.826e-05
1434,1000,1000,1,0.000779,0.00031,0.00438,0.931,0.06195,0.001368
1435,1000,1000,1,5.525e-05,4.226e-05,0.0005665,0.9985,0.0003712,0.000195
1436,1000,1000,1,0.000508,0.0001522,0.000933,0.9966,0.001369,0.0002494
1437,1000,1000,1,0.0001819,6.18e-05,0.001725,0.986,0.01177,0.0002078
1438,1000,1000,1,0.0001438,6.306e-05,0.000591,0.989,0.00948,0.0007844
1439,1000,1000,1,0.0003412,0.0001005,0.004074,0.948,0.04712,0.0001746
1440,1000,1000,1,0.0004587,8.166e-05,0.001194,0.986,0.01253,9.274e-05
1441,1000,1000,1,0.0001235,5.58e-05,0.000958,0.9453,0.053,0.0004447
1442,1000,1000,1,0.002308,0.00112,0.0305,0.907,0.0547,0.003933
1443,1000,1000,1,0.006702,0.000897,0.01457,0.838,0.132,0.00808
1444,1000,1000,1,0.0002725,0.0001258,0.005493,0.9297,0.0644,0.0002694
1445,1000,1000,1,0.0002228,4.76e-05,0.0006924,0.9043,0.0947,0.0002456
1446,1000,1000,1,0.0002577,0.0001409,0.002022,0.9785,0.01865,0.0005474
1447,1000,1000,1,0.0002801,9.17e-05,0.007137,0.5674,0.4248,0.0002759
1448,1000,1000,1,0.00118,0.000286,0.00659,0.9873,0.004295,0.000426
1449,1000,1000,1,0.0002068,7.71e-05,0.001576,0.854,0.1436,0.000317
1450,1000,1000,1,2.48e-05,9e-06,0.0003233,0.996,0.003578,3.695e-05
1451,1000,1000,1,0.001422,0.0002697,0.00765,0.7495,0.2405,0.0007834
1452,1000,1000,1,0.0003297,4.655e-05,0.000861,0.9673,0.03104,0.0001988
1453,1000,1000,1,7.12e-05,6.014e-05,0.000704,0.9976,0.001374,0.0002453
1454,1000,1000,1,0.0009747,0.001309,0.01387,0.9697,0.0043,0.01006
1455,1000,1000,1,0.000206,7.52e-05,0.001568,0.9756,0.02238,0.0002218
1456,1000,1000,1,0.001873,0.0002383,0.003752,0.9844,0.00919,0.000499
1457,1000,1000,1,0.0001125,4.42e-05,0.001695,0.9775,0.02023,0.0002009
1458,1000,1000,1,0.007904,0.002573,0.2361,0.6445,0.10626,0.00246
1459,1000,1000,1,0.0003684,0.0001647,0.006325,0.9844,0.00874,0.0002482
1460,1000,1000,1,0.002693,0.00054,0.11694,0.642,0.2363,0.001216
1461,1000,1000,1,7.164e-05,3.97e-05,0.000461,0.995,0.004383,0.0001684
1462,1000,1000,1,0.001567,0.0004072,0.00466,0.9453,0.0472,0.000923
1463,1000,1000,1,7.33e-06,2.8e-06,8.976e-05,0.999,0.0007825,7.3e-06
1464,1000,1000,1,0.02544,0.000977,0.05548,0.773,0.144,0.000925
1465,1000,1000,1,0.0001491,9.257e-05,0.000952,0.996,0.002413,0.0004656
1466,1000,1000,1,0.0006685,0.000674,0.0084,0.983,0.00548,0.00185
1467,1000,1000,1,7.72e-05,7.57e-05,0.0012245,0.9844,0.01323,0.001114
1468,1000,1000,1,0.00021,9.42e-05,0.002604,0.955,0.04163,0.0004635
1469,1000,1000,1,0.0001727,0.0001471,0.002125,0.996,0.00112,0.000169
1470,1000,1000,1,0.0004745,0.0007424,0.006298,0.98,0.00792,0.0047
1471,1000,1000,1,0.0001944,0.0001029,0.006733,0.947,0.04602,0.00038
1472,1000,1000,1,0.0003562,0.000342,0.003664,0.9062,0.08716,0.002316
1473,1000,1000,1,0.000946,0.000543,0.00458,0.9688,0.02197,0.003025
1474,1000,1000,1,0.001916,2.93e-05,0.0003345,0.997,0.000749,4.07e-05
1475,1000,1000,1,0.001793,5.853e-05,0.0009327,0.9966,0.0007195,0.00010455
1476,1000,1000,1,0.0002458,0.0003598,0.001669,0.992,0.00291,0.002779
1477,1000,1000,1,0.004467,0.000957,0.1788,0.724,0.0903,0.00131
1478,1000,1000,1,5.53e-05,8.4e-06,0.0002694,0.989,0.011024,3.01e-05
1479,1000,1000,1,0.000426,0.000503,0.001728,0.991,0.002995,0.003292
1480,1000,1000,1,0.0001258,7.933e-05,0.001519,0.988,0.0102,0.0002995
1481,1000,1000,1,0.0001986,9.793e-05,0.0007415,0.997,0.001626,0.0003216
1482,1000,1000,1,9.46e-05,4.756e-05,0.0009274,0.9976,0.001242,9.08e-05
1483,1000,1000,1,0.0008364,0.0004756,0.004517,0.99,0.002632,0.001521
1484,1000,1000,1,0.0002966,0.0004046,0.002312,0.988,0.005672,0.003357
1485,1000,1000,1,0.0001765,0.0001981,0.001169,0.997,0.00089,0.0006924
1486,1000,1000,1,0.0003405,0.0001583,0.001746,0.993,0.00364,0.0008736
1487,1000,1000,1,0.0006404,0.0003002,0.004757,0.9863,0.006386,0.001676
1488,1000,1000,1,0.000613,8.51e-05,0.006744,0.7817,0.2108,0.000212
1489,1000,1000,1,0.0008144,0.0001357,0.002277,0.9937,0.003021,0.0003405
1490,1000,1000,1,0.000699,0.0002546,0.02193,0.8984,0.0782,0.0007143
1491,1000,1000,1,0.000313,0.0001333,0.000505,0.997,0.001435,0.000363
1492,1000,1000,1,0.0003247,4.31e-05,0.000917,0.979,0.01945,6.57e-05
1493,1000,1000,1,9.88e-05,4.75e-05,0.000656,0.9966,0.00241,0.0001116
1494,1000,1000,1,0.0004637,0.00011677,0.00636,0.9155,0.0772,0.0003726
1495,1000,1000,1,0.0002494,7.71e-05,0.00329,0.924,0.0723,0.000282
1496,1000,1000,1,0.0007668,0.00053,0.00611,0.801,0.1793,0.01268
1497,1000,1000,1,0.002123,0.001312,0.06042,0.7705,0.1615,0.004204
1498,1000,1000,1,0.0002367,0.0002496,0.002516,0.991,0.004734,0.0009604
1499,1000,1000,1,0.0004215,0.000541,0.006977,0.9727,0.01735,0.001953
1500,1500,500,0,0.006405,0.000938,0.601,0.3704,0.02065,0.000525
1501,1500,1500,1,0.001211,0.0001247,0.03345,0.19,0.775,0.0003319
1502,1500,1500,1,0.005142,0.0001955,0.1147,0.1497,0.7295,0.0005536
1503,1500,1500,1,0.00698,0.0007277,0.013954,0.306,0.671,0.0015955
1504,1500,1500,1,0.0006237,0.0001223,0.006794,0.1571,0.8345,0.0007205
1505,1500,500,0,0.003628,0.00011224,0.991,0.002377,0.002586,4.363e-05
1506,1500,500,0,0.01125,0.000447,0.8257,0.11676,0.04514,0.000602
1507,1500,1500,1,0.0011215,0.000331,0.04446,0.2544,0.698,0.00134
1508,1500,500,0,0.046,0.002424,0.827,0.012985,0.1093,0.002382
1509,1500,500,0,0.007935,0.0004108,0.9844,0.001202,0.005676,0.0006156
1510,1500,1000,0,0.002205,0.001197,0.0529,0.6753,0.2651,0.003134
1511,1500,1500,1,0.00498,0.0002787,0.065,0.3318,0.597,0.0007105
1512,1500,1500,1,0.0006304,0.0001261,0.01211,0.3525,0.6343,0.0003018
1513,1500,0,0,0.6963,0.001591,0.06088,0.02606,0.2136,0.001264
1514,1500,500,0,0.003561,0.0003607,0.5723,0.1793,0.2441,0.00058
1515,1500,1500,1,0.03607,0.0003145,0.06744,0.02701,0.8687,0.000536
1516,1500,1500,1,0.001161,0.0001217,0.00994,0.1115,0.877,0.0003047
1517,1500,1500,1,0.002405,0.000337,0.1257,0.12134,0.749,0.001133
1518,1500,1500,1,0.00859,0.0001869,0.1838,0.018,0.789,0.0004287
1519,1500,1500,1,0.00333,0.000548,0.04364,0.1602,0.788,0.004154
1520,1500,1500,1,0.01387,0.0004838,0.097,0.03122,0.8564,0.001159
1521,1500,1500,1,0.001271,0.0001444,0.006657,0.1339,0.858,0.0003088
1522,1500,1500,1,0.000466,6.056e-05,0.02173,0.1461,0.8315,0.0002782
1523,1500,1500,1,0.01162,0.001039,0.007732,0.382,0.59,0.007748
1524,1500,1500,1,0.001182,7.88e-05,0.005795,0.252,0.7407,0.0002202
1525,1500,1500,1,0.001501,0.0001342,0.006752,0.1735,0.818,0.0002837
1526,1500,1500,1,0.0003703,3.79e-05,0.003256,0.2852,0.711,9.525e-05
1527,1500,1500,1,0.002382,0.000315,0.08466,0.1984,0.713,0.001155
1528,1500,1500,1,0.0005994,0.0001745,0.01468,0.3235,0.66,0.000864
1529,1500,1000,0,0.01224,0.0007143,0.007793,0.5913,0.387,0.0009336
1530,1500,1500,1,0.000509,8.255e-05,0.004322,0.2964,0.6987,0.000185
1531,1500,1000,0,0.0003042,0.0001159,0.005295,0.709,0.2847,0.000664
1532,1500,1500,1,0.001942,0.0001874,0.0432,0.1216,0.8325,0.000824
1533,1500,1000,0,0.000296,0.00010234,0.002262,0.6187,0.3774,0.001319
1534,1500,1500,1,0.0002425,4.005e-05,0.002869,0.3257,0.671,0.0001508
1535,1500,1500,1,0.003868,0.000243,0.06683,0.3772,0.5513,0.0007367
1536,1500,500,0,0.01055,0.001152,0.488,0.338,0.1606,0.001742
1537,1500,1500,1,0.000518,2.24e-05,0.001597,0.0708,0.9272,4.95e-05
1538,1500,1500,1,0.000697,5.174e-05,0.006107,0.06247,0.9307,0.000124
1539,1500,1500,1,0.0002594,2e-05,0.001159,0.089,0.9097,9.09e-05
1540,1500,1500,1,0.001405,0.000489,0.05518,0.213,0.729,0.001056
1541,1500,1500,1,0.002766,0.000593,0.03845,0.2898,0.6675,0.000952
1542,1500,1500,1,0.003672,0.0003195,0.02132,0.1586,0.815,0.001235
1543,1500,1500,1,0.003906,0.0003026,0.143,0.157,0.6953,0.000411
1544,1500,1000,0,0.000774,0.0003648,0.005516,0.758,0.2324,0.003185
1545,1500,1500,1,0.001159,0.00010115,0.006123,0.4065,0.586,0.0003455
1546,1500,1500,1,0.00062,0.0001044,0.007298,0.2242,0.7676,0.000394
1547,1500,1000,0,0.01572,0.001778,0.1593,0.4521,0.3677,0.00334
1548,1500,1500,1,0.001853,0.000307,0.322,0.2727,0.4016,0.001342
1549,1500,1000,0,0.002,0.0002837,0.01645,0.7534,0.2272,0.0004437
1550,1500,1500,1,0.000987,0.0002363,0.00751,0.3577,0.6323,0.001216
1551,1500,1000,0,0.003603,0.0003915,0.0294,0.4941,0.4714,0.001126
1552,1500,1000,0,0.003893,0.0009575,0.116,0.464,0.4128,0.002096
1553,1500,1500,1,0.04123,0.000948,0.03604,0.2334,0.687,0.001237
1554,1500,1500,1,0.0006266,6.88e-05,0.001287,0.1377,0.86,0.0003507
1555,1500,0,0,0.4766,0.004364,0.1522,0.0726,0.2905,0.003632
1556,1500,1500,1,0.000508,4.21e-05,0.001317,0.1345,0.8633,0.0001388
1557,1500,1500,1,0.0006394,0.0002105,0.00897,0.2808,0.7085,0.001138
1558,1500,1500,1,0.001045,0.0002035,0.0064,0.2418,0.749,0.00144
1559,1500,1000,0,0.0003495,0.0001509,0.01386,0.956,0.02866,0.000774
1560,1500,1500,1,0.000603,5.746e-05,0.004097,0.4937,0.5015,0.0002313
1561,1500,1500,1,0.00106,0.00010455,0.0266,0.2097,0.762,0.000157
1562,1500,1500,1,0.00158,0.0001064,0.003191,0.10376,0.891,0.0002213
1563,1500,1500,1,0.0002087,2.84e-05,0.001559,0.07117,0.927,0.0001178
1564,1500,1500,1,0.00404,0.0002902,0.01214,0.2063,0.777,0.0004406
1565,1500,500,0,0.00997,0.000339,0.974,0.0122,0.003412,0.00010777
1566,1500,1500,1,0.0008307,9.125e-05,0.002048,0.1186,0.878,0.0005565
1567,1500,1500,1,0.001894,0.0001645,0.1367,0.1387,0.722,0.000507
1568,1500,1500,1,0.00262,9.57e-05,0.01299,0.2352,0.749,0.0001754
1569,1500,0,0,0.7344,0.001215,0.01285,0.06018,0.1904,0.001045
1570,1500,1500,1,0.001953,0.0002875,0.00423,0.3008,0.6914,0.001227
1571,1500,1500,1,0.002039,0.0006566,0.06964,0.2583,0.667,0.002178
1572,1500,500,0,0.00972,0.0004063,0.723,0.1951,0.071,0.0004447
1573,1500,1500,1,0.001077,0.0001632,0.02504,0.1292,0.8438,0.000999
1574,1500,1500,1,0.0004547,0.0001506,0.01704,0.2473,0.7344,0.000786
1575,1500,1500,1,0.0005894,0.0001769,0.05026,0.4434,0.5054,0.0004754
1576,1500,1500,1,0.00238,0.000642,0.3376,0.1384,0.519,0.001846
1577,1500,1500,1,0.00429,0.0002794,0.1047,0.1777,0.7124,0.000561
1578,1500,1500,1,0.001764,0.0001624,0.01178,0.1722,0.8135,0.0003805
1579,1500,1500,1,0.001114,0.0002241,0.01169,0.1511,0.835,0.0009565
1580,1500,1500,1,0.0009756,0.0001253,0.005646,0.148,0.8447,0.000386
1581,1500,1500,1,0.0004866,4.137e-05,0.007145,0.08075,0.9116,0.0001456
1582,1500,500,0,0.01952,0.0001938,0.918,0.01044,0.0518,0.0001249
1583,1500,1500,1,0.001346,0.0003233,0.08325,0.03314,0.8813,0.000813
1584,1500,1500,1,0.00453,0.006123,0.1392,0.2397,0.562,0.04846
1585,1500,1500,1,0.00523,0.000583,0.0098,0.1219,0.861,0.001633
1586,1500,1000,0,0.001715,0.001086,0.1848,0.461,0.348,0.003702
1587,1500,1500,1,0.003637,0.001887,0.2673,0.206,0.517,0.004025
1588,1500,500,0,0.005524,0.000856,0.982,0.004555,0.00666,0.000608
1589,1500,1500,1,0.0006523,0.0001063,0.00892,0.209,0.781,0.0003471
1590,1500,1500,1,0.001134,0.0003161,0.0106,0.49,0.4956,0.002352
1591,1500,1500,1,0.001862,0.0002568,0.1577,0.2827,0.557,0.0003963
1592,1500,1500,1,0.0003824,5.3e-05,0.004185,0.0572,0.9375,0.000605
1593,1500,1500,1,0.0008106,0.000153,0.01167,0.1483,0.8384,0.0005794
1594,1500,1000,0,0.008934,0.0002329,0.012794,0.6396,0.338,0.0004551
1595,1500,1500,1,0.001566,7.51e-05,0.0516,0.03256,0.914,0.0003095
1596,1500,1500,1,0.02617,0.0010395,0.07574,0.1876,0.708,0.001467
1597,1500,1500,1,0.0006995,0.0001533,0.01172,0.1909,0.796,0.000574
1598,1500,1500,1,0.001959,0.0003316,0.1753,0.1986,0.621,0.002625
1599,1500,1500,1,0.000969,0.0001827,0.01617,0.0869,0.895,0.000857
1600,1500,1500,1,0.09644,0.001884,0.1134,0.1362,0.6504,0.001795
1601,1500,1500,1,0.0003636,4.29e-05,0.00496,0.2554,0.7393,0.0001588
1602,1500,1500,1,0.000786,6.03e-05,0.004166,0.0745,0.9204,0.000248
1603,1500,1500,1,0.001461,9.215e-05,0.0056,0.1759,0.817,0.0001973
1604,1500,1000,0,0.001107,9.24e-05,0.005985,0.5693,0.423,0.0002002
1605,1500,1500,1,0.0008144,0.0001027,0.005463,0.09265,0.9,0.0009317
1606,1500,1500,1,0.0007,5.92e-05,0.003567,0.11304,0.8823,0.0001853
1607,1500,1500,1,0.0003533,1.65e-05,0.001347,0.0225,0.9756,4.923e-05
1608,1500,1500,1,0.0006056,0.0001568,0.00434,0.3506,0.6436,0.000785
1609,1500,1000,0,0.02496,0.000877,0.06113,0.5166,0.3953,0.001011
1610,1500,1500,1,0.001044,7.18e-05,0.003456,0.10767,0.8877,0.0002131
1611,1500,1500,1,0.2186,0.001337,0.06158,0.0718,0.6455,0.001064
1612,1500,1000,0,0.001344,0.0003173,0.012436,0.558,0.4248,0.002872
1613,1500,1500,1,0.0004346,6.73e-05,0.00252,0.2305,0.766,0.0003412
1614,1500,1500,1,0.001109,0.0001854,0.003693,0.184,0.81,0.0007944
1615,1500,1500,1,0.0008197,0.0001519,0.002832,0.1154,0.88,0.001044
1616,1500,1500,1,0.001327,0.000359,0.05197,0.2162,0.727,0.003033
1617,1500,1500,1,0.000978,0.0002234,0.09705,0.2489,0.652,0.001096
1618,1500,1500,1,0.0009327,0.0001593,0.02005,0.1957,0.7827,0.0003896
1619,1500,1000,0,0.02338,0.001487,0.2306,0.412,0.3298,0.002523
1620,1500,1500,1,0.001144,0.0001776,0.010704,0.1344,0.8525,0.001062
1621,1500,1500,1,0.001186,0.000141,0.00457,0.1365,0.8574,0.0004694
1622,1500,1500,1,0.0007343,5.305e-05,0.0016,0.05884,0.9385,0.0001721
1623,1500,1500,1,0.001356,0.0001047,0.003378,0.05185,0.943,0.0005083
1624,1500,1500,1,0.002563,0.0001324,0.00836,0.06647,0.9214,0.0009356
1625,1500,1500,1,0.006992,0.000704,0.209,0.3125,0.469,0.001808
1626,1500,1500,1,0.000703,5.066e-05,0.003403,0.085,0.9106,0.0001322
1627,1500,1500,1,0.0003812,6.956e-05,0.00701,0.1326,0.8594,0.0004501
1628,1500,1500,1,0.00936,0.000713,0.11615,0.10565,0.7666,0.001723
1629,1500,1500,1,0.00192,0.0003855,0.03072,0.2646,0.701,0.001235
1630,1500,1500,1,0.0007973,0.000162,0.01881,0.1453,0.8345,0.0005536
1631,1500,1500,1,0.00563,0.003736,0.03027,0.1356,0.709,0.11554
1632,1500,1500,1,0.004738,0.0004263,0.01804,0.4055,0.571,0.000635
1633,1500,1500,1,0.002184,0.0001184,0.01868,0.1189,0.86,0.0003314
1634,1500,1500,1,0.000216,3.344e-05,0.001335,0.27,0.728,0.0001659
1635,1500,1500,1,0.009224,0.001152,0.01714,0.4373,0.5337,0.001499
1636,1500,1500,1,0.0571,0.00381,0.2678,0.2834,0.3853,0.00248
1637,1500,1500,1,0.001003,0.00010467,0.009636,0.1442,0.8447,0.0004213
1638,1500,1500,1,0.00156,0.0002416,0.05475,0.4285,0.5137,0.001162
1639,1500,500,0,0.00356,0.000996,0.7065,0.09845,0.187,0.003344
1640,1500,1500,1,0.001339,0.000306,0.02885,0.347,0.622,0.00075
1641,1500,1500,1,0.000608,0.0001725,0.00536,0.0995,0.8916,0.002577
1642,1500,500,0,0.00231,0.0006905,0.8926,0.0283,0.07556,0.0007324
1643,1500,1500,1,0.002174,0.00027,0.02086,0.087,0.8887,0.0009365
1644,1500,1500,1,0.0002859,2.474e-05,0.002186,0.1602,0.8374,7.147e-05
1645,1500,1500,1,0.0002697,2.885e-05,0.002136,0.0738,0.924,9.02e-05
1646,1500,1500,1,0.0002226,2.86e-05,0.002386,0.1385,0.859,0.0001401
1647,1500,1500,1,0.007393,0.0011425,0.2229,0.2566,0.5093,0.002626
1648,1500,1500,1,0.0004883,8.6e-05,0.01557,0.2357,0.748,0.0002832
1649,1500,1000,0,0.00167,0.0002021,0.00684,0.621,0.3696,0.0004535
1650,1500,1500,1,0.001471,0.0001779,0.01602,0.1525,0.829,0.0004742
1651,1500,1500,1,0.002645,0.000507,0.07825,0.2487,0.668,0.001812
1652,1500,1000,0,0.002592,0.0003698,0.091,0.5786,0.326,0.001374
1653,1500,1500,1,0.001082,7.486e-05,0.00325,0.10236,0.893,0.000231
1654,1500,1500,1,0.0003927,3.16e-05,0.005173,0.0681,0.9263,0.0001386
1655,1500,1500,1,0.00155,0.000104,0.006397,0.2903,0.7017,0.0002534
1656,1500,1500,1,0.0009418,0.0001783,0.00852,0.3093,0.6797,0.001107
1657,1500,1500,1,0.0004594,8.65e-05,0.046,0.449,0.504,0.0006895
1658,1500,1500,1,0.001009,0.00011086,0.003246,0.05774,0.9375,0.0003152
1659,1500,1500,1,0.0004568,8.32e-05,0.01662,0.127,0.8555,0.0002024
1660,1500,1500,1,0.000888,0.0001599,0.03342,0.1214,0.843,0.001531
1661,1500,1000,0,0.001741,0.0004604,0.2888,0.394,0.313,0.001972
1662,1500,1500,1,0.001363,0.0001576,0.002361,0.1279,0.867,0.000796
1663,1500,1500,1,0.00445,0.0002192,0.0386,0.0486,0.907,0.0007973
1664,1500,1500,1,0.0003963,4.73e-05,0.01675,0.0515,0.931,0.0003574
1665,1500,1500,1,0.01668,0.000111,0.01645,0.02806,0.9385,9.38e-05
1666,1500,1500,1,0.0007267,7.296e-05,0.002356,0.05573,0.941,0.000257
1667,1500,1500,1,0.001097,0.000255,0.02576,0.10114,0.87,0.00175
1668,1500,1000,0,0.001527,0.000244,0.0642,0.597,0.3362,0.000634
1669,1500,1500,1,0.000768,6.884e-05,0.00399,0.134,0.861,0.0002329
1670,1500,1500,1,0.03168,0.001029,0.05698,0.1732,0.7354,0.001584
1671,1500,1500,1,0.001263,0.0001774,0.01918,0.2188,0.7603,0.000357
1672,1500,1000,0,0.003117,0.000888,0.2057,0.5537,0.2261,0.01049
1673,1500,1500,1,0.0002532,4.82e-05,0.00903,0.2196,0.771,0.0002823
1674,1500,1500,1,0.0135,0.015366,0.1036,0.1089,0.755,0.003801
1675,1500,1500,1,0.0004458,6.384e-05,0.007603,0.09064,0.901,0.0002584
1676,1500,1500,1,0.00843,0.0005555,0.1652,0.0922,0.733,0.0005226
1677,1500,500,0,0.03262,0.001745,0.4727,0.0636,0.4277,0.001698
1678,1500,1500,1,0.001175,0.0002723,0.002993,0.1113,0.881,0.003595
1679,1500,1500,1,0.0005774,4.17e-05,0.002943,0.04868,0.9478,0.0001701
1680,1500,1500,1,0.02019,0.0005274,0.441,0.05426,0.4832,0.001026
1681,1500,1500,1,0.0004785,7.92e-05,0.002043,0.04117,0.9556,0.0004878
1682,1500,1500,1,0.000677,0.0001224,0.01122,0.0845,0.903,0.0006213
1683,1500,1500,1,0.0003495,4.74e-05,0.00799,0.1056,0.8857,0.0002136
1684,1500,1500,1,0.00126,6.5e-05,0.003202,0.1857,0.8096,0.00010973
1685,1500,1500,1,0.002413,0.000124,0.07007,0.044,0.883,0.0006247
1686,1500,1500,1,0.001523,0.0001894,0.02126,0.1826,0.7935,0.0009418
1687,1500,1500,1,0.0005054,4.53e-05,0.003277,0.277,0.7188,9.59e-05
1688,1500,1500,1,0.0008116,0.0002056,0.02513,0.1624,0.8105,0.001126
1689,1500,1500,1,0.002209,0.0002308,0.2585,0.0547,0.684,0.0004625
1690,1500,1500,1,0.000832,0.00010496,0.00743,0.1891,0.8022,0.0002465
1691,1500,500,0,0.01404,0.0008545,0.9014,0.01263,0.0691,0.001999
1692,1500,1500,1,0.001297,0.0002615,0.006004,0.2219,0.7686,0.001688
1693,1500,1000,0,0.0014,0.000398,0.05203,0.5215,0.4238,0.001119
1694,1500,1000,0,0.01831,0.003014,0.373,0.4219,0.1814,0.002558
1695,1500,1500,1,0.001205,0.000305,0.03223,0.425,0.5396,0.0015335
1696,1500,1000,0,0.0001657,2.74e-05,0.001601,0.9883,0.00999,7.56e-05
1697,1500,1500,1,0.0008287,6.79e-05,0.00969,0.277,0.712,0.0001469
1698,1500,1500,1,0.000853,0.0001191,0.003618,0.1462,0.8486,0.000685
1699,1500,1500,1,0.00029,2.74e-05,0.002617,0.4211,0.5757,7.09e-05
1700,1500,1000,0,0.001309,0.0002009,0.05728,0.804,0.1365,0.0006638
1701,1500,1500,1,0.0017,0.0003953,0.02478,0.2019,0.7695,0.0016
1702,1500,1000,0,0.0002091,0.0001021,0.003183,0.8438,0.1522,0.0004127
1703,1500,1500,1,0.0009136,9.97e-05,0.004395,0.2352,0.7593,0.0002685
1704,1500,1500,1,0.000499,5.63e-05,0.003534,0.163,0.8325,0.0001779
1705,1500,1500,1,0.0002604,1.866e-05,0.003836,0.0559,0.94,0.000112
1706,1500,500,0,0.001287,0.0001746,0.5474,0.09955,0.3508,0.0006576
1707,1500,1500,1,0.0004094,0.0001454,0.009735,0.4316,0.553,0.004826
1708,1500,1500,1,0.0009418,0.0001488,0.05045,0.2396,0.7085,0.0003111
1709,1500,1500,1,0.002195,0.0005255,0.06128,0.268,0.666,0.001926
1710,1500,1500,1,0.002195,0.00026,0.0419,0.1654,0.789,0.001219
1711,1500,1500,1,0.003386,0.004223,0.10626,0.1891,0.5796,0.11755
1712,1500,1500,1,0.01807,0.0004935,0.074,0.0644,0.842,0.001207
1713,1500,1500,1,0.004322,0.0003743,0.3064,0.2177,0.4707,0.0007133
1714,1500,1500,1,0.00123,0.00028,0.00907,0.1556,0.833,0.00096
1715,1500,1500,1,0.005325,0.003244,0.01575,0.1323,0.4976,0.3457
1716,1500,1000,0,0.0003104,0.00011826,0.01912,0.893,0.08673,0.0004687
1717,1500,1000,0,0.001869,0.0003092,0.02425,0.5347,0.438,0.0008245
1718,1500,1000,0,0.0107,0.001122,0.323,0.3599,0.303,0.002367
1719,1500,1500,1,0.00326,0.000767,0.02187,0.12384,0.8447,0.005424
1720,1500,1000,0,0.002611,0.001015,0.05963,0.6924,0.2411,0.003334
1721,1500,1000,0,0.001094,0.000504,0.02443,0.831,0.1414,0.001614
1722,1500,1500,1,0.003796,0.0009184,0.04663,0.3145,0.6313,0.00258
1723,1500,1000,0,0.000793,0.0001633,0.0061,0.634,0.359,0.0003123
1724,1500,1000,0,0.0010195,0.0002816,0.1354,0.4353,0.427,0.0008845
1725,1500,1000,0,0.001403,0.0002377,0.01073,0.557,0.4297,0.0005517
1726,1500,1000,0,0.004936,0.001119,0.3137,0.4995,0.1769,0.00366
1727,1500,1500,1,0.001752,0.0002016,0.00663,0.1755,0.815,0.0010195
1728,1500,1500,1,0.00029,4.834e-05,0.0055,0.2844,0.7095,0.000262
1729,1500,1000,0,0.001208,0.0005994,0.04147,0.67,0.285,0.001821
1730,1500,1500,1,0.00308,0.0003955,0.02524,0.2106,0.76,0.000849
1731,1500,500,0,0.001327,0.000186,0.9673,0.01347,0.01733,0.00019
1732,1500,1500,1,0.000867,0.0001466,0.02692,0.2922,0.679,0.0004134
1733,1500,1000,0,0.001816,0.0003583,0.325,0.3992,0.2732,0.0004954
1734,1500,1500,1,0.0008917,0.0001627,0.0109,0.1323,0.8545,0.001297
1735,1500,1500,1,0.004616,0.0004718,0.02565,0.1395,0.827,0.00268
1736,1500,500,0,0.005444,0.0004528,0.8696,0.0178,0.1057,0.000736
1737,1500,1500,1,0.002525,0.0003343,0.2285,0.06155,0.7065,0.0005198
1738,1500,1500,1,0.003078,0.0003257,0.1412,0.1875,0.6675,0.000555
1739,1500,1500,1,0.0009556,7.16e-05,0.004246,0.04208,0.952,0.0003335
1740,1500,1500,1,0.0003726,8.28e-05,0.003016,0.1864,0.8096,0.0007086
1741,1500,1500,1,0.0009418,0.0002515,0.01454,0.4165,0.567,0.0007496
1742,1500,500,0,0.003069,0.0007324,0.925,0.01386,0.05515,0.002605
1743,1500,1500,1,0.002657,3.517e-05,0.01547,0.02165,0.96,6.443e-05
1744,1500,1500,1,0.000935,0.00010824,0.00821,0.3232,0.667,0.0002918
1745,1500,1500,1,0.003681,0.0001346,0.002535,0.1699,0.823,0.0004058
1746,1500,1500,1,0.0002818,2.13e-05,0.002232,0.1068,0.8906,9.55e-05
1747,1500,1500,1,0.001025,0.00015,0.005413,0.1377,0.855,0.0007353
1748,1500,1500,1,0.1854,0.001454,0.175,0.10504,0.532,0.0008225
1749,1500,1500,1,0.000526,6.7e-05,0.003212,0.05777,0.938,0.0003483
1750,1500,1500,1,0.006046,0.0005426,0.3442,0.1511,0.497,0.0008307
1751,1500,1500,1,0.0013075,0.0002465,0.01933,0.3726,0.606,0.0006094
1752,1500,1500,1,0.0001639,1.335e-05,0.001611,0.1252,0.873,4.65e-05
1753,1500,1500,1,0.002024,0.0001321,0.003653,0.0566,0.9375,0.000283
1754,1500,1500,1,0.0009656,8.8e-05,0.005524,0.2776,0.716,0.0002801
1755,1500,1500,1,0.0004666,4.03e-05,0.001412,0.0894,0.9087,0.0001465
1756,1500,1500,1,0.001203,0.00025,0.0475,0.2603,0.6895,0.001298
1757,1500,1500,1,0.0009656,0.00011563,0.003998,0.09296,0.9014,0.0006537
1758,1500,1500,1,0.001444,0.0003486,0.01564,0.364,0.6177,0.0008025
1759,1500,1500,1,0.006878,0.0004964,0.06616,0.334,0.592,0.0006433
1760,1500,1500,1,0.001135,0.0002342,0.04498,0.2294,0.723,0.001143
1761,1500,1500,1,0.00103,0.0001967,0.008675,0.4897,0.4995,0.0008135
1762,1500,500,0,0.0008664,6.1e-05,0.981,0.00199,0.01588,7.653e-05
1763,1500,1500,1,0.01004,8.667e-05,0.01404,0.02338,0.952,0.0001813
1764,1500,1500,1,0.001253,0.0003326,0.01022,0.0987,0.884,0.005787
1765,1500,1500,1,0.001369,0.000123,0.01254,0.1593,0.826,0.000317
1766,1500,1500,1,0.002283,0.0002737,0.03983,0.1377,0.819,0.001093
1767,1500,500,0,0.00246,0.0002433,0.9404,0.01627,0.03955,0.001049
1768,1500,500,0,0.001783,0.0008693,0.6987,0.1732,0.1249,0.0005374
1769,1500,500,0,0.0302,0.0004497,0.5947,0.0968,0.277,0.000683
1770,1500,500,0,0.004185,0.0003777,0.588,0.3132,0.0942,0.0002947
1771,1500,1500,1,0.0005264,3.05e-05,0.004333,0.2333,0.7617,0.00010926
1772,1500,500,0,0.004166,0.000632,0.4863,0.2445,0.2634,0.0008435
1773,1500,1500,1,0.001666,0.0003345,0.01366,0.2449,0.7383,0.001258
1774,1500,1500,1,0.001339,0.0004206,0.02834,0.3823,0.5864,0.001241
1775,1500,1500,1,0.02792,0.00067,0.08484,0.0989,0.7866,0.000962
1776,1500,1500,1,0.001199,6.306e-05,0.007427,0.03677,0.954,0.000236
1777,1500,1500,1,0.0002513,3.684e-05,0.007133,0.215,0.7773,0.000186
1778,1500,1500,1,0.01567,0.0007434,0.3105,0.0647,0.607,0.001504
1779,1500,1500,1,0.001851,9.614e-05,0.0854,0.06366,0.8486,0.000181
1780,1500,1000,0,0.2286,0.001088,0.11426,0.4004,0.2546,0.000909
1781,1500,1500,1,0.001324,0.0001006,0.009575,0.1442,0.844,0.0004153
1782,1500,1500,1,0.000535,3.66e-05,0.00952,0.0583,0.9316,0.0001005
1783,1500,1000,0,0.0002532,2.533e-05,0.0004785,0.9414,0.05798,8.37e-05
1784,1500,1000,0,0.000326,0.0001236,0.002687,0.647,0.349,0.0008755
1785,1500,1000,0,0.0001491,0.00011384,0.004066,0.967,0.02824,0.0004263
1786,1500,1500,1,0.0008154,0.0001783,0.004917,0.3315,0.6616,0.000868
1787,1500,1500,1,0.0008354,7.23e-05,0.006096,0.2317,0.761,0.0001775
1788,1500,1500,1,0.03864,0.001177,0.124,0.27,0.565,0.001511
1789,1500,1000,0,0.000836,0.0002427,0.00449,0.6094,0.3835,0.001589
1790,1500,1500,1,0.000939,0.0001817,0.00643,0.2311,0.7607,0.000581
1791,1500,1000,0,0.0013,0.0003088,0.01031,0.5825,0.4036,0.001843
1792,1500,1500,1,0.0004973,6.02e-05,0.004044,0.11145,0.884,0.0002606
1793,1500,1000,0,0.004097,0.001627,0.02176,0.9185,0.0471,0.007027
1794,1500,1500,1,0.000371,6.41e-05,0.003035,0.1093,0.8867,0.000307
1795,1500,1000,0,0.000769,0.000277,0.00435,0.697,0.287,0.011
1796,1500,500,0,0.003815,0.0006576,0.9204,0.0517,0.02286,0.0004115
1797,1500,1000,0,0.004326,0.004734,0.02254,0.746,0.1877,0.03442
1798,1500,1500,1,0.0006704,0.000579,0.01238,0.4116,0.5713,0.003471
1799,1500,1500,1,0.002493,0.0003898,0.04208,0.1864,0.768,0.0008106
1800,1500,0,0,0.432,0.008514,0.298,0.1978,0.05957,0.004337
1801,1500,1000,0,0.001999,0.0007725,0.00905,0.736,0.2489,0.00352
1802,1500,1000,0,0.001594,0.0003557,0.01036,0.7607,0.2257,0.001288
1803,1500,1500,1,0.002148,0.0003085,0.02002,0.2969,0.6797,0.001135
1804,1500,1500,1,0.0005736,5.716e-05,0.008316,0.2124,0.7783,0.0001198
1805,1500,1500,1,0.0002682,1.633e-05,0.003101,0.1841,0.8125,4.18e-05
1806,1500,1500,1,0.004658,0.0003076,0.2856,0.2114,0.4976,0.0004146
1807,1500,1500,1,0.004494,0.0001934,0.02223,0.0654,0.907,0.0005946
1808,1500,1500,1,0.01787,0.000324,0.0712,0.03043,0.8794,0.000516
1809,1500,1500,1,0.0005293,9.644e-05,0.02621,0.0978,0.875,0.000402
1810,1500,1500,1,0.002487,0.000689,0.02864,0.1207,0.846,0.001413
1811,1500,1500,1,0.001215,0.0003207,0.006565,0.4243,0.5664,0.001311
1812,1500,1500,1,0.001428,0.0001932,0.1175,0.3328,0.5474,0.000619
1813,1500,1500,1,0.002518,0.0001704,0.00933,0.1432,0.8438,0.001025
1814,1500,1500,1,0.00179,0.0004082,0.02858,0.3784,0.5894,0.001365
1815,1500,1000,0,0.000826,0.0002432,0.02477,0.6045,0.3682,0.001633
1816,1500,1500,1,0.00704,0.0007563,0.128,0.2998,0.5625,0.002056
1817,1500,500,0,0.00731,0.0002003,0.8584,0.02448,0.10913,0.0002587
1818,1500,1500,1,0.0006742,7.075e-05,0.01424,0.1665,0.8184,0.0002594
1819,1500,1500,1,0.001199,0.0001335,0.0325,0.2917,0.6743,0.0003686
1820,1500,1500,1,0.00499,0.0001366,0.0238,0.08856,0.8823,0.0002885
1821,1500,1500,1,0.00386,0.000415,0.06384,0.1638,0.7666,0.001361
1822,1500,1500,1,0.01738,0.0006013,0.0471,0.1251,0.8096,0.000522
1823,1500,1000,0,0.001628,0.0002118,0.002851,0.576,0.4182,0.000913
1824,1500,1500,1,0.002531,0.0004003,0.1548,0.1833,0.6567,0.002304
1825,1500,1000,0,0.0007987,0.0002179,0.003407,0.8657,0.1282,0.001543
1826,1500,1000,0,0.006516,0.0006814,0.1394,0.572,0.2803,0.001205
1827,1500,1500,1,0.001905,0.00012136,0.0093,0.1891,0.7993,0.0002311
1828,1500,1500,1,0.0003633,5.335e-05,0.002823,0.3772,0.6196,0.0002234
1829,1500,1000,0,0.00534,0.001849,0.07,0.8066,0.1102,0.00605
1830,1500,1000,0,0.000438,0.0001948,0.002686,0.982,0.01396,0.0008917
1831,1500,1500,1,0.000773,0.0001281,0.05984,0.3425,0.596,0.00049
1832,1500,1500,1,0.0003564,6.014e-05,0.0019045,0.10095,0.8965,0.000282
1833,1500,1500,1,0.0004802,7.236e-05,0.00427,0.4692,0.5254,0.0002337
1834,1500,1500,1,0.001959,0.0001632,0.00458,0.1324,0.8604,0.0002985
1835,1500,1500,1,0.0002863,4.214e-05,0.002653,0.4402,0.5566,0.0001407
1836,1500,1500,1,0.0003626,4.01e-05,0.002224,0.1235,0.8735,0.0001494
1837,1500,1500,1,0.001158,8.833e-05,0.003124,0.1117,0.884,0.0001801
1838,1500,1500,1,0.000611,7.236e-05,0.00408,0.1512,0.8433,0.0007114
1839,1500,500,0,0.1951,0.004547,0.4468,0.12244,0.2262,0.004765
1840,1500,1500,1,0.000978,0.0001053,0.02048,0.0905,0.8877,0.000292
1841,1500,1000,0,0.005634,0.000531,0.05112,0.6904,0.25,0.002148
1842,1500,1500,1,0.001527,7.93e-05,0.004074,0.0809,0.913,0.0001559
1843,1500,1500,1,0.0002675,3.356e-05,0.006985,0.2031,0.7896,0.0001342
1844,1500,1500,1,0.006092,0.0003858,0.1428,0.1486,0.7017,0.000637
1845,1500,1000,0,0.005074,0.000941,0.2344,0.4534,0.3032,0.003008
1846,1500,1500,1,0.000891,0.0002012,0.02174,0.4329,0.544,0.0004752
1847,1500,500,0,0.001657,4.88e-05,0.9883,0.001296,0.008896,5.88e-05
1848,1500,500,0,0.002369,0.0004532,0.6533,0.1853,0.1575,0.001232
1849,1500,500,0,0.01791,0.000281,0.913,0.00971,0.0588,0.0003886
1850,1500,1500,1,0.0003052,2.027e-05,0.002234,0.03072,0.967,7.78e-05
1851,1500,1000,0,0.001789,0.0004678,0.2325,0.5146,0.2495,0.0008655
1852,1500,1500,1,0.002056,0.0003002,0.023,0.3438,0.63,0.001122
1853,1500,1500,1,0.0268,0.0002444,0.01335,0.04395,0.9155,0.0003438
1854,1500,1500,1,0.0212,0.0004635,0.4036,0.02646,0.5474,0.0007763
1855,1500,1500,1,0.01051,0.0001382,0.0797,0.07776,0.8315,0.0001547
1856,1500,500,0,0.0008206,5.275e-05,0.9673,0.006535,0.02518,4.36e-05
1857,1500,500,0,0.001548,0.0002627,0.6284,0.2515,0.1183,0.000348
1858,1500,500,0,0.002064,0.000842,0.689,0.1525,0.1547,0.001041
1859,1500,1500,1,0.00071,0.00011015,0.00443,0.12225,0.872,0.0005307
1860,1500,1500,1,0.0005355,4.98e-05,0.0097,0.1805,0.809,9.62e-05
1861,1500,1500,1,0.00819,0.0001609,0.00969,0.07477,0.9067,0.000278
1862,1500,1500,1,0.001451,0.0002444,0.00916,0.1087,0.879,0.0016985
1863,1500,1500,1,0.001377,0.0001937,0.02232,0.311,0.6646,0.0004478
1864,1500,500,0,0.0007124,0.0001773,0.79,0.1305,0.07806,0.0002816
1865,1500,1500,1,0.001389,9.42e-05,0.005707,0.07184,0.921,0.0002216
1866,1500,500,0,0.00298,0.000327,0.513,0.10815,0.3745,0.0010395
1867,1500,1500,1,0.000681,0.00011945,0.01588,0.4204,0.5625,0.0003872
1868,1500,1500,1,0.002722,0.000649,0.01807,0.345,0.632,0.0016575
1869,1500,1500,1,0.003689,0.001647,0.0203,0.1697,0.691,0.1139
1870,1500,1500,1,0.0008945,0.00010496,0.02086,0.1501,0.8276,0.0003893
1871,1500,1500,1,0.001281,0.0002301,0.0251,0.1301,0.842,0.001232
1872,1500,1000,0,0.02637,0.0004632,0.1036,0.7124,0.1567,0.000637
1873,1500,1500,1,0.003601,0.0001924,0.0802,0.1617,0.754,0.000443
1874,1500,1500,1,0.003141,0.0003147,0.0584,0.3857,0.5503,0.001982
1875,1500,1500,1,0.0002419,2.784e-05,0.007435,0.1638,0.8286,0.0001195
1876,1500,1500,1,0.0001806,1.943e-05,0.002863,0.337,0.6597,0.0001353
1877,1500,500,0,0.002094,0.0002213,0.8403,0.0719,0.0853,0.0003521
1878,1500,1500,1,0.001651,0.00011,0.006332,0.138,0.8535,0.00032
1879,1500,1500,1,0.0004034,6.926e-05,0.003296,0.1262,0.8696,0.000413
1880,1500,1500,1,0.00826,0.0006957,0.1267,0.1401,0.7236,0.000524
1881,1500,500,0,0.02026,0.002636,0.7324,0.161,0.0813,0.002396
1882,1500,1000,0,0.00011384,5.76e-05,0.00073,0.995,0.003511,0.0002286
1883,1500,1500,1,0.0004704,7.504e-05,0.004993,0.1567,0.8374,0.000292
1884,1500,1000,0,0.000849,0.0001832,0.00962,0.669,0.3198,0.0003343
1885,1500,1500,1,0.0009174,0.000144,0.01692,0.254,0.7275,0.0005426
1886,1500,1500,1,0.001081,9.82e-05,0.003683,0.1895,0.805,0.0003607
1887,1500,1500,1,0.001928,0.0001849,0.00857,0.2175,0.7715,0.0004704
1888,1500,1500,1,0.001709,0.0003223,0.04642,0.419,0.5317,0.0007324
1889,1500,1500,1,0.002138,0.0002851,0.05936,0.181,0.7563,0.0008717
1890,1500,1500,1,0.00226,0.0003982,0.0981,0.0901,0.7983,0.010826
1891,1500,1500,1,0.0008383,0.000169,0.07263,0.221,0.705,0.0005116
1892,1500,1500,1,0.0002792,3.26e-05,0.003012,0.1229,0.8735,0.0001479
1893,1500,1500,1,0.000278,1.87e-05,0.002659,0.05978,0.937,7.015e-05
1894,1500,1500,1,0.00175,0.0001843,0.02023,0.0854,0.8916,0.0007505
1895,1500,1000,0,0.001488,0.0002072,0.005875,0.5483,0.4438,0.0003524
1896,1500,1500,1,0.00289,0.0008693,0.1292,0.3853,0.4739,0.00793
1897,1500,1500,1,0.001649,9.88e-05,0.04675,0.0751,0.876,0.000492
1898,1500,1500,1,0.00118,0.000159,0.05078,0.2686,0.6787,0.000483
1899,1500,1500,1,0.00245,0.0007696,0.02594,0.07465,0.878,0.0185
1900,1500,500,0,0.01292,0.01595,0.56,0.0665,0.1904,0.1542
1901,1500,1500,1,0.003532,0.0002124,0.03568,0.0776,0.8823,0.0005617
1902,1500,1500,1,0.005444,0.003565,0.0687,0.1037,0.7246,0.0941
1903,1500,1500,1,0.0009007,0.0001955,0.03038,0.2136,0.7544,0.000619
1904,1500,1500,1,0.01285,0.0003953,0.3694,0.05777,0.559,0.0005765
1905,1500,1500,1,0.01207,0.001717,0.319,0.2235,0.431,0.01275
1906,1500,1500,1,0.000606,9.74e-05,0.003956,0.1964,0.7983,0.000306
1907,1500,1500,1,0.001393,0.0001118,0.00409,0.1161,0.878,0.0002778
1908,1500,1500,1,0.002466,0.0003347,0.01968,0.3323,0.6445,0.0008597
1909,1500,1500,1,0.000763,0.0002229,0.0266,0.1316,0.8403,0.000658
1910,1500,1000,0,0.01285,0.001604,0.02664,0.7744,0.1768,0.00782
1911,1500,1500,1,0.006535,0.000854,0.124,0.05347,0.8105,0.004715
1912,1500,500,0,0.00807,0.000335,0.711,0.04102,0.2391,0.0003963
1913,1500,1500,1,0.017,0.005157,0.255,0.147,0.5396,0.03665
1914,1500,1500,1,0.000765,0.0001108,0.09467,0.2235,0.6807,0.0003839
1915,1500,1500,1,0.000512,0.0001732,0.07074,0.2458,0.6816,0.001141
1916,1500,1500,1,0.012344,0.002752,0.3809,0.0423,0.552,0.01
1917,1500,1500,1,0.001515,0.000291,0.00962,0.2052,0.782,0.001192
1918,1500,1500,1,0.0005617,0.0001497,0.01465,0.311,0.673,0.000903
1919,1500,1500,1,0.0001678,1.35e-05,0.001467,0.07965,0.9185,0.00010586
1920,1500,1500,1,0.003994,0.0003316,0.02975,0.2236,0.7417,0.0005956
1921,1500,1500,1,0.002697,0.0001675,0.00727,0.2386,0.751,0.00028
1922,1500,1500,1,0.00297,0.0008445,0.0106,0.1656,0.8154,0.004333
1923,1500,1500,1,0.0006094,8.51e-05,0.004185,0.12317,0.8716,0.0002906
1924,1500,1500,1,0.0005827,4.804e-05,0.005173,0.1443,0.8496,0.0001732
1925,1500,1000,0,0.000979,0.0002177,0.05664,0.542,0.3997,0.000503
1926,1500,1500,1,0.0004802,3.24e-05,0.005417,0.11194,0.882,8.36e-05
1927,1500,1500,1,0.002956,0.001273,0.01756,0.3098,0.6597,0.00865
1928,1500,500,0,0.015076,0.000599,0.774,0.048,0.1616,0.0009737
1929,1500,1500,1,0.000748,7.57e-05,0.003635,0.1434,0.8516,0.000386
1930,1500,1500,1,0.002209,0.0002161,0.01784,0.1818,0.7974,0.0006466
1931,1500,1500,1,0.003222,0.0005107,0.10583,0.2029,0.6846,0.002804
1932,1500,1500,1,0.003082,0.0004725,0.03876,0.2144,0.7407,0.002472
1933,1500,1500,1,0.0007734,0.000109,0.0521,0.3347,0.612,0.0004027
1934,1500,1500,1,0.0002751,3.093e-05,0.003042,0.10126,0.895,0.0001576
1935,1500,1500,1,0.002247,0.000668,0.01024,0.2213,0.7617,0.003584
1936,1500,1500,1,0.002827,0.0001396,0.01103,0.1416,0.844,0.0002916
1937,1500,1500,1,0.003342,0.0003695,0.1625,0.1625,0.6704,0.00089
1938,1500,1500,1,0.0047,0.0002656,0.02106,0.0917,0.882,0.0006876
1939,1500,1500,1,0.05392,0.0005565,0.1991,0.0706,0.6753,0.000563
1940,1500,1500,1,0.0006166,8.39e-05,0.010895,0.1613,0.8267,0.000343
1941,1500,1500,1,0.01191,0.0001332,0.02115,0.04352,0.923,0.0002716
1942,1500,1500,1,0.001238,0.0001225,0.0382,0.1101,0.849,0.001156
1943,1500,1500,1,0.001315,0.000233,0.0874,0.1764,0.734,0.0007424
1944,1500,1500,1,0.001903,0.0001299,0.01562,0.1488,0.8335,0.0002716
1945,1500,1500,1,0.001455,0.000398,0.01226,0.4197,0.5635,0.00269
1946,1500,1500,1,0.0003211,3.66e-05,0.0035,0.06415,0.9316,0.00032
1947,1500,1500,1,0.0002646,4.08e-05,0.002802,0.0833,0.9136,0.0001986
1948,1500,1000,0,0.00412,0.0004897,0.1719,0.4832,0.3394,0.001095
1949,1500,1500,1,0.000509,2.74e-05,0.002783,0.1252,0.871,7.206e-05
1950,1500,1500,1,0.00414,0.0005164,0.0823,0.1576,0.7544,0.0008802
1951,1500,1500,1,0.0007014,0.0001182,0.00457,0.2983,0.6953,0.001123
1952,1500,1500,1,0.00799,0.0006456,0.05917,0.2927,0.638,0.001102
1953,1500,1500,1,0.000612,9.644e-05,0.004677,0.1121,0.882,0.0004556
1954,1500,1500,1,0.000738,0.0001097,0.005672,0.0828,0.9097,0.0007396
1955,1500,1500,1,0.0004873,0.0001872,0.007618,0.4458,0.545,0.00098
1956,1500,1500,1,0.00156,0.0002582,0.01999,0.16,0.8174,0.0005774
1957,1500,1000,0,0.003347,0.001123,0.05,0.6147,0.328,0.002949
1958,1500,1500,1,0.004562,0.0004773,0.01779,0.4468,0.53,0.000823
1959,1500,1500,1,0.0005994,7.075e-05,0.01182,0.1398,0.8477,0.0002494
1960,1500,1500,1,0.001343,0.0001949,0.0873,0.2289,0.6807,0.001771
1961,1500,1500,1,0.001062,9.19e-05,0.01028,0.4624,0.526,0.0002787
1962,1500,1500,1,0.00269,0.001779,0.2363,0.1223,0.6006,0.03635
1963,1500,1500,1,0.0005174,5.573e-05,0.00198,0.1094,0.8877,0.0004103
1964,1500,1500,1,0.00523,0.000316,0.298,0.1547,0.541,0.000788
1965,1500,1500,1,0.0268,0.002989,0.01394,0.4683,0.485,0.002785
1966,1500,1500,1,0.002172,0.0002987,0.004776,0.1599,0.8315,0.001452
1967,1500,1500,1,0.000679,0.000125,0.01434,0.1372,0.847,0.000728
1968,1500,1500,1,0.001317,0.000409,0.0179,0.3235,0.654,0.00313
1969,1500,1500,1,0.005733,0.000501,0.04785,0.08514,0.8594,0.00145
1970,1500,1500,1,0.002064,0.0002635,0.06616,0.1185,0.8115,0.001249
1971,1500,1500,1,0.0006776,0.0001293,0.006588,0.2883,0.7036,0.0006495
1972,1500,500,0,0.003326,0.0002433,0.68,0.06107,0.2546,0.0005693
1973,1500,1500,1,0.00596,0.00108,0.2373,0.2732,0.4766,0.005836
1974,1500,1500,1,0.003658,0.0002623,0.1278,0.05737,0.8096,0.001473
1975,1500,500,0,0.0479,0.002441,0.561,0.05615,0.3284,0.003895
1976,1500,500,0,0.03156,0.0004845,0.613,0.085,0.2698,0.000621
1977,1500,1500,1,0.004196,0.0007496,0.1255,0.3132,0.5527,0.003534
1978,1500,500,0,0.01738,0.0002913,0.937,0.006096,0.03882,0.0002123
1979,1500,500,0,0.0013075,9.775e-05,0.9497,0.005096,0.0435,0.0001851
1980,1500,1500,1,0.001008,0.0002146,0.02243,0.0671,0.9077,0.001774
1981,1500,1500,1,0.00177,0.0002882,0.04398,0.0752,0.8765,0.002247
1982,1500,1500,1,0.00616,0.0005145,0.2141,0.3315,0.447,0.000699
1983,1500,1500,1,0.001424,4.68e-05,0.003298,0.0233,0.9717,0.0002916
1984,1500,1500,1,0.002436,0.000919,0.1471,0.282,0.5645,0.003317
1985,1500,500,0,0.005573,0.000342,0.5586,0.03625,0.3984,0.000721
1986,1500,1000,0,0.00385,0.002037,0.01385,0.8765,0.0963,0.007465
1987,1500,1500,1,0.00608,0.0003164,0.3184,0.128,0.547,0.0004435
1988,1500,1500,1,0.002295,0.0002164,0.1693,0.1255,0.7017,0.001117
1989,1500,1500,1,0.003073,0.000301,0.045,0.1067,0.844,0.000621
1990,1500,1500,1,0.001456,0.000325,0.01229,0.14,0.8447,0.001252
1991,1500,1500,1,0.000952,0.0002412,0.1558,0.324,0.5176,0.001382
1992,1500,1500,1,0.0009546,0.00010586,0.1031,0.1205,0.775,0.0003493
1993,1500,500,0,0.003706,0.0002966,0.886,0.0195,0.09015,0.0003355
1994,1500,1000,0,0.0004807,4.166e-05,0.004204,0.918,0.0773,7.17e-05
1995,1500,500,0,0.004787,0.0004551,0.4846,0.3818,0.127,0.001213
1996,1500,1500,1,0.004738,0.0006404,0.03418,0.1392,0.8096,0.0114
1997,1500,1500,1,0.0009255,0.0002022,0.007626,0.288,0.7017,0.001523
1998,1500,1500,1,0.0005975,0.0001233,0.0139,0.2769,0.708,0.0003767
1999,1500,1000,0,0.0003936,0.0001264,0.007496,0.9067,0.085,0.0002565
2000,2000,2000,1,6.84e-05,0.00118,0.0001755,0.0002055,0.0001694,0.998
2001,2000,2000,1,0.00011337,0.002241,0.000257,0.0002376,0.0001993,0.997
2002,2000,2000,1,5.85e-05,0.000791,0.0001309,0.000151,0.0001077,0.9985
2003,2000,2000,1,8.535e-05,0.000727,0.0002347,0.0003502,0.0002197,0.9985
2004,2000,2000,1,6.4e-05,0.0008526,0.0002099,0.0002792,0.000267,0.9985
2005,2000,2000,1,1.35e-05,0.000992,3.856e-05,6.807e-05,4.57e-05,0.999
2006,2000,2000,1,7.343e-05,0.000607,0.0002137,0.000221,0.0001814,0.9985
2007,2000,2000,1,0.003456,0.07007,0.002508,0.002563,0.003483,0.918
2008,2000,2000,1,0.000117,0.001441,0.0003314,0.0002732,0.0002813,0.9976
2009,2000,2000,1,9.83e-05,0.002161,0.0002139,0.0001866,0.0001715,0.997
2010,2000,2000,1,0.0001899,0.001756,0.000298,0.000307,0.000251,0.997
2011,2000,2000,1,6.46e-05,0.0004337,0.0001646,0.0001502,0.0002272,0.999
2012,2000,2000,1,8.833e-05,0.00406,0.0001416,0.0001895,0.0001202,0.9956
2013,2000,2000,1,3.04e-05,0.001663,6.604e-05,6.5e-05,5.35e-05,0.998
2014,2000,2000,1,0.000518,0.005104,0.00124,0.001647,0.0009484,0.9907
2015,2000,2000,1,0.0003278,0.001165,0.000709,0.0008025,0.000762,0.996
2016,2000,2000,1,3.01e-05,0.001321,6.61e-05,6.455e-05,4.49e-05,0.9985
2017,2000,2000,1,4.6e-06,7.87e-05,1.49e-05,1.34e-05,1.08e-05,1.0
2018,2000,2000,1,0.0002363,0.01733,0.0003235,0.0002964,0.0002372,0.9814
2019,2000,2000,1,9.57e-05,0.001153,0.000272,0.000362,0.0002482,0.998
2020,2000,2000,1,0.0001549,0.004223,0.0002956,0.0003273,0.0002534,0.9946
2021,2000,2000,1,8.136e-05,0.007732,0.0002663,0.0001712,0.0001532,0.9917
2022,2000,2000,1,0.0001583,0.00402,0.0002484,0.000353,0.000388,0.9946
2023,2000,2000,1,9.24e-06,0.000163,2.31e-05,2.43e-05,1.955e-05,1.0
2024,2000,2000,1,1.88e-05,0.0006857,5.87e-05,5.907e-05,4.84e-05,0.999
2025,2000,2000,1,5.06e-05,0.0008125,0.0001543,0.0001916,0.0001607,0.9985
2026,2000,2000,1,3.076e-05,0.001017,6.795e-05,0.0001071,7.73e-05,0.9985
2027,2000,2000,1,2.84e-05,0.0004213,9.024e-05,0.0001186,0.00010145,0.999
2028,2000,2000,1,2.87e-05,0.0005302,0.0001346,0.0002735,0.0003648,0.9985
2029,2000,2000,1,2.3e-05,0.0004678,5.58e-05,8.845e-05,7.08e-05,0.9995
2030,2000,2000,1,3.39e-05,0.000994,7.94e-05,0.0001151,0.00011945,0.9985
2031,2000,2000,1,0.0003405,0.001729,0.000925,0.001002,0.000976,0.995
2032,2000,2000,1,3.445e-05,0.000937,7.4e-05,6.247e-05,4.524e-05,0.999
2033,2000,2000,1,5.08e-05,0.0003724,0.0001326,0.0001258,0.0001478,0.999
2034,2000,2000,1,3.916e-05,0.001776,9.86e-05,9.74e-05,8.667e-05,0.998
2035,2000,2000,1,1.67e-05,0.0002763,4.536e-05,4.83e-05,3.31e-05,0.9995
2036,2000,2000,1,2.76e-05,0.0005145,7.31e-05,6.944e-05,6.35e-05,0.999
2037,2000,2000,1,5.92e-05,0.001768,0.0001078,0.0001273,9.495e-05,0.998
2038,2000,2000,1,3.064e-05,0.000624,7.29e-05,7.856e-05,5.45e-05,0.999
2039,2000,2000,1,0.001161,0.011,0.001891,0.002579,0.00194,0.9814
2040,2000,2000,1,0.0001553,0.0009017,0.000395,0.0003853,0.000357,0.998
2041,2000,2000,1,6.54e-05,0.005802,0.0001485,0.0001271,0.00010306,0.9937
2042,2000,2000,1,5.98e-05,0.001275,0.0001324,0.0001681,0.0001213,0.998
2043,2000,2000,1,5.3e-05,0.001357,8.976e-05,0.00010914,7.516e-05,0.9985
2044,2000,2000,1,0.00010973,0.003654,0.0002042,0.0001547,0.0001108,0.9956
2045,2000,2000,1,3.403e-05,0.000959,9.36e-05,8.374e-05,5.335e-05,0.9985
2046,2000,2000,1,4e-06,0.0001116,1.603e-05,1.955e-05,1.055e-05,1.0
2047,2000,2000,1,0.0008883,0.07526,0.001214,0.001172,0.001024,0.9204
2048,2000,2000,1,7.313e-05,0.00105,0.0001872,0.0002067,0.000162,0.9985
2049,2000,2000,1,0.0001342,0.000855,0.0004046,0.000362,0.000406,0.998
2050,2000,2000,1,2.93e-05,0.001243,8.094e-05,8.91e-05,6.98e-05,0.9985
2051,2000,2000,1,5.156e-05,0.004898,0.00010705,9.215e-05,8.86e-05,0.9946
2052,2000,2000,1,8.065e-05,0.002895,0.0001832,0.0001775,0.0001311,0.9966
2053,2000,2000,1,7.516e-05,0.001478,0.0001491,0.0001358,0.00012124,0.998
2054,2000,2000,1,0.001939,0.261,0.008095,0.000755,0.0006075,0.7275
2055,2000,2000,1,3.94e-05,0.004955,0.00011045,6.47e-05,6.443e-05,0.9946
2056,2000,2000,1,5.66e-05,0.00088,0.0001549,0.0002214,0.0001822,0.9985
2057,2000,2000,1,1.71e-05,0.0006285,4.31e-05,6.664e-05,3.61e-05,0.999
2058,2000,2000,1,1.15e-05,0.0001758,4.196e-05,4.655e-05,4.15e-05,0.9995
2059,2000,2000,1,2.34e-05,0.0002735,5.73e-05,5.794e-05,3.49e-05,0.9995
2060,2000,2000,1,1.895e-05,0.0009317,3.06e-05,4.953e-05,2.7e-05,0.999
2061,2000,2000,1,0.0002307,0.003395,0.0007772,0.000499,0.000456,0.9946
2062,2000,2000,1,0.000519,0.007317,0.001767,0.000776,0.0008354,0.989
2063,2000,2000,1,2.47e-05,0.0005293,7.7e-05,9.716e-05,7.43e-05,0.999
2064,2000,2000,1,0.000894,0.0703,0.001694,0.001091,0.001229,0.925
2065,2000,2000,1,0.001504,0.4446,0.001402,0.001187,0.0010195,0.5503
2066,2000,2000,1,4.816e-05,0.000866,0.00010705,0.0001624,0.0001284,0.9985
2067,2000,2000,1,6.104e-05,0.0006285,0.0001386,0.0001756,0.000124,0.999
2068,2000,2000,1,5.5e-05,0.000741,0.0001758,0.0001734,0.000154,0.9985
2069,2000,2000,1,0.0001083,0.0008736,0.000275,0.0003922,0.0002222,0.998
2070,2000,2000,1,1.526e-05,0.0006566,3.41e-05,3.284e-05,2.843e-05,0.999
2071,2000,2000,1,0.000301,0.0094,0.000517,0.0004687,0.0004227,0.989
2072,2000,2000,1,0.0001727,0.003874,0.0003679,0.0004058,0.000391,0.9946
2073,2000,2000,1,3.25e-05,0.000569,8.196e-05,8.02e-05,6.63e-05,0.999
2074,2000,2000,1,2.444e-05,0.0005574,7.28e-05,7.48e-05,5.97e-05,0.999
2075,2000,2000,1,0.0001229,0.000971,0.0002728,0.0002558,0.0001919,0.998
2076,2000,2000,1,0.0001371,0.003696,0.0002372,0.000242,0.0001663,0.9956
2077,2000,2000,1,9e-06,0.0003057,2.146e-05,3.04e-05,1.47e-05,0.9995
2078,2000,2000,1,3.76e-05,0.000375,0.0001028,0.0001305,0.00011516,0.999
2079,2000,2000,1,9.31e-05,0.001256,0.0002987,0.0003295,0.0004084,0.9976
2080,2000,2000,1,0.0001856,0.012146,0.0004022,0.0003676,0.0004385,0.9863
2081,2000,2000,1,1.98e-05,0.0005345,4.87e-05,5.245e-05,4.387e-05,0.9995
2082,2000,2000,1,0.0001213,0.00458,0.0002104,0.0002117,0.0002347,0.9946
2083,2000,2000,1,1.39e-05,0.0002854,5.87e-05,6.264e-05,5.76e-05,0.9995
2084,2000,2000,1,3.916e-05,0.00052,7.45e-05,9.68e-05,6.07e-05,0.999
2085,2000,2000,1,2.06e-05,0.001276,5.48e-05,4.506e-05,4.22e-05,0.9985
2086,2000,2000,1,3.59e-05,0.000749,9.25e-05,7.564e-05,5.543e-05,0.999
2087,2000,2000,1,3.386e-05,0.0006285,8.66e-05,9.38e-05,7.07e-05,0.999
2088,2000,2000,1,6.79e-05,0.0009527,0.0002064,0.0002261,0.0002685,0.998
2089,2000,2000,1,5.764e-05,0.000997,0.0001677,0.0001688,0.0001744,0.9985
2090,2000,2000,1,2.253e-05,0.000802,6.336e-05,6.31e-05,4.643e-05,0.999
2091,2000,2000,1,2.617e-05,0.0003493,9.096e-05,8.154e-05,6.044e-05,0.9995
2092,2000,2000,1,5.454e-05,0.00109,0.0001549,0.000277,0.0002275,0.998
2093,2000,2000,1,9.793e-05,0.001767,0.0001925,0.0003161,0.0002737,0.9976
2094,2000,2000,1,2.044e-05,0.000578,4.876e-05,3.916e-05,3.09e-05,0.9995
2095,2000,2000,1,0.000497,0.04202,0.001133,0.0007534,0.000891,0.9546
2096,2000,2000,1,7.516e-05,0.001458,0.0002042,0.0001385,0.0001385,0.998
2097,2000,2000,1,6.56e-06,0.0001131,2.074e-05,1.854e-05,1.5e-05,1.0
2098,2000,2000,1,6.69e-05,0.0008407,0.0001552,0.0001825,0.000146,0.9985
2099,2000,2000,1,0.000245,0.004112,0.0004454,0.0004334,0.0003183,0.9946
2100,2000,2000,1,2.04e-05,0.0004506,5.86e-05,5.454e-05,4.22e-05,0.9995
2101,2000,2000,1,0.0002704,0.00856,0.0007553,0.000374,0.0004373,0.9897
2102,2000,2000,1,4.65e-05,0.0009685,0.0001077,9.906e-05,7.147e-05,0.9985
2103,2000,2000,1,0.0003524,0.02869,0.002167,0.0004218,0.0006065,0.968
2104,2000,2000,1,5.424e-05,0.0009522,0.0001779,0.0001504,0.0001073,0.9985
2105,2000,2000,1,5.21e-05,0.0007915,0.0001151,0.0001036,8.625e-05,0.999
2106,2000,2000,1,4.22e-05,0.0006495,0.0001277,0.0001204,9.966e-05,0.999
2107,2000,2000,1,7.86e-05,0.0008907,0.0002333,0.0002608,0.0002627,0.998
2108,2000,2000,1,0.0001016,0.003843,0.0002646,0.000149,0.0001732,0.9956
2109,2000,2000,1,4.596e-05,0.001082,0.0001291,0.0001304,0.00010496,0.9985
2110,2000,2000,1,3.654e-05,0.009285,8.21e-05,9.45e-05,6.306e-05,0.99
2111,2000,2000,1,4.45e-05,0.003103,7.23e-05,6.69e-05,3.94e-05,0.9966
2112,2000,2000,1,3.23e-05,0.000932,6.74e-05,6.72e-05,4.727e-05,0.999
2113,2000,2000,1,2.724e-05,0.000434,7.42e-05,7.194e-05,5.67e-05,0.9995
2114,2000,2000,1,5.96e-05,0.000541,0.0001762,0.0001955,0.0001854,0.999
2115,2000,2000,1,2.55e-05,0.009285,5.38e-05,4.596e-05,3.17e-05,0.9907
2116,2000,2000,1,0.0001768,0.00829,0.0003421,0.0003383,0.0002582,0.9907
2117,2000,2000,1,0.000347,0.001673,0.00121,0.001041,0.001139,0.9946
2118,2000,2000,1,6.83e-05,0.0009375,0.0001771,0.0001976,0.0001407,0.9985
2119,2000,100,0,0.000794,0.6914,0.002167,0.0008774,0.000723,0.304
2120,2000,2000,1,0.0001321,0.001108,0.0002568,0.0002851,0.0002055,0.998
2121,2000,2000,1,4.345e-05,0.000778,8.655e-05,8.76e-05,5.823e-05,0.999
2122,2000,2000,1,6.11e-05,0.001674,0.0001647,0.0002186,0.0002066,0.9976
2123,2000,2000,1,3.71e-05,0.00366,7.665e-05,7.325e-05,5.93e-05,0.996
2124,2000,2000,1,0.0003455,0.002172,0.000832,0.001377,0.0009356,0.994
2125,2000,2000,1,6.91e-05,0.001095,0.0001923,0.0002007,0.0001886,0.998
2126,2000,2000,1,0.0002477,0.00822,0.000488,0.0004694,0.0004077,0.99
2127,2000,2000,1,3.785e-05,0.001108,0.0001223,0.0001383,0.00011736,0.9985
2128,2000,2000,1,5.49e-05,0.0006433,0.0001516,0.0001639,0.0001304,0.999
2129,2000,2000,1,4.727e-05,0.0007772,0.0001223,0.0001365,0.0001012,0.999
2130,2000,2000,1,1.97e-05,0.000354,6.68e-05,7.5e-05,5.525e-05,0.9995
2131,2000,100,0,0.002426,0.596,0.003428,0.002413,0.002592,0.393
2132,2000,2000,1,1.186e-05,0.00011796,4.23e-05,5.037e-05,3.38e-05,0.9995
2133,2000,2000,1,1.19e-05,0.0002009,3.68e-05,4.24e-05,2.75e-05,0.9995
2134,2000,2000,1,0.0001652,0.0036,0.0003297,0.000526,0.000563,0.9946
2135,2000,2000,1,1.86e-05,0.0004334,4.375e-05,3.976e-05,2.635e-05,0.9995
2136,2000,2000,1,8.13e-05,0.0006394,0.0002263,0.0002271,0.0002104,0.9985
2137,2000,2000,1,0.00069,0.00981,0.000999,0.00085,0.000986,0.987
2138,2000,2000,1,6.58e-05,0.001131,0.000156,0.0001495,0.0001218,0.9985
2139,2000,2000,1,9.73e-05,0.0007524,0.0002418,0.000282,0.00018,0.9985
2140,2000,2000,1,2.724e-05,0.0006523,8.12e-05,8.67e-05,5.496e-05,0.999
2141,2000,2000,1,0.0006323,0.2244,0.0005884,0.0003784,0.0003052,0.774
2142,2000,2000,1,3.03e-05,0.0005083,9.4e-05,7.78e-05,6.9e-05,0.999
2143,2000,2000,1,3.5e-05,0.000847,8.71e-05,8.1e-05,7.945e-05,0.999
2144,2000,2000,1,1.54e-05,0.0002398,4.55e-05,5.573e-05,4.905e-05,0.9995
2145,2000,2000,1,0.00010705,0.00093,0.0002402,0.0002937,0.000238,0.998
2146,2000,2000,1,8.7e-05,0.000603,0.0002232,0.00028,0.0002223,0.9985
2147,2000,2000,1,0.000171,0.00479,0.0004332,0.0004246,0.000392,0.9937
2148,2000,2000,1,0.0001005,0.003353,0.0001824,0.0001915,0.0001324,0.996
2149,2000,2000,1,0.0001694,0.002281,0.0003543,0.0004604,0.0003984,0.996
2150,2000,2000,1,0.0002158,0.002432,0.0004103,0.0003476,0.0003202,0.996
2151,2000,2000,1,2.15e-05,0.001091,4.536e-05,4.596e-05,3.96e-05,0.9985
2152,2000,2000,1,8.583e-05,0.0008454,0.0002192,0.0002146,0.0001642,0.9985
2153,2000,2000,1,5.85e-05,0.000556,0.0001462,0.0001595,0.00011224,0.999
2154,2000,2000,1,2.58e-05,0.0002859,8.04e-05,8.315e-05,5.525e-05,0.9995
2155,2000,2000,1,6.39e-05,0.001049,0.0001539,0.0001585,0.0001293,0.9985
2156,2000,2000,1,1.72e-05,0.0001818,6.36e-05,8.97e-05,5.454e-05,0.9995
2157,2000,2000,1,1.943e-05,0.0002987,5.245e-05,4.3e-05,3.52e-05,0.9995
2158,2000,2000,1,0.0003707,0.002275,0.0008535,0.000869,0.001046,0.9946
2159,2000,2000,1,3.74e-05,0.0007033,0.0001326,0.0001513,0.0001286,0.999
2160,2000,2000,1,0.0005727,0.03613,0.000908,0.000577,0.0003846,0.9614
2161,2000,2000,1,4.57e-05,0.0006504,0.0001209,0.0001627,0.00010604,0.999
2162,2000,2000,1,8.196e-05,0.00196,0.0002353,0.000304,0.0002155,0.997
2163,2000,2000,1,1.19e-05,0.0004013,3.39e-05,3.22e-05,2.205e-05,0.9995
2164,2000,2000,1,1.97e-05,0.0008945,6.13e-05,8.15e-05,5.764e-05,0.999
2165,2000,2000,1,7.087e-05,0.001094,0.0001824,0.0001591,0.00012153,0.9985
2166,2000,2000,1,3.165e-05,0.0003636,9.22e-05,8.58e-05,7.886e-05,0.9995
2167,2000,2000,1,0.0003488,0.003223,0.0006247,0.0008287,0.0005403,0.9946
2168,2000,2000,1,3.08e-05,0.001265,7.22e-05,7.415e-05,7.504e-05,0.9985
2169,2000,2000,1,0.0002904,0.03053,0.000564,0.0003994,0.0005765,0.968
2170,2000,2000,1,1.824e-05,0.0004282,4.68e-05,4.92e-05,4.005e-05,0.9995
2171,2000,2000,1,5.23e-05,0.000693,0.0001624,0.0001312,0.0001476,0.999
2172,2000,2000,1,0.0002959,0.00404,0.000689,0.00197,0.001412,0.9917
2173,2000,2000,1,8.23e-05,0.001609,0.0002182,0.000257,0.0003114,0.9976
2174,2000,2000,1,7.14e-05,0.001587,0.0001451,0.000171,0.00012076,0.998
2175,2000,2000,1,1.46e-05,0.0002413,3.564e-05,4.6e-05,3.26e-05,0.9995
2176,2000,2000,1,9.43e-05,0.006737,0.0001441,0.0001507,9.847e-05,0.9927
2177,2000,2000,1,2.176e-05,0.000342,9.42e-05,5.835e-05,9.435e-05,0.9995
2178,2000,2000,1,9.87e-05,0.001616,0.0002453,0.000357,0.0002277,0.9976
2179,2000,2000,1,0.000264,0.011345,0.0004725,0.0003731,0.0003273,0.9873
2180,2000,2000,1,1.29e-05,0.0002475,4.47e-05,4.315e-05,3.61e-05,0.9995
2181,2000,2000,1,0.0001031,0.003458,0.0001733,0.00016,0.0001215,0.996
2182,2000,2000,1,0.000264,0.003124,0.001185,0.001572,0.000923,0.993
2183,2000,2000,1,6.44e-05,0.001641,0.000174,0.0001642,0.00010973,0.998
2184,2000,2000,1,0.0002112,0.005997,0.0004284,0.000384,0.000322,0.9927
2185,2000,2000,1,9.495e-05,0.00614,0.000126,0.0001172,0.00010264,0.9937
2186,2000,2000,1,3.49e-05,0.0003724,8.607e-05,9.584e-05,8.214e-05,0.9995
2187,2000,2000,1,7.87e-06,0.0001643,2.176e-05,2.63e-05,1.454e-05,1.0
2188,2000,2000,1,4.214e-05,0.001662,0.0001259,0.000142,0.00010574,0.998
2189,2000,2000,1,3.576e-05,0.004433,5.67e-05,5.305e-05,3.59e-05,0.9956
2190,2000,2000,1,0.0002078,0.00645,0.0004363,0.000543,0.0007353,0.9917
2191,2000,2000,1,0.00010306,0.007267,0.0002296,0.0002577,0.000242,0.9917
2192,2000,2000,1,6.28e-05,0.001009,0.0001527,0.0002842,0.0001827,0.9985
2193,2000,2000,1,0.0001189,0.0009203,0.0002954,0.0002402,0.0002108,0.998
2194,2000,2000,1,0.0007873,0.139,0.001616,0.0007844,0.000921,0.857
2195,2000,2000,1,0.0009055,0.2037,0.001532,0.000951,0.001141,0.7915
2196,2000,2000,1,4.91e-05,0.00083,0.0001265,0.0001167,0.0001416,0.9985
2197,2000,2000,1,5.4e-05,0.002008,8.27e-05,9.72e-05,7.78e-05,0.9976
2198,2000,2000,1,4.923e-05,0.0007577,0.0001158,0.0001032,8.39e-05,0.999
2199,2000,2000,1,2.307e-05,0.00026,6.425e-05,6.974e-05,5.47e-05,0.9995
2200,2000,2000,1,6.08e-05,0.0008245,0.0001441,0.0001636,0.0001351,0.9985
2201,2000,2000,1,0.0003355,0.03268,0.0008316,0.000536,0.0004795,0.9653
2202,2000,2000,1,0.0001377,0.0010395,0.0003245,0.0003393,0.0002737,0.998
2203,2000,2000,1,0.0001053,0.001187,0.0002496,0.000399,0.000318,0.9976
2204,2000,2000,1,9.71e-05,0.004448,0.0001898,0.0002021,0.0001804,0.995
2205,2000,2000,1,7.254e-05,0.0008287,0.0002701,0.0003786,0.0003946,0.998
2206,2000,2000,1,0.0005984,0.077,0.000862,0.000821,0.000818,0.92
2207,2000,2000,1,0.0004082,0.02216,0.0005903,0.000558,0.0004907,0.9756
2208,2000,2000,1,2.63e-05,0.0003657,7.69e-05,9.81e-05,7.963e-05,0.9995
2209,2000,2000,1,1.824e-05,0.0002735,4.4e-05,6.485e-05,3.4e-05,0.9995
2210,2000,2000,1,0.0003235,0.00822,0.0005827,0.0007963,0.0006933,0.9893
2211,2000,2000,1,0.0001359,0.002096,0.0002263,0.0003204,0.0002353,0.997
2212,2000,2000,1,0.0001178,0.000776,0.0002604,0.0002973,0.0002028,0.9985
2213,2000,2000,1,7.02e-05,0.00069,0.0001694,0.0002371,0.0001419,0.9985
2214,2000,2000,1,0.000165,0.01087,0.0003133,0.0003393,0.0003126,0.988
2215,2000,2000,1,0.000128,0.001392,0.0002637,0.0002663,0.0002378,0.9976
2216,2000,2000,1,8.96e-05,0.001062,0.0002239,0.000296,0.0001626,0.998
2217,2000,2000,1,0.000125,0.00194,0.0002794,0.000284,0.0001692,0.997
2218,2000,2000,1,0.0001434,0.001255,0.000323,0.0002356,0.0002463,0.9976
2219,2000,2000,1,3.207e-05,0.000336,9.76e-05,8.833e-05,6.46e-05,0.9995
2220,2000,2000,1,5.25e-05,0.0003762,0.000126,0.0001132,8.71e-05,0.999
2221,2000,2000,1,1.5e-05,0.0003705,4.85e-05,5.966e-05,4.19e-05,0.9995
2222,2000,2000,1,9.37e-05,0.00166,0.0001423,0.0001606,0.000128,0.998
2223,2000,2000,1,4.935e-05,0.0005455,0.0001484,0.000263,9.394e-05,0.999
2224,2000,2000,1,0.0001222,0.001433,0.0002646,0.0002763,0.0002216,0.9976
2225,2000,2000,1,1.997e-05,0.0003905,6.77e-05,8.2e-05,8.726e-05,0.9995
2226,2000,2000,1,0.000105,0.002346,0.0002167,0.0003045,0.0001783,0.997
2227,2000,2000,1,0.000259,0.001986,0.000716,0.001266,0.0009637,0.9946
2228,2000,2000,1,5.376e-05,0.0004385,0.0001414,0.0001673,0.0001467,0.999
2229,2000,2000,1,0.0002217,0.03165,0.0002897,0.0002797,0.0002111,0.9673
2230,2000,2000,1,3.5e-05,0.000979,7.04e-05,7.445e-05,5.06e-05,0.999
2231,2000,2000,1,0.0004833,0.02014,0.00141,0.001135,0.001959,0.975
2232,2000,2000,1,0.0006604,0.1671,0.001838,0.0008287,0.000696,0.829
2233,2000,2000,1,0.0001316,0.002348,0.00044,0.0004036,0.000925,0.9956
2234,2000,2000,1,0.0001526,0.001325,0.0003989,0.0003943,0.0003004,0.9976
2235,2000,2000,1,1.13e-06,4.333e-05,4.5e-06,4.77e-06,3.6e-06,1.0
2236,2000,2000,1,0.0002635,0.04764,0.0003498,0.0002997,0.0002263,0.951
2237,2000,2000,1,4.226e-05,0.0005217,0.0001258,0.000131,0.0001149,0.999
2238,2000,2000,1,0.0001798,0.0008216,0.000523,0.0007143,0.0007377,0.997
2239,2000,2000,1,4.75e-05,0.0006866,0.0001274,0.0001595,0.0001006,0.999
2240,2000,2000,1,5.513e-05,0.000513,0.0001343,0.0001787,0.0001118,0.999
2241,2000,2000,1,0.0001663,0.00278,0.0004022,0.0004683,0.0004566,0.9956
2242,2000,2000,1,0.00011367,0.001014,0.0002792,0.0002933,0.0002328,0.998
2243,2000,2000,1,3.32e-05,0.0003252,0.0001001,8.315e-05,7e-05,0.9995
2244,2000,2000,1,2.37e-05,0.001017,5.835e-05,5.43e-05,3.904e-05,0.999
2245,2000,2000,1,1.83e-05,0.000542,4.6e-05,4.83e-05,4.2e-05,0.9995
2246,2000,2000,1,0.0002606,0.007576,0.00029,0.0003777,0.0002465,0.991
2247,2000,2000,1,1.216e-05,0.001254,3.135e-05,2.9e-05,2.664e-05,0.9985
2248,2000,2000,1,4.69e-05,0.000696,0.0001322,0.00012016,9.81e-05,0.999
2249,2000,2000,1,6.19e-05,0.002045,0.0001265,0.0001143,7.07e-05,0.9976
2250,2000,2000,1,2.22e-05,0.000529,5.794e-05,6.56e-05,5.233e-05,0.9995
2251,2000,2000,1,2.444e-05,0.0009055,5.347e-05,4.78e-05,3.606e-05,0.999
2252,2000,2000,1,8.786e-05,0.001147,0.0002035,0.0001935,0.0001231,0.998
2253,2000,2000,1,3.844e-05,0.0006676,9.966e-05,0.0001462,6.61e-05,0.999
2254,2000,2000,1,7.61e-05,0.0216,0.000145,0.0001103,6.54e-05,0.978
2255,2000,2000,1,4.65e-05,0.0009494,9.906e-05,9.45e-05,6.6e-05,0.9985
2256,2000,2000,1,8e-06,0.0002143,1.854e-05,2.92e-05,1.58e-05,0.9995
2257,2000,2000,1,9.69e-05,0.002445,0.0001988,0.0002837,0.0001493,0.997
2258,2000,2000,1,4.5e-05,0.00437,0.0001145,0.0001221,6.324e-05,0.995
2259,2000,2000,1,9.98e-05,0.00078,0.0002362,0.0002357,0.0002043,0.9985
2260,2000,2000,1,0.0001285,0.001678,0.0002546,0.000307,0.0002606,0.9976
2261,2000,2000,1,0.0001234,0.001332,0.000325,0.0004964,0.000346,0.9976
2262,2000,2000,1,0.0002897,0.004406,0.00146,0.00078,0.000753,0.992
2263,2000,2000,1,5.686e-05,0.0007586,0.0001416,0.0001176,0.0001018,0.999
2264,2000,2000,1,0.0004475,0.1316,0.0006237,0.0005074,0.000414,0.866
2265,2000,2000,1,0.000234,0.0147,0.0007095,0.0003948,0.0004625,0.9834
2266,2000,2000,1,3.9e-05,0.001831,0.00010246,0.00011635,0.0001432,0.9976
2267,2000,2000,1,9.15e-05,0.001313,0.0002364,0.0002407,0.0002402,0.998
2268,2000,2000,1,1.85e-05,0.0006146,7.25e-05,5.93e-05,3.916e-05,0.999
2269,2000,2000,1,3.97e-05,0.000666,9.23e-05,8.76e-05,6.35e-05,0.999
2270,2000,2000,1,0.0001546,0.001273,0.0004866,0.000661,0.000639,0.9966
2271,2000,2000,1,0.00010395,0.000754,0.0002842,0.0002697,0.000312,0.998
2272,2000,2000,1,4.286e-05,0.0008283,7.61e-05,0.0001233,0.00012136,0.999
2273,2000,2000,1,0.0002525,0.006657,0.000618,0.000514,0.0004556,0.9917
2274,2000,2000,1,1.37e-05,0.0002577,3.81e-05,3.284e-05,2.474e-05,0.9995
2275,2000,2000,1,3.29e-05,0.000569,7.886e-05,8.523e-05,5.984e-05,0.999
2276,2000,2000,1,4.77e-05,0.000658,0.0001378,0.0002012,0.0001552,0.999
2277,2000,2000,1,0.0002252,0.00824,0.0004435,0.0004199,0.000399,0.99
2278,2000,2000,1,0.001972,0.2898,0.004143,0.002146,0.002262,0.6997
2279,2000,2000,1,7.2e-06,9.22e-05,3.68e-05,6.48e-05,4.7e-05,0.9995
2280,2000,2000,1,1.96e-05,0.0004144,5.58e-05,9.66e-05,8.845e-05,0.9995
2281,2000,2000,1,3.725e-05,0.0005417,8.81e-05,0.0001221,6.45e-05,0.999
2282,2000,2000,1,1.9e-05,0.000425,5.68e-05,7.47e-05,5.084e-05,0.9995
2283,2000,2000,1,8.73e-05,0.013214,0.0001246,0.0001139,8.14e-05,0.9863
2284,2000,2000,1,0.0001008,0.0004761,0.0002778,0.0002866,0.0002362,0.9985
2285,2000,2000,1,9.644e-05,0.001486,0.000226,0.0002491,0.000217,0.9976
2286,2000,2000,1,0.0002325,0.00962,0.0004404,0.0004187,0.0003622,0.989
2287,2000,2000,1,2.16e-05,0.0004048,6.88e-05,0.00010103,8.23e-05,0.9995
2288,2000,2000,1,0.000136,0.000978,0.0003605,0.0004215,0.0003407,0.9976
2289,2000,2000,1,5.96e-05,0.001188,0.0001421,0.0001509,0.0001377,0.9985
2290,2000,2000,1,0.0003338,0.004295,0.000796,0.0009036,0.0006323,0.993
2291,2000,2000,1,2.51e-05,0.000521,6.104e-05,6.485e-05,4.92e-05,0.9995
2292,2000,2000,1,0.0001556,0.001896,0.0003724,0.0003004,0.0002718,0.997
2293,2000,2000,1,0.0002126,0.000946,0.000609,0.000741,0.0006347,0.997
2294,2000,2000,1,6.51e-05,0.000644,0.0001605,0.0001292,0.00011533,0.999
2295,2000,2000,1,2.9e-05,0.0004182,0.0001312,0.0001816,0.0002295,0.999
2296,2000,2000,1,0.0001711,0.00376,0.000425,0.000491,0.0005302,0.9946
2297,2000,2000,1,9.704e-05,0.001759,0.0001888,0.0001388,0.00011456,0.9976
2298,2000,2000,1,0.000508,0.07904,0.0007534,0.000627,0.0007834,0.9185
2299,2000,2000,1,7.796e-05,0.001375,0.0001926,0.0002546,0.0002208,0.998
2300,2000,2000,1,3.093e-05,0.000768,6.044e-05,9.584e-05,6.324e-05,0.999
2301,2000,2000,1,2.88e-05,0.0003965,8.523e-05,0.0001154,8.595e-05,0.9995
2302,2000,2000,1,0.000213,0.001625,0.000426,0.0004203,0.0003417,0.997
2303,2000,2000,1,7.683e-05,0.0007725,0.0002218,0.000246,0.0002563,0.9985
2304,2000,2000,1,0.0001316,0.001086,0.0003047,0.0003164,0.000227,0.998
2305,2000,2000,1,0.00010324,0.001768,0.0002751,0.0002406,0.0002468,0.9976
2306,2000,2000,1,7.874e-05,0.001643,0.000153,0.0001835,0.0001119,0.998
2307,2000,2000,1,9.257e-05,0.001723,0.0002143,0.0002247,0.0001848,0.9976
2308,2000,2000,1,4.06e-05,0.0007515,0.0001046,0.0001408,8.196e-05,0.999
2309,2000,2000,1,8.25e-05,0.001066,0.0002226,0.000407,0.00045,0.9976
2310,2000,2000,1,5.27e-05,0.0004916,0.0001395,0.0001416,0.00011224,0.999
2311,2000,2000,1,0.004353,0.007748,0.006947,0.01034,0.00872,0.962
2312,2000,2000,1,2.08e-05,0.0004385,6.13e-05,5.794e-05,4.84e-05,0.9995
2313,2000,2000,1,8.33e-05,0.001139,0.000181,0.0002064,0.0001469,0.998
2314,2000,2000,1,3.62e-05,0.000661,7.7e-05,9.984e-05,6.187e-05,0.999
2315,2000,2000,1,6.73e-05,0.000626,0.0001731,0.0001752,0.0001464,0.999
2316,2000,2000,1,5.07e-06,0.0001013,1.544e-05,1.454e-05,9.7e-06,1.0
2317,2000,2000,1,1.043e-05,0.0004566,2.38e-05,2.9e-05,1.82e-05,0.9995
2318,2000,2000,1,0.000252,0.01073,0.0004663,0.0004206,0.0004296,0.988
2319,2000,2000,1,2.575e-05,0.0007834,5.984e-05,7e-05,6.37e-05,0.999
2320,2000,2000,1,0.0001482,0.001717,0.0003192,0.0002453,0.0002277,0.9976
2321,2000,2000,1,3.064e-05,0.00088,8.08e-05,7.373e-05,7.945e-05,0.999
2322,2000,2000,1,2.95e-05,0.0003202,7.015e-05,7.886e-05,5.233e-05,0.9995
2323,2000,2000,1,4.57e-05,0.001117,0.0001307,0.0001079,7.82e-05,0.9985
2324,2000,2000,1,7.546e-05,0.0009265,0.0001744,0.0001758,0.0001284,0.9985
2325,2000,2000,1,8.6e-06,0.000294,3.767e-05,5.64e-05,3.46e-05,0.9995
2326,2000,2000,1,0.000542,0.003168,0.00126,0.002028,0.001505,0.9917
2327,2000,2000,1,4.48e-05,0.000319,0.0001101,0.0001436,8.214e-05,0.9995
2328,2000,2000,1,5.47e-05,0.000475,0.0001762,0.0002404,0.0002056,0.999
2329,2000,2000,1,0.0001224,0.00091,0.0004272,0.000512,0.0004926,0.9976
2330,2000,2000,1,3.01e-05,0.0007043,8.71e-05,7.45e-05,8.13e-05,0.999
2331,2000,2000,1,0.002062,0.2727,0.003891,0.003206,0.004894,0.7134
2332,2000,2000,1,7.86e-05,0.0007834,0.0001796,0.0002075,0.0001176,0.9985
2333,2000,2000,1,2.354e-05,0.0003989,5.573e-05,5.36e-05,4.08e-05,0.9995
2334,2000,2000,1,9.763e-05,0.0009227,0.0001909,0.0002465,0.0002121,0.9985
2335,2000,2000,1,0.0001132,0.001588,0.0002527,0.0002128,0.0001702,0.9976
2336,2000,2000,1,2.563e-05,0.0004,7.933e-05,6.795e-05,6.73e-05,0.9995
2337,2000,2000,1,8.184e-05,0.00194,0.0001565,0.0001575,0.000126,0.9976
2338,2000,2000,1,6.57e-05,0.001197,0.0001266,0.0001507,0.0001113,0.9985
2339,2000,2000,1,0.0003374,0.001503,0.001225,0.001157,0.00161,0.994
2340,2000,2000,1,0.0002202,0.00167,0.000477,0.00043,0.0003498,0.997
2341,2000,2000,1,0.00011545,0.001498,0.0002582,0.00026,0.000242,0.9976
2342,2000,2000,1,8.684e-05,0.0009336,0.0001893,0.000248,0.0001882,0.9985
2343,2000,2000,1,7.87e-06,0.0001434,2.825e-05,2.88e-05,1.836e-05,1.0
2344,2000,2000,1,5.97e-05,0.000732,0.000301,0.0001151,0.0001413,0.9985
2345,2000,2000,1,7.33e-05,0.0007806,0.0001655,0.0002064,0.0001568,0.9985
2346,2000,100,0,0.001131,0.729,0.001435,0.000874,0.000886,0.2666
2347,2000,2000,1,8.91e-05,0.0006566,0.0002028,0.0002985,0.0002701,0.9985
2348,2000,2000,1,0.0009217,0.02658,0.003061,0.001403,0.0015135,0.9663
2349,2000,2000,1,0.0001597,0.00763,0.0006995,0.00043,0.0004258,0.9907
2350,2000,2000,1,0.0001419,0.001863,0.0003147,0.0003457,0.0002856,0.997
2351,2000,2000,1,3.177e-05,0.001799,0.0001011,0.0001049,7.045e-05,0.998
2352,2000,2000,1,8.2e-06,0.0001926,1.955e-05,2.22e-05,1.4e-05,0.9995
2353,2000,2000,1,2.82e-05,0.001708,7.86e-05,6.366e-05,4.256e-05,0.998
2354,2000,2000,1,2.96e-05,0.000791,0.0001018,0.0001556,0.0001235,0.999
2355,2000,2000,1,3.725e-05,0.001735,0.0001606,0.0001205,0.0001881,0.9976
2356,2000,2000,1,3.21e-05,0.001813,7.34e-05,8.094e-05,8.434e-05,0.998
2357,2000,2000,1,2.37e-05,0.0003333,6.4e-05,6.855e-05,5.6e-05,0.9995
2358,2000,2000,1,1.54e-05,0.000613,3.9e-05,3.57e-05,2.91e-05,0.999
2359,2000,2000,1,3.195e-05,0.000767,9.507e-05,8.947e-05,8.59e-05,0.999
2360,2000,2000,1,1.29e-05,0.0003595,3.505e-05,3.487e-05,3.09e-05,0.9995
2361,2000,2000,1,5.335e-05,0.000908,8.81e-05,9.77e-05,5.24e-05,0.999
2362,2000,2000,1,7.796e-05,0.001594,0.0001764,0.0001401,0.0001031,0.998
2363,2000,2000,1,1.02e-05,0.0003915,3.695e-05,3.61e-05,3.386e-05,0.9995
2364,2000,2000,1,7.105e-05,0.0007544,0.0002129,0.0002307,0.0002048,0.9985
2365,2000,2000,1,8.786e-05,0.009155,0.0001886,0.0001609,0.0001489,0.99
2366,2000,2000,1,1.51e-05,0.00032,4.745e-05,4.727e-05,4.24e-05,0.9995
2367,2000,2000,1,0.0002158,0.00835,0.0003233,0.0002804,0.0002503,0.9907
2368,2000,2000,1,8.97e-05,0.008,0.000252,0.0002002,0.0001837,0.991
2369,2000,2000,1,0.000348,0.005894,0.000584,0.0005674,0.0003839,0.992
2370,2000,2000,1,3.4e-05,0.0003073,9.966e-05,9.85e-05,8.917e-05,0.9995
2371,2000,2000,1,1.866e-05,0.000271,6.485e-05,6.44e-05,4.286e-05,0.9995
2372,2000,2000,1,6.01e-05,0.00249,0.0001354,0.0001516,8.66e-05,0.997
2373,2000,2000,1,9.78e-05,0.001002,0.0002121,0.0002375,0.0002227,0.998
2374,2000,2000,1,2.09e-05,0.0003784,6.09e-05,6.473e-05,5.06e-05,0.9995
2375,2000,2000,1,7.42e-05,0.00196,0.0001723,0.0001541,0.0001405,0.9976
2376,2000,2000,1,0.0001156,0.002348,0.0002534,0.0002878,0.0002146,0.9966
2377,2000,2000,1,0.001026,0.003738,0.001843,0.002157,0.00217,0.9893
2378,2000,2000,1,5.05e-05,0.0006833,0.0001286,0.0001519,0.00011337,0.999
2379,2000,2000,1,3.02e-05,0.000637,5.92e-05,5.87e-05,4.52e-05,0.999
2380,2000,2000,1,0.0006227,0.0894,0.002497,0.001468,0.001456,0.905
2381,2000,2000,1,0.0001208,0.0045,0.000311,0.0003226,0.000381,0.994
2382,2000,2000,1,6.276e-05,0.002127,0.0001667,0.0001544,0.0001214,0.9976
2383,2000,2000,1,1.71e-05,0.0004137,5.13e-05,5.44e-05,4.375e-05,0.9995
2384,2000,2000,1,3.18e-05,0.0006614,8.005e-05,9.364e-05,7.55e-05,0.999
2385,2000,2000,1,3.38e-05,0.0004225,8.58e-05,0.0001057,6.527e-05,0.9995
2386,2000,2000,1,7.8e-06,0.0001698,2.53e-05,4.375e-05,2.49e-05,0.9995
2387,2000,2000,1,7.01e-05,0.001015,0.0001738,0.0001645,0.0001472,0.9985
2388,2000,2000,1,3.195e-05,0.000647,9.507e-05,0.0001116,7.564e-05,0.999
2389,2000,2000,1,7.8e-06,0.0002021,2.65e-05,3.004e-05,2.646e-05,0.9995
2390,2000,2000,1,6.384e-05,0.001715,0.0001581,0.000405,0.0004876,0.997
2391,2000,2000,1,3.7e-05,0.0004158,0.0001216,0.0002704,0.000141,0.999
2392,2000,2000,1,2.27e-05,0.00062,5.95e-05,0.0001099,6.247e-05,0.999
2393,2000,2000,1,4.69e-05,0.002739,8.79e-05,0.00011224,0.00010383,0.997
2394,2000,2000,1,1.574e-05,0.0003264,4.876e-05,4e-05,2.96e-05,0.9995
2395,2000,2000,1,0.00011486,0.003014,0.0001905,0.0001779,0.0001658,0.996
2396,2000,2000,1,0.000628,0.01043,0.001128,0.000537,0.000877,0.9863
2397,2000,2000,1,4.095e-05,0.001018,0.00011307,0.0001585,0.0001385,0.9985
2398,2000,2000,1,6.3e-06,0.0002152,2.193e-05,1.895e-05,1.31e-05,0.9995
2399,2000,2000,1,9.83e-06,0.0001615,3.81e-05,3.564e-05,2.88e-05,0.9995
2400,2000,2000,1,0.000133,0.0015745,0.0003617,0.0002868,0.0002646,0.9976
2401,2000,2000,1,2.45e-05,0.0006323,6.336e-05,7.32e-05,4.61e-05,0.999
2402,2000,2000,1,3.96e-05,0.0006275,0.0001075,9.7e-05,6.706e-05,0.999
2403,2000,2000,1,3.15e-05,0.0003679,8.23e-05,9.24e-05,5.88e-05,0.9995
2404,2000,2000,1,3.44e-05,0.0009527,6.69e-05,7.67e-05,4.54e-05,0.999
2405,2000,2000,1,2.265e-05,0.0003626,6.03e-05,7.224e-05,4.923e-05,0.9995
2406,2000,2000,1,0.0003185,0.0429,0.0006237,0.0005527,0.0004857,0.955
2407,2000,2000,1,1.985e-05,0.0002668,5.895e-05,5.04e-05,4.1e-05,0.9995
2408,2000,2000,1,5.376e-05,0.004543,0.0001101,7.945e-05,6.044e-05,0.995
2409,2000,2000,1,1.17e-05,0.0002111,3.314e-05,2.85e-05,2.36e-05,0.9995
2410,2000,2000,1,9.35e-05,0.001118,0.0002158,0.0002279,0.0001527,0.998
2411,2000,2000,1,5.424e-05,0.000877,0.0002075,0.00011396,0.0001322,0.9985
2412,2000,2000,1,9.507e-05,0.001448,0.000361,0.0004044,0.0005336,0.997
2413,2000,2000,1,1.985e-05,0.0003107,6.855e-05,7.15e-05,5.895e-05,0.9995
2414,2000,2000,1,1.49e-05,0.000465,4.405e-05,4.38e-05,4.405e-05,0.9995
2415,2000,2000,1,0.0001689,0.00476,0.0004191,0.000367,0.0003314,0.994
2416,2000,2000,1,9.81e-05,0.002417,0.0002193,0.0001776,0.0001493,0.997
2417,2000,2000,1,4.333e-05,0.001891,0.0001161,8.77e-05,7.63e-05,0.9976
2418,2000,2000,1,0.0001496,0.001102,0.000445,0.000483,0.000452,0.9976
2419,2000,2000,1,1.03e-05,0.000422,2.6e-05,3.64e-05,3.165e-05,0.9995
2420,2000,2000,1,0.0001228,0.002556,0.0002422,0.000265,0.0002024,0.9966
2421,2000,2000,1,7.47e-05,0.001635,0.0001603,0.0001689,0.0001037,0.998
2422,2000,2000,1,9.87e-05,0.001097,0.0003169,0.0004117,0.0004566,0.9976
2423,2000,2000,1,0.0006857,0.01531,0.001192,0.001073,0.000996,0.981
2424,2000,2000,1,3.004e-05,0.0004857,8.56e-05,7.886e-05,6.65e-05,0.999
2425,2000,2000,1,7.504e-05,0.002533,0.0001701,0.0001558,0.0001174,0.997
2426,2000,2000,1,0.00011444,0.002432,0.000245,0.0002794,0.0002418,0.9966
2427,2000,2000,1,0.0001922,0.003077,0.0003633,0.0004141,0.0003119,0.9956
2428,2000,100,0,0.0002656,0.7295,0.0004082,0.0001631,0.0001439,0.2695
2429,2000,2000,1,1.997e-05,0.0003126,5.263e-05,6.68e-05,5.573e-05,0.9995
2430,2000,2000,1,9.43e-05,0.002937,0.0001249,0.0001616,9.847e-05,0.9966
2431,2000,2000,1,3.74e-05,0.001295,0.00010175,0.0001489,0.0001218,0.9985
2432,2000,2000,1,1.1e-05,0.0003424,2.82e-05,2.563e-05,1.967e-05,0.9995
2433,2000,2000,1,0.0002115,0.01274,0.0003633,0.0003712,0.0002663,0.986
2434,2000,2000,1,0.0001913,0.01106,0.0007052,0.0003471,0.0004003,0.9873
2435,2000,2000,1,1.63e-05,0.0002394,5.69e-05,6.4e-05,4.52e-05,0.9995
2436,2000,2000,1,0.0001103,0.00379,0.000234,0.0002148,0.0001376,0.9956
2437,2000,2000,1,0.0006056,0.03098,0.0008726,0.0006957,0.0006485,0.9663
2438,2000,2000,1,2.974e-05,0.001242,8.98e-05,0.0001002,8.45e-05,0.9985
2439,2000,2000,1,0.0002065,0.000998,0.000602,0.0006495,0.0006895,0.997
2440,2000,2000,1,1.69e-05,0.0009003,4.69e-05,3.41e-05,2.95e-05,0.999
2441,2000,2000,1,0.0002472,0.01483,0.0004907,0.0003314,0.0003169,0.984
2442,2000,2000,1,0.0004454,0.0121,0.000978,0.000826,0.0008097,0.985
2443,2000,2000,1,0.0003061,0.001383,0.0005937,0.0005374,0.0004327,0.9966
2444,2000,2000,1,3.82e-05,0.0004807,0.00011927,0.0001221,0.000137,0.999
2445,2000,2000,1,2.26e-05,0.001109,5.12e-05,4.31e-05,3.18e-05,0.9985
2446,2000,2000,1,0.000128,0.00096,0.0004249,0.0004666,0.0002527,0.9976
2447,2000,2000,1,0.0001563,0.00722,0.0002546,0.0002296,0.0001835,0.992
2448,2000,2000,1,7.147e-05,0.000759,0.0002362,0.0002142,0.000189,0.9985
2449,2000,2000,1,3.487e-05,0.0003874,0.0001163,8.71e-05,7.35e-05,0.9995
2450,2000,2000,1,1.68e-05,0.0002401,4.89e-05,5.82e-05,3.98e-05,0.9995
2451,2000,2000,1,3.23e-05,0.0008287,7.87e-05,0.000102,9.75e-05,0.999
2452,2000,2000,1,2.58e-05,0.000335,7.933e-05,8.25e-05,7.45e-05,0.9995
2453,2000,2000,1,9.674e-05,0.0007296,0.0002266,0.0002325,0.0001701,0.9985
2454,2000,2000,1,0.0001658,0.002136,0.0003417,0.0004065,0.0002928,0.9966
2455,2000,2000,1,5.28e-05,0.000893,0.0001252,0.0001038,9.36e-05,0.9985
2456,2000,2000,1,0.0003538,0.002956,0.0006247,0.0008388,0.000759,0.9946
2457,2000,2000,1,6.84e-05,0.001402,0.0001495,0.0001421,0.00013,0.998
2458,2000,2000,1,3.654e-05,0.0008187,7.993e-05,0.0001067,6.97e-05,0.999
2459,2000,2000,1,0.0001423,0.002178,0.000475,0.000565,0.0004184,0.996
2460,2000,2000,1,4.85e-05,0.001164,0.0003407,0.0001849,0.0002644,0.998
2461,2000,2000,1,0.00011814,0.0016,0.000352,0.000297,0.0002851,0.9976
2462,2000,2000,1,0.0004058,0.0093,0.0007834,0.001097,0.001266,0.9873
2463,2000,2000,1,2.813e-05,0.0005,8.76e-05,9.81e-05,8.184e-05,0.999
2464,2000,2000,1,1.556e-05,0.000554,4.37e-05,5.335e-05,3.934e-05,0.9995
2465,2000,2000,1,5.78e-05,0.003794,0.0001342,0.0001241,0.0001119,0.9956
2466,2000,2000,1,0.0002214,0.001475,0.0005813,0.000558,0.000509,0.9966
2467,2000,2000,1,1.25e-05,0.0001702,4.15e-05,4.28e-05,4.12e-05,0.9995
2468,2000,2000,1,2.89e-05,0.0006304,8.71e-05,9.83e-05,9.32e-05,0.999
2469,2000,2000,1,3.31e-05,0.0005836,5.376e-05,8.02e-05,3.934e-05,0.999
2470,2000,2000,1,0.0003617,0.01642,0.000517,0.0004718,0.0005274,0.982
2471,2000,2000,1,2.724e-05,0.0008507,6.497e-05,8.42e-05,6.765e-05,0.999
2472,2000,2000,1,3.7e-05,0.001194,7.91e-05,7.445e-05,6.38e-05,0.9985
2473,2000,2000,1,8.2e-06,0.0003352,2.58e-05,2.29e-05,2.563e-05,0.9995
2474,2000,2000,1,0.0001446,0.002127,0.0003572,0.000589,0.0006385,0.996
2475,2000,2000,1,2.56e-05,0.0007744,6.175e-05,7.29e-05,4.71e-05,0.999
2476,2000,2000,1,3.07e-05,0.000957,0.0001181,0.00014,9.69e-05,0.9985
2477,2000,2000,1,0.0001189,0.001039,0.0002792,0.0003042,0.0002613,0.998
2478,2000,2000,1,1.97e-05,0.002388,4.625e-05,5.704e-05,4.125e-05,0.9976
2479,2000,2000,1,0.0003955,0.1389,0.0006914,0.0004623,0.0004065,0.8594
2480,2000,2000,1,1.19e-05,0.0002325,3.57e-05,3.797e-05,3.01e-05,0.9995
2481,2000,2000,1,6.604e-05,0.00108,0.0001853,0.0003037,0.0002518,0.998
2482,2000,2000,1,0.0001245,0.004433,0.0002316,0.00029,0.0001668,0.9946
2483,2000,2000,1,7.62e-05,0.003323,0.0001394,0.00013,9.26e-05,0.996
2484,2000,2000,1,2.63e-05,0.0003152,7.915e-05,8.106e-05,6.837e-05,0.9995
2485,2000,2000,1,8.106e-05,0.001353,0.0002106,0.0003712,0.0003219,0.9976
2486,2000,2000,1,3.463e-05,0.0005074,0.0001077,0.0003123,0.0001292,0.999
2487,2000,2000,1,4.43e-05,0.0003796,0.0001326,0.0001326,0.000111,0.999
2488,2000,2000,1,2.205e-05,0.0002654,7.54e-05,0.0001239,9.495e-05,0.9995
2489,2000,2000,1,7.65e-05,0.003592,0.0001347,0.000193,0.0001533,0.996
2490,2000,2000,1,0.0001612,0.00155,0.0003479,0.0004492,0.000318,0.997
2491,2000,2000,1,1.68e-05,0.000406,5.305e-05,0.0001059,4.84e-05,0.9995
2492,2000,2000,1,1.89e-05,0.0007553,4.16e-05,5.233e-05,3.487e-05,0.999
2493,2000,2000,1,0.000517,0.08276,0.001214,0.001109,0.001408,0.913
2494,2000,2000,1,9.98e-05,0.0006437,0.0002357,0.0002418,0.0001829,0.9985
2495,2000,2000,1,0.0001888,0.001101,0.00044,0.0005183,0.0004263,0.9976
2496,2000,2000,1,1.3e-05,0.0002472,3.314e-05,3.62e-05,2.563e-05,0.9995
2497,2000,2000,1,0.0001284,0.000831,0.0003102,0.000299,0.000237,0.998
2498,2000,2000,1,0.00011635,0.00338,0.0002902,0.0002742,0.0001792,0.9956
2499,2000,2000,1,5.305e-05,0.01148,0.0001476,0.000558,0.0001986,0.988
2500,500,500,1,0.02802,0.0001775,0.9673,0.00266,0.001709,4.02e-05
2501,500,500,1,0.02213,0.000404,0.927,0.0367,0.01355,0.0003448
2502,500,500,1,0.005154,0.001762,0.6655,0.1242,0.199,0.004475
2503,500,500,1,0.00397,0.0001557,0.78,0.0377,0.1779,0.0004148
2504,500,500,1,0.0004191,2.24e-05,0.9985,0.000224,0.00063,1.54e-05
2505,500,500,1,0.000789,9.78e-05,0.9917,0.003275,0.003866,5.01e-05
2506,500,500,1,0.0001702,3.207e-05,0.9956,0.001411,0.002697,1.574e-05
2507,500,500,1,0.001944,3.606e-05,0.9946,0.0005016,0.002684,1.615e-05
2508,500,500,1,0.002739,0.000552,0.902,0.03093,0.06174,0.001931
2509,500,0,0,0.5503,0.001219,0.4253,0.00396,0.01819,0.0006957
2510,500,500,1,0.0009084,0.0001015,0.9863,0.001875,0.01046,0.0001329
2511,500,500,1,0.02141,0.00124,0.5225,0.05862,0.3943,0.002214
2512,500,500,1,0.011406,0.0005217,0.9697,0.00661,0.01163,0.0002064
2513,500,500,1,0.004433,4.375e-05,0.994,0.0005207,0.000761,1.52e-05
2514,500,500,1,0.02327,0.0002768,0.9595,0.007465,0.00966,8.297e-05
2515,500,500,1,0.0006785,0.0002017,0.8564,0.1193,0.02328,0.0002832
2516,500,500,1,0.000822,0.000292,0.796,0.0903,0.1122,0.000662
2517,500,500,1,0.01736,0.004353,0.8574,0.02094,0.0637,0.03598
2518,500,500,1,0.0004838,0.0001367,0.991,0.001786,0.00642,9.674e-05
2519,500,500,1,0.0535,0.0002337,0.9443,0.000606,0.001129,4.22e-05
2520,500,500,1,0.0003111,7.75e-06,0.9995,5.484e-05,7.796e-05,1.5e-06
2521,500,500,1,0.000658,6.25e-05,0.9956,0.000792,0.002718,6.92e-05
2522,500,500,1,0.001259,2.104e-05,0.9985,7.826e-05,0.0001645,6.14e-06
2523,500,500,1,0.00362,5.53e-05,0.9946,0.001009,0.0008054,2.79e-05
2524,500,500,1,0.002907,7.73e-05,0.995,0.0008116,0.0009413,5.12e-05
2525,500,500,1,0.00556,0.0001292,0.9937,0.00042,0.0002592,2.26e-05
2526,500,500,1,0.08295,0.0002146,0.9126,0.000873,0.003283,6.34e-05
2527,500,1500,0,0.01682,0.001207,0.1945,0.1189,0.6655,0.002884
2528,500,500,1,0.02927,0.001694,0.6284,0.03268,0.2986,0.009445
2529,500,500,1,0.01172,0.0007324,0.9766,0.001878,0.00781,0.001487
2530,500,500,1,0.007835,0.0006156,0.9463,0.01198,0.03284,0.0004663
2531,500,500,1,0.00043,6.3e-06,0.9995,6.205e-05,0.00011027,2.2e-06
2532,500,500,1,0.00467,7.79e-05,0.9907,0.001823,0.002533,3.713e-05
2533,500,500,1,0.104,0.000496,0.841,0.00921,0.04517,0.0005116
2534,500,500,1,0.01454,0.0001719,0.9785,0.003557,0.003296,0.0001426
2535,500,500,1,0.001472,2.77e-05,0.997,0.0007052,0.0005126,8.64e-06
2536,500,500,1,0.001661,0.0003037,0.909,0.01958,0.06885,0.0005546
2537,500,500,1,0.01002,0.0001242,0.985,0.001531,0.003408,0.0001124
2538,500,1500,0,0.000568,7.26e-05,0.05618,0.3142,0.629,0.000248
2539,500,500,1,0.007084,0.0001556,0.9814,0.005836,0.005432,9.79e-05
2540,500,500,1,0.006134,0.001041,0.4958,0.1696,0.3245,0.002937
2541,500,500,1,0.001647,0.0001494,0.9917,0.003496,0.002789,7.14e-05
2542,500,1500,0,0.003536,0.0002487,0.378,0.0855,0.532,0.0007224
2543,500,500,1,0.01189,0.000834,0.801,0.1791,0.007114,0.0004032
2544,500,500,1,0.0005145,9.5e-06,0.9985,0.00043,0.000318,6.9e-06
2545,500,500,1,0.07965,0.0004873,0.69,0.03998,0.1895,0.0003862
2546,500,500,1,0.003225,4.93e-05,0.9946,0.001078,0.001167,2.58e-05
2547,500,500,1,0.01611,0.000369,0.6753,0.1996,0.10834,0.0002954
2548,500,500,1,0.001627,2.87e-05,0.997,0.0006084,0.000588,1.05e-05
2549,500,500,1,0.2776,0.01282,0.3691,0.2339,0.09503,0.01158
2550,500,500,1,0.002064,0.0005684,0.77,0.1093,0.1175,0.0008273
2551,500,500,1,0.00949,0.00010633,0.984,0.003252,0.003206,4.905e-05
2552,500,500,1,0.00491,0.0005913,0.694,0.0434,0.2563,0.000753
2553,500,500,1,0.01411,8.23e-05,0.982,0.001302,0.002394,7.41e-05
2554,500,500,1,0.006058,0.00195,0.883,0.0764,0.03098,0.001868
2555,500,500,1,0.001675,0.0001002,0.985,0.002625,0.010605,0.0001087
2556,500,500,1,0.01813,6.676e-05,0.977,0.00172,0.002813,2.46e-05
2557,500,500,1,0.00087,0.0001783,0.9644,0.01718,0.01717,0.0002065
2558,500,500,1,0.002634,0.000356,0.97,0.01315,0.0133,0.0004363
2559,500,500,1,0.1937,0.001938,0.7275,0.03705,0.03906,0.0009556
2560,500,500,1,0.0005307,3.13e-05,0.9976,0.001046,0.000821,1.69e-05
2561,500,1500,0,0.005833,0.0004854,0.457,0.071,0.4634,0.002138
2562,500,500,1,0.014565,0.003628,0.507,0.1504,0.3071,0.0175
2563,500,500,1,0.0001894,1.11e-05,0.9985,0.000954,0.0002766,5.96e-06
2564,500,500,1,0.002043,2.56e-05,0.9976,0.0001252,0.000135,7.87e-06
2565,500,500,1,0.0008554,0.00010693,0.988,0.006508,0.004692,0.000155
2566,500,500,1,0.02907,0.000799,0.9546,0.00763,0.007225,0.0004652
2567,500,500,1,0.00636,3.445e-05,0.9927,0.0003648,0.0004418,1.1e-05
2568,500,500,1,0.3118,0.001997,0.3855,0.2534,0.04623,0.001116
2569,500,500,1,0.001532,3.093e-05,0.9976,0.000543,0.0002658,1.115e-05
2570,500,500,1,0.01204,0.0006766,0.964,0.01476,0.008156,0.0003166
2571,500,500,1,0.000496,4.697e-05,0.9946,0.003588,0.001176,3.91e-05
2572,500,500,1,0.00209,7.874e-05,0.99,0.00154,0.005974,7.53e-05
2573,500,500,1,0.003038,0.000431,0.693,0.1387,0.1643,0.0005503
2574,500,500,1,0.002369,0.0001845,0.975,0.00925,0.01298,0.00016
2575,500,500,1,0.0003192,1.89e-05,0.999,0.0004146,0.00032,6.9e-06
2576,500,500,1,0.01264,0.001356,0.8965,0.0421,0.04565,0.001785
2577,500,500,1,0.002686,9.92e-05,0.977,0.00818,0.01162,0.000146
2578,500,500,1,0.00411,0.0009456,0.8647,0.0587,0.0693,0.002438
2579,500,500,1,0.01047,0.0004358,0.834,0.03735,0.11725,0.0004342
2580,500,500,1,0.008606,3.84e-05,0.99,0.000541,0.0004034,1.26e-05
2581,500,500,1,0.012245,0.000818,0.867,0.04205,0.0766,0.0009446
2582,500,500,1,0.0058,0.0003302,0.99,0.001638,0.001562,0.000198
2583,500,500,1,0.00458,7.904e-05,0.994,0.0005302,0.00056,3.21e-05
2584,500,500,1,0.004486,0.0001601,0.969,0.003605,0.0222,0.0001446
2585,500,0,0,0.7065,0.0004394,0.29,0.001242,0.001435,0.0001782
2586,500,500,1,0.1265,0.0004,0.863,0.004906,0.005386,0.0002475
2587,500,500,1,0.0006456,2.337e-05,0.9985,0.000501,0.0003011,1.08e-05
2588,500,500,1,0.00116,5.3e-06,0.9985,0.0001264,0.0001906,1.9e-06
2589,500,500,1,0.00452,0.0002503,0.985,0.00257,0.007545,0.0002245
2590,500,500,1,0.01425,0.0003908,0.9526,0.004158,0.02803,0.0002997
2591,500,500,1,0.008316,0.0001724,0.989,0.001682,0.001038,8.667e-05
2592,500,500,1,0.00841,8.124e-05,0.9897,0.000592,0.0009613,2.927e-05
2593,500,500,1,0.01129,0.0001965,0.983,0.001218,0.00431,0.00011283
2594,500,500,1,0.003372,2.104e-05,0.995,0.0003662,0.001032,1.544e-05
2595,500,500,1,0.001052,0.0001394,0.9907,0.004112,0.003864,0.0001495
2596,500,1500,0,0.002085,0.0003736,0.241,0.0906,0.665,0.000844
2597,500,500,1,0.000647,3.5e-05,0.996,0.001144,0.002054,2.89e-05
2598,500,500,1,0.0003858,1.55e-05,0.9985,0.000479,0.0004802,6.9e-06
2599,500,500,1,0.10876,0.000995,0.863,0.00498,0.02184,0.000558
2600,500,500,1,0.00525,0.0001866,0.976,0.008194,0.00987,0.0001869
2601,500,500,1,0.006508,0.000678,0.9185,0.04553,0.02855,0.000421
2602,500,500,1,0.000855,6.44e-06,0.9985,0.0005045,0.0001601,2e-06
2603,500,500,1,0.001849,0.0004616,0.92,0.02367,0.05304,0.000836
2604,500,500,1,0.00412,0.000267,0.979,0.004673,0.01175,0.0002412
2605,500,500,1,0.01628,0.001069,0.959,0.01163,0.01056,0.0015135
2606,500,500,1,0.000713,3.72e-05,0.9873,0.004604,0.00718,3.517e-05
2607,500,500,1,0.002047,5.287e-05,0.9937,0.002626,0.001624,3.713e-05
2608,500,500,1,0.00672,0.0002997,0.722,0.03278,0.2377,0.000642
2609,500,500,1,0.00395,0.0005517,0.8853,0.0629,0.04614,0.00125
2610,500,500,1,0.00625,0.0002109,0.987,0.002773,0.003746,0.0001151
2611,500,500,1,0.01552,0.0003958,0.9224,0.01544,0.04614,0.0002975
2612,500,500,1,0.0226,0.0006227,0.8535,0.0918,0.03125,0.0003726
2613,500,500,1,0.002213,0.0002302,0.962,0.01369,0.0217,0.0001531
2614,500,500,1,0.0004344,5.5e-06,0.999,0.0001369,0.000293,2.44e-06
2615,500,500,1,0.003162,0.000424,0.8447,0.0584,0.0927,0.0004811
2616,500,500,1,0.004906,0.0001931,0.9736,0.005104,0.01582,0.0002272
2617,500,1500,0,0.00963,0.0007873,0.2937,0.312,0.383,0.0009203
2618,500,500,1,0.006676,0.0001992,0.925,0.01422,0.05362,0.0003006
2619,500,1500,0,0.001351,0.0002298,0.041,0.1053,0.851,0.0009346
2620,500,500,1,0.01229,0.0003989,0.9536,0.0186,0.014694,0.0003493
2621,500,500,1,0.000813,2.676e-05,0.9976,0.000602,0.001199,1.5e-05
2622,500,500,1,0.0003111,7.1e-06,0.9995,9.257e-05,0.0001095,3.34e-06
2623,500,500,1,0.007584,0.000408,0.981,0.003494,0.007256,0.0002184
2624,500,500,1,0.00234,0.000913,0.9463,0.01814,0.03088,0.001631
2625,500,500,1,0.0001712,1.5e-05,0.996,0.001366,0.002333,1.657e-05
2626,500,500,1,0.03574,0.011086,0.9023,0.01581,0.03082,0.004353
2627,500,500,1,0.0006294,7.37e-05,0.996,0.00142,0.0016575,3.83e-05
2628,500,500,1,0.000553,1.454e-05,0.999,0.0001557,0.000196,8.17e-06
2629,500,500,1,0.002699,0.0002816,0.9644,0.00894,0.02333,0.0002029
2630,500,500,1,0.007366,0.0001849,0.9883,0.001639,0.002373,6.78e-05
2631,500,500,1,0.00444,2.897e-05,0.995,0.0002435,0.0002794,1.1e-05
2632,500,500,1,0.001402,6.79e-05,0.996,0.0007725,0.001862,4.435e-05
2633,500,500,1,0.001762,4.876e-05,0.986,0.00795,0.004227,4.14e-05
2634,500,500,1,0.0617,0.0004344,0.9253,0.007713,0.004517,0.0001694
2635,500,500,1,0.003817,0.0006013,0.7417,0.07965,0.1735,0.000919
2636,500,500,1,0.0004666,4.256e-05,0.996,0.00201,0.001427,4.756e-05
2637,500,500,1,0.00745,0.000805,0.7837,0.1242,0.083,0.001098
2638,500,500,1,0.001846,0.000103,0.995,0.001211,0.0017185,9.27e-05
2639,500,1500,0,0.001407,0.000277,0.1359,0.275,0.587,0.000617
2640,500,500,1,0.003353,0.000956,0.631,0.12384,0.2394,0.001604
2641,500,500,1,0.005337,0.0004337,0.946,0.00829,0.03986,0.0003812
2642,500,500,1,0.00337,0.0003235,0.9717,0.007965,0.01625,0.000225
2643,500,500,1,0.0918,0.001728,0.4626,0.2078,0.2338,0.002268
2644,500,500,1,0.1514,0.001645,0.646,0.1721,0.0269,0.001935
2645,500,1000,0,0.005436,0.000545,0.02919,0.641,0.3225,0.001224
2646,500,500,1,0.0006585,2.12e-05,0.999,0.000241,0.0002084,7.2e-06
2647,500,500,1,0.03366,0.001154,0.861,0.0495,0.05347,0.001154
2648,500,500,1,0.01077,0.002014,0.8535,0.0865,0.04523,0.002022
2649,500,1500,0,0.001696,0.0002491,0.12366,0.3542,0.5195,0.0007043
2650,500,500,1,0.001952,0.0002406,0.84,0.02197,0.1355,0.0004869
2651,500,500,1,0.002165,0.0002787,0.962,0.01562,0.01964,0.000248
2652,500,500,1,0.0007825,2.82e-05,0.9976,0.000596,0.0008225,1.276e-05
2653,500,500,1,0.004597,0.0001503,0.9824,0.00529,0.007267,6.78e-05
2654,500,1500,0,0.0119,0.002518,0.1775,0.1957,0.609,0.003748
2655,500,500,1,0.00317,0.0007286,0.8066,0.06885,0.1192,0.001367
2656,500,500,1,0.00612,0.000823,0.577,0.2169,0.1979,0.001039
2657,500,500,1,0.002804,0.000245,0.985,0.008675,0.003231,0.0001176
2658,500,500,1,0.3132,0.000572,0.633,0.03427,0.0191,0.0002694
2659,500,500,1,0.02406,0.001244,0.9336,0.01949,0.02084,0.000584
2660,500,500,1,0.004765,5.525e-05,0.978,0.00432,0.01286,3.684e-05
2661,500,500,1,0.03052,0.0007367,0.7017,0.1384,0.128,0.0004601
2662,500,1000,0,0.007187,0.001775,0.3955,0.4807,0.11273,0.002256
2663,500,1500,0,0.001156,0.000916,0.074,0.413,0.507,0.003841
2664,500,500,1,0.001401,0.0003943,0.9443,0.01585,0.03717,0.000792
2665,500,500,1,0.00477,0.000366,0.9873,0.002085,0.005196,0.0001299
2666,500,500,1,0.1004,0.002459,0.886,0.00723,0.003046,0.0006027
2667,500,1000,0,0.001933,0.001076,0.3315,0.5923,0.07007,0.00315
2668,500,500,1,0.00967,0.002575,0.473,0.2942,0.2148,0.005814
2669,500,500,1,0.1093,0.004883,0.72,0.1195,0.0446,0.001254
2670,500,500,1,0.0158,0.0004926,0.9297,0.02034,0.03336,0.0002797
2671,500,500,1,0.0006633,3.95e-05,0.9985,0.0003242,0.0006194,1.4e-05
2672,500,500,1,0.002148,6.545e-05,0.996,0.0002004,0.001387,1.234e-05
2673,500,500,1,0.00503,0.001357,0.858,0.02232,0.1113,0.002224
2674,500,500,1,0.000787,4.834e-05,0.999,0.0001189,0.0002323,7.33e-06
2675,500,500,1,0.001233,3.03e-05,0.998,0.000279,0.0006056,6.74e-06
2676,500,500,1,0.001196,6.89e-05,0.9976,0.0003674,0.00096,7.58e-05
2677,500,500,1,0.07556,0.001424,0.7246,0.1411,0.0558,0.001396
2678,500,500,1,0.1459,0.001404,0.827,0.01238,0.01272,0.0005074
2679,500,500,1,0.00868,0.0001533,0.9697,0.01053,0.01093,0.0001107
2680,500,500,1,0.161,0.0004723,0.746,0.0481,0.04398,0.000246
2681,500,500,1,0.001861,0.0002239,0.9355,0.01878,0.04312,0.0002388
2682,500,500,1,0.001608,7.343e-05,0.989,0.00401,0.005527,4.99e-05
2683,500,500,1,0.0399,0.00255,0.452,0.195,0.3076,0.002975
2684,500,1000,0,0.01067,0.001184,0.2725,0.4421,0.269,0.00474
2685,500,500,1,0.002382,6.706e-05,0.9897,0.001491,0.00641,4.625e-05
2686,500,500,1,0.00209,3.55e-05,0.9976,0.0003076,0.000234,7.57e-06
2687,500,500,1,0.0008554,3.153e-05,0.9976,0.001047,0.0004783,7.6e-06
2688,500,500,1,0.004284,0.001093,0.856,0.08826,0.0494,0.0007963
2689,500,500,1,0.04608,0.0005665,0.9385,0.006172,0.00863,0.0001955
2690,500,500,1,0.00438,0.000617,0.581,0.208,0.2047,0.001291
2691,500,500,1,0.006973,0.000859,0.906,0.04462,0.04135,0.00045
2692,500,500,1,0.001398,0.0002596,0.87,0.0908,0.03702,0.0001535
2693,500,500,1,0.001488,2.27e-05,0.9976,0.000535,0.0003345,7.57e-06
2694,500,500,1,0.00791,8.005e-05,0.9907,0.000562,0.000764,1.98e-05
2695,500,500,1,0.05237,0.0006213,0.9204,0.006714,0.01947,0.000432
2696,500,500,1,0.0001329,9.5e-06,0.9995,0.0002438,0.0001963,6.26e-06
2697,500,500,1,0.06064,0.0003536,0.932,0.002096,0.004555,0.0001254
2698,500,500,1,0.00731,0.0002692,0.864,0.07416,0.05386,0.0003922
2699,500,500,1,0.001522,0.00011694,0.9775,0.006664,0.013954,0.0001924
2700,500,500,1,0.001088,8.434e-05,0.99,0.003782,0.004745,0.0001415
2701,500,500,1,0.00281,3.904e-05,0.996,0.0003552,0.000732,1.454e-05
2702,500,500,1,0.0002992,1.65e-05,0.999,0.000321,0.0001755,3.8e-06
2703,500,500,1,0.0009613,2.784e-05,0.9985,0.0001771,0.000332,9.3e-06
2704,500,500,1,0.000965,3.064e-05,0.9976,0.0006037,0.000987,1.34e-05
2705,500,500,1,0.001907,7.25e-05,0.997,0.00046,0.0004187,1.96e-05
2706,500,500,1,0.001251,1.574e-05,0.997,0.0012,0.0006022,5.07e-06
2707,500,500,1,0.0028,0.0002687,0.985,0.0044,0.007168,0.0003803
2708,500,500,1,0.003077,0.0004935,0.9116,0.04758,0.0363,0.000899
2709,500,500,1,0.0007086,2.37e-05,0.998,0.0004466,0.0005765,1.305e-05
2710,500,500,1,0.07996,0.0004563,0.9116,0.002167,0.005512,0.0002049
2711,500,500,1,0.0018,6.7e-05,0.9966,0.000597,0.0009775,4.6e-05
2712,500,500,1,0.002947,0.0005617,0.9805,0.00835,0.00737,0.0002668
2713,500,500,1,0.001197,0.0002013,0.997,0.0007825,0.000622,4.035e-05
2714,500,500,1,0.000744,5.9e-06,0.999,1.997e-05,3.964e-05,1.55e-06
2715,500,500,1,0.0003538,3.374e-05,0.9985,0.0006623,0.0004275,3.415e-05
2716,500,500,1,0.00172,0.00010765,0.99,0.003094,0.00487,9.05e-05
2717,500,500,1,0.001991,4.21e-05,0.9966,0.000548,0.000818,2.015e-05
2718,500,500,1,0.013916,0.000208,0.9795,0.001399,0.004967,0.0001811
2719,500,500,1,0.05338,0.0004494,0.943,0.001157,0.00224,9.95e-05
2720,500,500,1,0.04257,0.000754,0.929,0.005283,0.02121,0.000846
2721,500,500,1,0.07056,0.0002866,0.9272,0.000532,0.001298,6.97e-05
2722,500,500,1,0.000798,3.016e-05,0.999,8e-05,6.247e-05,4.95e-06
2723,500,500,1,0.007633,0.002184,0.9087,0.04187,0.03256,0.007046
2724,500,500,1,0.0005507,5.466e-05,0.9985,0.000742,0.0003016,1.997e-05
2725,500,500,1,0.004543,0.0002747,0.991,0.001442,0.00229,0.0001097
2726,500,500,1,0.3203,0.001369,0.6675,0.003885,0.00635,0.000448
2727,500,500,1,0.01692,0.0002599,0.9214,0.00691,0.05408,0.0002756
2728,500,500,1,0.002106,9.054e-05,0.997,0.0002878,0.000541,4.643e-05
2729,500,500,1,0.002155,8.88e-05,0.997,0.000487,0.000396,2.87e-05
2730,500,500,1,0.007088,0.0002496,0.853,0.03766,0.1015,0.0004287
2731,500,500,1,0.001215,1.544e-05,0.9985,0.000157,6.11e-05,3.76e-06
2732,500,500,1,0.03735,0.001566,0.9155,0.01446,0.03017,0.000992
2733,500,500,1,0.007614,0.000138,0.9854,0.00398,0.002794,7.04e-05
2734,500,1500,0,0.008156,0.000957,0.08527,0.1615,0.7427,0.001417
2735,500,1500,0,0.00156,0.000576,0.0539,0.1298,0.8096,0.00455
2736,500,500,1,0.02205,3.654e-05,0.9766,0.0001885,0.000985,1.323e-05
2737,500,500,1,0.03564,0.0001205,0.9634,0.000293,0.0004866,1.75e-05
2738,500,500,1,0.003784,0.0001427,0.9756,0.006744,0.01345,8.54e-05
2739,500,500,1,0.00752,0.0001514,0.988,0.003029,0.001213,0.0001287
2740,500,500,1,0.009155,0.0002271,0.987,0.001999,0.001631,5.865e-05
2741,500,500,1,0.00571,0.0003178,0.9736,0.01503,0.005203,0.000145
2742,500,500,1,0.3057,0.00101,0.6836,0.00511,0.004498,0.000404
2743,500,500,1,0.477,0.000223,0.522,0.0002627,0.0006557,2.706e-05
2744,500,500,1,0.0007415,4.55e-05,0.9956,0.002028,0.00148,2.146e-05
2745,500,500,1,0.0125,7.695e-05,0.981,0.0027,0.003744,5.966e-05
2746,500,500,1,0.0003054,4.9e-05,0.998,0.001534,0.0001792,1.68e-05
2747,500,500,1,0.00396,0.0001377,0.9927,0.001419,0.001866,9.936e-05
2748,500,500,1,0.002792,2.99e-05,0.9956,0.0007353,0.000774,1.353e-05
2749,500,500,1,0.0007143,4.14e-05,0.9976,0.000565,0.001104,1.96e-05
2750,500,500,1,0.0004148,2.1e-05,0.999,0.0003283,0.0002414,1.06e-05
2751,500,500,1,0.0012245,1.06e-05,0.9985,8.59e-05,9.08e-05,2.74e-06
2752,500,1500,0,0.01784,0.0005956,0.3591,0.0803,0.541,0.000885
2753,500,500,1,0.0002251,2.927e-05,0.9985,0.0005627,0.000703,1.47e-05
2754,500,500,1,0.000697,6.76e-05,0.997,0.000977,0.000978,4.405e-05
2755,500,0,0,0.674,0.0004804,0.3188,0.002468,0.003983,0.0003078
2756,500,500,1,0.0003157,9.5e-06,0.999,0.0001374,0.0003088,4e-06
2757,500,500,1,0.002895,4.655e-05,0.996,0.0003724,0.000484,1.13e-05
2758,500,500,1,0.005257,0.0001748,0.9863,0.002483,0.00556,6.99e-05
2759,500,500,1,0.0007014,4.3e-05,0.9976,0.0009003,0.000679,1.895e-05
2760,500,500,1,0.11005,0.0009236,0.8745,0.00982,0.00398,0.0005417
2761,500,500,1,0.1884,0.00143,0.6533,0.03017,0.1259,0.000768
2762,500,500,1,0.007065,7.38e-05,0.9917,0.000673,0.000512,4.34e-05
2763,500,500,1,0.0001901,3.046e-05,0.9976,0.001279,0.001108,2.14e-05
2764,500,500,1,0.00946,3.31e-05,0.9897,0.0002441,0.0002723,1.013e-05
2765,500,500,1,0.01545,4.3e-05,0.9844,0.0001308,0.0001085,6.8e-06
2766,500,500,1,0.002893,3.815e-05,0.9966,0.0001762,0.0002818,1.13e-05
2767,500,500,1,0.04715,0.0001396,0.9507,0.000747,0.001178,5.41e-05
2768,500,500,1,0.01672,0.0002064,0.975,0.002348,0.005398,0.00011176
2769,500,500,1,0.0003877,2.57e-05,0.9785,0.00796,0.013,1.95e-05
2770,500,500,1,0.00528,0.0001477,0.9844,0.003017,0.006817,0.0001761
2771,500,500,1,0.001595,4.73e-05,0.996,0.000871,0.001269,5.26e-05
2772,500,500,1,0.012184,4.846e-05,0.987,0.0003917,0.000317,1.365e-05
2773,500,500,1,0.001759,0.0001543,0.9287,0.03528,0.03378,0.0003152
2774,500,500,1,0.006317,0.00010264,0.9917,0.0006933,0.001022,6.81e-05
2775,500,500,1,0.001679,0.000269,0.9316,0.02116,0.04483,0.000543
2776,500,500,1,0.002274,5.233e-05,0.997,0.000228,0.0003242,1.657e-05
2777,500,500,1,0.002794,5.49e-05,0.995,0.000502,0.001657,4.613e-05
2778,500,500,1,0.0007424,2.29e-05,0.9985,0.0004773,0.000341,8.9e-06
2779,500,500,1,0.281,0.0002892,0.716,0.001169,0.001492,7.5e-05
2780,500,500,1,0.005066,0.0001851,0.991,0.001527,0.00182,0.0001109
2781,500,500,1,0.00533,5.33e-05,0.994,0.0002575,0.000253,2.26e-05
2782,500,500,1,0.4067,0.000616,0.5713,0.00442,0.01677,0.0002635
2783,500,500,1,0.007248,5.19e-05,0.992,0.0002228,0.0004365,2.67e-05
2784,500,500,1,0.0003853,4.29e-05,0.997,0.001068,0.001361,2.89e-05
2785,500,500,1,0.202,0.001299,0.7773,0.0051,0.013535,0.000604
2786,500,500,1,0.002811,0.000254,0.9795,0.006294,0.01105,0.000285
2787,500,500,1,0.000528,4.64e-05,0.999,0.0001563,0.0001006,5.25e-06
2788,500,1000,0,0.0477,0.002346,0.2416,0.577,0.1283,0.002796
2789,500,500,1,0.05493,0.000232,0.9414,0.000976,0.002129,9.98e-05
2790,500,500,1,0.007244,0.0001715,0.988,0.001275,0.003323,0.0001544
2791,500,500,1,0.1887,7.74e-05,0.81,0.00029,0.0005875,1.425e-05
2792,500,500,1,0.0009985,4.07e-05,0.985,0.00422,0.00999,4.8e-05
2793,500,500,1,0.01183,0.0002363,0.946,0.00373,0.03796,0.0002259
2794,500,500,1,0.002886,0.0004191,0.9375,0.0192,0.03964,0.0003572
2795,500,0,0,0.635,0.000601,0.3396,0.02184,0.003038,0.0001501
2796,500,500,1,0.008484,5.14e-05,0.99,0.0006337,0.0003595,1.22e-05
2797,500,500,1,0.004025,2.253e-05,0.9956,0.0002011,0.0003633,9.7e-06
2798,500,500,1,0.0382,0.0002025,0.959,0.001032,0.001498,4.99e-05
2799,500,500,1,0.000643,9.68e-05,0.9873,0.004932,0.006718,0.00010043
2800,500,500,1,0.003704,3.05e-05,0.9956,0.000214,0.0004141,7.6e-06
2801,500,500,1,0.001151,7.6e-06,0.9985,5.17e-05,0.0001967,1.6e-06
2802,500,500,1,0.151,0.0003757,0.8438,0.001664,0.002857,0.000148
2803,500,500,1,0.001237,1.186e-05,0.9985,0.00011146,0.0001186,2.74e-06
2804,500,500,1,0.0002804,9.14e-05,0.998,0.001283,0.0001996,2.48e-05
2805,500,500,1,0.02237,0.000112,0.975,0.00147,0.000712,1.776e-05
2806,500,500,1,0.002308,1.985e-05,0.9966,0.0001246,0.000832,7.7e-06
2807,500,500,1,0.2822,0.001081,0.711,0.0013485,0.004047,0.0005436
2808,500,500,1,0.0001563,1.836e-05,0.999,0.0004797,0.000133,8e-06
2809,500,500,1,0.000752,0.0001279,0.9985,0.0002087,0.0003946,2.617e-05
2810,500,500,1,0.0002261,7.1e-06,0.9995,0.000174,0.0001029,1.9e-06
2811,500,500,1,0.007,8.69e-05,0.991,0.000577,0.0009317,1.764e-05
2812,500,500,1,0.001572,5.87e-05,0.9976,0.000359,0.0003016,8.2e-06
2813,500,500,1,0.000886,5.57e-05,0.995,0.003332,0.0007424,6.443e-05
2814,500,500,1,0.00571,0.0001115,0.9907,0.0009103,0.002497,6.074e-05
2815,500,500,1,0.000465,2.086e-05,0.998,0.0004702,0.001139,1.26e-05
2816,500,500,1,0.0012665,2.07e-05,0.998,0.000395,0.0003638,8.17e-06
2817,500,500,1,0.003286,0.0002385,0.9565,0.02452,0.0151,0.0002048
2818,500,500,1,0.000612,2.944e-05,0.999,0.0003068,0.00011325,9e-06
2819,500,500,1,0.0001779,6.3e-06,0.9985,0.0005355,0.000681,9.4e-06
2820,500,500,1,0.002293,3.886e-05,0.9966,0.0008483,0.0002387,1.746e-05
2821,500,500,1,0.03516,9.817e-05,0.9634,0.0004036,0.00117,2.8e-05
2822,500,500,1,0.05008,0.001151,0.924,0.00765,0.01628,0.000985
2823,500,500,1,0.0005465,2.97e-05,0.999,0.0003788,0.0002018,1.246e-05
2824,500,500,1,0.02422,0.0004718,0.9683,0.00344,0.00332,0.0001612
2825,500,500,1,0.0054,4.26e-05,0.9937,0.0003192,0.000526,2.074e-05
2826,500,500,1,0.000503,0.0001265,0.9966,0.00216,0.0003705,2.95e-05
2827,500,500,1,0.011795,0.0001484,0.984,0.001425,0.002804,4.214e-05
2828,500,500,1,0.006485,0.0001686,0.9917,0.0009704,0.000481,4.333e-05
2829,500,500,1,0.0006676,4.816e-05,0.9985,0.0006657,0.0001961,1.7e-05
2830,500,500,1,0.0007854,4.184e-05,0.998,0.0007787,0.0002587,2.25e-05
2831,500,500,1,0.0010805,0.0001063,0.995,0.002504,0.001216,6.497e-05
2832,500,500,1,0.000713,1.216e-05,0.998,0.00069,0.0004492,3.6e-06
2833,500,500,1,0.003233,0.0003028,0.961,0.01495,0.0205,0.0001978
2834,500,500,1,0.003246,6.94e-05,0.9946,0.0005445,0.001271,6.53e-05
2835,500,500,1,0.01229,0.0002577,0.975,0.004726,0.007366,0.000124
2836,500,500,1,0.001173,6.95e-05,0.947,0.02182,0.03004,0.0001023
2837,500,500,1,0.001136,5.07e-06,0.9985,7.13e-05,5.57e-05,1.1e-06
2838,500,500,1,0.0003555,7.86e-05,0.987,0.00734,0.00543,6.57e-05
2839,500,500,1,0.00571,0.0007434,0.938,0.0486,0.005672,0.001032
2840,500,500,1,0.00213,8.69e-05,0.9873,0.00999,0.000272,1.62e-05
2841,500,500,1,0.002443,0.002552,0.923,0.0559,0.01563,0.0008564
2842,500,500,1,0.00365,0.0002141,0.9907,0.002537,0.002836,7.576e-05
2843,500,0,0,0.607,0.001496,0.374,0.01233,0.004623,0.0003667
2844,500,500,1,0.007004,0.0007043,0.941,0.02742,0.02321,0.0008397
2845,500,500,1,0.003096,6.413e-05,0.994,0.001724,0.001158,2.855e-05
2846,500,500,1,0.002777,0.0002112,0.8623,0.0834,0.05127,0.0001806
2847,500,500,1,0.004173,6.706e-05,0.9937,0.000696,0.001167,3.43e-05
2848,500,500,1,0.001705,6.866e-05,0.9956,0.001791,0.0006485,2.176e-05
2849,500,500,1,0.001611,0.000404,0.923,0.03992,0.03482,0.0003362
2850,500,500,1,0.003199,0.000674,0.902,0.0753,0.01796,0.001106
2851,500,500,1,0.00303,0.0001775,0.985,0.00842,0.00334,0.00010663
2852,500,500,1,0.002577,0.0001067,0.9946,0.00187,0.0006185,2.915e-05
2853,500,500,1,0.0134,0.00353,0.7344,0.154,0.0919,0.002628
2854,500,500,1,0.002495,0.000144,0.921,0.02542,0.05075,0.0001205
2855,500,500,1,0.02798,0.0006757,0.892,0.05862,0.0201,0.0004253
2856,500,500,1,0.04654,0.001373,0.4504,0.10486,0.3943,0.002575
2857,500,500,1,0.01015,0.0006204,0.9062,0.02045,0.06198,0.00054
2858,500,500,1,0.0001671,4.14e-05,0.996,0.003174,0.0006046,1.8e-05
2859,500,1500,0,0.006836,0.0007563,0.081,0.359,0.5513,0.001109
2860,500,500,1,0.002754,0.000502,0.8105,0.1342,0.0516,0.000656
2861,500,500,1,0.06216,0.0004318,0.9287,0.00486,0.003521,0.00010854
2862,500,500,1,0.00552,0.0003028,0.761,0.1081,0.12427,0.0004003
2863,500,500,1,0.003288,0.000543,0.9556,0.03021,0.01034,0.0002433
2864,500,500,1,0.01118,0.003199,0.5317,0.235,0.2151,0.00382
2865,500,1500,0,0.001468,0.000229,0.08563,0.2517,0.66,0.000711
2866,500,500,1,0.06354,0.00541,0.515,0.2693,0.1431,0.003378
2867,500,500,1,0.00769,0.000524,0.8574,0.0321,0.10144,0.000693
2868,500,1500,0,0.00268,0.000889,0.282,0.295,0.4175,0.002132
2869,500,500,1,0.00246,0.0003638,0.9683,0.01738,0.01026,0.001057
2870,500,500,1,0.02312,0.001676,0.8613,0.01988,0.09357,0.000596
2871,500,500,1,0.003473,0.0003471,0.598,0.3047,0.09314,0.0003257
2872,500,1500,0,0.001787,0.0004423,0.04987,0.332,0.6143,0.001715
2873,500,1500,0,0.000683,0.0001293,0.02036,0.3098,0.6685,0.0005193
2874,500,1500,0,0.00894,0.000819,0.1866,0.273,0.5293,0.001632
2875,500,1500,0,0.0398,0.001437,0.1444,0.2898,0.523,0.001645
2876,500,500,1,0.001355,0.000112,0.9663,0.01556,0.01653,0.0002241
2877,500,1000,0,0.002054,0.004936,0.137,0.716,0.1082,0.032
2878,500,1500,0,0.00685,0.0003684,0.0832,0.384,0.525,0.0006266
2879,500,1500,0,0.00128,0.0001327,0.003925,0.1534,0.841,0.000548
2880,500,500,1,0.00805,0.00076,0.6367,0.3257,0.02821,0.000741
2881,500,500,1,0.0004463,0.0002522,0.8657,0.11053,0.02274,0.0001857
2882,500,500,1,0.004612,0.001007,0.881,0.05032,0.0622,0.001038
2883,500,500,1,0.05124,0.001171,0.807,0.07587,0.0637,0.0008307
2884,500,500,1,0.003622,0.001249,0.9395,0.03053,0.02382,0.001094
2885,500,1500,0,0.01793,0.003506,0.11993,0.3818,0.4692,0.00751
2886,500,500,1,0.09265,0.003345,0.5073,0.19,0.2028,0.003843
2887,500,500,1,0.001294,0.000444,0.585,0.3223,0.0898,0.001257
2888,500,500,1,0.03488,0.001258,0.9336,0.01426,0.01543,0.0006814
2889,500,1500,0,0.00784,0.000355,0.1046,0.3416,0.545,0.0008254
2890,500,1000,0,0.01936,0.0003512,0.1967,0.7656,0.01761,0.0003693
2891,500,1500,0,0.00963,0.000585,0.1048,0.276,0.6074,0.001881
2892,500,500,1,0.176,0.002485,0.7764,0.03534,0.008514,0.001163
2893,500,1500,0,0.015,0.00576,0.4006,0.131,0.4392,0.008316
2894,500,1000,0,0.003845,0.0003097,0.0584,0.781,0.1565,0.0003994
2895,500,500,1,0.1383,0.003153,0.719,0.0711,0.0663,0.001965
2896,500,500,1,0.00789,0.001258,0.8765,0.0848,0.02876,0.000685
2897,500,500,1,0.006565,0.001647,0.3928,0.3896,0.207,0.00222
2898,500,1000,0,0.003103,0.0007925,0.2766,0.405,0.3123,0.002121
2899,500,500,1,0.001625,0.0002835,0.9106,0.078,0.009445,0.0001999
2900,500,500,1,0.04694,0.001652,0.7715,0.0804,0.0986,0.0008006
2901,500,1000,0,0.00439,0.001509,0.1139,0.7046,0.1714,0.004265
2902,500,500,1,0.0019245,0.001211,0.63,0.3499,0.0165,0.0004716
2903,500,500,1,0.0523,0.005863,0.583,0.3345,0.02101,0.003302
2904,500,500,1,0.01677,0.002592,0.674,0.1584,0.1462,0.0023
2905,500,1500,0,0.003328,0.000346,0.0757,0.4514,0.4685,0.0006146
2906,500,500,1,0.001741,2.34e-05,0.997,0.0004447,0.0004718,1.276e-05
2907,500,500,1,0.1418,7.385e-05,0.857,0.000205,0.0007567,1.72e-05
2908,500,500,1,0.00974,4.286e-05,0.9893,0.0001534,0.0008945,1.54e-05
2909,500,500,1,0.005146,0.0001837,0.806,0.01054,0.1777,0.0003262
2910,500,500,1,0.0475,0.00392,0.8145,0.0737,0.04456,0.01593
2911,500,500,1,0.001318,2.605e-05,0.998,0.000299,0.0003006,8.9e-06
2912,500,500,1,0.01791,0.001343,0.964,0.01058,0.0056,0.000921
2913,500,500,1,0.05957,0.00435,0.771,0.05292,0.1041,0.00805
2914,500,500,1,0.002167,5.096e-05,0.994,0.0014715,0.001898,4.697e-05
2915,500,500,1,0.003094,3.98e-05,0.9956,0.0003197,0.0007114,1.94e-05
2916,500,500,1,0.002018,6.306e-05,0.9795,0.00128,0.01733,5.32e-05
2917,500,500,1,0.0698,0.0001013,0.9272,0.0004017,0.00259,4.21e-05
2918,500,500,1,0.0575,7.51e-05,0.941,0.0003393,0.001193,3.55e-05
2919,500,500,1,0.007835,9.9e-05,0.985,0.002108,0.004925,5.287e-05
2920,500,500,1,0.02971,0.000327,0.9414,0.0209,0.006943,0.000507
2921,500,500,1,0.003502,0.0001198,0.9937,0.0005445,0.002148,8.54e-05
2922,500,500,1,0.0111,7.99e-05,0.979,0.001976,0.00753,6.545e-05
2923,500,500,1,0.00469,7.92e-05,0.994,0.0005527,0.0006237,4.995e-05
2924,500,500,1,0.04785,8.595e-05,0.95,0.000752,0.001067,3.59e-05
2925,500,500,1,0.01822,0.000121,0.975,0.0004594,0.006165,9.423e-05
2926,500,500,1,0.001707,7.9e-06,0.998,5.93e-05,7.5e-05,3.34e-06
2927,500,500,1,0.02145,0.00049,0.8916,0.005016,0.081,0.000443
2928,500,500,1,0.02803,0.00573,0.8354,0.0226,0.0897,0.01857
2929,500,500,1,0.001842,0.0001802,0.9937,0.0016985,0.00238,0.0001241
2930,500,500,1,0.0356,6.694e-05,0.963,0.000737,0.000627,2.176e-05
2931,500,500,1,0.001058,2.69e-05,0.9966,0.000837,0.001537,1.436e-05
2932,500,500,1,0.00637,5.484e-05,0.986,0.001659,0.006084,3.5e-05
2933,500,500,1,0.0003104,7.87e-06,0.999,0.0001917,0.000627,5.9e-06
2934,500,500,1,0.002258,7.85e-05,0.989,0.002602,0.006153,8.1e-05
2935,500,500,1,0.003708,9.81e-05,0.991,0.001149,0.003607,7.51e-05
2936,500,500,1,0.01151,0.0001552,0.9736,0.001424,0.01323,8.29e-05
2937,500,500,1,0.02275,0.000476,0.954,0.004898,0.01688,0.0007286
2938,500,500,1,0.01063,0.0002534,0.978,0.00418,0.00695,0.0001823
2939,500,500,1,0.1304,0.0002902,0.8647,0.0008526,0.003626,0.0001118
2940,500,500,1,0.05145,0.0004106,0.831,0.01065,0.1059,0.0004525
2941,500,500,1,0.002983,0.000309,0.979,0.0095,0.00801,0.0004308
2942,500,1500,0,0.001631,0.000279,0.0482,0.1316,0.8174,0.000997
2943,500,500,1,0.005272,6.28e-05,0.9893,0.001252,0.004143,5.71e-05
2944,500,0,0,0.5767,0.0007505,0.4148,0.002155,0.005146,0.0003781
2945,500,500,1,0.002062,0.0008297,0.9297,0.04358,0.02342,0.000256
2946,500,500,1,0.000214,1.2e-05,0.9976,0.00119,0.000994,1.03e-05
2947,500,1500,0,0.001166,0.000122,0.1012,0.2832,0.614,0.000314
2948,500,500,1,0.007313,0.0001145,0.9893,0.001786,0.001297,0.00010735
2949,500,500,1,0.004578,0.00071,0.8438,0.1036,0.04663,0.000777
2950,500,500,1,0.01984,0.0001307,0.975,0.001306,0.00331,9.82e-05
2951,500,500,1,0.08514,0.0002264,0.91,0.0007086,0.003765,0.0001145
2952,500,500,1,0.02243,0.000327,0.9253,0.00651,0.04526,0.000381
2953,500,500,1,0.2507,0.001707,0.733,0.003838,0.01031,0.0004094
2954,500,500,1,0.09814,0.000333,0.899,0.0005345,0.002117,0.00011444
2955,500,500,1,0.007633,0.000189,0.979,0.002445,0.01074,9.996e-05
2956,500,500,1,0.014465,0.001757,0.88,0.03436,0.06586,0.003492
2957,500,500,1,0.003784,0.0001508,0.9756,0.0031,0.017,0.0001669
2958,500,500,1,0.0248,0.002674,0.9565,0.00995,0.005047,0.001071
2959,500,500,1,0.003132,5.907e-05,0.992,0.00228,0.002443,5.233e-05
2960,500,500,1,0.0001032,4.95e-06,0.9995,0.0001014,0.00011545,1.85e-06
2961,500,500,1,0.0032,0.00011194,0.99,0.00392,0.002357,7.89e-05
2962,500,500,1,0.0048,0.0001848,0.967,0.00361,0.0246,0.000191
2963,500,500,1,0.01227,0.002115,0.973,0.00945,0.002907,0.0002038
2964,500,500,1,0.00257,0.000881,0.9624,0.009155,0.02365,0.001144
2965,500,500,1,0.001828,0.0005045,0.732,0.12396,0.1405,0.001402
2966,500,500,1,0.01804,0.0003402,0.9414,0.01174,0.02705,0.001174
2967,500,500,1,0.006138,0.0001731,0.981,0.0023,0.010254,0.0001912
2968,500,500,1,0.013405,0.001343,0.7134,0.109,0.1611,0.001704
2969,500,500,1,0.0008984,2.277e-05,0.9985,0.000365,0.000367,1.836e-05
2970,500,500,1,0.0931,0.0003724,0.9023,0.001014,0.00284,0.0002002
2971,500,500,1,0.001285,9.48e-05,0.994,0.002218,0.002409,7.844e-05
2972,500,500,1,0.007534,0.00119,0.9165,0.02676,0.04614,0.001865
2973,500,500,1,0.06213,0.0004237,0.9346,0.000468,0.002012,0.0001589
2974,500,500,1,0.04996,0.006397,0.5396,0.1425,0.2064,0.05536
2975,500,500,1,0.002234,9.626e-05,0.984,0.003254,0.01029,9.24e-05
2976,500,500,1,0.01897,0.0002035,0.979,0.001357,0.000628,6.99e-05
2977,500,500,1,0.3557,0.000454,0.6406,0.001266,0.00194,0.0001318
2978,500,500,1,0.3723,0.0004632,0.6235,0.001563,0.001781,0.0001
2979,500,500,1,0.008484,0.00010127,0.9897,0.0008063,0.000982,4.34e-05
2980,500,500,1,0.00749,0.0001953,0.9844,0.0012245,0.006687,0.0001345
2981,500,500,1,0.000961,9.876e-05,0.994,0.002348,0.002398,7.814e-05
2982,500,500,1,0.01854,0.0001436,0.9805,0.000312,0.000609,4.18e-05
2983,500,500,1,0.10516,0.0008907,0.877,0.00377,0.012215,0.0008125
2984,500,500,1,0.001402,0.00011736,0.997,0.000654,0.0008636,9.47e-05
2985,500,500,1,0.1493,0.0004017,0.8164,0.006866,0.02654,0.0002544
2986,500,500,1,0.02437,1.943e-05,0.975,0.0002235,0.0002431,4.1e-06
2987,500,500,1,0.0322,0.0005856,0.944,0.00537,0.01788,0.0002241
2988,500,500,1,0.06238,0.0001378,0.935,0.0009155,0.001632,7.135e-05
2989,500,500,1,0.1484,0.0002832,0.849,0.000919,0.000935,5.31e-05
2990,500,500,1,0.001802,2.22e-05,0.997,0.0003219,0.0007954,9.06e-06
2991,500,500,1,0.009834,0.000674,0.895,0.02744,0.0649,0.002245
2992,500,500,1,0.002022,9.28e-05,0.985,0.005466,0.007668,8.17e-05
2993,500,500,1,0.000724,3.23e-05,0.9985,0.000645,0.0002651,1.76e-05
2994,500,500,1,0.005295,0.00016,0.9883,0.001986,0.004128,0.0001027
2995,500,500,1,0.001319,0.0002398,0.971,0.01299,0.013664,0.0004127
2996,500,500,1,0.0011215,5.26e-05,0.9883,0.002205,0.00836,9.99e-05
2997,500,0,0,0.768,0.001031,0.2129,0.005836,0.01174,0.0004842
2998,500,500,1,0.002552,0.0002004,0.9717,0.01129,0.01413,0.0001338
2999,500,500,1,0.02936,0.000994,0.95,0.01431,0.004547,0.000662
