Sample,True Label,Pred Label,Correct,Prob_0,Prob_100,Prob_500,Prob_1000,Prob_1500,Prob_2000
0,0,0,1,0.9976,0.0001186,0.001693,9.096e-05,0.0003588,2.724e-05
1,0,0,1,0.98,0.0002453,0.0189,0.000422,0.0004005,5.364e-05
2,0,500,0,0.3894,0.00253,0.5557,0.03564,0.01562,0.0009484
3,0,0,1,0.941,0.0003023,0.05762,0.000741,0.000513,4.995e-05
4,0,0,1,0.9976,0.0001341,0.001192,0.000662,0.0003777,4.786e-05
5,0,0,1,0.9585,0.000673,0.03687,0.000849,0.003117,0.0001668
6,0,0,1,0.934,0.00011665,0.0646,0.000613,0.000482,2.86e-05
7,0,0,1,0.519,0.003561,0.4663,0.002117,0.00794,0.0006986
8,0,0,1,0.901,0.0003486,0.09607,0.001751,0.0007887,7.975e-05
9,0,0,1,0.9937,0.0001336,0.005173,0.0003755,0.0004747,2.31e-05
10,0,0,1,0.761,0.000729,0.23,0.003725,0.003895,0.0002177
11,0,0,1,0.7676,0.01078,0.114,0.0519,0.0468,0.00904
12,0,0,1,0.99,0.000189,0.00758,0.0006986,0.001225,3.463e-05
13,0,0,1,0.9956,0.0002759,0.002966,0.0002995,0.000908,6.35e-05
14,0,0,1,0.7446,0.001889,0.2175,0.00999,0.02481,0.001041
15,0,500,0,0.3076,0.002455,0.4517,0.1528,0.0826,0.002766
16,0,0,1,0.92,0.002205,0.05383,0.004173,0.01959,0.000489
17,0,0,1,0.978,0.0001653,0.02127,0.0002102,0.000286,2.26e-05
18,0,0,1,0.8794,0.0003788,0.1185,0.000817,0.0006294,0.0001357
19,0,0,1,0.9717,0.000294,0.02557,0.0007677,0.001555,9.054e-05
20,0,0,1,0.9985,0.0003169,0.000836,0.0001036,0.0001762,4.345e-05
21,0,500,0,0.2754,0.002443,0.6543,0.01238,0.05368,0.002045
22,0,0,1,0.9976,0.0002307,0.0019045,7.296e-05,9.24e-05,1.895e-05
23,0,0,1,0.9956,0.0002954,0.003199,0.0002654,0.0004096,0.0001168
24,0,0,1,0.6274,0.001135,0.366,0.0016775,0.003855,0.0002494
25,0,0,1,0.839,0.001883,0.11523,0.007267,0.03586,0.000791
26,0,500,0,0.1292,0.001122,0.445,0.305,0.119,0.0005655
27,0,0,1,0.9946,0.0001252,0.004604,0.0002596,0.0003343,1.72e-05
28,0,0,1,0.9697,0.0005007,0.019,0.00112,0.00964,0.0001893
29,0,1500,0,0.0585,0.0008664,0.089,0.1505,0.7007,0.0003374
30,0,0,1,0.986,0.0002211,0.012,0.000744,0.001296,7.07e-05
31,0,500,0,0.277,0.0004778,0.698,0.01318,0.010765,0.0002171
32,0,0,1,0.999,8.49e-05,0.00062,0.0002956,8.13e-05,1.25e-05
33,0,0,1,0.8794,0.0008,0.04718,0.05475,0.0176,0.0004694
34,0,0,1,0.6274,0.002289,0.1582,0.0245,0.1871,0.000637
35,0,0,1,0.997,0.0001544,0.001469,0.000689,0.000575,7.236e-05
36,0,0,1,0.989,0.0001394,0.00977,0.000562,0.000694,4.333e-05
37,0,0,1,0.9717,0.000998,0.02428,0.00131,0.001765,0.0002124
38,0,0,1,0.999,7.33e-05,0.000515,0.0003948,7.87e-05,4.96e-05
39,0,500,0,0.0554,0.0005836,0.9097,0.01698,0.01686,0.0005536
40,0,0,1,0.938,0.0001992,0.05902,0.000551,0.002205,6.27e-05
41,0,0,1,0.9995,4.61e-05,9.185e-05,7.03e-05,2.074e-05,1.52e-05
42,0,0,1,0.969,0.000535,0.014595,0.003944,0.01155,0.000198
43,0,0,1,0.9355,0.001823,0.04565,0.004166,0.0115,0.001485
44,0,0,1,0.9907,0.000737,0.006493,0.0004864,0.001382,8.11e-05
45,0,0,1,0.802,0.001764,0.1338,0.01395,0.04782,0.0008717
46,0,0,1,0.989,0.0004835,0.00969,0.0002866,0.0007343,7.695e-05
47,0,0,1,0.992,0.0004823,0.0055,0.0003898,0.001341,9.1e-05
48,0,0,1,0.9956,0.0001657,0.003983,0.000201,6.92e-05,2.456e-05
49,0,0,1,0.9985,0.00010985,0.000734,0.0001836,0.0002477,1.717e-05
50,0,0,1,0.9546,0.002579,0.01447,0.014336,0.0131,0.001164
51,0,0,1,0.9316,0.001058,0.04233,0.00971,0.014854,0.0004442
52,0,0,1,0.9897,0.000511,0.008,0.0006156,0.001053,0.0002131
53,0,0,1,0.935,0.001155,0.0619,0.0008507,0.001,0.000229
54,0,0,1,0.979,0.000548,0.01351,0.001607,0.004974,0.0001632
55,0,0,1,0.54,0.004414,0.419,0.005024,0.02954,0.001767
56,0,0,1,0.9766,0.000624,0.01483,0.004524,0.003551,8.58e-05
57,0,0,1,0.9033,0.0009427,0.05215,0.02388,0.01854,0.001054
58,0,0,1,0.99,0.0001518,0.003532,0.003956,0.001976,4.256e-05
59,0,0,1,0.9043,0.0006237,0.01473,0.0643,0.01551,0.0004432
60,0,0,1,0.9683,0.000582,0.01999,0.00729,0.003868,0.0001247
61,0,0,1,0.621,0.002232,0.232,0.0848,0.0588,0.001094
62,0,1500,0,0.1637,0.00275,0.01394,0.2754,0.5415,0.002583
63,0,1000,0,0.001212,0.00014,0.00524,0.991,0.002138,0.0001769
64,0,0,1,0.9956,0.0001987,0.001684,0.001978,0.0003295,5.99e-05
65,0,0,1,0.9897,0.0003734,0.003553,0.004444,0.001635,0.0001358
66,0,0,1,0.997,0.000145,0.001656,0.0008445,0.000137,5.19e-05
67,0,0,1,0.941,0.0009117,0.02187,0.02829,0.007156,0.0006123
68,0,0,1,0.9604,0.0004907,0.007206,0.02995,0.001099,0.000601
69,0,0,1,0.994,0.000231,0.0008736,0.004044,0.0003994,8.3e-05
70,0,0,1,0.9976,0.0001439,0.001325,0.0008917,0.0002182,4.27e-05
71,0,0,1,0.8735,0.001168,0.006554,0.1145,0.00292,0.001295
72,0,1000,0,0.3354,0.001476,0.02234,0.6343,0.005165,0.0013685
73,0,0,1,0.7896,0.001838,0.03735,0.1653,0.00489,0.001301
74,0,1000,0,0.2886,0.002132,0.008575,0.6665,0.03094,0.003456
75,0,0,1,0.9917,0.0002663,0.004715,0.001784,0.001634,7.9e-05
76,0,0,1,0.981,0.0007234,0.01034,0.005974,0.001475,0.0003233
77,0,0,1,0.888,0.001444,0.00941,0.0901,0.009445,0.001383
78,0,0,1,0.9585,0.001032,0.007584,0.01949,0.012886,0.000694
79,0,0,1,0.997,7.55e-05,0.0008693,0.000768,0.001022,1.88e-05
80,0,0,1,0.924,0.002064,0.03723,0.014084,0.02258,0.0002272
81,0,0,1,0.988,0.0003269,0.007336,0.001549,0.002914,2.82e-05
82,0,0,1,0.909,0.0002944,0.08386,0.003729,0.003073,3.92e-05
83,0,0,1,0.643,0.0005016,0.2783,0.007748,0.0701,0.0001727
84,0,0,1,0.7905,0.001105,0.0371,0.04965,0.12134,0.0004718
85,0,0,1,0.9766,0.0009227,0.00555,0.00855,0.008,0.0003183
86,0,0,1,0.999,9.4e-05,0.00071,3.177e-05,5.39e-05,1.28e-05
87,0,0,1,0.995,0.0004368,0.003773,0.0001826,0.0003197,4.363e-05
88,0,0,1,0.649,0.003576,0.2201,0.01475,0.1117,0.000899
89,0,0,1,0.997,0.0001602,0.00213,0.0002837,0.0002682,2.384e-05
90,0,0,1,0.981,0.00011826,0.01833,0.0002112,0.00042,2.736e-05
91,0,0,1,0.9863,0.001201,0.01001,0.001055,0.00132,0.0002054
92,0,0,1,0.943,0.00197,0.05246,0.001143,0.001148,0.0004756
93,0,0,1,0.9917,0.0002592,0.00726,0.000383,0.000517,6.235e-05
94,0,500,0,0.2047,0.002684,0.7847,0.0029,0.004692,0.000454
95,0,0,1,0.9985,0.0001879,0.000876,9.32e-05,0.0001898,2.49e-05
96,0,0,1,0.708,0.000675,0.2883,0.001567,0.001227,0.0001435
97,0,0,1,0.9814,0.000512,0.01709,0.0004187,0.000273,0.0001242
98,0,0,1,0.8945,0.0008483,0.0943,0.00211,0.00802,0.0001457
99,0,500,0,0.06946,0.001525,0.878,0.02208,0.02861,0.000582
100,0,0,1,0.631,0.0008307,0.363,0.002136,0.002813,0.0003247
101,0,0,1,0.998,0.0001512,0.001595,8.017e-05,7.37e-05,1.85e-05
102,0,500,0,0.3625,0.0008593,0.5605,0.02592,0.0497,0.0004067
103,0,0,1,0.9946,5.2e-05,0.00444,0.000449,0.0003655,2.015e-05
104,0,0,1,0.678,0.0006194,0.251,0.03995,0.02966,0.000616
105,0,0,1,0.979,0.000375,0.01532,0.003147,0.001972,0.0001651
106,0,0,1,0.993,0.000249,0.005207,0.0006723,0.000722,0.0001183
107,0,0,1,0.8545,0.001048,0.1376,0.001991,0.004673,0.000257
108,0,0,1,0.9126,0.001155,0.08276,0.001062,0.002022,0.0001487
109,0,0,1,0.4421,0.0008006,0.3293,0.06866,0.1584,0.000552
110,0,0,1,0.9775,0.0001204,0.02084,0.001048,0.000545,6.51e-05
111,0,0,1,0.9746,0.0004206,0.0167,0.002956,0.005154,0.0001764
112,0,0,1,0.8896,0.0004282,0.1069,0.00181,0.001267,0.0001501
113,0,0,1,0.9995,3.82e-05,0.0004559,3.827e-05,5.025e-05,7.75e-06
114,0,0,1,0.9985,3.81e-05,0.001462,2.086e-05,7.117e-05,5.1e-06
115,0,500,0,0.2695,0.000567,0.7266,0.001151,0.0019455,0.0001125
116,0,0,1,0.927,9.185e-05,0.07245,0.000389,0.0004842,5.44e-05
117,0,0,1,0.991,0.0002134,0.00844,4.76e-05,6.86e-05,1.824e-05
118,0,0,1,0.987,0.0001298,0.01284,0.000275,0.0001015,3.904e-05
119,0,0,1,0.4873,0.003382,0.4817,0.003567,0.02292,0.001184
120,0,0,1,0.9473,0.001523,0.04773,0.001451,0.001616,0.0004864
121,0,0,1,0.992,0.0003164,0.00705,0.0001273,8.17e-05,3.48e-05
122,0,0,1,0.91,0.00748,0.0789,0.0006437,0.002424,0.0004888
123,0,0,1,0.964,0.0001616,0.03455,0.0004833,0.001094,6.49e-05
124,0,0,1,0.8774,6.264e-05,0.122,9.465e-05,0.0003529,1.925e-05
125,0,0,1,0.994,0.0001785,0.005306,0.000344,0.0001984,4.756e-05
126,0,0,1,0.9873,0.00317,0.00903,0.0001235,0.0002122,0.0002172
127,0,0,1,0.997,0.000588,0.002485,2.57e-05,3.004e-05,1.52e-05
128,0,0,1,0.76,0.001048,0.2375,0.0007215,0.0008354,0.0002394
129,0,0,1,0.9937,0.0001532,0.00519,0.0003457,0.000429,2.14e-05
130,0,0,1,0.9956,9.406e-05,0.00375,0.0001683,0.0001717,4.953e-05
131,0,0,1,0.9805,0.0007725,0.0165,0.001408,0.000575,0.00022
132,0,0,1,0.9683,0.0004663,0.0272,0.001195,0.002567,0.0001101
133,0,500,0,0.27,8.845e-05,0.728,0.000816,0.000818,3.046e-05
134,0,0,1,0.5166,0.002459,0.375,0.01244,0.093,0.0007153
135,0,0,1,0.9624,0.0007358,0.0201,0.01083,0.00603,0.0001357
136,0,0,1,0.9697,0.0002215,0.02907,0.000264,0.0005164,3.74e-05
137,0,0,1,0.983,0.0006833,0.009224,0.001576,0.005493,0.0001539
138,0,0,1,0.9863,0.000277,0.01332,0.0001347,0.0001076,7.1e-05
139,0,0,1,0.9634,0.0002885,0.03543,0.0004675,0.000329,7.95e-05
140,0,0,1,0.9067,0.002542,0.0837,0.00242,0.003809,0.000652
141,0,500,0,0.007374,6.205e-05,0.973,0.003601,0.0157,4.2e-05
142,0,0,1,0.863,0.0004897,0.1326,0.001281,0.002491,0.000164
143,0,500,0,0.4004,0.000807,0.592,0.003536,0.003374,0.00012136
144,0,0,1,0.9844,0.000622,0.01417,0.0002388,0.0004385,0.0001423
145,0,0,1,0.9487,0.0001853,0.05066,0.000424,0.0001953,4.095e-05
146,0,0,1,0.9775,0.001119,0.003057,0.01193,0.005383,0.0008087
147,0,0,1,0.6055,0.002306,0.01283,0.2083,0.1694,0.001519
148,0,0,1,0.8574,0.00206,0.01496,0.0294,0.0951,0.001046
149,0,0,1,0.936,0.000977,0.01338,0.03833,0.01112,0.000367
150,0,0,1,0.5527,0.001886,0.01353,0.1934,0.2367,0.001974
151,0,0,1,0.9414,0.002174,0.00855,0.01738,0.0293,0.001151
152,0,0,1,0.959,0.000354,0.001986,0.02823,0.01054,0.000126
153,0,0,1,0.659,0.00913,0.00849,0.2217,0.0664,0.03503
154,0,0,1,0.817,0.0051,0.005733,0.09656,0.0725,0.003223
155,0,0,1,0.9893,0.0002432,0.000874,0.00852,0.001144,0.0001133
156,0,0,1,0.8833,0.007965,0.01515,0.04437,0.04446,0.004784
157,0,0,1,0.9785,0.001248,0.000835,0.00709,0.0121,0.0004263
158,0,0,1,0.973,0.0002675,0.02231,0.001714,0.002604,0.000121
159,0,0,1,0.9746,0.0003762,0.00933,0.00876,0.00699,0.0001637
160,0,0,1,0.9365,0.003088,0.00397,0.014275,0.04074,0.001265
161,0,0,1,0.959,0.00279,0.02371,0.0044,0.009315,0.0006204
162,0,0,1,0.9487,0.0002397,0.03568,0.012924,0.002363,0.0001025
163,0,0,1,0.668,0.0002594,0.02667,0.2615,0.04364,0.0001245
164,0,1000,0,0.2551,0.001383,0.11816,0.3716,0.253,0.000698
165,0,1000,0,0.06744,0.001154,0.03336,0.654,0.2429,0.001186
166,0,0,1,0.998,6.443e-05,0.0008616,0.000427,0.0003588,2.21e-05
167,0,0,1,0.9946,0.00010115,0.003143,0.00155,0.000705,4.62e-05
168,0,0,1,0.985,0.000573,0.002632,0.01001,0.001791,0.0003183
169,0,1000,0,0.3167,0.004898,0.05106,0.454,0.1677,0.005615
170,0,0,1,0.929,0.000663,0.03876,0.02151,0.0096,6.64e-05
171,0,0,1,0.9956,0.0001874,0.001995,0.0008707,0.001115,8.285e-05
172,0,0,1,0.9097,0.001076,0.02571,0.05762,0.005642,0.0004606
173,0,1500,0,0.04816,0.00388,0.2432,0.1431,0.559,0.002516
174,0,0,1,0.818,0.004135,0.1285,0.01854,0.02861,0.002598
175,0,0,1,0.6157,0.002728,0.08844,0.07587,0.2151,0.001972
176,0,0,1,0.995,6.27e-05,0.002546,0.001449,0.0008383,3.62e-05
177,0,0,1,0.937,0.0003426,0.02652,0.01808,0.01765,0.00023
178,0,0,1,0.9946,0.000382,0.001549,0.001362,0.00187,0.0001192
179,0,1500,0,0.155,0.002003,0.1301,0.295,0.4163,0.001657
180,0,0,1,0.9727,0.0003936,0.02356,0.001771,0.001413,0.0001234
181,0,0,1,0.9087,0.03604,0.03943,0.001527,0.01135,0.00286
182,0,2000,0,0.06134,0.0531,0.01747,0.0884,0.1678,0.612
183,0,0,1,0.958,0.000642,0.03873,0.000921,0.001602,0.0001303
184,0,0,1,0.9995,3.54e-05,0.0001562,1.96e-05,3.86e-05,3.3e-06
185,0,0,1,0.9966,6.396e-05,0.002783,0.0001433,0.0002236,8.2e-06
186,0,0,1,0.9155,0.00104,0.0719,0.003937,0.00748,0.000332
187,0,0,1,0.9976,8.8e-05,0.000618,0.0007143,0.000772,1.59e-05
188,0,0,1,0.8345,0.001672,0.122,0.00937,0.03152,0.000962
189,0,0,1,0.4438,0.004036,0.08923,0.07605,0.3838,0.002869
190,0,0,1,0.972,0.000799,0.007126,0.00906,0.010506,0.0003934
191,0,0,1,0.436,0.00511,0.09674,0.3782,0.082,0.001963
192,0,0,1,0.9453,0.001959,0.02074,0.01701,0.0143,0.0004706
193,0,0,1,0.982,0.0004556,0.01235,0.00264,0.002485,0.0001227
194,0,0,1,1.0,3.43e-05,5.805e-05,1.92e-05,1.65e-05,3.5e-06
195,0,0,1,0.517,0.02397,0.3474,0.02989,0.07135,0.01019
196,0,0,1,0.9385,0.0006175,0.02878,0.02666,0.00513,0.0002773
197,0,0,1,0.863,0.001672,0.09076,0.03406,0.01038,0.0004883
198,0,0,1,0.9824,0.0005307,0.005123,0.01023,0.001196,0.0003343
199,0,0,1,0.9985,3.73e-05,0.001055,6.956e-05,6.044e-05,7.33e-06
200,0,0,1,0.9927,0.0001773,0.006218,0.0003068,0.0004692,7.534e-05
201,0,0,1,0.9507,0.004807,0.03079,0.002918,0.00978,0.001248
202,0,0,1,0.9688,0.0002372,0.02913,0.000944,0.000993,8.345e-05
203,0,0,1,0.752,0.0169,0.1937,0.0172,0.01659,0.00351
204,0,0,1,0.926,0.0003293,0.06866,0.001436,0.003695,7.82e-05
205,0,0,1,0.986,0.00359,0.005806,0.00198,0.002195,0.0005956
206,0,0,1,0.998,0.0001663,0.001598,5.27e-05,5.99e-05,1.603e-05
207,0,0,1,0.7725,0.002123,0.2103,0.0115,0.003399,0.0002654
208,0,0,1,0.845,0.11084,0.03812,0.0005307,0.00279,0.002663
209,0,0,1,0.9756,0.003895,0.01041,0.000752,0.00835,0.001075
210,0,0,1,0.9966,0.0001954,0.001974,0.0005507,0.0005765,7.19e-05
211,0,0,1,0.8174,0.003212,0.05502,0.0761,0.04703,0.001355
212,0,0,1,0.9883,0.0001126,0.00312,0.004982,0.003288,2.82e-05
213,0,0,1,0.9746,0.0002823,0.01743,0.004658,0.003035,9.704e-05
214,0,0,1,0.796,0.00062,0.1932,0.005135,0.004868,0.0001771
215,0,0,1,0.9844,0.0005217,0.004543,0.00838,0.002121,0.0001653
216,0,0,1,0.89,0.001114,0.09296,0.01022,0.00491,0.000458
217,0,1000,0,0.2566,0.004025,0.2068,0.463,0.0648,0.00491
218,0,0,1,0.4412,0.009476,0.4326,0.03714,0.0772,0.002413
219,0,0,1,0.7065,0.000593,0.1985,0.05176,0.04245,0.0003474
220,0,1000,0,0.1573,0.00511,0.0398,0.3953,0.3948,0.00769
221,0,0,1,0.9746,0.0006375,0.01833,0.003664,0.002419,0.0002288
222,0,0,1,0.874,0.001835,0.0641,0.014565,0.04492,0.000622
223,0,0,1,0.9995,3.24e-05,9.76e-05,0.0001409,6.05e-05,8.5e-06
224,0,0,1,0.5527,0.000866,0.4255,0.00492,0.0147,0.0008936
225,0,0,1,0.9727,0.0010805,0.0213,0.0016165,0.003181,0.0003874
226,0,0,1,0.9453,0.001161,0.03796,0.01057,0.0042,0.0006294
227,0,0,1,0.994,0.000181,0.003155,0.001791,0.0007405,5.233e-05
228,0,0,1,0.983,0.0005455,0.0141,0.0009775,0.001502,0.0001155
229,0,0,1,0.9946,0.0001626,0.003813,0.001171,0.0003855,6.78e-05
230,0,0,1,0.97,0.0002651,0.02228,0.005085,0.001832,0.0001095
231,0,0,1,0.895,0.001264,0.06836,0.02,0.01458,0.0007696
232,0,0,1,0.6416,0.002079,0.10254,0.2264,0.02505,0.002161
233,0,0,1,0.9985,4.99e-05,0.001047,0.0001546,4.864e-05,1.21e-05
234,0,0,1,0.9087,0.0001563,0.0874,0.00259,0.001035,0.0001222
235,0,0,1,0.968,0.0003932,0.00697,0.008804,0.01588,0.0001632
236,0,0,1,0.991,0.0002756,0.004467,0.001544,0.002209,9.89e-05
237,0,0,1,0.9937,0.0002118,0.00319,0.0006647,0.00232,8.166e-05
238,0,500,0,0.2708,0.002586,0.4207,0.04764,0.2566,0.001442
239,0,0,1,0.997,4.25e-05,0.002634,0.0001781,0.0002393,8.1e-06
240,0,0,1,0.999,4.077e-05,0.0006275,0.0001287,4.226e-05,5.1e-06
241,0,0,1,0.9614,0.000144,0.03558,0.00148,0.001068,6.04e-05
242,0,0,1,0.9995,2.766e-05,0.000425,2.98e-05,2.75e-05,1.246e-05
243,0,0,1,0.5244,0.001439,0.02518,0.1137,0.3337,0.00129
244,0,0,1,0.863,0.001511,0.04337,0.07733,0.014244,0.000828
245,0,0,1,0.996,0.0002369,0.0015745,0.0007305,0.001442,7.57e-05
246,0,0,1,0.995,8.1e-05,0.003275,0.000574,0.0007033,1.985e-05
247,0,0,1,0.9565,0.000958,0.01727,0.01249,0.012405,0.0003476
248,0,0,1,0.9907,0.0001235,0.003067,0.004463,0.00166,2.72e-05
249,0,0,1,0.97,0.0002238,0.0236,0.001966,0.003704,0.0001906
250,0,0,1,0.9814,0.000516,0.003422,0.01189,0.002367,0.0002806
251,0,0,1,0.999,5.77e-05,0.0004776,0.0002141,0.00011814,1.66e-05
252,0,0,1,0.902,0.0010395,0.0477,0.03214,0.01671,0.000762
253,0,0,1,0.9966,0.0002261,0.001676,0.0008903,0.000771,9.763e-05
254,0,500,0,0.3777,0.003824,0.3948,0.0374,0.1848,0.001578
255,0,0,1,0.784,0.001881,0.04807,0.0984,0.0666,0.00088
256,0,0,1,0.744,0.003967,0.1815,0.02177,0.04782,0.0008397
257,0,0,1,0.952,0.001103,0.02382,0.00742,0.01543,0.0002506
258,0,0,1,0.588,0.000591,0.3984,0.00463,0.008125,0.0003114
259,0,0,1,0.9976,0.0001367,0.0023,7.236e-05,9.2e-05,2.04e-05
260,0,0,1,0.9995,8.625e-05,0.0002618,9.024e-05,7.1e-05,1.64e-05
261,0,0,1,0.999,4.303e-05,0.000736,0.000123,9.507e-05,1.27e-05
262,0,0,1,0.9683,0.000547,0.00926,0.01263,0.009155,0.0002549
263,0,0,1,0.944,0.0005755,0.02293,0.01447,0.0179,0.0003173
264,0,0,1,0.9385,0.0003269,0.05426,0.003902,0.002834,7.57e-05
265,0,0,1,0.9805,0.000495,0.01417,0.001329,0.003271,0.0001835
266,0,0,1,0.9443,0.0003257,0.0505,0.00223,0.002405,0.0001411
267,0,0,1,0.9727,0.0004504,0.01802,0.00614,0.002752,0.0002098
268,0,1500,0,0.2664,0.005123,0.2798,0.02968,0.4175,0.0015745
269,0,0,1,0.9897,0.000258,0.009514,0.0002332,0.0002637,5.144e-05
270,0,500,0,0.2026,0.0006905,0.7676,0.01967,0.00918,0.000197
271,0,0,1,0.834,0.001075,0.1477,0.00572,0.01126,0.0003984
272,0,0,1,0.968,0.001307,0.02296,0.002996,0.004757,0.0002623
273,0,0,1,0.9956,9.114e-05,0.00414,0.0001298,0.0001184,1.73e-05
274,0,0,1,0.9004,0.001678,0.03998,0.04523,0.01197,0.0006347
275,0,0,1,0.9995,1.49e-05,0.0002706,9.5e-06,6.74e-06,2.6e-06
276,0,0,1,1.0,4.8e-06,2.223e-05,5.7e-06,3.6e-06,6e-07
277,0,0,1,0.983,0.0002887,0.007423,0.0009294,0.008514,9.227e-05
278,0,1500,0,0.01907,0.007835,0.1704,0.281,0.43,0.0918
279,0,0,1,0.9697,8.035e-05,0.02934,0.000524,0.0003166,2.384e-05
280,0,0,1,0.991,0.0002428,0.007687,0.0003262,0.0004413,6.07e-05
281,0,0,1,0.9004,0.000674,0.07965,0.013916,0.00539,0.0001897
282,0,500,0,0.08984,0.001758,0.758,0.10864,0.04053,0.001268
283,0,0,1,0.738,0.000412,0.2554,0.002214,0.00419,0.0001394
284,0,0,1,0.655,0.001752,0.3274,0.01165,0.003944,0.0003343
285,0,0,1,0.9966,0.0001273,0.002878,0.0004468,0.0001458,4.524e-05
286,0,0,1,0.97,0.000987,0.0266,0.001014,0.001093,0.000328
287,0,0,1,0.8667,0.001127,0.1271,0.002045,0.002848,0.0003881
288,0,0,1,0.626,0.002953,0.3623,0.004654,0.003975,0.0002513
289,0,0,1,0.805,0.002682,0.1818,0.002968,0.005787,0.001386
290,0,0,1,0.9883,0.000679,0.01058,0.0001015,0.0002813,4.417e-05
291,0,0,1,0.997,0.0001159,0.00207,0.0001702,0.0003304,2.396e-05
292,0,0,1,0.919,0.000697,0.0792,0.000606,0.0005727,8.26e-05
293,0,0,1,0.9653,0.01903,0.012596,0.000992,0.0005784,0.001374
294,0,0,1,0.9546,0.001002,0.006718,0.00756,0.02979,0.0004032
295,0,0,1,0.994,0.0002149,0.00428,0.0004628,0.000633,5.56e-05
296,0,0,1,0.9917,0.000115,0.00801,0.0001599,0.0001559,2.897e-05
297,0,0,1,0.6064,0.001041,0.3738,0.006706,0.011475,0.0004275
298,0,0,1,0.9995,4.154e-05,0.0003216,7.6e-05,7.194e-05,1.03e-05
299,0,0,1,0.999,8.04e-05,0.000679,3.177e-05,3.98e-05,8.46e-06
300,0,0,1,0.964,0.002827,0.0322,0.0001943,0.000481,0.0002072
301,0,500,0,0.1383,0.002666,0.8276,0.00801,0.0219,0.001254
302,0,0,1,0.994,7.826e-05,0.005596,8.82e-05,6.4e-05,3.01e-05
303,0,0,1,0.986,0.0004206,0.01337,7.963e-05,0.0002367,7.35e-05
304,0,0,1,0.9976,3.046e-05,0.002043,8.4e-05,8.416e-05,8.3e-06
305,0,0,1,0.9785,0.0004117,0.01502,0.001849,0.004074,0.0001619
306,0,0,1,0.8,0.0003717,0.1826,0.00633,0.01077,0.0002367
307,0,500,0,0.2295,0.001523,0.547,0.07465,0.1467,0.00106
308,0,0,1,0.991,0.0003703,0.004055,0.00091,0.00337,0.0001405
309,0,0,1,0.991,0.0001317,0.0082,0.00010425,0.0001743,2.04e-05
310,0,0,1,0.977,0.000277,0.02142,0.0004404,0.0005283,7.85e-05
311,0,500,0,0.005806,0.003363,0.698,0.0633,0.2211,0.00823
312,0,0,1,0.9897,0.0002062,0.00848,0.0007024,0.000698,7.194e-05
313,0,0,1,0.992,0.0002003,0.007256,0.0001332,0.0002035,3.916e-05
314,0,500,0,0.161,0.0003831,0.821,0.007053,0.010315,0.0001751
315,0,0,1,0.9067,0.000676,0.0816,0.00483,0.006123,0.0001686
316,0,0,1,0.9966,0.0002956,0.0023,0.0002437,0.0003567,4.83e-05
317,0,0,1,0.819,0.0002704,0.1777,0.001012,0.002174,0.000194
318,0,0,1,0.9697,0.0007343,0.02495,0.002401,0.001788,0.0004072
319,0,0,1,0.991,0.000516,0.003002,0.001413,0.00385,9.984e-05
320,0,0,1,0.996,6.67e-05,0.003279,0.0003004,0.0001956,1.45e-05
321,0,0,1,0.92,0.001589,0.03888,0.0103,0.02858,0.0006623
322,0,0,1,0.999,1.37e-05,0.000824,4.07e-05,3.123e-05,1.43e-06
323,0,0,1,0.9995,2.57e-05,0.0002646,0.0001284,0.0001718,1.323e-05
324,0,0,1,0.998,1.93e-05,0.0003388,0.0007114,0.0008307,4.53e-06
325,0,0,1,0.9775,0.0003932,0.01906,0.001181,0.001978,6.384e-05
326,0,0,1,0.9307,0.0002266,0.0637,0.003561,0.001598,0.0001327
327,0,1500,0,0.1576,0.009056,0.1487,0.0736,0.607,0.004112
328,0,0,1,0.998,0.0001515,0.00156,0.0001533,0.0001824,6.133e-05
329,0,0,1,0.998,8.53e-05,0.001645,7.65e-05,0.0002172,2.086e-05
330,0,0,1,0.9956,0.0001473,0.00379,6.54e-05,0.0001572,3.064e-05
331,0,0,1,0.954,0.0002011,0.0447,0.0003853,0.000605,7.355e-05
332,0,0,1,0.996,0.0004475,0.002977,0.000167,0.0003774,4.07e-05
333,0,500,0,0.07526,0.0003028,0.9204,0.001075,0.002863,7.22e-05
334,0,0,1,0.6445,0.002806,0.315,0.01884,0.01672,0.002068
335,0,0,1,0.996,0.000604,0.00267,8.994e-05,0.0002527,5.066e-05
336,0,0,1,0.999,0.0001127,0.000818,3.195e-05,2.64e-05,1.66e-05
337,0,0,1,0.998,0.0001915,0.001724,0.00011796,9.29e-05,6.8e-05
338,0,0,1,0.844,0.0005546,0.1493,0.001617,0.00408,0.00018
339,0,0,1,0.714,0.001845,0.2825,0.0007095,0.000897,0.0001929
340,0,0,1,0.9927,0.0001879,0.006638,0.0001582,0.0003848,2.736e-05
341,0,0,1,0.58,0.003798,0.06995,0.0887,0.2546,0.002495
342,0,0,1,0.987,0.00065,0.01156,0.0001751,0.000584,0.0001048
343,0,0,1,0.992,0.000187,0.0074,5.585e-05,6.723e-05,1.84e-05
344,0,0,1,0.9883,0.0005383,0.010826,0.0001457,0.0001693,5.853e-05
345,0,0,1,0.985,0.000388,0.013695,0.0004508,0.0003743,9.173e-05
346,0,0,1,0.873,0.0008836,0.1252,0.000382,0.0003774,7.61e-05
347,0,0,1,0.9917,0.0006895,0.002764,0.002855,0.001672,0.0001851
348,0,500,0,0.3674,0.0003364,0.6265,0.001758,0.003614,0.0003173
349,0,0,1,0.97,0.00024,0.02884,0.0001367,0.0005007,5.335e-05
350,0,0,1,0.984,9.364e-05,0.01593,9.197e-05,0.0001339,2.22e-05
351,0,0,1,0.987,0.001373,0.00923,0.0004473,0.001898,0.0002599
352,0,0,1,0.98,0.00129,0.01768,0.0003138,0.0006695,0.0001241
353,0,500,0,0.3025,0.001769,0.57,0.0722,0.05252,0.001144
354,0,0,1,0.9976,4.39e-05,0.00227,1.144e-05,2.897e-05,4.95e-06
355,0,0,1,0.983,0.001138,0.01429,0.000497,0.001112,9.86e-05
356,0,0,1,0.945,0.00025,0.05307,0.0008597,0.001174,4.77e-05
357,0,0,1,0.517,0.001577,0.463,0.00727,0.01054,0.00047
358,0,0,1,0.993,8.607e-05,0.002678,0.001487,0.002655,3.54e-05
359,0,0,1,0.951,0.0005846,0.04303,0.001665,0.003304,0.0001614
360,0,1500,0,0.03503,0.002155,0.3118,0.1647,0.484,0.002485
361,0,0,1,0.974,0.00027,0.0174,0.00538,0.002663,5.174e-05
362,0,0,1,0.993,0.00011605,0.00557,0.0004916,0.0003874,3.904e-05
363,0,0,1,0.8564,0.0007424,0.1295,0.00726,0.00567,0.000318
364,0,0,1,0.9985,8.72e-05,0.0007405,0.0001923,0.000514,1.94e-05
365,0,0,1,0.789,0.0004907,0.1709,0.002377,0.0372,9.4e-05
366,0,0,1,0.809,0.000655,0.1852,0.0006514,0.003887,0.0002575
367,0,0,1,0.991,5.06e-05,0.008095,0.0001281,0.000496,1.97e-05
368,0,0,1,0.9956,9.15e-05,0.003597,0.0003054,0.0002592,4.21e-05
369,0,0,1,0.769,0.001081,0.211,0.007317,0.011,0.0004745
370,0,0,1,0.986,0.000756,0.01126,0.0008316,0.001084,0.0001143
371,0,0,1,0.987,0.0009193,0.005093,0.001423,0.00533,0.000326
372,0,0,1,0.9976,9.51e-05,0.002445,3.11e-05,9.15e-05,1.17e-05
373,0,0,1,0.9907,0.0006185,0.00842,0.000166,0.000172,4.34e-05
374,0,0,1,0.991,0.0002785,0.006886,0.0002816,0.001261,5.04e-05
375,0,0,1,0.9956,0.00025,0.003498,0.000242,0.0004582,3.195e-05
376,0,0,1,0.9883,0.0001845,0.009384,0.000553,0.001309,4.965e-05
377,0,0,1,0.742,0.0001464,0.2546,0.000765,0.002153,6.62e-05
378,0,500,0,0.319,0.0010605,0.586,0.02818,0.06506,0.0005927
379,0,0,1,0.761,0.001858,0.2291,0.002302,0.004963,0.0003247
380,0,0,1,0.998,7.284e-05,0.001196,0.0002556,0.0002887,2.18e-05
381,0,0,1,0.6504,0.001244,0.2228,0.0307,0.09436,0.0005584
382,0,0,1,0.7144,0.001137,0.2546,0.005024,0.0243,0.000323
383,0,0,1,0.6807,0.00713,0.3057,0.001613,0.00454,0.0005245
384,0,0,1,0.9985,2.754e-05,0.001023,8.774e-05,8.15e-05,7.45e-06
385,0,0,1,0.989,0.000448,0.00806,0.000746,0.00203,7.033e-05
386,0,0,1,0.9536,0.0002282,0.04388,0.000977,0.001439,8.02e-05
387,0,0,1,0.8467,0.00277,0.1483,0.0004673,0.0012455,0.000591
388,0,0,1,0.9937,0.0002632,0.00578,7.44e-05,8.73e-05,4.15e-05
389,0,500,0,0.3276,0.001154,0.6206,0.0095,0.04053,0.0005527
390,0,0,1,0.997,8.04e-05,0.002443,8.59e-05,0.0001669,1.59e-05
391,0,0,1,0.924,0.02368,0.04947,0.0003855,0.002031,0.000829
392,0,0,1,0.9116,0.0002637,0.08765,0.0001145,0.000432,4.42e-05
393,0,0,1,0.993,8.98e-05,0.006542,6.586e-05,0.0001502,1.025e-05
394,0,0,1,0.954,0.00058,0.04242,0.000652,0.001932,0.0001448
395,0,0,1,0.581,0.0003157,0.4167,0.0008593,0.000981,7.904e-05
396,0,500,0,0.4058,0.001558,0.5566,0.003525,0.03165,0.0006185
397,0,0,1,0.9863,0.000575,0.01244,0.000265,0.0003684,6.38e-05
398,0,0,1,0.9634,0.000554,0.03253,0.00206,0.001443,0.0001774
399,0,0,1,0.4905,0.000779,0.4792,0.008965,0.01997,0.000596
400,0,0,1,0.9873,0.0001425,0.0118,0.0001633,0.0007024,3.4e-05
401,0,0,1,0.6436,0.000564,0.3464,0.004147,0.005306,0.0002916
402,0,0,1,0.9014,0.0001781,0.0967,0.0007515,0.000923,9.51e-05
403,0,0,1,0.9995,0.00010777,0.0003905,2.41e-05,2.104e-05,6.6e-06
404,0,0,1,0.995,0.0001339,0.004375,8.506e-05,9.62e-05,1.46e-05
405,0,0,1,0.993,0.001424,0.004875,0.0001197,0.0005836,6.51e-05
406,0,0,1,0.979,0.0002297,0.02025,0.0001359,0.0002484,3.046e-05
407,0,0,1,0.9897,0.0001892,0.009636,0.0002106,0.000323,6.08e-05
408,0,0,1,0.9395,0.000828,0.0581,0.0003245,0.001085,0.0001355
409,0,0,1,0.9277,0.002491,0.06,0.001373,0.008194,0.0004466
410,0,0,1,0.9937,0.0002238,0.00418,0.0007043,0.001158,9.33e-05
411,0,0,1,0.9946,6.94e-05,0.004684,0.0002398,0.0001818,2.21e-05
412,0,0,1,0.635,0.001073,0.3445,0.01047,0.0085,0.0004857
413,0,500,0,0.01051,0.0008545,0.921,0.03726,0.02966,0.000961
414,0,0,1,0.9897,0.001882,0.007446,0.0002195,0.0005965,0.000235
415,0,500,0,0.3381,0.002274,0.6367,0.003181,0.01888,0.000713
416,0,0,1,0.658,0.001584,0.3315,0.002115,0.00605,0.000473
417,0,0,1,0.981,0.00266,0.0115,0.002058,0.0022,0.000661
418,0,0,1,0.8896,0.001513,0.1048,0.00135,0.002426,0.0004532
419,0,0,1,0.8755,0.000511,0.1227,0.00051,0.0007195,0.0002577
420,0,0,1,0.8564,0.000257,0.1409,0.001052,0.001384,0.000138
421,0,0,1,0.826,0.002028,0.1621,0.002247,0.00713,0.0002635
422,0,0,1,0.9673,0.0001867,0.03029,0.001337,0.0008984,6.12e-05
423,0,0,1,0.9707,0.002008,0.02435,0.001462,0.001134,0.0003705
424,0,0,1,0.8394,0.002615,0.1332,0.004,0.02046,0.0005407
425,0,0,1,0.9883,0.0001217,0.01157,6.336e-05,7.57e-05,2.044e-05
426,0,0,1,0.9985,0.0006065,0.0009985,2.277e-05,3.28e-05,4.02e-05
427,0,0,1,0.8774,0.0007176,0.1202,0.0003736,0.000904,0.0001533
428,0,0,1,0.8403,0.0009613,0.157,0.00053,0.001113,0.0001615
429,0,0,1,0.874,0.004295,0.1188,0.0008736,0.00157,0.000496
430,0,0,1,0.753,0.0006924,0.2422,0.001572,0.002247,0.0001831
431,0,0,1,0.9844,4.166e-05,0.01518,9.155e-05,0.0001404,7.3e-06
432,0,0,1,0.999,4.363e-05,0.000985,5.07e-06,6.6e-06,1.9e-06
433,0,500,0,0.2059,0.004036,0.7847,0.001244,0.00358,0.000554
434,0,0,1,0.981,0.0002258,0.0184,8.804e-05,0.0001843,2.46e-05
435,0,0,1,0.883,0.002647,0.1109,0.001081,0.002337,0.0002475
436,0,0,1,0.998,0.0001177,0.001889,4.93e-05,5.01e-05,1.66e-05
437,0,0,1,0.773,0.001202,0.2032,0.00694,0.015045,0.0006294
438,0,0,1,0.9863,5.88e-05,0.01353,5.615e-05,5.907e-05,1.55e-05
439,0,0,1,0.989,0.001232,0.00792,0.000592,0.0012865,0.0002218
440,0,0,1,0.988,0.00269,0.006775,0.0004983,0.00152,0.000806
441,0,0,1,0.996,0.0002308,0.003614,6.33e-05,9.2e-05,1.985e-05
442,0,0,1,0.9907,0.0001681,0.0073,0.0007524,0.0009413,4.77e-05
443,0,0,1,0.996,8.464e-05,0.003286,0.0001788,0.0002892,1.52e-05
444,0,500,0,0.0973,0.000514,0.858,0.01116,0.03308,0.000264
445,0,0,1,0.5244,0.001333,0.439,0.00873,0.02574,0.000893
446,0,0,1,0.702,0.0006976,0.2864,0.003357,0.007225,0.0002522
447,0,1500,0,0.11395,0.00639,0.1924,0.05478,0.6294,0.003176
448,0,0,1,0.695,0.002169,0.286,0.005,0.01178,0.0003
449,0,0,1,0.9937,6.19e-05,0.005558,0.0002763,0.0003736,2.915e-05
450,0,0,1,0.9893,8.863e-05,0.01036,0.0001887,0.0002065,1.63e-05
451,0,0,1,0.9966,7.635e-05,0.002935,9.12e-05,0.0002732,2.28e-05
452,0,0,1,0.999,0.0001133,0.001009,2.944e-05,2.813e-05,8.17e-06
453,0,500,0,0.4075,0.006977,0.5747,0.001598,0.0079,0.0011425
454,0,0,1,0.9453,0.0006795,0.0517,0.0004473,0.001651,0.0001543
455,0,0,1,0.7314,0.000396,0.265,0.0003655,0.00263,0.0002468
456,0,0,1,0.988,0.001034,0.00892,0.0005336,0.001647,0.00032
457,0,0,1,0.9907,0.0003517,0.008316,0.0001957,0.0004196,8.91e-05
458,0,0,1,0.9937,0.000127,0.00602,0.00010777,0.0001373,3.994e-05
459,0,0,1,0.799,0.00401,0.1755,0.005844,0.01475,0.0008945
460,0,0,1,0.9004,0.003017,0.09155,0.0012865,0.002922,0.000788
461,0,0,1,0.9946,0.0002028,0.00463,0.0001444,0.000323,4.786e-05
462,0,0,1,0.5264,0.004696,0.347,0.04443,0.0734,0.00432
463,0,0,1,0.989,0.0006332,0.00974,0.000416,0.0004613,0.0001413
464,0,0,1,0.999,1.72e-05,0.000728,9.83e-06,1.3e-05,2.2e-06
465,0,0,1,0.9907,0.0002997,0.008064,0.0002494,0.000801,4.584e-05
466,0,0,1,0.9946,9.23e-05,0.00454,0.0002092,0.0003023,2.825e-05
467,0,500,0,0.3096,0.001078,0.683,0.001818,0.00427,0.0002942
468,0,0,1,0.9995,4.46e-05,0.0004606,3.41e-05,1.65e-05,9.6e-06
469,0,0,1,0.9897,0.001282,0.00822,0.0002173,0.0003698,0.0001186
470,0,0,1,0.954,0.0003362,0.0416,0.0002365,0.003555,0.00011235
471,0,0,1,0.4543,0.002766,0.3872,0.00859,0.1464,0.000581
472,0,0,1,0.918,0.0002558,0.0796,0.00086,0.001493,9.954e-05
473,0,0,1,0.9546,0.0006685,0.03925,0.001418,0.004032,0.0001454
474,0,0,1,0.9985,5.394e-05,0.0008783,0.0001483,0.0001705,1.13e-05
475,0,0,1,0.9907,0.0001525,0.00876,0.0001847,0.0001515,3.74e-05
476,0,0,1,0.865,0.000613,0.09174,0.01378,0.02853,0.0001339
477,0,0,1,0.993,0.0002044,0.00579,0.0005,0.0004838,6.41e-05
478,0,0,1,0.9937,0.0005846,0.004436,0.0005956,0.0006185,0.0001382
479,0,0,1,0.82,0.0004687,0.1735,0.00438,0.001582,0.00029
480,0,0,1,0.8535,0.000535,0.1187,0.00942,0.01779,0.0002537
481,0,500,0,0.474,0.0005403,0.5137,0.00613,0.005417,0.0002506
482,0,0,1,0.8086,0.001245,0.1702,0.00832,0.01099,0.0007815
483,0,0,1,0.9785,0.0001469,0.01906,0.001224,0.0009527,2.85e-05
484,0,0,1,0.981,9.79e-05,0.01743,0.0007706,0.000497,4.09e-05
485,0,0,1,0.623,0.002874,0.1929,0.04105,0.1372,0.0027
486,0,0,1,0.9873,0.00049,0.01042,0.0009065,0.000793,0.0001695
487,0,0,1,0.986,0.000171,0.007088,0.00357,0.003117,9.51e-05
488,0,0,1,0.9966,0.0001537,0.002419,0.0003016,0.000332,4.685e-05
489,0,0,1,0.992,0.0002847,0.00666,0.0004132,0.0002108,6.75e-05
490,0,0,1,0.9995,7.34e-05,0.0004964,6.825e-05,5.01e-05,1.23e-05
491,0,500,0,0.02487,0.001891,0.5713,0.1237,0.2751,0.002901
492,0,0,1,0.735,0.001169,0.2097,0.0315,0.02206,0.000802
493,0,0,1,0.8804,8.06e-05,0.1187,0.0002856,0.0005054,2.84e-05
494,0,0,1,0.989,0.0001658,0.008896,0.001375,0.0007253,4.85e-05
495,0,0,1,0.9897,0.0003836,0.007126,0.001603,0.000925,0.0001308
496,0,0,1,0.699,0.002737,0.277,0.00733,0.01284,0.000913
497,0,0,1,0.94,0.000603,0.05283,0.003702,0.002562,0.00031
498,0,0,1,0.6904,0.0007477,0.2708,0.015396,0.02252,0.0002713
499,0,0,1,0.661,0.0005026,0.329,0.005238,0.003815,0.0001609
500,100,100,1,0.001995,0.7563,0.0003564,0.0002078,0.000567,0.2407
501,100,100,1,0.0003877,0.936,0.000705,0.00010765,0.000416,0.06235
502,100,100,1,0.0002193,0.967,3.445e-05,3.874e-05,7.63e-05,0.03308
503,100,100,1,0.0003,0.744,4.44e-05,3.55e-05,0.0001074,0.2551
504,100,2000,0,0.002487,0.4668,0.0006695,0.0003936,0.000797,0.529
505,100,100,1,0.001093,0.8286,0.000718,0.0001602,0.000683,0.1687
506,100,100,1,0.000948,0.9062,0.0008783,0.0003982,0.001442,0.08984
507,100,100,1,0.0001085,0.943,3.105e-05,1.705e-05,4.166e-05,0.05685
508,100,100,1,4.28e-05,0.999,6.6e-06,1.55e-06,6.74e-06,0.000676
509,100,100,1,0.007267,0.977,0.0008225,0.000202,0.000702,0.01398
510,100,100,1,0.001253,0.863,0.0001773,0.0001188,0.0003185,0.1354
511,100,100,1,8.56e-05,0.976,1.156e-05,6.26e-06,2.59e-05,0.02382
512,100,100,1,0.0001962,0.9834,4.66e-05,1.395e-05,5.11e-05,0.01605
513,100,100,1,0.0002463,0.9746,6.825e-05,3.11e-05,0.0001514,0.02502
514,100,100,1,6.3e-06,1.0,2.15e-06,4e-07,1.3e-06,5.48e-05
515,100,100,1,1.44e-05,0.999,5.2e-06,1.7e-06,6.3e-06,0.0008025
516,100,100,1,0.0002546,0.9595,0.000475,6.8e-05,0.0003302,0.0392
517,100,100,1,0.000952,0.5723,0.0003817,0.0002356,0.0004232,0.426
518,100,100,1,0.0001884,0.988,3.684e-05,2.015e-05,6.31e-05,0.01205
519,100,100,1,0.0003214,0.727,0.002325,0.0002356,0.001802,0.268
520,100,100,1,0.0001799,0.994,6.16e-05,1.985e-05,7.474e-05,0.00537
521,100,100,1,0.00418,0.544,0.003292,0.0007377,0.001872,0.4458
522,100,100,1,0.001016,0.9985,5.7e-05,3.04e-06,1.11e-05,0.0002183
523,100,100,1,0.003233,0.9365,0.00104,0.0005293,0.001188,0.05725
524,100,100,1,0.0003417,0.817,0.0002326,9.47e-05,0.0003777,0.1819
525,100,100,1,0.000397,0.9966,6.634e-05,2.694e-05,8.947e-05,0.002758
526,100,100,1,0.000708,0.944,0.0001814,8.035e-05,0.0003204,0.05493
527,100,100,1,0.0006886,0.9907,0.002026,7.3e-05,0.000818,0.005795
528,100,2000,0,0.0004303,0.4067,0.0002756,0.0001811,0.0004954,0.592
529,100,100,1,0.0001444,0.9814,7.373e-05,3.123e-05,0.0001077,0.01817
530,100,100,1,4.613e-05,1.0,2.91e-05,1.2e-06,6.14e-06,0.0001217
531,100,100,1,0.0005894,0.7437,0.0002747,0.0001585,0.0006094,0.2546
532,100,100,1,0.0002744,0.985,0.0004642,6.84e-05,0.000384,0.01398
533,100,2000,0,2.19e-05,0.000877,1.42e-05,4.38e-05,6.664e-05,0.999
534,100,100,1,0.0002177,0.9497,4.035e-05,1.854e-05,6.45e-05,0.04993
535,100,100,1,0.0001363,0.9814,0.0002806,6.485e-05,0.0002677,0.0176
536,100,100,1,0.00123,0.9844,9.15e-05,3.12e-05,0.0001021,0.01439
537,100,100,1,0.00584,0.9937,4.87e-05,4.3e-06,1.65e-05,0.0002086
538,100,100,1,0.0001221,0.9995,3.92e-05,1.5e-06,1.097e-05,0.0001967
539,100,100,1,5.78e-05,0.997,1.895e-05,5.36e-06,3.38e-05,0.00268
540,100,100,1,0.00087,0.988,4.61e-05,1.734e-05,8.61e-05,0.01122
541,100,100,1,1.186e-05,0.999,8.76e-06,9.5e-07,3.93e-06,0.001082
542,100,100,1,0.00012153,0.983,3.84e-05,2.027e-05,7.087e-05,0.01685
543,100,100,1,2.384e-05,0.9985,8.5e-06,1.67e-06,5.9e-06,0.001362
544,100,100,1,0.001607,0.521,0.001879,0.000652,0.00267,0.4724
545,100,100,1,1.4e-05,0.9893,1.8e-06,2e-06,4.53e-06,0.01067
546,100,100,1,0.0004172,0.959,0.0001354,4.34e-05,0.0001918,0.04007
547,100,100,1,0.000695,0.996,0.002056,2.82e-05,9.19e-05,0.0008073
548,100,100,1,9.24e-05,0.988,3.576e-05,2.21e-05,7.37e-05,0.01191
549,100,2000,0,0.0009727,0.2712,0.000963,0.000531,0.001507,0.7246
550,100,2000,0,0.0004385,0.2644,0.00146,0.0004487,0.001513,0.7314
551,100,100,1,0.0014925,0.707,0.0005097,0.0003312,0.0006714,0.29
552,100,100,1,0.00010544,0.999,2.98e-05,2.74e-06,1.085e-05,0.0008307
553,100,100,1,5.704e-05,1.0,2.706e-05,8e-07,5.9e-06,8.5e-05
554,100,100,1,0.0004463,0.997,4.566e-05,1.293e-05,4.59e-05,0.002253
555,100,100,1,0.004646,0.612,0.001055,0.0007153,0.001496,0.3801
556,100,100,1,0.0001453,0.991,0.0002224,4.26e-05,0.0001593,0.008
557,100,100,1,0.000189,0.998,1.717e-05,6.5e-06,1.645e-05,0.001494
558,100,100,1,0.0005627,0.8496,0.0006475,0.0001676,0.001426,0.1473
559,100,100,1,7.457e-05,0.998,1.2e-05,3.7e-06,1.44e-05,0.001995
560,100,100,1,0.0004146,0.8027,0.000838,0.0002444,0.0008526,0.1948
561,100,2000,0,0.0008206,0.0451,0.0009537,0.0008125,0.002008,0.95
562,100,100,1,7.47e-05,0.9956,1.58e-05,6.5e-06,3.5e-05,0.004284
563,100,100,1,0.001061,0.985,0.0001758,6.98e-05,0.0002804,0.01359
564,100,100,1,0.0001744,0.9995,3.05e-05,2.74e-06,1.085e-05,0.0004163
565,100,2000,0,0.0007787,0.3533,0.0004137,0.0002577,0.000631,0.6445
566,100,100,1,3.52e-05,0.998,1.51e-05,5e-06,1.127e-05,0.001812
567,100,100,1,0.0007014,0.9976,0.000396,8.17e-06,5.263e-05,0.001165
568,100,100,1,4.17e-05,0.9956,6.56e-05,1.04e-05,4.464e-05,0.00432
569,100,100,1,0.0002377,0.9976,4.1e-05,9e-06,2.67e-05,0.00228
570,100,2000,0,0.00052,0.3684,0.000183,0.0001128,0.0003269,0.6304
571,100,100,1,0.005497,0.958,0.000237,0.0002416,0.0002357,0.03558
572,100,100,1,0.0002247,0.9766,4.333e-05,2.676e-05,9.03e-05,0.02284
573,100,100,1,8.655e-05,0.999,9e-05,6.44e-06,1.78e-05,0.0009
574,100,100,1,0.0004992,0.9956,0.0007644,5.39e-05,0.0001858,0.00307
575,100,100,1,2.253e-05,1.0,3.76e-06,8.3e-07,3.46e-06,0.0001783
576,100,100,1,4.05e-05,0.997,4.31e-05,5.07e-06,3.827e-05,0.002861
577,100,100,1,2.01e-05,0.9995,1.76e-05,9e-07,7.15e-06,0.0003827
578,100,100,1,0.0003843,0.997,4.01e-05,8.4e-06,2.9e-05,0.002356
579,100,100,1,8.93e-05,0.9995,5.9e-06,1.6e-06,5.5e-06,0.000508
580,100,100,1,0.0005293,0.976,0.0002694,8.85e-05,0.0002438,0.02267
581,100,100,1,0.0001013,0.998,2.94e-05,2.56e-06,1.19e-05,0.001759
582,100,100,1,0.0005355,0.9976,8.935e-05,4.3e-06,1.7e-05,0.002007
583,100,100,1,0.02266,0.9756,0.0009646,2.456e-05,9.054e-05,0.0006943
584,100,100,1,0.0004756,0.9897,0.000203,2.444e-05,0.00010425,0.00941
585,100,100,1,9.54e-05,0.9966,2.325e-05,6.4e-06,2.84e-05,0.00312
586,100,100,1,0.001275,0.961,0.000541,0.0001159,0.000482,0.03647
587,100,100,1,0.0002694,0.981,1.93e-05,1.33e-05,2.79e-05,0.01865
588,100,100,1,0.0008245,0.996,0.0006423,2.63e-05,4.25e-05,0.002502
589,100,100,1,0.002111,0.813,0.001849,0.0005393,0.001399,0.181
590,100,100,1,9.17e-05,0.9956,4.786e-05,1.47e-05,4.06e-05,0.004166
591,100,100,1,0.0003076,0.9575,8.04e-05,5.12e-05,0.0001292,0.04214
592,100,100,1,0.0021,0.944,0.0002635,0.0001351,0.0003736,0.0535
593,100,100,1,0.0002549,0.987,0.000688,9.01e-05,0.0005364,0.01172
594,100,100,1,3.3e-05,0.9956,3.237e-05,9.5e-06,5.47e-05,0.00415
595,100,100,1,0.0006504,0.969,0.001787,0.0004342,0.005234,0.02261
596,100,100,1,0.0001464,0.991,0.0001328,2.915e-05,0.0001237,0.0083
597,100,100,1,0.0004945,0.9985,0.0001096,4.23e-06,5.05e-05,0.0006833
598,100,100,1,2.253e-05,0.9966,3.34e-06,1.3e-06,5.07e-06,0.00326
599,100,100,1,0.0002606,0.7124,9.07e-05,5.29e-05,0.0001422,0.2869
600,100,2000,0,0.0001247,0.2352,0.000223,0.0001224,0.0003672,0.7637
601,100,100,1,0.000593,0.999,9.966e-05,5.6e-06,4.333e-05,0.0003684
602,100,100,1,0.001398,0.822,0.0005493,0.0004098,0.000955,0.1747
603,100,100,1,5.794e-05,0.9976,0.0001462,1.496e-05,0.0001061,0.002325
604,100,100,1,0.000272,0.9805,9.37e-05,3.72e-05,0.0001143,0.019
605,100,100,1,0.0001454,0.9927,1.925e-05,1.23e-05,3.785e-05,0.007324
606,100,2000,0,0.000833,0.1841,0.0006733,0.0004764,0.001547,0.8125
607,100,100,1,0.000256,0.9956,1.59e-05,6.6e-06,1.94e-05,0.00413
608,100,100,1,0.0001979,0.9985,1.85e-05,7.03e-06,2.664e-05,0.001268
609,100,100,1,0.1024,0.8965,0.0002608,2.015e-05,7.665e-05,0.0005865
610,100,100,1,0.0006504,0.979,7.16e-05,4.31e-05,0.0001369,0.02031
611,100,100,1,3.21e-05,0.992,3.35e-05,7.6e-06,2.02e-05,0.00752
612,100,100,1,0.0002017,0.986,1.41e-05,5.9e-06,2.08e-05,0.01401
613,100,100,1,0.000656,0.995,2.545e-05,1.246e-05,2.5e-05,0.004112
614,100,100,1,7.05e-05,0.9985,1.097e-05,3.3e-06,1.08e-05,0.001163
615,100,100,1,1.54e-05,0.9985,1.7e-06,1.6e-06,4.53e-06,0.0013485
616,100,100,1,0.000157,0.9995,2.56e-06,1.55e-06,4.3e-06,0.000553
617,100,100,1,7.04e-05,0.9995,0.0001175,1.9e-06,1.144e-05,0.000284
618,100,100,1,0.0001357,0.995,2.646e-05,1.25e-05,5.037e-05,0.00481
619,100,100,1,0.000341,0.993,0.0001701,2.414e-05,9.733e-05,0.00637
620,100,100,1,4.29e-05,0.998,7.9e-06,4e-06,1.93e-05,0.001859
621,100,100,1,0.0001056,0.995,1.305e-05,6.85e-06,2.44e-05,0.004868
622,100,100,1,0.0003204,0.995,7.35e-05,1.26e-05,4.78e-05,0.00424
623,100,100,1,0.0002868,0.994,0.0006804,3.26e-05,0.0002234,0.00472
624,100,100,1,0.01289,0.9717,0.006676,0.0001678,0.0006332,0.007782
625,100,100,1,7.35e-05,0.999,0.0001335,6.5e-06,4.13e-05,0.000893
626,100,100,1,0.0002342,0.942,8.875e-05,5.53e-05,0.0001622,0.05777
627,100,100,1,0.0001986,0.999,5.84e-06,2.6e-06,7.57e-06,0.0007415
628,100,100,1,8.625e-05,0.995,1.08e-05,6.8e-06,2.62e-05,0.004807
629,100,100,1,1.454e-05,0.9985,4.23e-06,2.1e-06,8.46e-06,0.001304
630,100,100,1,0.000952,0.794,0.0003183,0.000174,0.000589,0.204
631,100,100,1,0.0001479,0.9067,6.63e-05,3.65e-05,0.0001578,0.09296
632,100,100,1,8.49e-05,0.9985,1.29e-05,6.9e-06,2.337e-05,0.001336
633,100,100,1,0.0002159,0.998,4.333e-05,1.055e-05,4.095e-05,0.001771
634,100,100,1,1.44e-05,1.0,3.3e-06,5.4e-07,2.2e-06,0.00011486
635,100,100,1,0.0006614,0.9424,6.783e-05,5.47e-05,0.0001359,0.05682
636,100,100,1,0.000657,0.738,0.0001789,0.0001917,0.000552,0.2605
637,100,100,1,0.000274,0.9165,0.00011176,0.00010663,0.0004137,0.08276
638,100,100,1,1.53e-05,1.0,4.53e-06,3.6e-07,2.86e-06,5.41e-05
639,100,100,1,0.0002176,0.997,5.17e-05,1.067e-05,3.91e-05,0.002787
640,100,100,1,0.001729,0.9897,0.001019,0.0001676,0.0002964,0.007133
641,100,100,1,4.55e-05,0.997,2.754e-05,6.5e-06,3.344e-05,0.002588
642,100,2000,0,0.0001594,0.004642,0.000338,0.0002787,0.000579,0.994
643,100,100,1,0.01124,0.983,0.0006633,6.49e-05,0.000308,0.004837
644,100,100,1,0.0008593,0.9673,0.0001518,0.0001208,0.000299,0.03116
645,100,100,1,0.0001416,0.9956,2.45e-05,6.74e-06,2.1e-05,0.00442
646,100,100,1,0.0003297,0.968,0.0002389,5.08e-05,0.0001973,0.03143
647,100,100,1,0.004787,0.8564,0.00279,0.000544,0.001834,0.1335
648,100,2000,0,0.000423,0.2053,0.000138,0.0001621,0.0004857,0.7935
649,100,100,1,0.00011337,0.997,3.695e-05,7.1e-06,2.825e-05,0.002844
650,100,100,1,0.0001345,0.9653,7.59e-05,2.646e-05,5.716e-05,0.03455
651,100,100,1,0.000281,0.9663,4.673e-05,2.867e-05,5.31e-05,0.03326
652,100,2000,0,0.0001317,0.004673,0.00011027,0.0001223,0.0002859,0.9946
653,100,100,1,0.0001185,0.994,6.28e-05,1.776e-05,6.014e-05,0.005436
654,100,100,1,0.000289,0.9966,4.9e-05,9.5e-06,2.724e-05,0.00292
655,100,100,1,0.0003185,0.999,3.38e-05,3.34e-06,5.4e-06,0.0004034
656,100,100,1,0.0001519,0.922,0.0002773,0.000122,0.000435,0.07733
657,100,100,1,0.000244,0.971,6.25e-05,2.49e-05,0.0001102,0.02853
658,100,100,1,0.0004153,0.938,0.002235,0.000326,0.0009413,0.05807
659,100,100,1,0.000246,0.977,0.0002149,4.47e-05,0.0001249,0.0224
660,100,100,1,0.001768,0.6455,0.003136,0.0005155,0.00215,0.347
661,100,100,1,0.002563,0.9927,0.001899,2.8e-05,0.000358,0.002377
662,100,100,1,1.76e-05,0.999,1.16e-05,2.26e-06,7.75e-06,0.000764
663,100,100,1,0.001965,0.9546,0.01028,0.0003402,0.000634,0.03223
664,100,100,1,4.48e-05,0.9985,3.8e-06,2.2e-06,6.14e-06,0.001504
665,100,100,1,6.38e-05,0.998,6.48e-05,6.56e-06,2.83e-05,0.00156
666,100,100,1,0.0002323,0.9985,0.0001171,6.1e-06,4.31e-05,0.0009375
667,100,100,1,4.476e-05,0.9956,1.454e-05,4.1e-06,2.223e-05,0.004116
668,100,100,1,0.002466,0.995,0.0009055,4.536e-05,0.0001328,0.001404
669,100,100,1,0.0001429,0.9956,7.9e-06,4.4e-06,1.45e-05,0.004417
670,100,100,1,0.000605,0.58,0.0002275,0.0001348,0.0004025,0.4187
671,100,100,1,0.000389,0.992,5.75e-05,2.515e-05,9.805e-05,0.007076
672,100,100,1,0.000132,0.9966,0.0002311,1.186e-05,7.784e-05,0.003105
673,100,100,1,0.000763,0.981,0.0003476,6.53e-05,0.0003421,0.01743
674,100,100,1,0.0001655,0.9985,1.943e-05,4.2e-06,1.514e-05,0.001237
675,100,100,1,0.005123,0.859,0.003098,0.0006185,0.002226,0.13
676,100,100,1,0.001089,0.6494,0.001388,0.001091,0.00434,0.3428
677,100,100,1,0.0005565,0.9126,0.0004816,0.00011665,0.0006137,0.0856
678,100,100,1,0.0002337,0.999,3.41e-05,4.35e-06,2.89e-05,0.000895
679,100,100,1,2.944e-05,0.999,5.25e-06,1.2e-06,3.76e-06,0.0007787
680,100,100,1,4.065e-05,0.9673,9.9e-06,6.26e-06,1.7e-05,0.0324
681,100,100,1,5.865e-05,0.9995,1.13e-06,5e-07,1.7e-06,0.000494
682,100,100,1,8.66e-05,0.9995,8.2e-06,1.85e-06,4.77e-06,0.000422
683,100,100,1,0.001196,0.805,0.000652,0.000303,0.001108,0.1917
684,100,2000,0,0.001058,0.2502,0.0003488,0.0002835,0.000622,0.7476
685,100,100,1,0.000523,0.9976,0.0001095,1.14e-05,3.58e-05,0.00154
686,100,100,1,0.0006676,0.9453,0.0003338,0.0001079,0.0004377,0.05304
687,100,2000,0,0.000815,0.4124,0.001138,0.000457,0.00162,0.5835
688,100,100,1,0.0006886,0.981,7.3e-05,3.135e-05,9.96e-05,0.01805
689,100,100,1,0.0004067,0.9478,0.0002246,8.166e-05,0.000307,0.05112
690,100,100,1,0.00075,0.999,0.0001172,3e-06,2.116e-05,0.0002296
691,100,100,1,0.0003839,0.9844,0.0002103,9.99e-05,0.000372,0.01474
692,100,2000,0,0.0008874,0.10046,0.00202,0.002031,0.006836,0.8877
693,100,100,1,0.000518,0.9644,0.00010157,6.86e-05,0.000259,0.03485
694,100,100,1,1.8e-05,0.9917,1.26e-05,7.2e-06,2.38e-05,0.00817
695,100,100,1,0.000647,0.8413,0.002838,0.0004706,0.001959,0.153
696,100,100,1,0.0007086,0.9985,2.223e-05,4.2e-06,2.03e-05,0.000945
697,100,100,1,0.0001554,0.9946,0.0001235,3.266e-05,0.0001632,0.005108
698,100,100,1,0.0006056,0.9985,5.05e-05,1.11e-05,2.474e-05,0.0005407
699,100,2000,0,0.0001438,0.0335,0.00011086,0.0001225,0.0001973,0.966
700,100,100,1,0.0004802,0.9316,0.0002532,5.734e-05,0.0002327,0.0674
701,100,100,1,0.0002376,0.9644,3.88e-05,2.21e-05,6.586e-05,0.03528
702,100,2000,0,0.0002433,0.2546,0.000269,0.0001686,0.000593,0.744
703,100,100,1,0.000395,0.9805,0.0002286,4.035e-05,0.0001563,0.01881
704,100,100,1,0.0006104,0.8833,0.0008345,0.0001373,0.0005283,0.1145
705,100,100,1,0.001021,0.9966,8.74e-05,1.574e-05,5.543e-05,0.002363
706,100,100,1,0.0002272,0.9985,5.73e-05,7.87e-06,2.384e-05,0.001392
707,100,2000,0,0.001265,0.469,0.001111,0.0004318,0.0008473,0.5273
708,100,100,1,0.00563,0.9634,0.0005054,0.0001166,0.000364,0.0301
709,100,100,1,0.000559,0.9927,0.0001427,1.66e-05,8.357e-05,0.00649
710,100,100,1,2.82e-05,0.999,3e-06,1.6e-06,6.14e-06,0.0008774
711,100,100,1,0.0002022,0.9575,0.00011164,3.505e-05,0.0001777,0.04205
712,100,100,1,0.002064,0.994,0.0003366,4.82e-05,0.0002153,0.003326
713,100,2000,0,3.44e-05,0.00426,4.32e-05,6.03e-05,0.000127,0.9956
714,100,2000,0,0.01625,0.3623,0.00275,0.001302,0.00557,0.612
715,100,100,1,0.0007453,0.917,0.0001967,0.0001136,0.0002873,0.0817
716,100,100,1,0.0003757,0.9785,6.45e-05,4.62e-05,0.00012004,0.02081
717,100,100,1,0.000382,0.984,0.000615,7.31e-05,0.000304,0.01495
718,100,100,1,0.0005794,0.9985,0.0001444,7.8e-06,3.74e-05,0.0006943
719,100,100,1,6.5e-05,0.9985,1.967e-05,3.9e-06,1.81e-05,0.00147
720,100,100,1,0.001254,0.9106,0.001271,0.0003335,0.001032,0.0854
721,100,100,1,0.0002165,0.9976,4.417e-05,8.8e-06,4.38e-05,0.002079
722,100,100,1,0.0003693,0.968,0.0003273,9.64e-05,0.0005555,0.03069
723,100,100,1,5.77e-05,0.9976,4.125e-05,4.7e-06,1.92e-05,0.002445
724,100,100,1,0.0002046,0.9478,0.0001801,6.616e-05,0.0001998,0.05142
725,100,100,1,0.0006523,0.991,0.000368,4.79e-05,0.000176,0.00758
726,100,100,1,0.00875,0.788,0.001735,0.0004587,0.001515,0.1993
727,100,100,1,0.0001785,0.9883,2.164e-05,1.085e-05,4.08e-05,0.01141
728,100,100,1,0.0001669,0.986,4.03e-05,1.925e-05,6.8e-05,0.01383
729,100,100,1,7.81e-05,0.9995,1.645e-05,2.4e-06,1.1e-05,0.000323
730,100,100,1,0.00010765,1.0,5.84e-06,6e-07,2.56e-06,9.29e-05
731,100,100,1,0.0001112,0.988,6.37e-05,1.3e-05,4.52e-05,0.01213
732,100,100,1,0.001231,0.8647,0.0003982,0.0001565,0.000545,0.1329
733,100,100,1,0.000101,1.0,1.234e-05,1e-06,3.6e-06,9.936e-05
734,100,100,1,0.0004594,0.999,0.0001063,3.46e-06,2.06e-05,0.0003898
735,100,100,1,0.0009627,0.9956,0.0001606,1.54e-05,3.82e-05,0.003265
736,100,100,1,0.000307,0.7905,6.706e-05,4.74e-05,0.0001287,0.2087
737,100,100,1,0.000111,0.9985,9.24e-06,3.5e-06,1.01e-05,0.00136
738,100,100,1,2.14e-05,0.9976,3.64e-06,1.8e-06,5.2e-06,0.002184
739,100,100,1,0.0009484,0.9985,0.0001083,4.23e-06,1.436e-05,0.000519
740,100,100,1,0.0002615,0.9614,8.696e-05,2.974e-05,0.000128,0.0383
741,100,100,1,0.0003338,0.995,0.000684,5.937e-05,0.000371,0.003305
742,100,100,1,6.855e-05,0.998,1.68e-05,6.2e-06,1.87e-05,0.002018
743,100,100,1,0.000749,0.9272,0.0002126,0.0001237,0.000496,0.0712
744,100,2000,0,0.000309,0.3987,7.65e-05,0.00011086,0.0002015,0.6006
745,100,100,1,0.004025,0.9946,0.0005794,2.503e-05,0.0001475,0.0006967
746,100,100,1,0.00233,0.778,0.0002344,0.0002089,0.000588,0.2186
747,100,100,1,0.0002247,0.7725,0.0001904,8.124e-05,0.0002265,0.2266
748,100,100,1,0.002804,0.988,5.203e-05,3.564e-05,5.83e-05,0.009056
749,100,100,1,0.0001651,0.9946,6.34e-05,1.734e-05,3.75e-05,0.005234
750,100,100,1,0.003426,0.9688,0.000197,5.54e-05,0.0002273,0.02734
751,100,2000,0,0.0002894,0.1097,0.0004508,0.000222,0.0008793,0.8887
752,100,100,1,0.0004635,0.997,0.00011855,1.574e-05,7.12e-05,0.002464
753,100,100,1,0.0004592,0.941,0.0001193,4.077e-05,0.0001547,0.0585
754,100,100,1,0.00187,0.973,0.0017805,0.0002209,0.000565,0.02222
755,100,100,1,0.001256,0.906,0.000221,0.0001018,0.0002718,0.09216
756,100,100,1,0.001007,0.8066,0.0004272,0.0002086,0.000613,0.1912
757,100,100,1,0.0002735,0.996,6.425e-05,2.676e-05,7.47e-05,0.003601
758,100,100,1,6.81e-05,0.97,8.23e-05,1.98e-05,8.595e-05,0.02931
759,100,100,1,6.723e-05,1.0,3.487e-05,1.25e-06,3.93e-06,6.62e-05
760,100,100,1,0.0006404,0.991,0.001348,6.13e-05,0.0002044,0.00657
761,100,100,1,0.0011,0.947,0.002245,0.0003018,0.002026,0.0476
762,100,2000,0,0.0003362,0.1825,0.000769,0.0003302,0.001548,0.8145
763,100,100,1,0.001181,0.9956,0.002485,4.965e-05,0.0001577,0.000564
764,100,100,1,1.353e-05,1.0,3.6e-06,5.4e-07,2.1e-06,0.0002035
765,100,100,1,0.0003808,0.941,0.00011593,6.074e-05,0.0001428,0.0582
766,100,100,1,0.000271,0.992,7.97e-05,2.24e-05,5.52e-05,0.007294
767,100,100,1,4.214e-05,0.9985,6.97e-05,7.6e-06,2.706e-05,0.001386
768,100,100,1,1.585e-05,1.0,1.97e-06,2.4e-07,2.1e-06,0.000102
769,100,2000,0,0.001034,0.1238,0.0001252,0.000221,0.000326,0.8745
770,100,2000,0,5.3e-05,0.397,3.314e-05,3.97e-05,0.0001027,0.603
771,100,100,1,4.7e-06,0.9995,3.64e-06,8e-07,3.34e-06,0.000548
772,100,100,1,0.000576,0.8857,0.0002568,0.00011194,0.000462,0.1126
773,100,100,1,5.67e-05,0.9956,2.69e-05,3.2e-06,2.27e-05,0.004204
774,100,100,1,0.000498,0.691,0.0007195,0.0003157,0.001226,0.3062
775,100,100,1,7.82e-05,0.9756,4.19e-05,1.78e-05,4.63e-05,0.02432
776,100,100,1,5.3e-06,0.9995,1.9e-06,8.3e-07,2.7e-06,0.0003734
777,100,2000,0,0.0005918,0.12286,0.0004773,0.0003076,0.000991,0.875
778,100,100,1,3.284e-05,0.999,1.19e-05,3e-06,1.556e-05,0.000765
779,100,100,1,0.000245,0.9834,5.925e-05,4.196e-05,7.194e-05,0.01602
780,100,100,1,0.0002983,0.925,0.00011843,7.17e-05,0.0001904,0.0747
781,100,100,1,0.000469,0.959,4.36e-05,4.935e-05,0.00011885,0.04013
782,100,100,1,0.0002329,0.9995,3.04e-05,4.23e-06,1.514e-05,0.000305
783,100,100,1,4.61e-05,0.999,4.95e-06,9.5e-07,4.7e-06,0.0009613
784,100,100,1,2.16e-05,1.0,1.466e-05,5e-07,3.93e-06,0.0001376
785,100,100,1,8.875e-05,0.9907,2.44e-05,1.544e-05,4.876e-05,0.008934
786,100,100,1,3.195e-05,0.9995,1.44e-05,2.26e-06,1.59e-05,0.0004263
787,100,100,1,0.002554,0.6323,0.001939,0.0007186,0.001755,0.3608
788,100,100,1,0.0003114,0.9956,0.0002078,2.646e-05,0.0001274,0.003893
789,100,100,1,0.00588,0.993,0.0002835,1.484e-05,6.73e-05,0.000383
790,100,100,1,0.0001404,0.9985,3.535e-05,6e-06,2.74e-05,0.001256
791,100,100,1,0.0001027,0.9976,1.42e-05,6.8e-06,2.736e-05,0.002193
792,100,100,1,0.0002116,0.9863,3.004e-05,1.98e-05,6.62e-05,0.01313
793,100,100,1,0.0001364,0.9985,3.505e-05,6.2e-06,3.11e-05,0.001177
794,100,100,1,0.000699,0.8257,0.0001039,0.00011015,0.0004323,0.1731
795,100,2000,0,0.0001712,0.3494,6.706e-05,6.914e-05,0.0001844,0.6504
796,100,100,1,1.26e-05,0.9995,2.74e-06,5.4e-07,2.6e-06,0.0002587
797,100,100,1,0.0007305,0.9136,0.0001066,5.22e-05,0.0001384,0.08514
798,100,100,1,0.0010805,0.743,0.001199,0.0003905,0.0009556,0.2534
799,100,100,1,0.000306,0.8994,9.04e-05,3.59e-05,0.0001693,0.0999
800,100,100,1,0.000415,0.8325,0.0003536,0.0001019,0.0006685,0.1661
801,100,100,1,0.0001823,0.9995,8.61e-05,2.44e-06,1.824e-05,0.0001367
802,100,100,1,0.0001079,0.9985,6.044e-05,4.35e-06,2.164e-05,0.001253
803,100,100,1,0.00011784,0.9985,3.63e-05,8.3e-06,2.784e-05,0.001322
804,100,100,1,0.001746,0.9863,0.002872,0.0001296,0.0006294,0.00812
805,100,100,1,0.0001258,0.864,0.000332,6.366e-05,0.000306,0.1356
806,100,100,1,0.00406,0.6353,0.002825,0.000885,0.00322,0.3538
807,100,100,1,0.0002224,0.9976,0.0001382,6.3e-06,4.37e-05,0.002157
808,100,100,1,0.001789,0.9956,0.0005994,3.88e-05,0.0002677,0.001883
809,100,100,1,0.0006166,0.903,0.0001606,8.68e-05,0.0003095,0.0959
810,100,100,1,0.003149,0.8296,0.000543,0.0004537,0.002037,0.1641
811,100,100,1,7.963e-05,0.999,4.035e-05,5.54e-06,3.24e-05,0.000801
812,100,100,1,0.0008464,0.8857,0.00063,0.0002013,0.00106,0.1117
813,100,100,1,1.54e-05,0.999,2.15e-06,9e-07,4.4e-06,0.00101
814,100,100,1,0.000994,0.639,0.001308,0.0004444,0.001286,0.3567
815,100,100,1,0.001028,0.9624,0.0001601,5.21e-05,0.0001508,0.0361
816,100,100,1,0.0004299,0.9316,0.0002632,5.78e-05,0.00026,0.06714
817,100,100,1,2.44e-05,1.0,4.35e-06,4e-07,3e-06,9.453e-05
818,100,2000,0,0.0001774,0.1831,0.0001881,0.0001068,0.0003219,0.816
819,100,100,1,0.0006795,0.994,7.284e-05,1.49e-05,4.166e-05,0.004925
820,100,100,1,0.000794,0.998,2.52e-05,3.76e-06,1.18e-05,0.001033
821,100,100,1,0.000438,0.996,3.713e-05,1.11e-05,3.624e-05,0.003408
822,100,100,1,0.000875,0.96,0.000311,0.0001318,0.0004158,0.03854
823,100,100,1,0.000456,0.904,0.001048,0.0001554,0.0008554,0.09375
824,100,100,1,0.003397,0.991,0.001303,6.473e-05,0.0005794,0.00326
825,100,100,1,3.684e-05,0.9976,2.253e-05,9.3e-06,5.263e-05,0.002459
826,100,2000,0,0.000415,0.1708,0.001043,0.001636,0.0036,0.8228
827,100,100,1,0.000641,0.9077,0.0009418,0.0002549,0.000578,0.0899
828,100,100,1,0.0005827,0.979,2.867e-05,1.77e-05,6.53e-05,0.02032
829,100,100,1,0.000416,0.9985,4.73e-05,7.3e-06,2.93e-05,0.00081
830,100,100,1,0.000286,0.984,1.47e-05,1.186e-05,2.42e-05,0.01593
831,100,2000,0,0.0001453,0.02524,9.62e-05,0.0001439,0.0003088,0.974
832,100,100,1,0.000318,0.984,0.0001159,7.963e-05,0.0001823,0.01544
833,100,100,1,0.000263,0.9473,0.0003736,6.33e-05,0.0002413,0.0518
834,100,100,1,8.804e-05,0.999,1.25e-05,4e-06,1.78e-05,0.000836
835,100,100,1,0.0002413,0.9966,3.52e-05,1.11e-05,3.4e-05,0.003017
836,100,100,1,8.553e-05,0.9985,7.79e-05,4.95e-06,3.546e-05,0.001168
837,100,100,1,4.73e-05,0.898,1.776e-05,1.34e-05,5.144e-05,0.10175
838,100,100,1,8.965e-05,0.999,4.613e-05,2.86e-06,1.52e-05,0.000978
839,100,100,1,0.0004754,0.999,3.06e-05,5.8e-06,3.81e-05,0.0005918
840,100,100,1,9.3e-06,1.0,2.9e-06,5e-07,3.04e-06,0.00011337
841,100,100,1,0.000832,0.522,0.001343,0.000695,0.001536,0.4734
842,100,100,1,0.00011086,0.9985,3.95e-05,4.4e-06,1.585e-05,0.001316
843,100,2000,0,0.000287,0.4043,6.74e-05,9.21e-05,0.0002084,0.595
844,100,100,1,0.004734,0.833,0.0006795,0.00052,0.0012045,0.1599
845,100,100,1,0.000988,0.964,0.000506,0.0001576,0.000776,0.0337
846,100,100,1,0.0008464,0.889,0.001594,0.0002059,0.0007906,0.10724
847,100,100,1,1.025e-05,0.9995,2.86e-06,1.1e-06,4.5e-06,0.000565
848,100,100,1,3.16e-05,0.999,5.096e-05,2.8e-06,1.85e-05,0.001083
849,100,100,1,2.43e-05,0.994,7.18e-05,1.395e-05,4.524e-05,0.005707
850,100,100,1,4.846e-05,0.999,1.89e-05,2e-06,9.3e-06,0.000978
851,100,2000,0,0.0001615,0.09796,0.0002918,0.0001749,0.0003445,0.901
852,100,100,1,0.0001732,0.9995,4.6e-05,3.64e-06,1.174e-05,0.0003548
853,100,100,1,0.000746,0.921,0.0003388,0.0001398,0.0004795,0.0773
854,100,100,1,0.0003738,0.996,0.0002716,2.193e-05,0.00011456,0.00311
855,100,100,1,0.0001508,0.988,3.38e-05,8.3e-06,3.27e-05,0.0121
856,100,100,1,1.27e-05,0.999,7.01e-05,5.5e-06,3.135e-05,0.000765
857,100,100,1,0.0005164,0.997,0.0001708,1.496e-05,6.55e-05,0.001997
858,100,100,1,5.35e-05,0.999,1.574e-05,4.77e-06,1.574e-05,0.0008035
859,100,100,1,0.000546,0.935,0.001987,0.0002596,0.000995,0.0612
860,100,100,1,0.002037,0.979,0.001212,0.0001342,0.0006857,0.01678
861,100,100,1,5.8e-05,0.996,2.6e-05,7.87e-06,2.164e-05,0.003572
862,100,100,1,1.98e-05,0.999,2.54e-05,2.86e-06,1.526e-05,0.0007153
863,100,100,1,0.003008,0.996,0.0005217,1.657e-05,4.196e-05,0.0003624
864,100,100,1,8.49e-05,0.9995,4.84e-05,3.4e-06,1.25e-05,0.0002918
865,100,100,1,0.000911,0.98,0.005795,0.0002327,0.000983,0.01203
866,100,100,1,0.001211,0.9673,0.0008483,0.0001563,0.000463,0.03021
867,100,2000,0,0.0004404,0.0866,0.0006623,0.0002968,0.000988,0.911
868,100,100,1,0.000394,0.984,0.0001303,2.7e-05,7.07e-05,0.01566
869,100,100,1,0.0002047,0.983,5.82e-05,1.93e-05,8.84e-05,0.0169
870,100,100,1,0.0001976,0.971,0.0003178,5.686e-05,0.0001961,0.0278
871,100,100,1,0.0002366,0.9995,2.515e-05,1.6e-06,6.7e-06,0.0003443
872,100,100,1,4.053e-05,0.9956,2.176e-05,7.33e-06,2.09e-05,0.004078
873,100,100,1,0.00731,0.992,5.38e-05,5.2e-06,1.484e-05,0.0002885
874,100,100,1,3.56e-05,0.9995,7.9e-06,1.97e-06,7.6e-06,0.0006356
875,100,100,1,0.002651,0.9487,0.0006886,0.0001849,0.0009084,0.0469
876,100,100,1,8.91e-05,0.9995,7.33e-06,1.2e-06,5.36e-06,0.0003307
877,100,100,1,0.001007,0.827,0.001374,0.0002178,0.0008154,0.1694
878,100,100,1,0.0004096,0.9546,0.0001416,4.816e-05,0.0001875,0.0445
879,100,100,1,0.0007577,0.932,0.000638,0.0001259,0.0004604,0.06573
880,100,100,1,0.000538,0.9814,0.0003498,8.95e-05,0.0002207,0.01715
881,100,100,1,0.0004284,0.983,0.001312,7.075e-05,0.000597,0.01464
882,100,100,1,1.7e-05,0.9995,4.65e-06,1e-06,3.5e-06,0.0003448
883,100,100,1,1.82e-05,0.9995,1.55e-06,3.6e-07,1.4e-06,0.0003006
884,100,100,1,0.0002632,0.9995,1.33e-05,2.26e-06,1.055e-05,0.0001026
885,100,100,1,0.0003157,0.999,0.0002615,8.34e-06,2.62e-05,0.0004258
886,100,100,1,8.53e-05,0.99,3.37e-05,1.687e-05,6.425e-05,0.009605
887,100,100,1,0.0002139,0.9995,3.1e-05,2.56e-06,1.085e-05,0.0004573
888,100,100,1,0.0002723,0.992,6.39e-05,3.135e-05,9.86e-05,0.007236
889,100,100,1,7.373e-05,0.9966,5.11e-05,8.2e-06,4.78e-05,0.003275
890,100,100,1,6.634e-05,0.9985,2.193e-05,2.3e-06,1.15e-05,0.001305
891,100,100,1,7.11e-05,0.9917,2.98e-05,1.27e-05,4.37e-05,0.008255
892,100,100,1,0.0005794,0.9985,2.146e-05,8.17e-06,1.46e-05,0.001012
893,100,100,1,0.0002027,0.999,0.0002166,5.7e-06,6.926e-05,0.000625
894,100,100,1,2.79e-05,0.998,4.05e-06,1.6e-06,6.5e-06,0.001805
895,100,100,1,4.37e-05,0.9985,3.2e-06,1.6e-06,4.95e-06,0.00149
896,100,100,1,4.92e-05,0.997,1.824e-05,5.84e-06,2.46e-05,0.002617
897,100,100,1,0.000181,0.996,6.735e-05,9.9e-06,3.74e-05,0.003534
898,100,100,1,0.002409,0.9937,0.000772,5.81e-05,0.0002534,0.003082
899,100,100,1,0.00126,0.731,0.00188,0.0006824,0.002295,0.2632
900,100,100,1,7.915e-05,0.9937,0.0005,2.164e-05,0.0001496,0.005802
901,100,100,1,5.174e-05,1.0,2.6e-06,4e-07,2.1e-06,0.0001223
902,100,100,1,0.000567,0.9897,0.0007153,4.84e-05,0.0002058,0.0089
903,100,100,1,0.0003014,0.968,0.000338,5.215e-05,0.0002023,0.03152
904,100,100,1,0.0001113,0.999,1.7e-05,2.6e-06,1.186e-05,0.0006914
905,100,100,1,0.0001993,0.9927,5.59e-05,2.337e-05,8.05e-05,0.006767
906,100,100,1,0.0001408,0.999,3.16e-05,2.1e-06,1.03e-05,0.0007386
907,100,100,1,0.001372,0.953,0.0008726,0.0001131,0.0004337,0.04413
908,100,100,1,0.0003324,0.9966,0.0001062,1.93e-05,7.594e-05,0.002926
909,100,100,1,0.001151,0.8496,0.0009074,0.0003092,0.001147,0.1471
910,100,2000,0,0.0001715,0.4868,0.0002372,0.00012046,0.0003247,0.512
911,100,100,1,0.00064,0.7515,0.001449,0.0003998,0.001339,0.2445
912,100,100,1,0.001296,0.582,0.0002744,0.0002412,0.0006185,0.4153
913,100,100,1,0.0001929,0.9297,9.024e-05,5.114e-05,0.0001736,0.06964
914,100,100,1,0.002087,0.993,0.000816,2.61e-05,0.0002029,0.003664
915,100,100,1,0.0004752,0.7134,0.001639,0.0001738,0.0008163,0.2832
916,100,100,1,4.46e-05,0.9976,1.4e-05,5.96e-06,2.09e-05,0.00223
917,100,100,1,8.935e-05,0.963,2.2e-05,1.34e-05,4.137e-05,0.03696
918,100,100,1,0.0003397,0.828,0.0001063,8.15e-05,0.0002308,0.1709
919,100,100,1,0.0001934,0.998,8.3e-05,5.9e-06,2.35e-05,0.001651
920,100,100,1,8.7e-05,0.985,5.64e-05,1.657e-05,4.9e-05,0.01516
921,100,100,1,0.0002061,0.9995,1.08e-05,1.25e-06,7.9e-06,0.00022
922,100,100,1,0.0004745,0.9883,6.17e-05,2.23e-05,6.92e-05,0.011284
923,100,2000,0,0.0005713,0.02731,0.0005703,0.000361,0.0007324,0.97
924,100,100,1,0.0002294,0.9385,4.94e-05,4.196e-05,0.0001281,0.06128
925,100,100,1,2.53e-05,1.0,1.13e-06,2.4e-07,1.1e-06,0.0001345
926,100,100,1,0.0001913,0.999,3.356e-05,2.74e-06,1.48e-05,0.00059
927,100,100,1,0.000773,0.9473,0.0004447,0.0001361,0.000382,0.05093
928,100,100,1,0.00238,0.6055,0.001935,0.000553,0.001718,0.388
929,100,2000,0,7.856e-05,0.013855,5.716e-05,4.935e-05,9.775e-05,0.986
930,100,100,1,0.0002121,0.9946,4.643e-05,1.3e-05,4.01e-05,0.005005
931,100,100,1,0.0002732,0.9985,4.387e-05,4.4e-06,1.913e-05,0.001004
932,100,100,1,0.00010294,0.998,4.8e-05,5.5e-06,2.43e-05,0.001621
933,100,100,1,0.001235,0.994,7.14e-05,1.76e-05,7.856e-05,0.0047
934,100,100,1,0.0002515,0.986,0.0002458,4.935e-05,0.0002042,0.013306
935,100,100,1,0.000189,0.998,2.75e-05,8.5e-06,3.4e-05,0.001804
936,100,100,1,0.00011957,0.9995,8.94e-06,1.3e-06,3.4e-06,0.0003552
937,100,100,1,6.41e-05,0.9956,1.556e-05,8.76e-06,3e-05,0.004486
938,100,100,1,0.0002759,0.9956,9.024e-05,2.015e-05,6.217e-05,0.003857
939,100,100,1,0.0004485,0.853,0.0007296,0.0001467,0.0004246,0.1451
940,100,2000,0,0.001203,0.2426,0.0004094,0.0002856,0.000994,0.7544
941,100,100,1,6.104e-05,0.9526,8.42e-05,8.553e-05,0.0002825,0.0466
942,100,100,1,0.000393,0.954,0.0001677,4.28e-05,0.0001423,0.04498
943,100,2000,0,9.31e-05,0.02727,7.47e-05,5.04e-05,0.0001401,0.972
944,100,100,1,8.22e-05,0.992,4.995e-05,1.48e-05,4.54e-05,0.00783
945,100,100,1,0.0006723,0.954,0.0001724,7.06e-05,0.0001802,0.0447
946,100,100,1,0.0001223,0.9976,1.055e-05,4.2e-06,1.07e-05,0.002247
947,100,100,1,0.001025,0.5635,0.00010556,0.0001047,0.0002997,0.4353
948,100,100,1,0.000228,0.9937,3.18e-05,1.305e-05,3.36e-05,0.005875
949,100,100,1,5.59e-05,0.9995,1.93e-05,3e-06,9.3e-06,0.000479
950,100,100,1,0.00617,0.9536,0.0008545,0.000209,0.0004125,0.03876
951,100,100,1,0.000389,0.956,0.0002394,7.92e-05,0.0001264,0.04294
952,100,100,1,0.001974,0.7876,0.00104,0.0002148,0.0006733,0.2086
953,100,100,1,0.001071,0.9907,0.001048,4.977e-05,0.0001705,0.006767
954,100,100,1,9.954e-05,0.998,2.58e-05,9.66e-06,3.064e-05,0.001808
955,100,100,1,0.0001262,0.9976,2.337e-05,7.15e-06,2.3e-05,0.002495
956,100,100,1,0.0002906,0.9995,1.53e-05,9e-07,4.9e-06,0.0001506
957,100,2000,0,0.0004182,0.11304,0.0001569,0.0002034,0.000487,0.8857
958,100,100,1,3.29e-05,0.9937,2.64e-05,7.15e-06,5.13e-05,0.006073
959,100,100,1,0.0002956,0.9946,0.000585,4.77e-05,0.0001519,0.004208
960,100,100,1,0.0002173,0.9727,3.73e-05,2.646e-05,8.154e-05,0.02695
961,100,2000,0,0.002602,0.4602,0.001616,0.0004044,0.0011215,0.534
962,100,100,1,0.0004344,0.997,1.484e-05,5.36e-06,1.91e-05,0.002237
963,100,100,1,0.001511,0.9624,0.01298,0.0004644,0.001484,0.02101
964,100,100,1,0.002699,0.5244,0.002127,0.0009546,0.002396,0.4673
965,100,100,1,0.0002283,0.9937,5.43e-05,1.8e-05,9.346e-05,0.005836
966,100,100,1,0.0003755,0.9897,0.0002424,0.0001195,0.0002506,0.00948
967,100,100,1,0.001568,0.992,0.001356,3.946e-05,0.0001954,0.004436
968,100,100,1,0.0001154,0.9976,0.000196,9e-06,4.83e-05,0.002094
969,100,2000,0,0.0001607,0.2485,0.0001204,8.017e-05,0.0002513,0.751
970,100,2000,0,0.0001868,0.202,8.75e-05,7.063e-05,0.0002412,0.7974
971,100,100,1,5.79e-05,0.999,2.337e-05,2.15e-06,1.16e-05,0.000762
972,100,100,1,0.0002754,0.8804,0.0005717,0.00010246,0.0004478,0.1182
973,100,100,1,0.0001276,0.9995,2.474e-05,3.3e-06,1.2e-05,0.0002692
974,100,2000,0,0.0006876,0.4314,0.000836,0.000273,0.000856,0.566
975,100,100,1,0.000424,0.7573,0.0002195,0.0001922,0.00055,0.2412
976,100,100,1,0.00915,0.5146,0.002436,0.001629,0.002163,0.4697
977,100,100,1,0.0004847,0.959,8.184e-05,4.154e-05,0.000114,0.04037
978,100,100,1,0.002583,0.9033,0.00217,0.0006304,0.001477,0.0897
979,100,100,1,0.0002426,0.9966,0.0001796,2.337e-05,0.0001298,0.00306
980,100,2000,0,0.0009255,0.4592,0.0002358,0.0001887,0.0004346,0.539
981,100,100,1,0.000891,0.521,0.0003178,0.0001463,0.000518,0.477
982,100,2000,0,0.001157,0.343,0.001703,0.001058,0.008804,0.6445
983,100,100,1,0.002117,0.9854,0.001079,6.634e-05,0.0003805,0.01114
984,100,2000,0,0.0002097,0.2462,0.000697,0.0004518,0.001467,0.751
985,100,2000,0,0.001394,0.294,0.003452,0.0008707,0.00457,0.696
986,100,100,1,0.0003095,0.9897,0.00806,5.95e-05,0.0003784,0.001679
987,100,2000,0,0.02328,0.4275,0.003563,0.001437,0.003998,0.5405
988,100,100,1,0.00904,0.7983,0.000371,0.0005465,0.001355,0.1903
989,100,100,1,0.0004208,0.821,9.185e-05,9.555e-05,0.0003042,0.1782
990,100,100,1,2.706e-05,0.998,3.046e-05,4.23e-06,1.955e-05,0.00208
991,100,100,1,7.37e-05,0.9995,2.5e-06,1.55e-06,4.05e-06,0.0005116
992,100,100,1,2.277e-05,0.9976,7.63e-05,1.53e-05,8e-05,0.002148
993,100,2000,0,0.000428,0.06305,0.00104,0.000595,0.001552,0.933
994,100,100,1,7.94e-05,0.9985,2.03e-05,7.03e-06,2.533e-05,0.001278
995,100,100,1,0.0009284,0.909,0.0002854,0.00011176,0.0003092,0.0892
996,100,100,1,3.91e-05,0.9995,4.14e-05,2.56e-06,1.657e-05,0.000406
997,100,100,1,4.09e-05,0.9995,1.4e-06,5.4e-07,2.2e-06,0.0003421
998,100,2000,0,0.000508,0.4321,0.0001484,0.00011265,0.0003383,0.567
999,100,100,1,0.0002003,0.9863,0.000118,2.72e-05,7.94e-05,0.0131
1000,1000,1500,0,0.000285,0.0002036,0.00789,0.2029,0.7866,0.00196
1001,1000,1000,1,0.000361,6.73e-05,0.00602,0.5063,0.4868,0.0004227
1002,1000,1500,0,0.004375,0.0005608,0.14,0.1552,0.699,0.0005794
1003,1000,1500,0,0.00054,0.0001855,0.010796,0.297,0.6904,0.0007625
1004,1000,1500,0,0.001612,0.0003314,0.0373,0.3486,0.611,0.00113
1005,1000,1000,1,0.00459,0.0007243,0.1133,0.5786,0.3008,0.001839
1006,1000,1500,0,0.001227,0.0002365,0.02675,0.2289,0.7417,0.000977
1007,1000,1500,0,0.0008373,0.0005097,0.09265,0.1293,0.775,0.001825
1008,1000,1000,1,0.001548,0.0004008,0.09155,0.4714,0.4343,0.0006857
1009,1000,1000,1,0.00361,0.000509,0.11914,0.696,0.1804,0.0007024
1010,1000,1500,0,0.000879,0.000643,0.0696,0.324,0.6016,0.003084
1011,1000,1500,0,0.0010805,0.0003712,0.0217,0.2422,0.7344,0.0004513
1012,1000,1500,0,0.000717,0.0003176,0.11505,0.3416,0.5415,0.0007725
1013,1000,1000,1,0.001689,0.0002935,0.01404,0.536,0.4468,0.001195
1014,1000,1500,0,0.0003288,7.07e-05,0.02281,0.362,0.6147,7.68e-05
1015,1000,1500,0,0.0001464,4.47e-05,0.00469,0.0979,0.897,0.0001531
1016,1000,1000,1,0.0064,0.000862,0.0625,0.7056,0.2229,0.001876
1017,1000,1500,0,0.0001642,5.275e-05,0.003376,0.1882,0.808,0.0001403
1018,1000,1000,1,0.0275,0.0007415,0.06866,0.582,0.3203,0.0005865
1019,1000,1000,1,0.004654,0.0003605,0.03647,0.6646,0.2932,0.0009646
1020,1000,1500,0,0.0189,0.0007195,0.0252,0.108,0.8467,0.0005875
1021,1000,1500,0,0.00794,0.001157,0.2069,0.1414,0.64,0.002333
1022,1000,1500,0,0.001246,0.0002329,0.1522,0.3525,0.4932,0.0005555
1023,1000,1500,0,0.00339,0.0012865,0.0332,0.4387,0.518,0.00562
1024,1000,500,0,0.002224,0.0006385,0.6987,0.0863,0.2078,0.004303
1025,1000,1500,0,0.002514,0.0003886,0.2964,0.10394,0.596,0.000531
1026,1000,500,0,0.003885,0.000512,0.887,0.0315,0.07654,0.0005336
1027,1000,1000,1,0.00944,0.000598,0.00391,0.956,0.02892,0.0009336
1028,1000,1000,1,0.000554,0.0001189,0.009705,0.765,0.224,0.0002047
1029,1000,1000,1,0.000781,0.0001653,0.0601,0.6777,0.2607,0.0004053
1030,1000,1500,0,0.01124,0.000989,0.1787,0.3926,0.4155,0.000951
1031,1000,1000,1,5.96e-05,1.54e-05,0.0158,0.9307,0.05322,4.29e-05
1032,1000,1000,1,0.003408,0.0005946,0.09283,0.6406,0.2615,0.001232
1033,1000,1500,0,0.0008607,0.0003185,0.01234,0.2173,0.7676,0.001705
1034,1000,1000,1,0.0001532,5.03e-05,0.00417,0.624,0.3713,0.0002102
1035,1000,1500,0,0.0517,0.002003,0.08136,0.2478,0.6147,0.002453
1036,1000,1500,0,0.000777,0.0001479,0.04333,0.3357,0.6196,0.0004249
1037,1000,1500,0,0.0001448,8.106e-05,0.00693,0.06635,0.9263,0.0001318
1038,1000,1500,0,0.0006437,0.00025,0.01417,0.1178,0.8667,0.000367
1039,1000,1500,0,0.0008197,0.0001171,0.065,0.0491,0.885,0.0002334
1040,1000,1500,0,1.97e-05,4.31e-05,0.005787,0.10205,0.892,0.0001433
1041,1000,1500,0,0.0003638,0.0001541,0.003141,0.0644,0.9316,0.0004737
1042,1000,1500,0,0.0002406,9.48e-05,0.004517,0.2301,0.765,0.0001009
1043,1000,1500,0,0.002392,0.0001397,0.02025,0.3494,0.6274,0.0002017
1044,1000,500,0,0.2206,0.01042,0.4094,0.0778,0.2776,0.004402
1045,1000,500,0,0.00435,0.0004442,0.61,0.2174,0.1674,0.000607
1046,1000,500,0,0.001651,0.0001824,0.855,0.05792,0.08466,0.0003853
1047,1000,500,0,0.4612,0.00231,0.5044,0.01333,0.01776,0.000875
1048,1000,1500,0,0.02005,0.001181,0.1531,0.1365,0.6875,0.001561
1049,1000,1500,0,0.0085,0.000735,0.211,0.2988,0.4802,0.000697
1050,1000,1500,0,0.00847,0.00059,0.3606,0.2551,0.3743,0.0007486
1051,1000,1500,0,0.010864,0.0016775,0.0682,0.4543,0.4631,0.001821
1052,1000,1500,0,0.000679,0.0001374,0.02754,0.11755,0.8535,0.000364
1053,1000,1500,0,0.000524,0.000459,0.03842,0.2817,0.6772,0.001577
1054,1000,1000,1,0.00055,0.0001286,0.02553,0.8115,0.1622,0.0001515
1055,1000,1000,1,0.000365,0.0004127,0.004215,0.704,0.2854,0.0056
1056,1000,1500,0,0.0006065,0.0001954,0.012405,0.4897,0.4963,0.00077
1057,1000,1500,0,0.0003579,8.3e-05,0.0558,0.09283,0.8506,0.0002892
1058,1000,1000,1,0.03052,0.0006194,0.275,0.6543,0.03894,0.000575
1059,1000,1000,1,0.001147,0.000221,0.0235,0.5356,0.439,0.0005364
1060,1000,1500,0,0.0004826,0.0002587,0.00966,0.1887,0.799,0.001855
1061,1000,1500,0,0.0003345,0.0002127,0.03387,0.2378,0.7227,0.00509
1062,1000,1000,1,0.005344,0.0005536,0.02824,0.551,0.414,0.001172
1063,1000,1500,0,0.0001222,5.054e-05,0.01459,0.2104,0.7744,0.0002522
1064,1000,1000,1,0.0007668,0.0001997,0.01932,0.949,0.0302,0.0001605
1065,1000,1500,0,0.029,0.001094,0.0356,0.2048,0.729,0.0006495
1066,1000,1500,0,4.905e-05,2.21e-05,0.003286,0.1373,0.8594,6.9e-05
1067,1000,1500,0,0.0002333,8.48e-05,0.003115,0.1028,0.893,0.000755
1068,1000,1500,0,0.000401,0.0001281,0.002415,0.4495,0.5454,0.00232
1069,1000,1500,0,0.1361,0.003841,0.02695,0.3623,0.463,0.00782
1070,1000,1500,0,0.001794,0.0002424,0.01265,0.444,0.541,0.0002207
1071,1000,1500,0,0.0001305,6.88e-05,0.01054,0.1324,0.857,0.0001477
1072,1000,500,0,0.006996,0.01137,0.4954,0.04266,0.4363,0.007305
1073,1000,500,0,0.003088,0.00938,0.858,0.04608,0.07697,0.00645
1074,1000,1000,1,0.00758,0.0004215,0.08453,0.842,0.06494,0.0006313
1075,1000,1500,0,0.000568,7.12e-05,0.0911,0.236,0.672,0.000313
1076,1000,1000,1,0.0009084,0.0002854,0.03592,0.5996,0.363,0.0004184
1077,1000,1000,1,0.0002313,0.0001496,0.004436,0.6313,0.362,0.001681
1078,1000,1500,0,0.01249,0.0009723,0.2319,0.08295,0.671,0.000703
1079,1000,1000,1,0.0003579,0.0001831,0.03096,0.5435,0.421,0.003881
1080,1000,1500,0,0.000227,0.0002513,0.012115,0.2089,0.773,0.00576
1081,1000,1500,0,0.002197,0.0005097,0.084,0.304,0.608,0.001307
1082,1000,500,0,0.001791,0.0002828,0.763,0.1448,0.0893,0.000555
1083,1000,500,0,0.004066,0.0004835,0.669,0.2302,0.09576,0.0005574
1084,1000,1000,1,0.0001695,6.44e-05,0.006344,0.5005,0.4907,0.002234
1085,1000,1500,0,0.0001572,0.0001218,0.02335,0.2568,0.719,0.000331
1086,1000,1500,0,0.0004299,0.0001345,0.00692,0.10565,0.886,0.00078
1087,1000,1500,0,0.0001782,5.31e-05,0.007236,0.1361,0.8555,0.000861
1088,1000,1500,0,0.0002441,7.665e-05,0.003109,0.1702,0.826,0.0001199
1089,1000,1500,0,0.0452,0.004856,0.0533,0.1681,0.7266,0.002172
1090,1000,1500,0,0.0006647,0.0003514,0.06195,0.0627,0.874,0.000465
1091,1000,1500,0,0.001734,0.000378,0.0505,0.1256,0.821,0.0007753
1092,1000,1500,0,0.000307,0.0001005,0.010284,0.1284,0.8604,0.0007267
1093,1000,1500,0,0.01468,0.001496,0.02502,0.09937,0.858,0.001656
1094,1000,1500,0,0.01347,0.002161,0.1349,0.2595,0.584,0.005978
1095,1000,1500,0,0.006172,0.0003471,0.05377,0.0961,0.843,0.0007567
1096,1000,1500,0,0.000961,0.0001258,0.03574,0.0773,0.8857,0.0002153
1097,1000,1500,0,0.0002735,7.915e-05,0.07465,0.2502,0.675,0.0002077
1098,1000,1500,0,0.001894,0.000956,0.1195,0.2327,0.642,0.002735
1099,1000,1500,0,0.002804,0.000337,0.3284,0.2302,0.4377,0.0004368
1100,1000,1500,0,0.01421,0.001279,0.1606,0.1667,0.6562,0.000854
1101,1000,1500,0,0.001018,0.0001566,0.01502,0.2013,0.782,0.0003693
1102,1000,500,0,0.01892,0.001177,0.44,0.232,0.3071,0.001014
1103,1000,1500,0,0.0006804,0.0002654,0.02332,0.2,0.774,0.00161
1104,1000,1000,1,0.002237,0.000812,0.03497,0.4844,0.4768,0.000959
1105,1000,500,0,0.00499,0.000663,0.3816,0.2944,0.3176,0.0007167
1106,1000,500,0,0.002506,0.0003626,0.712,0.11383,0.171,0.0003915
1107,1000,1500,0,0.00124,0.000376,0.05127,0.1267,0.82,0.0004017
1108,1000,1000,1,0.0059,0.001042,0.01453,0.5015,0.472,0.005108
1109,1000,1500,0,0.001317,0.0002809,0.0777,0.3457,0.5747,0.0004268
1110,1000,1500,0,0.001887,0.000212,0.01296,0.292,0.6924,0.000292
1111,1000,1000,1,0.0005755,0.000202,0.1567,0.5,0.3418,0.000522
1112,1000,1500,0,0.001007,0.0002685,0.0139,0.448,0.535,0.001799
1113,1000,500,0,0.0093,0.000298,0.7183,0.10876,0.1631,0.0003064
1114,1000,1500,0,0.0004582,0.000309,0.0329,0.212,0.753,0.001266
1115,1000,500,0,0.004173,0.000661,0.665,0.1902,0.1394,0.0004404
1116,1000,500,0,0.00669,0.000421,0.4783,0.422,0.0923,0.0003567
1117,1000,1500,0,0.0010195,0.0003335,0.03732,0.248,0.712,0.001332
1118,1000,1500,0,0.0006104,0.0003686,0.01768,0.1595,0.8184,0.003616
1119,1000,500,0,0.002943,0.000695,0.878,0.04373,0.074,0.0008326
1120,1000,500,0,0.04422,0.001737,0.7114,0.08215,0.1595,0.0007353
1121,1000,500,0,0.0511,0.003328,0.5933,0.2769,0.0744,0.000957
1122,1000,1000,1,0.06097,0.001673,0.1908,0.4824,0.2605,0.003727
1123,1000,1000,1,0.01123,0.0006685,0.1873,0.638,0.1619,0.0005994
1124,1000,1500,0,0.000768,0.0003483,0.1211,0.2625,0.614,0.001364
1125,1000,1000,1,0.0004747,0.0002592,0.0373,0.594,0.367,0.000681
1126,1000,1500,0,0.03522,0.00204,0.0825,0.317,0.5596,0.003712
1127,1000,1500,0,0.001712,0.0003545,0.0816,0.1599,0.7554,0.000989
1128,1000,1000,1,0.001639,0.0002773,0.1149,0.761,0.12115,0.0005856
1129,1000,1000,1,0.003065,0.0008426,0.09924,0.8105,0.08435,0.001766
1130,1000,500,0,0.001531,0.000335,0.4536,0.2021,0.3418,0.000647
1131,1000,500,0,0.00238,0.0004864,0.6987,0.0346,0.2625,0.001481
1132,1000,1500,0,0.002506,0.0009985,0.03836,0.1831,0.771,0.004303
1133,1000,1500,0,0.001211,0.0003061,0.02147,0.0815,0.895,0.000617
1134,1000,1500,0,0.0038,0.00266,0.0824,0.0766,0.8325,0.002089
1135,1000,500,0,0.0432,0.001021,0.927,0.01929,0.00909,0.000592
1136,1000,500,0,0.04263,0.001431,0.8335,0.04453,0.0773,0.000599
1137,1000,1000,1,0.003717,0.000902,0.2852,0.418,0.2913,0.000987
1138,1000,1000,1,0.004482,0.0003653,0.0483,0.5063,0.44,0.000773
1139,1000,1000,1,0.001766,0.0005527,0.1567,0.4766,0.3633,0.001042
1140,1000,1000,1,0.0007486,0.0001135,0.00176,0.891,0.10583,0.0001905
1141,1000,1500,0,4.08e-05,1.556e-05,0.00234,0.2808,0.717,3.69e-05
1142,1000,500,0,0.005947,0.0001546,0.7393,0.1478,0.1065,0.000105
1143,1000,500,0,0.02213,0.001805,0.4595,0.4497,0.0664,0.0006747
1144,1000,0,0,0.9844,0.0002356,0.01381,0.000699,0.000665,0.00010514
1145,1000,1000,1,0.000348,0.0002286,0.0231,0.5684,0.407,0.00082
1146,1000,1500,0,0.005856,0.0008807,0.03326,0.254,0.705,0.000912
1147,1000,1500,0,0.1129,0.00766,0.1875,0.257,0.4324,0.002283
1148,1000,1000,1,0.000674,0.000167,0.0751,0.548,0.3757,0.0003176
1149,1000,1500,0,0.000374,0.0001987,0.01709,0.1864,0.7954,0.0006337
1150,1000,1500,0,0.001052,0.0001636,0.00907,0.2544,0.735,0.0002494
1151,1000,1500,0,0.000451,0.0001577,0.317,0.08575,0.5967,0.0001602
1152,1000,1000,1,0.001123,0.0001794,0.03665,0.576,0.3853,0.0005484
1153,1000,1500,0,0.00054,0.0001858,0.0453,0.269,0.684,0.0009623
1154,1000,1000,1,0.004997,0.000994,0.1962,0.4211,0.3716,0.005207
1155,1000,1500,0,0.000565,0.0003502,0.04077,0.1898,0.767,0.001549
1156,1000,1000,1,0.01149,0.0006843,0.1646,0.4697,0.3533,0.0003893
1157,1000,1500,0,0.0003786,6.75e-05,0.006683,0.05167,0.941,0.0001473
1158,1000,500,0,0.01376,0.000351,0.895,0.01095,0.0796,0.0004835
1159,1000,1000,1,0.01947,0.001049,0.0806,0.4487,0.4487,0.001471
1160,1000,500,0,0.006557,0.00311,0.58,0.0971,0.3086,0.004414
1161,1000,1000,1,0.005444,0.0004663,0.1957,0.605,0.193,0.000503
1162,1000,500,0,0.008026,0.0003717,0.536,0.3433,0.1121,0.0002496
1163,1000,1500,0,0.001835,0.0005617,0.1897,0.1255,0.6807,0.001691
1164,1000,1000,1,0.02014,0.000997,0.1067,0.5244,0.346,0.001663
1165,1000,1500,0,0.0005155,0.0003786,0.03268,0.403,0.562,0.001514
1166,1000,1500,0,0.00268,0.001137,0.1483,0.3801,0.4658,0.001892
1167,1000,1500,0,0.001301,0.003565,0.04984,0.3425,0.5513,0.0517
1168,1000,1000,1,0.01964,0.0005565,0.008965,0.9214,0.04886,0.000792
1169,1000,1000,1,0.0009656,8.02e-05,0.010826,0.9795,0.00818,0.0005116
1170,1000,1500,0,0.00219,0.0005865,0.006058,0.1821,0.808,0.000882
1171,1000,1500,0,0.000982,0.0004888,0.006207,0.3687,0.61,0.01373
1172,1000,1500,0,0.003914,0.000985,0.1093,0.2966,0.585,0.00411
1173,1000,1500,0,0.0007854,0.0003126,0.011116,0.1796,0.8076,0.0005693
1174,1000,1500,0,0.0001193,0.0001956,0.00496,0.4622,0.5317,0.000586
1175,1000,1500,0,0.0007224,0.000505,0.03107,0.1831,0.7812,0.003353
1176,1000,1500,0,0.000273,0.0002215,0.00191,0.1903,0.804,0.003014
1177,1000,1500,0,0.004562,0.001287,0.04285,0.1328,0.8057,0.012566
1178,1000,1500,0,0.000817,0.0002404,0.1003,0.0689,0.828,0.001376
1179,1000,1500,0,0.006187,0.000849,0.06305,0.2362,0.6914,0.002075
1180,1000,1500,0,0.014435,0.000602,0.2883,0.2134,0.482,0.001279
1181,1000,500,0,0.00608,0.00095,0.431,0.1367,0.4233,0.001991
1182,1000,500,0,0.00989,0.0005145,0.6484,0.0928,0.248,0.00057
1183,1000,1500,0,0.0215,0.0008693,0.4014,0.0725,0.5024,0.001347
1184,1000,1500,0,0.1119,0.002544,0.2223,0.305,0.3545,0.003872
1185,1000,1500,0,0.001355,0.0004206,0.0567,0.2727,0.666,0.002974
1186,1000,1500,0,0.004642,0.0005436,0.2089,0.2466,0.5386,0.0008454
1187,1000,1000,1,0.0005164,4.17e-05,0.00876,0.9634,0.02727,8.076e-05
1188,1000,1000,1,0.0007305,4.57e-05,0.00204,0.995,0.001978,0.0002768
1189,1000,1000,1,0.000976,0.00035,0.01367,0.9243,0.059,0.00166
1190,1000,1000,1,0.0001996,0.0001444,0.01913,0.502,0.4724,0.00607
1191,1000,1000,1,0.007614,0.000603,0.07385,0.692,0.2227,0.003262
1192,1000,1000,1,0.000368,0.0001422,0.00877,0.659,0.33,0.0014
1193,1000,1000,1,0.000369,7.56e-05,0.01084,0.7354,0.2527,0.0004067
1194,1000,1000,1,0.001492,0.0001719,0.011604,0.954,0.03183,0.00098
1195,1000,1000,1,0.0002918,3.69e-05,0.005547,0.965,0.0289,0.0004964
1196,1000,1000,1,0.0003686,7.21e-05,0.005394,0.964,0.02997,0.0002744
1197,1000,1000,1,0.0003233,0.0001723,0.03262,0.4968,0.4695,0.0004842
1198,1000,1000,1,0.0002172,3.63e-05,0.013,0.913,0.0736,0.0001943
1199,1000,1000,1,0.003273,3.34e-05,0.00663,0.9863,0.003798,0.0001078
1200,1000,1000,1,0.001438,0.000107,0.005745,0.9897,0.00235,0.0004683
1201,1000,1000,1,0.0004828,0.000114,0.02873,0.957,0.012955,0.0006824
1202,1000,1000,1,0.01755,0.002676,0.1713,0.4607,0.3337,0.013916
1203,1000,1000,1,0.002048,0.001141,0.04434,0.585,0.3596,0.007664
1204,1000,1000,1,0.000938,0.0004244,0.01387,0.8105,0.1709,0.003304
1205,1000,500,0,0.0005817,0.0001563,0.51,0.2413,0.2476,0.0006456
1206,1000,1500,0,0.001176,0.0002067,0.03375,0.225,0.7393,0.0008655
1207,1000,1500,0,0.0065,0.000671,0.0464,0.3342,0.61,0.002605
1208,1000,1500,0,0.00503,0.000447,0.05487,0.442,0.4968,0.0007906
1209,1000,1500,0,0.000778,0.0002216,0.0459,0.1707,0.7812,0.001001
1210,1000,1500,0,0.0004492,9.197e-05,0.02362,0.4172,0.558,0.0004644
1211,1000,1500,0,0.01993,0.001073,0.2837,0.2498,0.444,0.001658
1212,1000,1500,0,0.001895,0.0004773,0.1515,0.1482,0.6973,0.0004725
1213,1000,1500,0,0.000631,0.0002692,0.01645,0.3027,0.678,0.001579
1214,1000,1000,1,0.0001392,4.17e-05,0.002464,0.894,0.1029,0.0003583
1215,1000,1500,0,0.00018,9.56e-05,0.006496,0.0904,0.9023,0.0007286
1216,1000,1000,1,0.001401,0.0003157,0.01906,0.8633,0.1155,0.0003822
1217,1000,1000,1,0.0008316,0.0001465,0.003576,0.7114,0.2834,0.0004108
1218,1000,1000,1,0.004498,0.00206,0.07574,0.477,0.4353,0.005447
1219,1000,1500,0,0.0006056,9.23e-05,0.00454,0.334,0.66,0.00062
1220,1000,1500,0,0.001325,0.0003457,0.0427,0.1255,0.828,0.002234
1221,1000,1500,0,0.0001613,9.52e-05,0.006413,0.3923,0.6006,0.000454
1222,1000,1500,0,7.64e-05,5.88e-05,0.009315,0.1431,0.8467,0.0009727
1223,1000,1500,0,0.0003662,8.84e-05,0.01043,0.1284,0.8604,0.0002456
1224,1000,1500,0,0.002514,0.000783,0.02225,0.2717,0.6997,0.003025
1225,1000,1000,1,0.001856,0.000658,0.05692,0.727,0.2103,0.00302
1226,1000,1000,1,0.007034,0.000718,0.174,0.763,0.05444,0.0006523
1227,1000,1500,0,0.001195,0.0004973,0.06024,0.1785,0.759,0.001004
1228,1000,500,0,0.00424,0.0002453,0.7725,0.059,0.1638,0.0001795
1229,1000,1500,0,0.0005646,0.0001866,0.00637,0.1542,0.8384,0.0003784
1230,1000,1000,1,0.08624,0.002117,0.1156,0.6733,0.1216,0.001202
1231,1000,1500,0,0.0006475,0.0002174,0.01471,0.2096,0.774,0.0007296
1232,1000,1500,0,0.006157,0.000985,0.2457,0.2467,0.4983,0.002022
1233,1000,1500,0,0.00619,0.001531,0.2125,0.1294,0.6484,0.00196
1234,1000,1500,0,0.000412,6.896e-05,0.04614,0.07745,0.876,7.313e-05
1235,1000,1500,0,0.0003858,5.895e-05,0.004482,0.08167,0.913,0.0001682
1236,1000,1500,0,0.001539,0.000774,0.01842,0.1122,0.865,0.001817
1237,1000,1500,0,0.01785,0.000947,0.02814,0.11206,0.8394,0.001461
1238,1000,1500,0,0.00905,0.0018,0.1095,0.1216,0.755,0.003214
1239,1000,1500,0,8.3e-05,7.1e-05,0.00864,0.1667,0.824,0.0004165
1240,1000,1500,0,0.0003607,8.49e-05,0.001504,0.1742,0.823,0.0007405
1241,1000,1500,0,0.0003324,0.0001014,0.01229,0.1378,0.8477,0.002052
1242,1000,1500,0,0.000247,8.91e-05,0.006123,0.2452,0.748,0.000158
1243,1000,1000,1,0.000559,0.0002289,0.01215,0.6274,0.359,0.0006833
1244,1000,1500,0,0.002602,0.0003426,0.03442,0.346,0.6157,0.001013
1245,1000,1000,1,0.0481,0.0056,0.03513,0.89,0.01755,0.003424
1246,1000,1000,1,0.001744,0.000746,0.00694,0.6846,0.302,0.00365
1247,1000,1500,0,0.001162,0.0005474,0.03024,0.4395,0.526,0.002792
1248,1000,1500,0,0.00402,0.00214,0.1478,0.1844,0.6553,0.006126
1249,1000,1000,1,0.004448,0.001656,0.04736,0.5083,0.4255,0.01293
1250,1000,1000,1,0.02092,0.00223,0.2272,0.6157,0.1312,0.002748
1251,1000,1000,1,0.01819,0.001119,0.1981,0.7295,0.05173,0.001391
1252,1000,1500,0,0.001266,0.001132,0.03506,0.2178,0.7197,0.02487
1253,1000,1500,0,0.00309,0.001232,0.149,0.2932,0.5513,0.00214
1254,1000,1000,1,0.02043,0.0087,0.0512,0.7485,0.149,0.0218
1255,1000,1000,1,0.00841,0.004246,0.0369,0.4834,0.4622,0.005024
1256,1000,1000,1,0.0004272,0.0001049,0.03098,0.7563,0.2117,0.0006084
1257,1000,1500,0,0.003479,0.0003557,0.01692,0.2177,0.7607,0.0006967
1258,1000,1000,1,0.01042,0.0007787,0.01099,0.9287,0.0476,0.001418
1259,1000,1000,1,0.00183,0.0001242,0.0433,0.7715,0.1829,0.0002266
1260,1000,1000,1,0.11066,0.001386,0.0713,0.7495,0.06525,0.002142
1261,1000,1000,1,0.000541,6.04e-05,0.00269,0.936,0.06076,0.0001332
1262,1000,1000,1,0.0008807,0.0002544,0.007717,0.918,0.06915,0.003933
1263,1000,1000,1,6.72e-05,7e-06,0.0001762,0.9976,0.002127,8.53e-05
1264,1000,1000,1,0.00639,0.0002058,0.01209,0.7285,0.2522,0.000542
1265,1000,1000,1,0.003138,0.0007067,0.1044,0.461,0.428,0.002657
1266,1000,1000,1,0.0113,0.000619,0.0972,0.7886,0.0982,0.003866
1267,1000,1000,1,0.0003598,2.95e-05,0.002594,0.9956,0.001462,0.0001241
1268,1000,1000,1,0.00395,0.0007653,0.00519,0.795,0.194,0.001228
1269,1000,1000,1,0.03775,0.000846,0.02798,0.8955,0.0355,0.002367
1270,1000,1000,1,6.88e-05,2.12e-05,0.002787,0.9897,0.00731,9.346e-05
1271,1000,1000,1,0.006477,0.0003085,0.01808,0.958,0.01595,0.001034
1272,1000,1000,1,8.434e-05,4.95e-06,0.0003622,0.9985,0.000995,1.77e-05
1273,1000,1000,1,0.0001893,3.994e-05,0.003214,0.989,0.007313,0.000533
1274,1000,1000,1,0.00121,0.0002412,0.02544,0.8877,0.0852,0.0003347
1275,1000,1000,1,0.000316,5.24e-05,0.001414,0.994,0.0036,0.0003347
1276,1000,1000,1,0.001067,0.00010806,0.00846,0.981,0.009125,0.0004127
1277,1000,1000,1,0.00457,0.0004034,0.03687,0.8477,0.10913,0.001384
1278,1000,1000,1,0.00833,0.0005927,0.003042,0.951,0.03522,0.001815
1279,1000,1000,1,0.000708,3.08e-05,0.0002494,0.9985,0.0005164,0.0001079
1280,1000,1000,1,0.0001374,4.095e-05,0.00263,0.9907,0.005444,0.000917
1281,1000,1000,1,0.0001463,3.23e-05,0.001471,0.996,0.001993,0.0001591
1282,1000,1000,1,0.0003648,6.58e-05,0.00135,0.9727,0.02386,0.0015
1283,1000,1000,1,0.001278,0.0002034,0.0188,0.7427,0.2356,0.001411
1284,1000,1000,1,0.00431,0.0001706,0.002932,0.9883,0.003853,0.0005865
1285,1000,1000,1,0.000684,0.0002317,0.01316,0.8433,0.1417,0.000887
1286,1000,1000,1,0.00272,0.0003328,0.004013,0.9863,0.00453,0.002256
1287,1000,1000,1,9.316e-05,3.19e-05,0.000753,0.998,0.0008745,0.0002393
1288,1000,1000,1,0.007053,0.0004072,0.01506,0.913,0.06323,0.001402
1289,1000,1000,1,0.00245,0.0002637,0.02022,0.8906,0.08563,0.000841
1290,1000,1000,1,0.0018835,0.0003004,0.00967,0.866,0.11896,0.00293
1291,1000,1000,1,0.000993,0.0003064,0.001461,0.974,0.02263,0.0006824
1292,1000,1000,1,0.000851,7.67e-05,0.01099,0.963,0.02483,0.0002081
1293,1000,1000,1,0.0002416,3.564e-05,0.002035,0.9927,0.005047,0.0001419
1294,1000,1000,1,0.0001549,2.974e-05,0.003794,0.9946,0.001427,9.084e-05
1295,1000,1000,1,0.0001931,0.0001048,0.001742,0.969,0.02727,0.001233
1296,1000,1000,1,0.0003588,9.69e-05,0.002926,0.9795,0.017,0.0002604
1297,1000,1000,1,0.0001022,1.92e-05,0.0002913,0.997,0.002506,7.52e-05
1298,1000,1000,1,0.01046,0.000613,0.02654,0.908,0.05258,0.001371
1299,1000,1000,1,0.000373,7.594e-05,0.00431,0.9233,0.0715,0.0003607
1300,1000,1000,1,0.0001295,5.69e-05,0.001852,0.9917,0.005856,0.0006247
1301,1000,1000,1,0.0003183,6.58e-05,0.001007,0.994,0.00419,0.0002244
1302,1000,1000,1,0.0009108,0.0001352,0.0115,0.9775,0.00887,0.000854
1303,1000,1000,1,0.0001402,0.000129,0.00435,0.955,0.0395,0.0009217
1304,1000,1000,1,6.306e-05,2.08e-05,0.001282,0.985,0.01309,0.0005913
1305,1000,1000,1,0.003487,0.0001837,0.00349,0.4976,0.4946,0.0004478
1306,1000,1000,1,0.0008307,0.0001687,0.011314,0.729,0.2578,0.000816
1307,1000,1500,0,0.003513,0.000856,0.1254,0.2585,0.6084,0.003313
1308,1000,1000,1,0.007195,0.000749,0.01642,0.704,0.2683,0.003052
1309,1000,1000,1,0.00053,0.0001261,0.003,0.981,0.01506,0.0003743
1310,1000,1500,0,0.003414,0.002096,0.013756,0.2244,0.7505,0.00598
1311,1000,1000,1,0.001034,9.13e-05,0.0082,0.9805,0.01003,0.0001726
1312,1000,1000,1,0.27,0.004562,0.2286,0.3293,0.1637,0.003601
1313,1000,1000,1,0.0003526,0.0001312,0.00553,0.8545,0.1373,0.002365
1314,1000,1000,1,4.524e-05,1.95e-05,0.000803,0.995,0.003899,0.0001538
1315,1000,1000,1,0.000687,0.0001549,0.003426,0.9585,0.03564,0.001632
1316,1000,1000,1,0.0001929,1.454e-05,0.000333,0.997,0.00232,4.81e-05
1317,1000,1000,1,0.0001793,5.126e-05,0.004425,0.664,0.3313,0.0001307
1318,1000,1000,1,0.0001444,1.93e-05,0.002075,0.989,0.00866,0.0003715
1319,1000,1000,1,0.0004635,2.77e-05,0.0009575,0.998,0.000578,8.3e-05
1320,1000,1000,1,0.00354,0.0003319,0.02621,0.8203,0.1494,0.000418
1321,1000,1000,1,0.000497,0.00011015,0.0004575,0.998,0.0006194,0.0004046
1322,1000,1000,1,0.01361,0.0004675,0.001703,0.9766,0.00633,0.001349
1323,1000,1000,1,0.01116,0.000322,0.003094,0.979,0.006214,0.0004497
1324,1000,1000,1,0.0004835,6.61e-05,0.0007396,0.9966,0.001475,0.00076
1325,1000,1000,1,0.02512,0.0002582,0.00213,0.969,0.002619,0.000554
1326,1000,1000,1,0.006706,0.0006375,0.00672,0.982,0.002996,0.000812
1327,1000,0,0,0.522,0.00345,0.02411,0.4,0.04877,0.001534
1328,1000,1000,1,0.0003188,7.236e-05,0.0004182,0.9976,0.000923,0.0007734
1329,1000,1000,1,0.00011975,1.87e-05,0.0010395,0.9937,0.00502,0.0002444
1330,1000,1000,1,0.001215,2.474e-05,0.0001733,0.9976,0.000938,3.624e-05
1331,1000,1000,1,0.006386,0.0004132,0.005787,0.948,0.03793,0.001462
1332,1000,1000,1,0.002008,0.0004847,0.02582,0.8955,0.0749,0.00145
1333,1000,1000,1,0.001453,9.68e-05,0.002556,0.984,0.01178,0.0001485
1334,1000,1000,1,0.000243,3.46e-05,0.003237,0.9937,0.002567,0.0001609
1335,1000,1000,1,0.0006595,7.045e-05,0.0082,0.938,0.0531,0.0001717
1336,1000,1000,1,0.0003672,2.503e-05,0.0002751,0.9985,0.0004706,0.0001252
1337,1000,1000,1,0.1366,0.00098,0.01023,0.839,0.01171,0.00168
1338,1000,1000,1,0.1335,0.007534,0.03583,0.7627,0.05264,0.00793
1339,1000,500,0,0.02423,0.001995,0.4248,0.3384,0.2041,0.00639
1340,1000,1000,1,0.0335,0.005608,0.08405,0.8423,0.0203,0.014244
1341,1000,1000,1,0.003557,0.000643,0.01145,0.958,0.02098,0.0056
1342,1000,1000,1,0.00936,0.000639,0.004303,0.98,0.003687,0.001848
1343,1000,1000,1,0.00954,0.001588,0.01788,0.8687,0.0973,0.00496
1344,1000,1500,0,0.0044,0.000912,0.01002,0.2783,0.701,0.00523
1345,1000,1000,1,0.002031,0.0002096,0.07666,0.8984,0.02148,0.001126
1346,1000,1000,1,9.28e-05,1.276e-05,0.000161,0.9985,0.001302,0.00010496
1347,1000,1000,1,0.000637,7.373e-05,0.001294,0.9893,0.00874,0.000129
1348,1000,1000,1,0.000819,0.0001309,0.03168,0.788,0.179,0.0002352
1349,1000,1000,1,0.0003338,4.37e-05,0.001111,0.997,0.001268,0.0001305
1350,1000,1000,1,2.6e-05,4.4e-06,6.17e-05,0.9995,0.0002215,2.19e-05
1351,1000,1000,1,0.02611,0.0001557,0.000906,0.9707,0.001442,0.0007114
1352,1000,1000,1,0.001641,6.69e-05,0.0006866,0.997,0.000601,0.0001147
1353,1000,1000,1,0.000342,9.85e-05,0.002218,0.984,0.01321,0.0003273
1354,1000,0,0,0.502,0.001761,0.3354,0.12067,0.03903,0.001246
1355,1000,1000,1,0.0003412,8.95e-05,0.01892,0.9683,0.01166,0.0005546
1356,1000,1000,1,0.003082,0.0003362,0.002424,0.9863,0.00678,0.0010805
1357,1000,1000,1,0.0007925,0.0001364,0.015045,0.8247,0.1589,0.000479
1358,1000,1000,1,0.2201,0.002295,0.02266,0.7266,0.02429,0.003807
1359,1000,1000,1,0.0004606,0.00011355,0.010475,0.946,0.0428,0.0004482
1360,1000,1000,1,0.003315,0.00095,0.00628,0.9614,0.0228,0.005
1361,1000,1000,1,0.0006323,0.0002704,0.010635,0.959,0.02797,0.001513
1362,1000,1000,1,0.000319,5.34e-05,0.003817,0.9834,0.01246,9.96e-05
1363,1000,1000,1,6.056e-05,4.08e-05,0.001174,0.9243,0.0741,0.0004067
1364,1000,1000,1,0.003365,0.0002367,0.005886,0.972,0.01692,0.0016365
1365,1000,1000,1,0.0001153,2e-05,0.0005803,0.9985,0.0008187,0.0001309
1366,1000,1000,1,0.001298,0.0003264,0.009705,0.758,0.2297,0.001251
1367,1000,1000,1,0.000879,0.0001824,0.01092,0.964,0.02327,0.000857
1368,1000,1000,1,0.0003042,0.0001374,0.0005035,0.934,0.06366,0.001449
1369,1000,1000,1,0.0002077,2.25e-05,0.002398,0.995,0.002172,5.06e-05
1370,1000,1000,1,0.0003037,0.0003686,0.005234,0.844,0.1433,0.006752
1371,1000,1000,1,0.0636,0.003286,0.0701,0.7827,0.07623,0.00408
1372,1000,1000,1,0.000973,4.5e-05,0.004368,0.831,0.1633,0.0001969
1373,1000,1000,1,0.001108,0.0002763,0.00365,0.9707,0.02225,0.002022
1374,1000,1000,1,0.002672,0.0001225,0.0003872,0.985,0.01133,0.0004113
1375,1000,1000,1,0.000153,8.106e-05,0.00629,0.967,0.02637,0.0003874
1376,1000,1000,1,5.82e-05,1.42e-05,0.000545,0.8975,0.1017,8.345e-05
1377,1000,1000,1,0.002098,0.0003507,0.005608,0.976,0.01496,0.0007057
1378,1000,1000,1,0.0003085,0.000205,0.0018425,0.947,0.04752,0.003246
1379,1000,1500,0,0.000256,0.0001676,0.006313,0.3838,0.6074,0.001995
1380,1000,1000,1,0.0002656,5.12e-05,0.003181,0.946,0.05005,0.0004163
1381,1000,1500,0,0.0585,0.003666,0.2876,0.273,0.3694,0.00812
1382,1000,1000,1,0.2074,0.001205,0.0713,0.569,0.1501,0.001332
1383,1000,1000,1,0.0005283,6.163e-05,0.000798,0.9697,0.02855,0.0001793
1384,1000,1000,1,0.00397,0.0002137,0.002344,0.8984,0.09454,0.0002751
1385,1000,1000,1,0.001325,0.000145,0.004444,0.876,0.1177,0.000333
1386,1000,1000,1,0.0009346,0.000345,0.0072,0.961,0.02939,0.001403
1387,1000,1000,1,3.666e-05,9.3e-06,0.0003912,0.9976,0.002024,8.184e-05
1388,1000,1000,1,7.224e-05,1.806e-05,0.00286,0.9937,0.003304,0.0001998
1389,1000,1000,1,0.00795,0.0009646,0.1512,0.7695,0.06934,0.0008974
1390,1000,1000,1,9.98e-05,4.333e-05,0.001506,0.9697,0.02832,0.0003123
1391,1000,1000,1,0.002642,0.0001297,0.001391,0.991,0.004,0.000711
1392,1000,1000,1,0.003855,0.0006814,0.0642,0.864,0.06647,0.001033
1393,1000,1000,1,7.963e-05,1.23e-05,0.0004237,0.997,0.002335,5.835e-05
1394,1000,1000,1,6.87e-05,1.913e-05,0.0001843,0.9927,0.00709,8.947e-05
1395,1000,1000,1,0.0001135,2.044e-05,0.0005856,0.998,0.001026,0.000169
1396,1000,1000,1,0.0002007,4.75e-05,0.003119,0.987,0.00972,0.0001073
1397,1000,1000,1,0.02586,0.0015955,0.0395,0.8853,0.044,0.003897
1398,1000,1000,1,0.1677,0.00323,0.02217,0.655,0.1445,0.007378
1399,1000,1000,1,0.000539,0.00011426,0.00869,0.974,0.01591,0.0005918
1400,1000,1000,1,0.000984,0.000198,0.01005,0.975,0.012596,0.000977
1401,1000,1000,1,0.0001316,3.004e-05,0.0004265,0.9976,0.001593,8.87e-05
1402,1000,1000,1,0.0002608,3.296e-05,0.001129,0.996,0.002193,0.0001361
1403,1000,1000,1,0.0001164,2.205e-05,0.001526,0.996,0.001853,0.0003347
1404,1000,1000,1,0.001929,8.43e-05,0.002281,0.993,0.002043,0.0003269
1405,1000,1000,1,0.0007095,6.16e-05,0.0009465,0.9966,0.001496,0.0003045
1406,1000,1000,1,0.0005136,5.83e-05,0.007103,0.985,0.00708,0.000518
1407,1000,1000,1,0.000262,6.825e-05,0.003347,0.986,0.009834,0.000684
1408,1000,1000,1,0.05353,0.003048,0.02565,0.7812,0.1324,0.003975
1409,1000,1000,1,0.001249,8.315e-05,0.003138,0.9917,0.00322,0.000707
1410,1000,1000,1,0.000298,4.61e-05,0.0003111,0.9966,0.002573,9.036e-05
1411,1000,1000,1,0.001339,0.00010717,0.003857,0.984,0.010666,0.0002086
1412,1000,1000,1,0.0002778,9.49e-05,0.004555,0.9683,0.02629,0.0006237
1413,1000,1000,1,0.05954,0.003994,0.09784,0.79,0.04437,0.00438
1414,1000,1000,1,0.0001665,9.054e-05,0.001906,0.9795,0.01772,0.0004082
1415,1000,1000,1,0.115,0.00211,0.01275,0.838,0.02896,0.003124
1416,1000,1000,1,0.08307,0.00217,0.09644,0.7666,0.04922,0.002375
1417,1000,1000,1,0.00302,0.0004625,0.02777,0.9497,0.01839,0.000641
1418,1000,1000,1,0.01182,0.006775,0.1443,0.5474,0.269,0.02087
1419,1000,1000,1,0.0006332,8.404e-05,0.002157,0.8984,0.09827,0.0002825
1420,1000,1000,1,0.00223,0.0003614,0.01772,0.9326,0.0466,0.0006394
1421,1000,1000,1,0.03008,0.00131,0.02216,0.8647,0.07916,0.002575
1422,1000,1000,1,0.01727,0.0008373,0.011284,0.734,0.235,0.001955
1423,1000,1000,1,0.0003104,4.077e-05,0.0002513,0.99,0.00866,0.0002697
1424,1000,1000,1,0.003017,0.0006566,0.008354,0.7427,0.2416,0.003529
1425,1000,1000,1,0.01149,0.0001587,0.001067,0.97,0.01659,0.0002596
1426,1000,1000,1,0.0008044,0.0003958,0.02226,0.7314,0.2435,0.001719
1427,1000,1000,1,0.000392,0.000219,0.01009,0.924,0.0623,0.002956
1428,1000,1000,1,0.0003307,7.41e-05,0.004204,0.9893,0.00571,0.0002404
1429,1000,1000,1,0.001112,0.000261,0.000983,0.9517,0.04474,0.0011635
1430,1000,1000,1,0.002888,0.001294,0.04196,0.761,0.1898,0.002922
1431,1000,1000,1,0.0002114,4.494e-05,0.004303,0.978,0.01494,0.002497
1432,1000,1000,1,0.002878,0.0001318,0.001439,0.992,0.002565,0.0007143
1433,1000,1000,1,0.0001108,1.65e-05,0.0006447,0.996,0.003159,0.0001117
1434,1000,1000,1,0.0007877,0.0002421,0.02206,0.9395,0.02988,0.007355
1435,1000,1000,1,9e-05,1.156e-05,0.0004385,0.999,0.0004907,5.63e-05
1436,1000,1000,1,0.001177,9.73e-05,0.002834,0.9927,0.002815,0.000397
1437,1000,1000,1,0.00263,0.0003653,0.00826,0.9604,0.02638,0.0016985
1438,1000,1000,1,0.0009727,6.2e-05,0.003338,0.991,0.003796,0.0005503
1439,1000,1000,1,0.0015335,0.0002033,0.009445,0.961,0.02756,0.0004287
1440,1000,1000,1,0.002663,0.000381,0.003572,0.8984,0.0943,0.0005946
1441,1000,1000,1,3.785e-05,9.1e-06,0.0002171,0.982,0.01764,8.39e-05
1442,1000,1000,1,0.015526,0.001458,0.334,0.557,0.09094,0.001185
1443,1000,1000,1,0.003016,0.001022,0.03918,0.6787,0.2764,0.001837
1444,1000,1000,1,0.0002847,0.0001164,0.01289,0.658,0.328,0.000447
1445,1000,1000,1,0.0011215,0.0002373,0.003397,0.8223,0.172,0.000948
1446,1000,1000,1,0.000834,0.000174,0.00224,0.876,0.119,0.0018
1447,1000,1000,1,0.000276,0.0002064,0.01106,0.585,0.4026,0.001064
1448,1000,1000,1,0.001452,9.24e-05,0.00912,0.9653,0.02405,0.00011545
1449,1000,1000,1,0.00059,0.0003119,0.001995,0.6606,0.3342,0.002232
1450,1000,1000,1,0.001244,0.00010765,0.000882,0.9883,0.00924,0.0002885
1451,1000,1000,1,0.0003672,6.557e-05,0.002611,0.6743,0.3223,0.0003092
1452,1000,1000,1,0.0003426,4.16e-05,0.00169,0.85,0.1475,0.0002209
1453,1000,1000,1,0.0002201,4.51e-05,0.00287,0.9946,0.002012,0.00036
1454,1000,1000,1,0.0001695,4.88e-05,0.005802,0.9795,0.01381,0.000569
1455,1000,1000,1,0.002016,0.000415,0.02199,0.8506,0.1226,0.002464
1456,1000,1000,1,0.002665,0.0002508,0.01277,0.9087,0.075,0.00072
1457,1000,1000,1,0.003345,0.0003743,0.01437,0.785,0.1954,0.001597
1458,1000,1000,1,0.0634,0.001991,0.0984,0.6895,0.1434,0.003212
1459,1000,1000,1,0.0002446,2.92e-05,0.002495,0.985,0.01247,8.035e-05
1460,1000,1500,0,0.03925,0.004898,0.0915,0.3252,0.5117,0.0277
1461,1000,1000,1,0.0006385,0.0001071,0.01124,0.957,0.03058,0.000507
1462,1000,1000,1,0.003717,0.0004475,0.005127,0.75,0.2378,0.00306
1463,1000,1000,1,0.00073,0.0001487,0.00535,0.949,0.04388,0.0007477
1464,1000,1000,1,0.0812,0.000636,0.0914,0.717,0.10956,0.0006285
1465,1000,1000,1,0.002363,0.0004418,0.01028,0.9673,0.01701,0.002453
1466,1000,1000,1,8.97e-05,1.07e-05,0.002558,0.9917,0.00551,0.0001514
1467,1000,1000,1,0.000306,6.825e-05,0.00262,0.9785,0.01755,0.000979
1468,1000,1000,1,0.0009775,0.0001743,0.02438,0.8696,0.1037,0.000899
1469,1000,1000,1,0.01059,0.000129,0.00231,0.9854,0.001081,0.0003262
1470,1000,1000,1,9.423e-05,3.82e-05,0.003345,0.9766,0.01915,0.000694
1471,1000,1000,1,0.004063,0.000105,0.00971,0.9717,0.01388,0.0003886
1472,1000,1000,1,0.003752,0.00124,0.01817,0.906,0.0638,0.00733
1473,1000,1000,1,0.000764,0.00010526,0.005585,0.863,0.12286,0.00784
1474,1000,0,0,0.7725,0.001473,0.01666,0.1951,0.01362,0.0008664
1475,1000,1000,1,0.02875,0.0004556,0.005234,0.952,0.012375,0.0012245
1476,1000,1000,1,0.0003238,5.466e-05,0.001468,0.9863,0.011734,0.0002213
1477,1000,1000,1,0.0003138,0.0001173,0.01002,0.896,0.0932,0.0001563
1478,1000,1500,0,0.002352,0.0002418,0.002594,0.2303,0.764,0.0004723
1479,1000,1000,1,9.656e-05,1.23e-05,0.0007405,0.9907,0.00811,0.0001324
1480,1000,1000,1,0.000384,0.0001677,0.003944,0.949,0.04285,0.003529
1481,1000,1000,1,0.0006056,0.00011533,0.002987,0.9927,0.003103,0.0003939
1482,1000,1000,1,0.0008597,7.594e-05,0.002611,0.991,0.005074,0.0002385
1483,1000,1000,1,0.003277,0.0002071,0.01035,0.9634,0.02158,0.000998
1484,1000,1000,1,6.133e-05,1.484e-05,0.0003884,0.9976,0.001568,0.0002038
1485,1000,1000,1,0.0001531,4.12e-05,0.00182,0.9927,0.00501,0.0003324
1486,1000,1000,1,0.0042,0.0003963,0.015274,0.9736,0.005676,0.000788
1487,1000,1000,1,0.001512,0.0001146,0.0017805,0.9946,0.001668,0.0003068
1488,1000,1000,1,0.005928,0.0003603,0.01648,0.844,0.1312,0.00155
1489,1000,1000,1,0.01918,0.0004013,0.00631,0.9536,0.01857,0.001706
1490,1000,1000,1,0.002308,0.0003116,0.03854,0.4895,0.468,0.001107
1491,1000,1000,1,0.00098,6.06e-05,0.0003102,0.9805,0.01779,0.000227
1492,1000,1000,1,0.0008817,0.000149,0.001218,0.965,0.03217,0.000684
1493,1000,1000,1,0.00132,8.85e-05,0.002077,0.9917,0.00451,0.0001816
1494,1000,1000,1,0.0008082,0.0001359,0.0168,0.927,0.05508,0.000204
1495,1000,1000,1,0.002024,0.001638,0.0858,0.6284,0.277,0.004997
1496,1000,1000,1,0.0001336,3.093e-05,0.004,0.903,0.0928,0.0002725
1497,1000,1000,1,0.0001789,7.26e-05,0.010284,0.955,0.03412,0.0004652
1498,1000,1000,1,4.76e-05,1.59e-05,0.00198,0.9907,0.007107,0.0001965
1499,1000,1000,1,0.0008917,0.000234,0.004944,0.9277,0.0649,0.001339
1500,1500,1500,1,0.06107,0.001836,0.2228,0.3457,0.3674,0.001073
1501,1500,1500,1,0.004196,0.000266,0.4155,0.0422,0.5376,0.000282
1502,1500,1500,1,0.003132,0.0002316,0.04694,0.24,0.7095,0.0001966
1503,1500,1500,1,0.001454,0.0001751,0.002022,0.3364,0.6597,0.0003037
1504,1500,1500,1,0.0009274,0.0004628,0.0221,0.1699,0.8027,0.003572
1505,1500,500,0,0.0539,0.004025,0.6777,0.2117,0.05048,0.002087
1506,1500,500,0,0.01564,0.0006995,0.7026,0.2207,0.05997,0.0003753
1507,1500,1500,1,0.000812,0.000685,0.02736,0.1334,0.837,0.000979
1508,1500,500,0,0.2783,0.003994,0.6587,0.007454,0.04993,0.0014925
1509,1500,500,0,0.002546,0.001075,0.968,0.003458,0.02466,0.000564
1510,1500,1500,1,0.004734,0.00199,0.0649,0.4187,0.5063,0.003391
1511,1500,1500,1,0.009415,0.0007367,0.3157,0.1715,0.5005,0.001856
1512,1500,1500,1,0.00395,0.001111,0.1451,0.1704,0.678,0.001218
1513,1500,0,0,0.5684,0.001548,0.1422,0.0222,0.2644,0.001084
1514,1500,1500,1,0.01904,0.0004973,0.338,0.1206,0.5215,0.0007744
1515,1500,1500,1,0.0818,0.002073,0.03108,0.1516,0.7324,0.001042
1516,1500,1500,1,0.001757,0.0003982,0.10956,0.2284,0.6597,0.0005136
1517,1500,1500,1,0.000637,0.0001758,0.0712,0.04202,0.885,0.001109
1518,1500,1500,1,0.0092,0.000941,0.1984,0.04712,0.743,0.001327
1519,1500,1500,1,0.001414,0.0004125,0.07007,0.10974,0.8174,0.001093
1520,1500,1500,1,0.002508,0.00078,0.013695,0.09247,0.8896,0.00093
1521,1500,1500,1,0.0011215,0.0001074,0.003403,0.118,0.877,0.0004263
1522,1500,1500,1,0.00108,0.0003085,0.0697,0.272,0.6562,0.0007787
1523,1500,1500,1,0.01921,0.000961,0.01091,0.2194,0.7456,0.003727
1524,1500,1500,1,0.02054,0.002045,0.0928,0.2351,0.6475,0.002214
1525,1500,1500,1,0.0003226,4.79e-05,0.004368,0.106,0.889,6.706e-05
1526,1500,1500,1,0.0008917,0.0002102,0.03653,0.1699,0.792,0.000306
1527,1500,500,0,0.008125,0.0004869,0.747,0.0547,0.1892,0.000577
1528,1500,1500,1,0.0001108,5.245e-05,0.00504,0.1527,0.842,0.0001619
1529,1500,1000,0,0.03345,0.0009093,0.01422,0.8315,0.1193,0.000742
1530,1500,1500,1,0.0001717,6.17e-05,0.002342,0.186,0.811,0.0001683
1531,1500,1500,1,0.0003054,0.0001289,0.005753,0.2588,0.7344,0.0006084
1532,1500,1500,1,0.006348,0.0003326,0.02174,0.2034,0.7676,0.0008593
1533,1500,1000,0,0.00025,0.0001787,0.004078,0.6475,0.3472,0.0008163
1534,1500,1500,1,0.0002496,8.78e-05,0.01257,0.1483,0.8384,0.0003726
1535,1500,1500,1,0.0005827,0.0001514,0.00908,0.2502,0.7397,0.0002625
1536,1500,500,0,0.006634,0.0003903,0.4028,0.3936,0.1959,0.000507
1537,1500,1500,1,0.001356,6.014e-05,0.001835,0.2505,0.746,9.1e-05
1538,1500,1500,1,0.0006127,0.0001235,0.0085,0.1209,0.8696,0.00031
1539,1500,1500,1,0.0003362,6.34e-05,0.003002,0.1151,0.8813,0.0003037
1540,1500,1500,1,0.000691,0.0004005,0.03574,0.2019,0.7607,0.0006313
1541,1500,1500,1,0.01361,0.001061,0.02739,0.2512,0.7046,0.001987
1542,1500,1500,1,0.001036,0.000264,0.08795,0.2986,0.6113,0.0006223
1543,1500,1500,1,0.01692,0.001852,0.0822,0.2502,0.645,0.003563
1544,1500,1000,0,0.000521,0.0005093,0.0112,0.529,0.4478,0.01138
1545,1500,1500,1,0.00255,0.000306,0.06235,0.4639,0.4702,0.0007567
1546,1500,1500,1,0.0001108,3.24e-05,0.004116,0.11346,0.8823,0.0001578
1547,1500,1500,1,0.002645,0.0004334,0.1256,0.391,0.4792,0.001038
1548,1500,1500,1,0.001288,0.0004382,0.11755,0.3196,0.5596,0.00144
1549,1500,1000,0,0.00424,0.000291,0.042,0.8784,0.07477,0.0004725
1550,1500,1500,1,0.0009546,0.00062,0.02234,0.354,0.613,0.00907
1551,1500,500,0,0.005802,0.000981,0.4495,0.2406,0.3022,0.000804
1552,1500,1500,1,0.000284,0.0001147,0.02068,0.0883,0.89,0.0003767
1553,1500,1500,1,0.00437,0.0001924,0.02754,0.1713,0.7964,0.0001498
1554,1500,1500,1,0.001489,0.0002818,0.007526,0.162,0.827,0.001542
1555,1500,1500,1,0.3232,0.001937,0.2133,0.0738,0.3867,0.001061
1556,1500,1500,1,0.0001386,3.17e-05,0.000853,0.08026,0.9185,0.0002534
1557,1500,1500,1,0.0005417,0.000515,0.03824,0.25,0.707,0.003838
1558,1500,1500,1,0.0001498,5.2e-05,0.003002,0.2573,0.7393,0.0002294
1559,1500,1000,0,0.000956,0.001062,0.02432,0.8506,0.1099,0.01319
1560,1500,1500,1,0.0001438,4.6e-05,0.00353,0.2515,0.7446,0.000148
1561,1500,1500,1,0.003334,0.0002296,0.00688,0.1875,0.802,0.000265
1562,1500,1500,1,0.001216,0.00010705,0.00461,0.1298,0.8643,0.0002092
1563,1500,1500,1,6.18e-05,2.04e-05,0.0008364,0.0671,0.9316,0.0001563
1564,1500,1500,1,0.00239,0.0001678,0.008575,0.1526,0.836,0.0001444
1565,1500,500,0,0.0434,0.00367,0.69,0.07886,0.1824,0.00201
1566,1500,1500,1,0.000441,0.0002347,0.005913,0.1627,0.8276,0.002945
1567,1500,1500,1,0.0003676,0.00010824,0.0824,0.2573,0.6597,0.000275
1568,1500,1500,1,0.01541,0.0008883,0.1089,0.11865,0.756,0.0003748
1569,1500,1500,1,0.1771,0.00204,0.00999,0.172,0.636,0.00263
1570,1500,1500,1,0.000302,6.914e-05,0.002413,0.2773,0.719,0.000504
1571,1500,1500,1,0.000587,0.0001525,0.1226,0.1526,0.7236,0.0004857
1572,1500,1500,1,0.00388,0.0002682,0.02293,0.2688,0.704,0.000224
1573,1500,1500,1,0.0002407,0.0001033,0.007812,0.0862,0.9053,0.0004513
1574,1500,1500,1,0.002645,0.003117,0.09924,0.1604,0.7236,0.01102
1575,1500,1500,1,0.00204,0.002403,0.2135,0.1846,0.5938,0.003616
1576,1500,1500,1,0.004032,0.002743,0.162,0.2297,0.5947,0.006756
1577,1500,1500,1,0.002657,0.0003078,0.1046,0.1085,0.783,0.0004997
1578,1500,1500,1,0.00669,0.000541,0.2722,0.2686,0.4517,0.000367
1579,1500,1500,1,8.154e-05,2.015e-05,0.00276,0.0829,0.914,0.0002421
1580,1500,1500,1,6.2e-05,3.98e-05,0.003864,0.0987,0.897,0.0001537
1581,1500,1500,1,0.000415,9.96e-05,0.02127,0.274,0.7036,0.0003924
1582,1500,500,0,0.02559,0.0006547,0.8657,0.01298,0.09454,0.0004377
1583,1500,1500,1,0.01671,0.01078,0.2157,0.03207,0.7188,0.005787
1584,1500,500,0,0.00841,0.02264,0.4307,0.1481,0.2235,0.1666
1585,1500,1500,1,0.000533,0.000263,0.009125,0.1967,0.793,0.0003574
1586,1500,1000,0,0.002855,0.0012865,0.3052,0.3933,0.2957,0.001558
1587,1500,1500,1,0.00785,0.0136,0.312,0.3132,0.3245,0.02872
1588,1500,500,0,0.0627,0.02762,0.835,0.03177,0.01962,0.0233
1589,1500,1500,1,0.002296,0.000444,0.014534,0.1921,0.79,0.0005975
1590,1500,1500,1,0.000148,7.99e-05,0.001926,0.2969,0.6997,0.001023
1591,1500,1500,1,0.00555,0.002253,0.05734,0.2235,0.7075,0.00377
1592,1500,1500,1,0.0001298,4.41e-05,0.00325,0.1122,0.8843,0.000167
1593,1500,1500,1,0.001439,0.001273,0.03955,0.3467,0.606,0.004826
1594,1500,1000,0,0.005444,0.0003383,0.03348,0.785,0.1752,0.00028
1595,1500,1500,1,0.001836,0.0005407,0.01929,0.1473,0.8296,0.00143
1596,1500,1500,1,0.01689,0.000798,0.07306,0.1812,0.727,0.000944
1597,1500,1500,1,0.000717,0.000269,0.0617,0.10785,0.8286,0.000658
1598,1500,1500,1,0.000261,0.0001806,0.0154,0.138,0.845,0.001089
1599,1500,1500,1,0.000358,0.00010586,0.00979,0.1349,0.8545,0.0004535
1600,1500,1500,1,0.1604,0.00288,0.1224,0.268,0.4446,0.001723
1601,1500,1500,1,0.000474,0.000198,0.01202,0.1772,0.8096,0.0003026
1602,1500,1500,1,0.0004141,0.0001683,0.007126,0.11127,0.8804,0.0005255
1603,1500,1500,1,0.0008545,0.0002387,0.012566,0.1736,0.8125,0.0003858
1604,1500,1000,0,0.00838,0.001232,0.02333,0.4836,0.4827,0.0008636
1605,1500,1500,1,0.0009346,0.0002725,0.008484,0.129,0.8594,0.001716
1606,1500,1500,1,0.002317,0.0006123,0.006916,0.1487,0.841,0.0008655
1607,1500,1500,1,0.00318,0.001555,0.02182,0.0904,0.8813,0.00155
1608,1500,1500,1,0.0004597,0.0001427,0.002695,0.2101,0.785,0.001208
1609,1500,1500,1,0.0746,0.00082,0.04507,0.4092,0.4692,0.0009403
1610,1500,1500,1,0.0007257,0.0001383,0.010666,0.3438,0.6436,0.001274
1611,1500,1500,1,0.389,0.0018835,0.133,0.04562,0.4287,0.001669
1612,1500,1500,1,0.0003002,0.000175,0.04074,0.4016,0.5557,0.00169
1613,1500,1500,1,0.000613,5.94e-05,0.005146,0.1355,0.8584,0.0002378
1614,1500,1500,1,0.0002654,6.974e-05,0.001743,0.08685,0.91,0.0008507
1615,1500,1500,1,0.00012106,6.455e-05,0.001794,0.1211,0.8755,0.001271
1616,1500,1500,1,0.002394,0.000746,0.1787,0.3586,0.4534,0.006184
1617,1500,1500,1,0.001457,0.000694,0.3533,0.1323,0.509,0.00335
1618,1500,1500,1,0.00011146,4.745e-05,0.002304,0.0748,0.9224,0.00011957
1619,1500,1000,0,0.03117,0.00209,0.1925,0.431,0.338,0.005573
1620,1500,1500,1,0.0002928,8.875e-05,0.00374,0.1482,0.8477,0.0002357
1621,1500,1500,1,0.0001926,4.673e-05,0.004074,0.0934,0.902,0.0004551
1622,1500,1500,1,0.0001767,3.284e-05,0.001744,0.09485,0.9033,8.73e-05
1623,1500,1500,1,0.0005217,0.0001743,0.004204,0.06366,0.93,0.001386
1624,1500,1500,1,0.0004108,0.0001049,0.003784,0.071,0.9243,0.0003836
1625,1500,1500,1,0.001503,0.0002425,0.0382,0.11395,0.845,0.000863
1626,1500,1500,1,0.001321,0.0002311,0.02377,0.08966,0.885,0.0004437
1627,1500,1500,1,0.0007367,0.000372,0.02231,0.1338,0.8403,0.002504
1628,1500,1500,1,0.0204,0.001497,0.122,0.1542,0.691,0.010925
1629,1500,1500,1,0.004173,0.0008254,0.0666,0.1896,0.736,0.002777
1630,1500,1500,1,0.00087,0.00061,0.0355,0.3115,0.651,0.000581
1631,1500,1500,1,0.007072,0.01009,0.07684,0.10596,0.6416,0.1584
1632,1500,1500,1,0.002884,0.0003414,0.01373,0.1836,0.799,0.0003765
1633,1500,1500,1,0.000644,8.03e-05,0.0131,0.0647,0.9214,0.0001208
1634,1500,1000,0,0.0002656,0.0004132,0.001222,0.5215,0.4749,0.001803
1635,1500,1500,1,0.004524,0.0008526,0.0741,0.1599,0.76,0.000601
1636,1500,1500,1,0.04807,0.001569,0.3613,0.2256,0.3625,0.0009365
1637,1500,1500,1,0.0003934,0.00011027,0.02037,0.1682,0.8105,0.000388
1638,1500,1500,1,0.001053,0.0004616,0.169,0.3828,0.4458,0.00089
1639,1500,1500,1,0.0008044,0.000472,0.1844,0.3594,0.4517,0.003445
1640,1500,1500,1,0.002071,0.0009,0.2625,0.1678,0.5645,0.002218
1641,1500,1500,1,0.00068,0.00051,0.01581,0.0921,0.889,0.001616
1642,1500,500,0,0.002346,0.001224,0.6606,0.03955,0.2954,0.000833
1643,1500,1500,1,0.0002477,7.945e-05,0.003386,0.0948,0.9014,0.0003474
1644,1500,1500,1,0.0001177,2.83e-05,0.002293,0.0908,0.9067,5.114e-05
1645,1500,1500,1,0.000624,0.0001497,0.0772,0.2115,0.7104,0.0001551
1646,1500,1500,1,0.000774,0.0002191,0.006058,0.4436,0.549,0.0004478
1647,1500,500,0,0.00732,0.0005274,0.7373,0.03952,0.2145,0.000984
1648,1500,1500,1,0.001401,0.000309,0.05527,0.1564,0.786,0.0004425
1649,1500,1500,1,0.000755,0.0002201,0.03247,0.4202,0.546,0.0003686
1650,1500,1500,1,0.0003579,0.0001199,0.006775,0.1383,0.854,0.0003886
1651,1500,1500,1,0.00315,0.0005627,0.04037,0.126,0.827,0.002735
1652,1500,1500,1,0.00281,0.000248,0.01502,0.2495,0.732,0.0003428
1653,1500,1500,1,0.001639,0.0001062,0.006283,0.1274,0.8643,0.0002544
1654,1500,1500,1,0.0003283,6.425e-05,0.0102,0.12036,0.8687,0.0002079
1655,1500,1000,0,0.000708,0.000109,0.01025,0.6313,0.3577,0.000132
1656,1500,1500,1,0.00091,0.0004356,0.01804,0.195,0.7847,0.001273
1657,1500,1000,0,0.001586,0.000512,0.02634,0.558,0.4124,0.0010605
1658,1500,1500,1,0.002634,0.000489,0.02368,0.0656,0.907,0.0003915
1659,1500,1500,1,0.001175,0.0007615,0.0727,0.05948,0.8647,0.001078
1660,1500,1500,1,3.11e-05,1.32e-05,0.00506,0.0904,0.9043,0.0001323
1661,1500,1500,1,0.001678,0.000844,0.1272,0.3281,0.54,0.002176
1662,1500,1500,1,4.786e-05,3.046e-05,0.001368,0.06744,0.931,0.0001935
1663,1500,1500,1,0.00573,0.0009584,0.0218,0.04163,0.9272,0.002424
1664,1500,1500,1,0.0003078,0.0001849,0.00805,0.09106,0.9,0.0004358
1665,1500,1500,1,0.3838,0.005283,0.02386,0.0556,0.529,0.002867
1666,1500,1500,1,0.0004196,6.46e-05,0.0008793,0.05026,0.948,0.0002491
1667,1500,1500,1,0.000841,0.000812,0.01242,0.1293,0.8496,0.006886
1668,1500,1000,0,0.004753,0.000431,0.371,0.3875,0.2358,0.0004764
1669,1500,1500,1,0.00276,0.0005226,0.0277,0.2573,0.7104,0.001073
1670,1500,1500,1,0.0203,0.00123,0.153,0.1978,0.626,0.001711
1671,1500,1500,1,0.001802,0.000309,0.0582,0.2384,0.7007,0.0004997
1672,1500,500,0,0.0094,0.002563,0.423,0.2673,0.2805,0.01683
1673,1500,1500,1,2.587e-05,1.25e-05,0.002872,0.11206,0.885,3.546e-05
1674,1500,500,0,0.02225,0.01674,0.691,0.04553,0.2233,0.001382
1675,1500,1500,1,0.004673,0.001943,0.3616,0.10004,0.5293,0.002335
1676,1500,500,0,0.03372,0.001795,0.5435,0.053,0.3677,0.000672
1677,1500,500,0,0.0404,0.001306,0.4854,0.02977,0.4429,0.0004408
1678,1500,1500,1,0.001172,0.00089,0.01146,0.1497,0.833,0.00391
1679,1500,1500,1,0.0003135,0.0001475,0.00604,0.1032,0.89,0.0003033
1680,1500,1500,1,0.01235,0.0014925,0.0948,0.04987,0.841,0.000687
1681,1500,1500,1,0.0001416,0.00011563,0.003536,0.0908,0.905,0.000811
1682,1500,1500,1,0.0002183,0.0001515,0.0094,0.06354,0.9263,0.0002309
1683,1500,1500,1,0.0001569,5.89e-05,0.009575,0.0705,0.9194,0.0002261
1684,1500,1500,1,0.003925,0.000363,0.00957,0.2717,0.7144,0.0003011
1685,1500,1500,1,0.001425,0.0001351,0.2025,0.052,0.7437,0.0002202
1686,1500,1500,1,0.0001711,2.223e-05,0.007023,0.0562,0.936,0.0003443
1687,1500,1500,1,0.000644,0.0001771,0.01944,0.2676,0.712,0.000332
1688,1500,1500,1,0.000456,0.0003908,0.01352,0.1455,0.8374,0.002674
1689,1500,1500,1,0.003777,0.001189,0.2394,0.04242,0.712,0.001135
1690,1500,1500,1,0.001075,0.0002137,0.01573,0.08575,0.897,0.0003285
1691,1500,500,0,0.0417,0.0009227,0.876,0.0134,0.0663,0.001836
1692,1500,1500,1,0.0001746,5.895e-05,0.006176,0.2378,0.7544,0.001406
1693,1500,1000,0,0.0009365,0.0001522,0.0407,0.629,0.3276,0.001702
1694,1500,1000,0,0.007504,0.0003104,0.01888,0.906,0.0674,0.0003128
1695,1500,1500,1,0.001202,0.000276,0.1166,0.3286,0.5522,0.001018
1696,1500,1000,0,0.009514,0.0003254,0.02316,0.8696,0.0969,0.0004203
1697,1500,1500,1,0.01044,0.001057,0.04935,0.261,0.676,0.002308
1698,1500,1500,1,0.0001291,5.27e-05,0.004196,0.398,0.597,0.0003197
1699,1500,1500,1,0.0003862,0.0001181,0.01572,0.3235,0.66,0.0002297
1700,1500,1500,1,0.0006623,7.19e-05,0.04462,0.3293,0.625,0.0001452
1701,1500,1500,1,0.001019,0.000421,0.2181,0.123,0.6562,0.0009775
1702,1500,1500,1,0.0002794,0.0001462,0.006702,0.2185,0.7734,0.000987
1703,1500,1500,1,0.000547,0.0001534,0.03093,0.4124,0.556,0.0001441
1704,1500,1500,1,0.000852,0.00021,0.0493,0.1453,0.804,0.0004048
1705,1500,1500,1,0.0009356,0.0009212,0.07513,0.0878,0.831,0.00415
1706,1500,1500,1,0.001045,0.0004208,0.0956,0.1814,0.7188,0.002504
1707,1500,1500,1,0.0002128,0.0002136,0.005196,0.3955,0.5938,0.005394
1708,1500,1500,1,0.0004363,0.0002152,0.02048,0.2488,0.73,0.000334
1709,1500,1500,1,0.0005736,0.0007195,0.0359,0.2063,0.7446,0.01212
1710,1500,1500,1,0.0004244,0.0001453,0.11676,0.2373,0.645,0.0004003
1711,1500,500,0,0.006275,0.001922,0.675,0.151,0.1525,0.01355
1712,1500,1500,1,0.02615,0.005726,0.435,0.0865,0.4426,0.003944
1713,1500,1500,1,0.005657,0.0008745,0.1782,0.1868,0.6274,0.00089
1714,1500,1500,1,0.001173,0.001284,0.00781,0.154,0.8276,0.00818
1715,1500,1500,1,0.001311,0.003847,0.05164,0.1626,0.479,0.3018
1716,1500,1000,0,0.0007467,0.0001906,0.0908,0.814,0.0926,0.001488
1717,1500,1000,0,0.003054,0.0006933,0.05704,0.687,0.2512,0.001045
1718,1500,1500,1,0.004044,0.000496,0.2262,0.2404,0.528,0.001038
1719,1500,1500,1,0.001198,0.000383,0.0961,0.1311,0.7695,0.001697
1720,1500,1000,0,0.0005064,0.0001459,0.04596,0.502,0.4507,0.0008836
1721,1500,1000,0,0.0004504,0.000288,0.03403,0.837,0.1268,0.00169
1722,1500,1500,1,0.001604,0.0002047,0.02986,0.1721,0.796,0.0004516
1723,1500,1500,1,0.00162,0.0001985,0.02597,0.336,0.636,0.0002584
1724,1500,1500,1,0.0002395,5.07e-05,0.02837,0.1542,0.817,0.0001587
1725,1500,1500,1,0.003773,0.0003455,0.06836,0.394,0.533,0.0003436
1726,1500,1000,0,0.00376,0.001522,0.3179,0.4485,0.2266,0.001836
1727,1500,1500,1,0.0002606,7.78e-05,0.01166,0.10535,0.8823,0.0004272
1728,1500,1500,1,0.0002668,0.0001339,0.007156,0.402,0.59,0.0005183
1729,1500,1500,1,0.0004456,9.25e-05,0.011795,0.1833,0.804,0.000252
1730,1500,1500,1,0.002327,0.000505,0.02007,0.4375,0.539,0.000684
1731,1500,500,0,0.005863,0.000888,0.9453,0.006817,0.0405,0.0006075
1732,1500,1500,1,0.001584,0.0009093,0.09045,0.2169,0.687,0.003212
1733,1500,500,0,0.01276,0.001349,0.679,0.1978,0.10767,0.001423
1734,1500,1500,1,0.0004125,0.0002234,0.06042,0.128,0.8096,0.0015
1735,1500,1500,1,0.003368,0.001469,0.07886,0.1389,0.773,0.004494
1736,1500,500,0,0.00346,0.0003097,0.601,0.1234,0.2715,0.000569
1737,1500,1500,1,0.00178,0.0006213,0.10114,0.1148,0.781,0.000666
1738,1500,1500,1,0.004566,0.0005236,0.1731,0.2031,0.618,0.0004861
1739,1500,1500,1,0.002314,0.000838,0.01701,0.0684,0.9062,0.005005
1740,1500,1500,1,0.0001369,6.17e-05,0.003473,0.3684,0.627,0.001053
1741,1500,1500,1,0.000692,0.000374,0.01549,0.3289,0.6514,0.002941
1742,1500,1500,1,0.001446,0.001582,0.10876,0.07355,0.8066,0.00788
1743,1500,1500,1,0.01001,0.0003705,0.03955,0.0761,0.8735,0.0004451
1744,1500,1500,1,0.0002952,8.214e-05,0.00686,0.4214,0.5713,0.0001504
1745,1500,1500,1,0.0006914,8.05e-05,0.00421,0.05637,0.9385,0.0003028
1746,1500,1500,1,0.0001551,4.69e-05,0.002382,0.1825,0.8145,0.0003252
1747,1500,1500,1,0.000141,4.99e-05,0.00747,0.0843,0.9077,0.000286
1748,1500,1500,1,0.1008,0.001689,0.1748,0.07916,0.6426,0.001071
1749,1500,1500,1,0.0002487,0.0001071,0.01441,0.0927,0.892,0.000518
1750,1500,1500,1,0.010475,0.000642,0.2087,0.08954,0.69,0.0005584
1751,1500,1500,1,0.0004108,9.93e-05,0.01366,0.12244,0.8633,0.0002565
1752,1500,1500,1,0.000143,4.053e-05,0.002552,0.0658,0.9316,7.69e-05
1753,1500,1500,1,0.001889,0.000835,0.01551,0.0729,0.9067,0.00216
1754,1500,1500,1,0.001354,0.0001969,0.01198,0.484,0.5024,0.0003505
1755,1500,1500,1,0.0002806,9.2e-05,0.00382,0.1203,0.8755,0.0001937
1756,1500,1500,1,0.000369,0.00022,0.01372,0.1017,0.882,0.001955
1757,1500,1500,1,0.000164,0.00011253,0.005375,0.0361,0.9575,0.0007734
1758,1500,1500,1,0.001152,0.000667,0.03412,0.2932,0.6685,0.002342
1759,1500,1500,1,0.0227,0.000599,0.1936,0.2112,0.572,0.0003204
1760,1500,1500,1,0.001167,0.000872,0.1152,0.1736,0.7065,0.00253
1761,1500,1500,1,0.0001752,5.18e-05,0.00378,0.06476,0.931,0.000254
1762,1500,1500,1,0.00122,0.0003483,0.1715,0.0962,0.729,0.001893
1763,1500,1500,1,0.00308,0.0002366,0.04224,0.0849,0.869,0.0002381
1764,1500,1500,1,0.0005975,0.0002367,0.002707,0.1503,0.8384,0.00806
1765,1500,1500,1,0.000261,4.69e-05,0.005116,0.2148,0.78,0.0001245
1766,1500,1500,1,0.00042,0.0001509,0.015274,0.1026,0.881,0.000465
1767,1500,1500,1,0.001271,0.000719,0.2832,0.137,0.5767,0.00098
1768,1500,500,0,0.01084,0.004128,0.796,0.03004,0.1569,0.002253
1769,1500,1500,1,0.02591,0.002144,0.333,0.2642,0.3726,0.002098
1770,1500,1500,1,0.004303,0.0004249,0.108,0.4097,0.477,0.0007877
1771,1500,1500,1,0.01317,0.001025,0.2268,0.1345,0.623,0.001157
1772,1500,1000,0,0.003147,0.0004077,0.04416,0.527,0.4248,0.0006013
1773,1500,1500,1,0.000559,0.00011945,0.0419,0.3223,0.6333,0.001728
1774,1500,1500,1,0.0006847,0.0003273,0.02368,0.346,0.629,0.000588
1775,1500,1500,1,0.006542,0.000719,0.1322,0.0983,0.761,0.001002
1776,1500,1500,1,0.0006804,0.0001088,0.008514,0.04678,0.9434,0.000324
1777,1500,1000,0,0.003357,0.001044,0.02708,0.6226,0.3403,0.005806
1778,1500,1500,1,0.003975,0.000509,0.11066,0.1459,0.738,0.001101
1779,1500,1500,1,0.002235,0.0002037,0.1515,0.09607,0.7495,0.0003076
1780,1500,1500,1,0.06433,0.0022,0.1753,0.2266,0.5312,0.000583
1781,1500,1500,1,0.008606,0.001262,0.2216,0.1669,0.5996,0.001921
1782,1500,1500,1,0.006844,0.000538,0.01826,0.1014,0.8716,0.00117
1783,1500,1000,0,0.0016775,0.0003264,0.05243,0.7607,0.184,0.0007563
1784,1500,1000,0,0.0001647,0.0001415,0.001607,0.5586,0.4377,0.001486
1785,1500,1000,0,0.00661,0.0006013,0.04538,0.9336,0.01263,0.001137
1786,1500,1000,0,4.58e-05,8.64e-06,0.001233,0.779,0.2197,8.684e-05
1787,1500,1500,1,0.001946,0.0003915,0.01862,0.4104,0.568,0.0008945
1788,1500,1500,1,0.004147,0.000218,0.04367,0.361,0.591,0.0003216
1789,1500,1000,0,0.000718,0.0001518,0.00299,0.5933,0.4014,0.0014305
1790,1500,1500,1,0.0001085,2.07e-05,0.000989,0.12494,0.874,5.23e-05
1791,1500,1500,1,0.000499,0.000293,0.00784,0.1683,0.821,0.002174
1792,1500,1500,1,0.0004804,0.0002062,0.0694,0.2087,0.72,0.001178
1793,1500,1000,0,0.00708,0.002594,0.0804,0.6143,0.2856,0.010056
1794,1500,1500,1,0.00051,0.0001488,0.01755,0.1368,0.8447,0.000293
1795,1500,1000,0,0.0006504,0.0002265,0.02313,0.6924,0.2803,0.002995
1796,1500,500,0,0.003944,0.0024,0.8184,0.0726,0.1011,0.00154
1797,1500,1000,0,0.005024,0.000912,0.0819,0.6035,0.3052,0.003723
1798,1500,1500,1,0.0008874,0.000549,0.01456,0.1534,0.829,0.001296
1799,1500,1500,1,0.007866,0.001048,0.1699,0.2615,0.5576,0.001957
1800,1500,0,0,0.7393,0.001032,0.2457,0.00893,0.004715,0.000301
1801,1500,1500,1,0.001136,0.0001633,0.004063,0.4907,0.5034,0.0005803
1802,1500,1500,1,0.013306,0.000787,0.11426,0.343,0.5264,0.002281
1803,1500,1500,1,0.002388,0.000865,0.2583,0.1967,0.539,0.002577
1804,1500,1500,1,0.0004375,0.00011796,0.06964,0.208,0.7217,0.0002191
1805,1500,1500,1,0.001134,0.0001279,0.008766,0.05914,0.9307,0.0003176
1806,1500,1500,1,0.005657,0.0009985,0.2452,0.1442,0.6035,0.0006127
1807,1500,1500,1,0.003847,0.0004346,0.02843,0.1749,0.792,0.0004363
1808,1500,500,0,0.02672,0.001608,0.5483,0.0379,0.3835,0.001712
1809,1500,1500,1,0.00229,0.001336,0.1045,0.1229,0.7646,0.00422
1810,1500,1500,1,0.0006585,0.00188,0.008194,0.0645,0.9165,0.00815
1811,1500,1000,0,0.000385,0.0001808,0.004646,0.541,0.453,0.00081
1812,1500,1500,1,0.0004706,0.0001271,0.02786,0.3608,0.6104,0.0002513
1813,1500,1500,1,0.000356,9.23e-05,0.01539,0.1686,0.8154,0.0001794
1814,1500,1500,1,0.0002897,9.05e-05,0.02174,0.2297,0.7476,0.000753
1815,1500,1500,1,0.000537,0.0002556,0.07947,0.224,0.694,0.001968
1816,1500,1500,1,0.004223,0.0004997,0.03906,0.4734,0.4817,0.0010605
1817,1500,500,0,0.01083,0.0003684,0.5405,0.074,0.3735,0.0008173
1818,1500,1500,1,0.0001452,5.66e-05,0.00894,0.2312,0.7593,0.0001935
1819,1500,1500,1,0.001609,0.0001991,0.0278,0.4675,0.5024,0.0002759
1820,1500,500,0,0.01929,0.000316,0.722,0.185,0.0727,0.000558
1821,1500,1500,1,0.00601,0.001646,0.1362,0.1427,0.711,0.002304
1822,1500,1500,1,0.02737,0.0007343,0.1426,0.0979,0.7305,0.000978
1823,1500,1000,0,0.000647,0.0001913,0.004818,0.585,0.4075,0.001785
1824,1500,1500,1,0.0006266,0.0001491,0.138,0.099,0.7617,0.0003822
1825,1500,1000,0,0.01099,0.002504,0.01614,0.5493,0.4075,0.01338
1826,1500,500,0,0.05066,0.003052,0.4263,0.377,0.1388,0.00414
1827,1500,1500,1,0.0005326,7.15e-05,0.003864,0.2394,0.7563,0.0001005
1828,1500,1500,1,0.002224,0.000418,0.02982,0.1625,0.804,0.00064
1829,1500,1000,0,0.02005,0.001076,0.2426,0.4758,0.2578,0.002773
1830,1500,1000,0,0.004856,0.001243,0.069,0.6475,0.2725,0.00504
1831,1500,1500,1,7.904e-05,3.4e-05,0.01207,0.1875,0.8003,6.133e-05
1832,1500,1500,1,0.0001115,3.13e-05,0.001411,0.0677,0.9307,0.00012034
1833,1500,1500,1,0.001695,0.000468,0.004692,0.4556,0.5366,0.0009656
1834,1500,1500,1,0.004837,0.001372,0.02428,0.199,0.7686,0.001924
1835,1500,1500,1,0.0002496,8.196e-05,0.004154,0.1848,0.8105,0.000192
1836,1500,1500,1,0.0002257,5.3e-05,0.004307,0.11804,0.8774,0.0001677
1837,1500,1500,1,0.001082,0.0001453,0.00133,0.11505,0.8823,0.0002737
1838,1500,1500,1,0.0004702,0.0002115,0.00978,0.434,0.554,0.001145
1839,1500,1500,1,0.06256,0.03061,0.3008,0.12445,0.4722,0.00931
1840,1500,1500,1,0.001623,0.0004876,0.03035,0.1387,0.828,0.00092
1841,1500,1000,0,0.001758,0.0005403,0.2347,0.603,0.1595,0.0006194
1842,1500,1500,1,0.00422,0.000836,0.0801,0.0945,0.819,0.001746
1843,1500,1500,1,0.0003905,0.0002627,0.007168,0.1532,0.8364,0.002285
1844,1500,1500,1,0.007355,0.00098,0.2289,0.0932,0.6685,0.001041
1845,1500,500,0,0.00838,0.000869,0.673,0.10736,0.208,0.002558
1846,1500,1500,1,0.001077,0.0002997,0.1312,0.3972,0.4697,0.0003498
1847,1500,1500,1,0.002491,0.0008345,0.4155,0.05664,0.5234,0.001048
1848,1500,500,0,0.0394,0.001918,0.4739,0.2456,0.2366,0.002747
1849,1500,500,0,0.0516,0.03586,0.5137,0.03943,0.336,0.02345
1850,1500,1500,1,0.000648,0.0002004,0.005505,0.05914,0.934,0.0003538
1851,1500,1500,1,0.000943,0.0001847,0.0678,0.2185,0.7124,0.0002184
1852,1500,1500,1,0.00729,0.002226,0.1908,0.2455,0.547,0.007385
1853,1500,0,0,0.637,0.001312,0.04507,0.03105,0.2844,0.0009656
1854,1500,1500,1,0.0499,0.002468,0.3967,0.0348,0.5137,0.002586
1855,1500,1500,1,0.03354,0.001331,0.2056,0.06052,0.698,0.001066
1856,1500,500,0,0.02129,0.001563,0.8735,0.00727,0.0956,0.000591
1857,1500,1500,1,0.005432,0.001316,0.329,0.1892,0.4705,0.004368
1858,1500,1000,0,0.003633,0.00384,0.2546,0.3892,0.3435,0.005184
1859,1500,1500,1,0.0004287,0.0002414,0.006836,0.11633,0.8716,0.004623
1860,1500,1500,1,0.000347,5.41e-05,0.004646,0.066,0.9287,8.84e-05
1861,1500,1500,1,0.001455,9.61e-05,0.007866,0.03656,0.9536,0.0001743
1862,1500,1500,1,0.0003138,8.02e-05,0.010155,0.12103,0.868,0.0001365
1863,1500,1500,1,0.00949,0.0004587,0.0378,0.4663,0.4849,0.001257
1864,1500,1500,1,0.002357,0.000641,0.1251,0.2457,0.625,0.001167
1865,1500,1500,1,0.01645,0.0007744,0.01291,0.2109,0.757,0.002249
1866,1500,1500,1,0.0006757,0.0001315,0.08575,0.09644,0.817,0.0002558
1867,1500,1500,1,0.000434,0.0001557,0.02023,0.1322,0.8467,0.0002873
1868,1500,1500,1,0.001568,0.000392,0.03,0.2083,0.759,0.001154
1869,1500,1500,1,0.001655,0.001113,0.03702,0.12335,0.8164,0.02054
1870,1500,500,0,0.002829,0.00063,0.4766,0.116,0.4028,0.001055
1871,1500,1500,1,0.001246,0.000548,0.05243,0.0758,0.869,0.001045
1872,1500,500,0,0.0409,0.003365,0.4163,0.365,0.1729,0.001627
1873,1500,1000,0,0.003489,0.0005565,0.11646,0.5845,0.2944,0.000638
1874,1500,1000,0,0.00216,0.000263,0.2693,0.4011,0.3267,0.0004516
1875,1500,1500,1,0.000507,0.0001429,0.02504,0.10315,0.8706,0.0004454
1876,1500,1500,1,0.001312,0.0002563,0.01668,0.2834,0.6973,0.00114
1877,1500,1500,1,0.006367,0.000625,0.389,0.1704,0.4324,0.001315
1878,1500,1500,1,0.006012,0.0008435,0.2961,0.07416,0.621,0.001619
1879,1500,1500,1,0.0002213,0.00010127,0.004646,0.1506,0.8433,0.00103
1880,1500,1500,1,0.00761,0.001136,0.1194,0.0916,0.7793,0.001073
1881,1500,1500,1,0.006454,0.000454,0.1752,0.2578,0.56,0.0003295
1882,1500,1000,0,0.000785,0.0001048,0.00187,0.849,0.1472,0.0009503
1883,1500,1000,0,0.001022,0.0003562,0.01152,0.607,0.3784,0.001456
1884,1500,1500,1,0.001022,0.0003822,0.0193,0.338,0.64,0.001186
1885,1500,1500,1,0.0001742,2.66e-05,0.001976,0.2482,0.7495,0.0001601
1886,1500,1500,1,0.00255,0.000742,0.02036,0.2769,0.696,0.003561
1887,1500,1500,1,0.001003,0.0001378,0.02306,0.2847,0.691,0.0002496
1888,1500,1000,0,0.00459,0.0006523,0.12085,0.5103,0.3625,0.001277
1889,1500,1500,1,0.01151,0.001689,0.236,0.3494,0.3982,0.003138
1890,1500,1500,1,0.0011215,0.001022,0.1794,0.1296,0.675,0.013885
1891,1500,1500,1,0.0006003,0.0003488,0.03452,0.1381,0.824,0.002338
1892,1500,1500,1,0.001063,0.0005164,0.027,0.1703,0.8003,0.001039
1893,1500,1500,1,0.0005226,0.000157,0.006573,0.0652,0.9272,0.000497
1894,1500,1500,1,0.0003574,0.0001004,0.00454,0.142,0.8525,0.0005493
1895,1500,1500,1,0.000863,0.0002061,0.007725,0.2107,0.78,0.000614
1896,1500,1500,1,0.0003757,0.0002513,0.04044,0.4678,0.4902,0.000919
1897,1500,1500,1,0.000974,0.0001541,0.03607,0.1462,0.816,0.0005226
1898,1500,1500,1,0.002588,0.000285,0.1642,0.3533,0.4763,0.003403
1899,1500,1500,1,0.00206,0.00215,0.06616,0.07697,0.7993,0.0535
1900,1500,500,0,0.015335,0.01993,0.715,0.02956,0.1447,0.07574
1901,1500,1500,1,0.006516,0.001391,0.0659,0.0473,0.878,0.001024
1902,1500,1500,1,0.0009046,0.003263,0.2219,0.0792,0.674,0.02094
1903,1500,1500,1,0.001021,0.0002859,0.07025,0.2312,0.6953,0.001806
1904,1500,500,0,0.0963,0.001581,0.5186,0.04523,0.337,0.001471
1905,1500,1500,1,0.000806,0.0001967,0.4143,0.05444,0.53,0.000429
1906,1500,1500,1,0.000843,0.0002546,0.01071,0.1175,0.87,0.0007057
1907,1500,1500,1,0.0001653,3.9e-05,0.004887,0.0741,0.9204,0.0001808
1908,1500,1500,1,0.004986,0.001037,0.07465,0.2186,0.699,0.001625
1909,1500,1500,1,0.000556,0.0004456,0.01624,0.1619,0.817,0.00398
1910,1500,1000,0,0.003056,0.00249,0.0276,0.752,0.1547,0.06003
1911,1500,1500,1,0.001309,0.0005918,0.04868,0.05237,0.8955,0.0016985
1912,1500,500,0,0.00977,0.000598,0.4624,0.0848,0.4421,0.0003395
1913,1500,1500,1,0.001685,0.000561,0.2085,0.08795,0.6973,0.00414
1914,1500,1500,1,0.001232,0.000448,0.0585,0.288,0.6494,0.002157
1915,1500,1500,1,0.000393,0.00056,0.10736,0.3608,0.528,0.00297
1916,1500,1500,1,0.001643,0.001381,0.0322,0.03186,0.9297,0.003294
1917,1500,1500,1,0.0003622,0.0002209,0.009254,0.2163,0.773,0.001001
1918,1500,1500,1,0.0003114,0.0001358,0.005272,0.27,0.721,0.002934
1919,1500,1500,1,0.0008955,0.0001706,0.006138,0.1139,0.8784,0.0005503
1920,1500,1500,1,0.0008826,0.0001665,0.0343,0.225,0.7393,0.000353
1921,1500,1500,1,0.01317,0.002035,0.0704,0.417,0.495,0.002146
1922,1500,1500,1,0.000332,7.21e-05,0.005554,0.0956,0.898,0.0006013
1923,1500,1500,1,0.0001353,4.16e-05,0.003254,0.08374,0.9126,0.0001169
1924,1500,1500,1,0.000996,0.0004532,0.005238,0.0975,0.895,0.0009503
1925,1500,1500,1,0.0001844,3.326e-05,0.02148,0.3213,0.6567,7.236e-05
1926,1500,1500,1,0.0003915,7.766e-05,0.005886,0.1092,0.8843,0.0001527
1927,1500,1500,1,0.001124,0.0004375,0.02509,0.2151,0.755,0.003326
1928,1500,500,0,0.02495,0.002148,0.8936,0.02663,0.0511,0.001458
1929,1500,1500,1,0.000531,0.0001464,0.01153,0.1129,0.8745,0.0004327
1930,1500,1500,1,0.002043,0.0005455,0.0901,0.2183,0.6885,0.000692
1931,1500,500,0,0.01079,0.00245,0.5127,0.1086,0.3623,0.003183
1932,1500,1500,1,0.0008626,0.000677,0.05276,0.085,0.8564,0.004284
1933,1500,1500,1,0.000632,0.000247,0.01924,0.2076,0.7715,0.000789
1934,1500,1500,1,0.000809,0.0001647,0.03403,0.07416,0.889,0.001719
1935,1500,1500,1,0.0002592,0.0001677,0.010574,0.1539,0.834,0.0009394
1936,1500,1500,1,0.0003293,8.017e-05,0.00647,0.1186,0.8745,0.0001742
1937,1500,1500,1,0.006874,0.002798,0.2861,0.2274,0.465,0.0118
1938,1500,1500,1,0.001288,0.0002542,0.0402,0.0753,0.8823,0.000498
1939,1500,1500,1,0.003567,0.0001966,0.06116,0.09906,0.836,0.00012153
1940,1500,1500,1,0.001265,0.0003538,0.1328,0.1064,0.7583,0.00077
1941,1500,1500,1,0.0304,0.003695,0.4373,0.05453,0.47,0.00405
1942,1500,1500,1,0.001195,0.000972,0.10675,0.1091,0.7783,0.003881
1943,1500,1500,1,0.0006275,0.0001614,0.04614,0.159,0.7935,0.0005536
1944,1500,1500,1,0.00478,0.0007825,0.12244,0.1353,0.7354,0.001168
1945,1500,1500,1,0.000585,0.0004346,0.02463,0.4639,0.5093,0.001055
1946,1500,1500,1,0.0002183,7.844e-05,0.006153,0.03906,0.954,0.0005193
1947,1500,1500,1,0.0002058,7.58e-05,0.00782,0.0937,0.8975,0.0006337
1948,1500,1000,0,0.00876,0.0006633,0.2708,0.4949,0.2241,0.0008616
1949,1500,1500,1,0.000858,8.71e-05,0.01015,0.113,0.875,0.000989
1950,1500,1500,1,0.002356,0.000542,0.04404,0.1642,0.7876,0.001194
1951,1500,1500,1,0.001086,0.0003045,0.00751,0.3245,0.6655,0.001236
1952,1500,1500,1,0.015305,0.001019,0.1682,0.2715,0.542,0.001955
1953,1500,1500,1,0.0001912,9.69e-05,0.005993,0.0893,0.904,0.0006223
1954,1500,1500,1,0.0004604,0.0002854,0.02086,0.3887,0.588,0.001718
1955,1500,1500,1,0.0002518,0.000393,0.03105,0.2612,0.698,0.00897
1956,1500,1500,1,0.000682,0.0002408,0.01387,0.112,0.8726,0.000609
1957,1500,1000,0,0.002169,0.0017395,0.03195,0.551,0.4006,0.01266
1958,1500,1000,0,0.006584,0.001581,0.06366,0.663,0.2627,0.002209
1959,1500,1500,1,0.00654,0.001081,0.0695,0.08734,0.8325,0.002922
1960,1500,1500,1,0.002136,0.001388,0.1268,0.1946,0.6636,0.01141
1961,1500,1000,0,0.01177,0.001292,0.3018,0.5093,0.1693,0.006546
1962,1500,1500,1,0.001328,0.000836,0.2947,0.2747,0.4155,0.01277
1963,1500,1500,1,0.001267,0.0002458,0.02142,0.1027,0.8735,0.0008936
1964,1500,500,0,0.03766,0.002737,0.684,0.1781,0.0932,0.00414
1965,1500,1500,1,0.03162,0.0018215,0.01416,0.1598,0.7915,0.001216
1966,1500,1500,1,0.000638,0.0004358,0.003504,0.1002,0.891,0.0039
1967,1500,1500,1,0.001171,0.0002117,0.01736,0.06445,0.916,0.000563
1968,1500,1500,1,0.0004783,0.000263,0.01225,0.2014,0.7812,0.00437
1969,1500,1500,1,0.001194,0.0002856,0.01807,0.1412,0.8384,0.000671
1970,1500,1500,1,0.0008693,0.0001745,0.03204,0.111,0.8545,0.001328
1971,1500,1500,1,0.0003629,0.0001751,0.0103,0.3464,0.6406,0.001914
1972,1500,1500,1,0.00438,0.0003161,0.2861,0.07117,0.6377,0.0004075
1973,1500,500,0,0.006805,0.001768,0.61,0.1001,0.2788,0.002537
1974,1500,1500,1,0.0003285,6.43e-05,0.0483,0.0667,0.883,0.001841
1975,1500,500,0,0.00748,0.0004811,0.75,0.02562,0.2153,0.001117
1976,1500,500,0,0.02057,0.001031,0.684,0.0794,0.2137,0.001121
1977,1500,1500,1,0.001037,0.000191,0.1699,0.1342,0.6934,0.001069
1978,1500,500,0,0.02809,0.0004153,0.892,0.02841,0.05096,0.00025
1979,1500,500,0,0.003017,0.000673,0.754,0.03787,0.2041,0.000638
1980,1500,1500,1,0.000957,0.0008106,0.1606,0.05157,0.7817,0.004414
1981,1500,1500,1,0.001408,0.000376,0.0965,0.1196,0.778,0.004272
1982,1500,1500,1,0.001134,0.000556,0.08673,0.1506,0.759,0.002144
1983,1500,1500,1,0.001933,0.0002095,0.01293,0.04535,0.939,0.000599
1984,1500,1500,1,0.0006104,0.0002677,0.1647,0.2181,0.615,0.0008264
1985,1500,500,0,0.006283,0.0004551,0.942,0.008026,0.04312,0.000326
1986,1500,1000,0,0.004936,0.0003908,0.005337,0.647,0.341,0.001185
1987,1500,1000,0,0.04068,0.001057,0.0466,0.8203,0.08905,0.002304
1988,1500,1500,1,0.001316,0.0001863,0.4487,0.04727,0.5005,0.001654
1989,1500,1500,1,0.00788,0.0005975,0.0842,0.3047,0.6016,0.001157
1990,1500,1500,1,0.0004287,0.0001237,0.02008,0.0833,0.8955,0.00046
1991,1500,1500,1,0.001877,0.000692,0.3008,0.1674,0.527,0.002775
1992,1500,1500,1,0.000721,0.00010365,0.315,0.1635,0.5205,0.0002856
1993,1500,1000,0,0.00924,0.0004642,0.2993,0.453,0.2363,0.00199
1994,1500,1000,0,0.0256,0.001089,0.1597,0.6763,0.1351,0.00201
1995,1500,1500,1,0.002966,0.0003607,0.1481,0.1763,0.672,0.000674
1996,1500,1500,1,0.0003006,0.000152,0.0673,0.159,0.771,0.002304
1997,1500,1500,1,0.000702,0.0002613,0.01804,0.3416,0.638,0.001189
1998,1500,1500,1,0.0008674,0.000298,0.05472,0.1735,0.77,0.000496
1999,1500,1000,0,0.0002933,0.00012106,0.002289,0.8037,0.1909,0.00242
2000,2000,2000,1,2.015e-05,0.0005884,2e-05,2.533e-05,0.00010455,0.999
2001,2000,2000,1,6.9e-06,0.0003536,5.2e-06,9.3e-06,1.97e-05,0.9995
2002,2000,2000,1,1.293e-05,0.0001133,1.526e-05,3.58e-05,0.00011706,0.9995
2003,2000,2000,1,1.365e-05,0.0001657,2.015e-05,4.19e-05,7.44e-05,0.9995
2004,2000,2000,1,4.27e-05,0.0008283,8.565e-05,0.0002613,0.0005836,0.998
2005,2000,2000,1,1.56e-05,0.0011,9.83e-06,1.53e-05,3.28e-05,0.999
2006,2000,2000,1,1.05e-05,0.000227,2.48e-05,3.65e-05,6.89e-05,0.9995
2007,2000,2000,1,2.8e-05,0.002213,1.49e-05,2.635e-05,6.44e-05,0.9976
2008,2000,2000,1,6.3e-06,0.0001845,2.15e-05,2.1e-05,3.03e-05,0.9995
2009,2000,2000,1,3.505e-05,0.001929,5.19e-05,4.095e-05,7.89e-05,0.998
2010,2000,2000,1,1.25e-05,0.0003066,1.085e-05,2.46e-05,4.38e-05,0.9995
2011,2000,2000,1,2.366e-05,0.000464,3.01e-05,4.01e-05,8.154e-05,0.9995
2012,2000,2000,1,9.59e-05,0.005836,4.363e-05,5.853e-05,8.33e-05,0.9937
2013,2000,2000,1,3.18e-05,0.003325,2.73e-05,2.12e-05,6.74e-05,0.9966
2014,2000,2000,1,2.52e-05,0.000987,1.86e-05,3.016e-05,5e-05,0.999
2015,2000,2000,1,6.01e-05,0.0002909,9.865e-05,0.0002148,0.0005016,0.999
2016,2000,2000,1,2.8e-06,6.66e-05,2.8e-06,4.53e-06,1.02e-05,1.0
2017,2000,2000,1,4.8e-06,8.833e-05,1.8e-05,3.153e-05,4.077e-05,1.0
2018,2000,2000,1,4.61e-05,0.00301,2.77e-05,3.064e-05,9.394e-05,0.9966
2019,2000,2000,1,1.05e-05,0.0002477,1.06e-05,1.71e-05,4.107e-05,0.9995
2020,2000,2000,1,8.44e-05,0.00452,9.25e-05,9.674e-05,0.000251,0.995
2021,2000,2000,1,0.0001253,0.01132,0.0004156,0.0001808,0.0004492,0.9873
2022,2000,2000,1,1.14e-05,0.0002261,8.64e-06,2.37e-05,6.604e-05,0.9995
2023,2000,2000,1,9.8e-06,0.0001565,1.425e-05,2.51e-05,4.6e-05,0.9995
2024,2000,2000,1,7.75e-06,0.000288,9.36e-06,2.056e-05,3.81e-05,0.9995
2025,2000,2000,1,8.5e-06,0.000198,1.323e-05,2.813e-05,6.145e-05,0.9995
2026,2000,2000,1,4.7e-06,0.0001198,3.93e-06,9.24e-06,1.83e-05,1.0
2027,2000,2000,1,1.144e-05,0.0003006,2.19e-05,3.75e-05,7.486e-05,0.9995
2028,2000,2000,1,1.85e-05,0.0006213,1.89e-05,7.51e-05,0.0001409,0.999
2029,2000,2000,1,5.84e-06,5.54e-05,5.5e-06,2.29e-05,8.02e-05,1.0
2030,2000,2000,1,1.27e-05,0.001147,1.25e-05,1.83e-05,3.24e-05,0.9985
2031,2000,2000,1,7.45e-06,5.853e-05,2.31e-05,6.455e-05,0.0001233,0.9995
2032,2000,2000,1,2.44e-05,0.000534,1.93e-05,2.724e-05,6.31e-05,0.9995
2033,2000,2000,1,7.57e-06,0.0002596,8.2e-06,1.776e-05,4.625e-05,0.9995
2034,2000,2000,1,4.095e-05,0.001701,3.78e-05,3.52e-05,0.0001231,0.998
2035,2000,2000,1,2.4e-06,3.356e-05,6.26e-06,1.025e-05,9.83e-06,1.0
2036,2000,2000,1,2.56e-05,0.002085,6.05e-05,4.536e-05,0.000117,0.9976
2037,2000,2000,1,3.135e-05,0.00106,2.867e-05,3.15e-05,6.74e-05,0.999
2038,2000,2000,1,5.7e-06,0.0001367,8.46e-06,1.71e-05,3.445e-05,1.0
2039,2000,2000,1,4.31e-05,0.0007625,6.69e-05,9.83e-05,0.0001502,0.999
2040,2000,2000,1,3.25e-05,0.0002338,0.000272,0.000497,0.0008535,0.998
2041,2000,2000,1,8.21e-05,0.00653,0.000174,0.0002047,0.000529,0.9927
2042,2000,2000,1,3.12e-05,0.001932,2.36e-05,2.867e-05,7.325e-05,0.998
2043,2000,2000,1,1.365e-05,0.000644,1.21e-05,1.69e-05,2.5e-05,0.9995
2044,2000,2000,1,0.0002404,0.00818,0.0009456,0.0005,0.00079,0.9893
2045,2000,2000,1,1.8e-05,0.0004888,7.963e-05,7.29e-05,7.41e-05,0.999
2046,2000,2000,1,6.85e-06,0.0003371,4.53e-06,6.56e-06,8.7e-06,0.9995
2047,2000,2000,1,0.0001324,0.02003,7.176e-05,9.69e-05,0.0001776,0.9795
2048,2000,2000,1,2.28e-05,0.000512,7.07e-05,6.74e-05,0.00010484,0.999
2049,2000,2000,1,1.407e-05,0.0002518,3.755e-05,6.39e-05,0.0001112,0.9995
2050,2000,2000,1,3.68e-05,0.001928,3.95e-05,5.096e-05,6.723e-05,0.998
2051,2000,2000,1,3.07e-05,0.002708,2.724e-05,3.93e-05,8.98e-05,0.997
2052,2000,2000,1,1.76e-05,0.000439,1.07e-05,1.365e-05,3.64e-05,0.9995
2053,2000,2000,1,8.44e-05,0.00258,0.0001284,9.81e-05,0.0001762,0.997
2054,2000,2000,1,0.00527,0.2308,0.04004,0.003078,0.00489,0.716
2055,2000,2000,1,2.486e-05,0.00086,4.876e-05,6.104e-05,0.0001758,0.999
2056,2000,2000,1,5.07e-06,6.18e-05,8e-06,1.26e-05,3.004e-05,1.0
2057,2000,2000,1,4.5e-06,0.0001756,3.2e-06,4.6e-06,8.34e-06,1.0
2058,2000,2000,1,1.42e-05,0.0002208,3.7e-05,9.2e-05,0.0001924,0.9995
2059,2000,2000,1,1.085e-05,0.0001847,2.086e-05,2.18e-05,3.964e-05,0.9995
2060,2000,2000,1,6.3e-06,0.0002267,2.1e-06,4.8e-06,8.8e-06,0.9995
2061,2000,2000,1,0.000279,0.003479,0.000762,0.0004776,0.0014105,0.9937
2062,2000,2000,1,0.0003884,0.0348,0.000362,0.0002925,0.000753,0.9634
2063,2000,2000,1,1.174e-05,0.0001209,1.705e-05,2.6e-05,6.87e-05,0.9995
2064,2000,2000,1,8.13e-05,0.02386,7.09e-05,5.88e-05,0.0001787,0.9756
2065,2000,2000,1,0.001715,0.12384,0.000742,0.000681,0.001777,0.871
2066,2000,2000,1,3.296e-05,0.001165,3.594e-05,6.08e-05,0.000134,0.9985
2067,2000,2000,1,3.7e-06,6.23e-05,3.4e-06,5.4e-06,1.31e-05,1.0
2068,2000,2000,1,5.84e-06,0.0001425,9.9e-06,1.2e-05,2.664e-05,1.0
2069,2000,2000,1,2e-06,2.87e-05,4.9e-06,8.4e-06,1.71e-05,1.0
2070,2000,2000,1,0.000178,0.01767,7.73e-05,8.39e-05,0.0002823,0.982
2071,2000,2000,1,4.75e-05,0.004665,8.57e-05,5.08e-05,0.0001302,0.995
2072,2000,2000,1,2.45e-05,0.0005155,3.266e-05,6.056e-05,0.000219,0.999
2073,2000,2000,1,7.57e-06,0.0001608,1.013e-05,1.45e-05,4.506e-05,1.0
2074,2000,2000,1,1.854e-05,0.0004354,2.27e-05,2.67e-05,5.895e-05,0.9995
2075,2000,2000,1,8.46e-06,0.0001727,1.216e-05,1.407e-05,2.65e-05,1.0
2076,2000,2000,1,4.84e-05,0.002506,3.85e-05,3.85e-05,9.274e-05,0.997
2077,2000,2000,1,1.675e-05,0.0002952,3.964e-05,3.81e-05,5.98e-05,0.9995
2078,2000,2000,1,2.4e-06,6.11e-05,3.1e-06,6.44e-06,6.85e-06,1.0
2079,2000,2000,1,3.93e-06,0.0001059,6.4e-06,1.395e-05,3.04e-05,1.0
2080,2000,2000,1,0.0001016,0.002306,0.0001221,0.0001913,0.0003188,0.997
2081,2000,2000,1,3.45e-05,0.000857,7.67e-05,7.534e-05,0.000141,0.999
2082,2000,2000,1,5.3e-05,0.00486,5.05e-05,7.594e-05,0.0002553,0.9946
2083,2000,2000,1,2.2e-06,4.816e-05,4e-06,9.06e-06,1.81e-05,1.0
2084,2000,2000,1,9.4e-06,0.0003288,9.3e-06,1.13e-05,1.81e-05,0.9995
2085,2000,2000,1,8.46e-06,0.0005565,1.07e-05,1.603e-05,3.135e-05,0.9995
2086,2000,2000,1,8.3e-06,0.0001578,1.496e-05,2.396e-05,3.49e-05,1.0
2087,2000,2000,1,2.927e-05,0.001503,6.7e-05,6.354e-05,0.0001686,0.998
2088,2000,2000,1,0.0003788,0.02058,0.000509,0.0003679,0.0010605,0.977
2089,2000,2000,1,8.34e-06,0.000412,1.02e-05,1.466e-05,4.9e-05,0.9995
2090,2000,2000,1,1.34e-05,0.0007167,4.57e-05,6.15e-05,0.0001065,0.999
2091,2000,2000,1,1.13e-06,3.91e-05,1.55e-06,2.8e-06,4.95e-06,1.0
2092,2000,2000,1,1.55e-06,1.866e-05,2.7e-06,1.776e-05,3.135e-05,1.0
2093,2000,2000,1,1.3e-05,0.000759,8.6e-06,1.86e-05,4.494e-05,0.999
2094,2000,2000,1,1.32e-05,0.000797,1.675e-05,1.514e-05,3.594e-05,0.999
2095,2000,2000,1,0.001017,0.2479,0.00553,0.0011015,0.005817,0.739
2096,2000,2000,1,1.22e-05,0.0005913,2.295e-05,2.77e-05,4.19e-05,0.9995
2097,2000,2000,1,7.7e-06,0.0001467,1.436e-05,3.14e-05,6.53e-05,0.9995
2098,2000,2000,1,2.2e-06,9.644e-05,2.15e-06,3.5e-06,7.6e-06,1.0
2099,2000,2000,1,2.14e-05,0.0005174,1.65e-05,1.93e-05,4.554e-05,0.9995
2100,2000,2000,1,1.6e-05,0.0003977,2.694e-05,2.37e-05,4.45e-05,0.9995
2101,2000,2000,1,9.6e-06,0.0008507,1.21e-05,8.6e-06,2e-05,0.999
2102,2000,2000,1,0.0002732,0.02989,0.000297,0.0001638,0.0003648,0.969
2103,2000,2000,1,0.000422,0.07733,0.0009584,0.0003016,0.000761,0.9204
2104,2000,2000,1,2.47e-05,0.001084,2.23e-05,3.827e-05,8.59e-05,0.9985
2105,2000,2000,1,5.3e-05,0.005455,0.00010824,0.0001029,0.0001704,0.994
2106,2000,2000,1,3.9e-06,0.0001367,1.27e-05,1.27e-05,3.225e-05,1.0
2107,2000,2000,1,0.0001537,0.002514,0.0001707,0.000232,0.0003343,0.9966
2108,2000,2000,1,3.2e-06,0.000142,8.05e-06,8.05e-06,1.58e-05,1.0
2109,2000,2000,1,2.7e-05,0.001014,3.445e-05,3.88e-05,0.0001034,0.999
2110,2000,2000,1,2.086e-05,0.004784,2.99e-05,4.11e-05,9.62e-05,0.995
2111,2000,2000,1,0.0002499,0.02783,5.597e-05,6.676e-05,0.0001309,0.9717
2112,2000,2000,1,2.5e-05,0.000927,1.51e-05,2.116e-05,6.044e-05,0.999
2113,2000,2000,1,7.1e-06,0.0002278,1.12e-05,1.794e-05,3.31e-05,0.9995
2114,2000,2000,1,1.15e-05,0.0001312,2.4e-05,3.53e-05,0.00010407,0.9995
2115,2000,2000,1,7.1e-05,0.00924,5.776e-05,9.614e-05,0.0001483,0.99
2116,2000,2000,1,0.0001245,0.006268,8.166e-05,7.01e-05,0.0001745,0.993
2117,2000,2000,1,8.97e-05,0.001202,0.0007896,0.001434,0.002766,0.9937
2118,2000,2000,1,8.76e-06,0.0002024,1.204e-05,1.82e-05,3.7e-05,0.9995
2119,2000,2000,1,0.00042,0.4187,0.0001947,9.9e-05,0.0003586,0.58
2120,2000,2000,1,3.46e-06,6.38e-05,3.34e-06,5.3e-06,8.7e-06,1.0
2121,2000,2000,1,8.05e-06,0.0003855,8.2e-06,1.26e-05,2.44e-05,0.9995
2122,2000,2000,1,5.84e-05,0.001574,7.033e-05,0.0001173,0.0002166,0.998
2123,2000,2000,1,0.000615,0.05457,0.000951,0.0004764,0.001287,0.942
2124,2000,2000,1,3e-06,2.72e-05,8.64e-06,1.985e-05,3.51e-05,1.0
2125,2000,2000,1,1.5e-05,0.0002708,2.87e-05,5.42e-05,0.0001109,0.9995
2126,2000,2000,1,7.57e-06,0.0003834,7.15e-06,9.66e-06,2.307e-05,0.9995
2127,2000,2000,1,2.76e-05,0.0008736,4.387e-05,4.816e-05,0.0001335,0.999
2128,2000,2000,1,8e-06,0.0003521,1.54e-05,1.93e-05,4.36e-05,0.9995
2129,2000,2000,1,6.3e-06,0.0001479,9.95e-06,1.34e-05,2.29e-05,1.0
2130,2000,2000,1,8.46e-06,9.35e-05,1.395e-05,3.57e-05,6.43e-05,1.0
2131,2000,2000,1,0.0001563,0.007168,0.00010127,0.0001674,0.000467,0.9917
2132,2000,2000,1,1.705e-05,0.0001967,5.28e-05,0.000111,0.0002292,0.9995
2133,2000,2000,1,1.33e-05,0.0001934,1.6e-05,3.24e-05,7.38e-05,0.9995
2134,2000,2000,1,2.706e-05,0.0003705,4.303e-05,0.0001305,0.0003588,0.999
2135,2000,2000,1,4.95e-06,0.0001802,5.1e-06,7e-06,1.4e-05,1.0
2136,2000,2000,1,3.4e-06,5.096e-05,6.74e-06,1.51e-05,2.51e-05,1.0
2137,2000,2000,1,0.0001746,0.00766,6.75e-05,0.00015,0.000427,0.9917
2138,2000,2000,1,9.66e-06,0.0001943,1.043e-05,1.69e-05,2.307e-05,0.9995
2139,2000,2000,1,3.76e-06,9.197e-05,1.186e-05,2.18e-05,3.29e-05,1.0
2140,2000,2000,1,1.07e-05,0.0007505,3.46e-05,3.695e-05,5.14e-05,0.999
2141,2000,2000,1,8.79e-05,0.0027,0.0001546,0.0001504,0.0001452,0.9966
2142,2000,2000,1,6.455e-05,0.000668,0.0001435,0.0002475,0.0005693,0.9985
2143,2000,2000,1,2.813e-05,0.000621,6.753e-05,7e-05,0.0001813,0.999
2144,2000,2000,1,5.96e-06,7.51e-05,1.466e-05,3.44e-05,6.324e-05,1.0
2145,2000,2000,1,2.06e-05,0.0004315,3.5e-05,4.065e-05,4.494e-05,0.9995
2146,2000,2000,1,2.26e-06,4.48e-05,5.07e-06,1.08e-05,2.25e-05,1.0
2147,2000,2000,1,2.13e-05,0.002512,6.37e-05,3.684e-05,6.473e-05,0.997
2148,2000,2000,1,7.5e-06,0.0004444,5.1e-06,9.06e-06,1.49e-05,0.9995
2149,2000,2000,1,7.87e-06,0.0001743,4.77e-06,6.85e-06,1.514e-05,1.0
2150,2000,2000,1,5.77e-05,0.00359,8.994e-05,6.81e-05,0.0001744,0.996
2151,2000,2000,1,2.02e-05,0.0009,1.34e-05,1.53e-05,3.695e-05,0.999
2152,2000,2000,1,4.27e-05,0.001603,8.14e-05,9.334e-05,0.0001813,0.998
2153,2000,2000,1,2.9e-06,3.57e-05,8.94e-06,2.43e-05,4.39e-05,1.0
2154,2000,2000,1,6.32e-05,0.000642,0.0001961,0.0002842,0.0005174,0.9985
2155,2000,2000,1,2.44e-06,7.296e-05,2.4e-06,3.46e-06,7.5e-06,1.0
2156,2000,2000,1,3.76e-06,4.49e-05,4.8e-06,1.276e-05,2.277e-05,1.0
2157,2000,2000,1,2.366e-05,0.000376,8.98e-05,0.0001929,0.0002375,0.999
2158,2000,2000,1,1.8e-05,0.0004046,3.24e-05,3.53e-05,0.0001186,0.9995
2159,2000,2000,1,1e-05,0.0001731,2.766e-05,4.81e-05,8.91e-05,0.9995
2160,2000,2000,1,0.001404,0.05383,0.001607,0.000882,0.001038,0.9414
2161,2000,2000,1,7.6e-06,0.00010955,9.4e-06,1.496e-05,2.897e-05,1.0
2162,2000,2000,1,3.1e-06,0.0002954,3.46e-06,7.1e-06,1.27e-05,0.9995
2163,2000,2000,1,4.387e-05,0.002245,5.92e-05,4.244e-05,0.00010264,0.9976
2164,2000,2000,1,1.156e-05,0.0006294,1.28e-05,1.86e-05,2.93e-05,0.9995
2165,2000,2000,1,1.854e-05,0.000361,2.96e-05,3.654e-05,6.8e-05,0.9995
2166,2000,2000,1,4.23e-06,5.674e-05,1.2e-05,2.85e-05,5.63e-05,1.0
2167,2000,2000,1,1.717e-05,0.0004601,8.76e-06,1.657e-05,3.7e-05,0.9995
2168,2000,2000,1,2.92e-05,0.002398,4.876e-05,5.32e-05,0.0002352,0.997
2169,2000,2000,1,0.0009313,0.03812,0.002905,0.00169,0.004524,0.9517
2170,2000,2000,1,1.305e-05,0.000795,1.454e-05,1.824e-05,4.4e-05,0.999
2171,2000,2000,1,6.38e-05,0.00111,0.0001647,0.0001471,0.0003207,0.998
2172,2000,2000,1,5.66e-06,0.0001249,5.07e-06,2.813e-05,9.46e-05,0.9995
2173,2000,2000,1,4.77e-06,0.000309,6.56e-06,1.07e-05,1.925e-05,0.9995
2174,2000,2000,1,2.44e-05,0.001768,4.375e-05,4.9e-05,0.00010014,0.998
2175,2000,2000,1,1.52e-05,0.0005293,1.49e-05,2.71e-05,4.953e-05,0.9995
2176,2000,2000,1,0.0002658,0.04547,0.0001808,0.0001265,0.0003083,0.9536
2177,2000,2000,1,5.7e-06,8.637e-05,1.985e-05,3e-05,7.904e-05,1.0
2178,2000,2000,1,4.77e-06,0.0001793,5.7e-06,8.46e-06,1.52e-05,1.0
2179,2000,2000,1,4.47e-05,0.001869,8.714e-05,8.99e-05,0.0001934,0.9976
2180,2000,2000,1,3e-06,6.914e-05,9.3e-06,1.323e-05,2.784e-05,1.0
2181,2000,2000,1,1.13e-05,0.000281,8.5e-06,1.115e-05,1.9e-05,0.9995
2182,2000,2000,1,2.44e-06,3.844e-05,5.5e-06,1.377e-05,1.79e-05,1.0
2183,2000,2000,1,2.14e-05,0.001217,2.253e-05,2.14e-05,5.57e-05,0.9985
2184,2000,2000,1,3.6e-06,0.00069,2.86e-06,5.1e-06,1.2e-05,0.9995
2185,2000,2000,1,0.0004838,0.00951,0.0002005,0.0001884,0.0003865,0.9893
2186,2000,2000,1,4.1e-06,8.404e-05,1.2e-05,1.78e-05,4.49e-05,1.0
2187,2000,2000,1,4.95e-06,0.00010073,4.35e-06,8.5e-06,1.2e-05,1.0
2188,2000,2000,1,1.5e-06,2.56e-05,1.9e-06,3.6e-06,8.46e-06,1.0
2189,2000,2000,1,6.75e-05,0.003868,3.07e-05,4.596e-05,8.154e-05,0.996
2190,2000,2000,1,4.07e-05,0.004543,2.16e-05,3.874e-05,0.0001565,0.995
2191,2000,2000,1,9.41e-05,0.006386,9.62e-05,0.00011116,0.000304,0.993
2192,2000,2000,1,1.24e-05,0.000349,8.1e-06,1.27e-05,2.67e-05,0.9995
2193,2000,2000,1,1.395e-05,0.0002145,2.635e-05,3.31e-05,6.16e-05,0.9995
2194,2000,2000,1,0.0002041,0.05115,0.0001482,0.0001165,0.000336,0.948
2195,2000,100,0,0.0007095,0.797,0.0002358,0.0001482,0.0003965,0.2018
2196,2000,2000,1,8.9e-06,0.0004375,2.1e-05,2.55e-05,4.214e-05,0.9995
2197,2000,2000,1,4.55e-05,0.00997,1.1e-05,1.6e-05,4.15e-05,0.9897
2198,2000,2000,1,6.7e-06,0.0005054,7.87e-06,7.7e-06,1.925e-05,0.9995
2199,2000,2000,1,5.7e-06,6.82e-05,1.42e-05,3.374e-05,5.54e-05,1.0
2200,2000,2000,1,5.64e-05,0.002022,6.81e-05,7.95e-05,0.0001986,0.9976
2201,2000,2000,1,6.354e-05,0.00539,9.227e-05,7.445e-05,0.0001655,0.994
2202,2000,2000,1,1.234e-05,0.0001618,6.08e-05,7.325e-05,0.0001643,0.9995
2203,2000,2000,1,1.38e-05,0.0001458,1.5e-05,2.83e-05,6.086e-05,0.9995
2204,2000,2000,1,9.63e-05,0.01209,0.0001842,0.0001792,0.0009103,0.9863
2205,2000,2000,1,8.3e-06,8.59e-05,1.48e-05,4.035e-05,8.98e-05,1.0
2206,2000,2000,1,0.000788,0.2258,0.001571,0.000686,0.00243,0.7686
2207,2000,2000,1,0.00011075,0.01244,3.99e-05,5.24e-05,0.00010604,0.9873
2208,2000,2000,1,1.085e-05,0.0001867,1.365e-05,3.344e-05,8.553e-05,0.9995
2209,2000,2000,1,6.4e-06,0.0001593,8.4e-06,1.41e-05,2.07e-05,1.0
2210,2000,2000,1,0.0003114,0.02597,0.0001944,0.0002522,0.0005193,0.9727
2211,2000,2000,1,4e-06,4.22e-05,2.26e-06,7.8e-06,2.164e-05,1.0
2212,2000,2000,1,8.3e-06,0.0002606,1.4e-05,1.95e-05,2.956e-05,0.9995
2213,2000,2000,1,9e-07,8.8e-06,1.25e-06,5.07e-06,1.115e-05,1.0
2214,2000,2000,1,0.000264,0.05722,0.0002158,0.0002146,0.000604,0.9414
2215,2000,2000,1,0.0001445,0.01527,0.0001888,0.00011057,0.0003223,0.984
2216,2000,2000,1,8e-06,0.0001199,1.097e-05,1.9e-05,4.07e-05,1.0
2217,2000,2000,1,0.000255,0.03952,0.0001746,0.00011367,0.0002513,0.9595
2218,2000,2000,1,2.223e-05,0.0002162,3.886e-05,7.64e-05,0.0001596,0.9995
2219,2000,2000,1,3.15e-05,0.000449,2.974e-05,3.266e-05,7.28e-05,0.9995
2220,2000,2000,1,8.64e-06,9.96e-05,2.59e-05,4.85e-05,9.024e-05,0.9995
2221,2000,2000,1,8e-07,2.03e-05,1.55e-06,3.64e-06,4.23e-06,1.0
2222,2000,2000,1,9.674e-05,0.002686,4.54e-05,7.206e-05,0.0001943,0.997
2223,2000,2000,1,6.9e-06,0.0001776,1.395e-05,2.65e-05,5.674e-05,0.9995
2224,2000,2000,1,7e-06,0.0004373,5.7e-06,8.1e-06,1.74e-05,0.9995
2225,2000,2000,1,3.04e-06,8.06e-05,4.23e-06,8.4e-06,1.82e-05,1.0
2226,2000,2000,1,1.78e-05,0.0006766,1.276e-05,2.95e-05,5.406e-05,0.999
2227,2000,2000,1,4.3e-06,5.76e-05,6.14e-06,2.84e-05,4.005e-05,1.0
2228,2000,2000,1,4.1e-06,0.0001128,8.17e-06,1.234e-05,1.69e-05,1.0
2229,2000,2000,1,0.0003304,0.1448,0.0001931,0.0001162,0.000431,0.854
2230,2000,2000,1,5.1e-06,0.0004117,2.9e-06,3.7e-06,7.7e-06,0.9995
2231,2000,2000,1,4.08e-05,0.01272,0.0002797,0.0004427,0.002115,0.9844
2232,2000,2000,1,0.0001382,0.01834,0.0002978,0.0001888,0.0005264,0.9805
2233,2000,2000,1,0.0002828,0.004288,0.0004177,0.0004082,0.001625,0.993
2234,2000,2000,1,3.98e-05,0.000717,0.000224,0.0001585,0.0004954,0.9985
2235,2000,2000,1,8.7e-06,0.000579,5.525e-05,9.4e-05,0.0001422,0.999
2236,2000,2000,1,0.0005307,0.1401,0.00012195,0.0001309,0.000344,0.859
2237,2000,2000,1,4.87e-05,0.0015955,0.0001948,0.0002732,0.0003633,0.9976
2238,2000,2000,1,3.403e-05,0.0001894,0.0001928,0.000637,0.001966,0.997
2239,2000,2000,1,1.87e-05,0.0004115,2.39e-05,3.695e-05,6.81e-05,0.9995
2240,2000,2000,1,1.25e-05,0.0002184,1.64e-05,2.16e-05,2.76e-05,0.9995
2241,2000,2000,1,0.0005217,0.007042,0.0008993,0.00202,0.003414,0.9863
2242,2000,2000,1,2.015e-05,0.0003471,3.654e-05,5.305e-05,9.805e-05,0.9995
2243,2000,2000,1,2.3e-05,0.0002577,0.0001061,0.000117,0.000171,0.9995
2244,2000,2000,1,2.41e-05,0.0006437,4.03e-05,4.005e-05,8.71e-05,0.999
2245,2000,2000,1,1.06e-05,0.0004084,1.6e-05,3.04e-05,7.07e-05,0.9995
2246,2000,2000,1,1.97e-05,0.001414,1.43e-05,1.675e-05,2.7e-05,0.9985
2247,2000,2000,1,1.3e-06,6.21e-05,4.4e-06,6.56e-06,8.64e-06,1.0
2248,2000,2000,1,2.8e-06,2.635e-05,7.3e-06,1.4e-05,2.164e-05,1.0
2249,2000,2000,1,5.54e-06,0.00047,1.246e-05,1.24e-05,1.335e-05,0.9995
2250,2000,2000,1,0.0001668,0.0103,0.0002503,0.0002201,0.000533,0.989
2251,2000,2000,1,2.134e-05,0.000274,3.546e-05,3.84e-05,5.734e-05,0.9995
2252,2000,2000,1,5.96e-05,0.002874,5.06e-05,4.25e-05,6.74e-05,0.997
2253,2000,2000,1,7.2e-06,0.00010216,2.27e-05,2.68e-05,3.47e-05,1.0
2254,2000,100,0,0.0004022,0.5566,0.0005436,0.0001999,0.0003066,0.442
2255,2000,2000,1,1.21e-05,0.0001453,6.89e-05,0.0001276,9.87e-05,0.9995
2256,2000,2000,1,0.0003145,0.01115,0.00010973,0.0001491,0.0001663,0.9883
2257,2000,2000,1,1.15e-05,0.001247,1.04e-05,1.425e-05,1.633e-05,0.9985
2258,2000,2000,1,0.000271,0.0441,0.000753,0.0001897,0.000492,0.954
2259,2000,2000,1,3.17e-05,0.0005627,7.73e-05,9.716e-05,0.0002023,0.999
2260,2000,2000,1,4.3e-06,0.0002036,2.8e-06,1.01e-05,1.806e-05,1.0
2261,2000,2000,1,1.52e-05,0.0004034,1.58e-05,2.384e-05,3.72e-05,0.9995
2262,2000,2000,1,0.0002017,0.002773,0.0006166,0.0002785,0.00075,0.9956
2263,2000,2000,1,1.72e-05,0.0003316,3.91e-05,5.93e-05,0.0001171,0.9995
2264,2000,100,0,0.001048,0.5215,0.00063,0.0003526,0.001071,0.4756
2265,2000,2000,1,7.92e-05,0.00504,0.0002213,0.0002106,0.0005393,0.994
2266,2000,2000,1,5.99e-05,0.010994,5.23e-05,5.776e-05,0.0001396,0.989
2267,2000,2000,1,7e-06,0.0002825,1.013e-05,1.174e-05,2.617e-05,0.9995
2268,2000,2000,1,8.9e-06,0.0003052,4.09e-05,3.78e-05,6.115e-05,0.9995
2269,2000,2000,1,4.56e-05,0.002739,2.587e-05,2.57e-05,7.32e-05,0.997
2270,2000,2000,1,7.75e-06,0.0002309,1.62e-05,2.6e-05,4.905e-05,0.9995
2271,2000,2000,1,3.1e-06,5.38e-05,9.9e-06,1.436e-05,3.207e-05,1.0
2272,2000,2000,1,1.717e-05,0.0004652,1.395e-05,3.296e-05,0.0001051,0.9995
2273,2000,2000,1,2.68e-05,0.01069,4.834e-05,3.96e-05,0.0001245,0.9893
2274,2000,2000,1,8.5e-06,0.0002241,8.6e-06,9.7e-06,1.88e-05,0.9995
2275,2000,2000,1,3.93e-06,9.286e-05,5.07e-06,9e-06,1.884e-05,1.0
2276,2000,2000,1,2.6e-06,1.44e-05,4.7e-06,2.056e-05,5.87e-05,1.0
2277,2000,2000,1,1.127e-05,0.001014,1.055e-05,1.216e-05,2.06e-05,0.999
2278,2000,2000,1,0.000736,0.4478,0.001459,0.0004876,0.001112,0.5483
2279,2000,2000,1,6.26e-06,5.26e-05,2.96e-05,8.74e-05,0.0001243,0.9995
2280,2000,2000,1,2.3e-06,1.3e-05,4.23e-06,1.496e-05,6.56e-05,1.0
2281,2000,2000,1,3.16e-06,6.54e-05,3.93e-06,1.186e-05,1.705e-05,1.0
2282,2000,2000,1,7e-06,8.18e-05,9.7e-06,1.72e-05,3.576e-05,1.0
2283,2000,2000,1,0.0003612,0.05554,0.0002513,0.0002402,0.000571,0.943
2284,2000,2000,1,1.496e-05,0.0001409,6.24e-05,8.53e-05,0.0001912,0.9995
2285,2000,2000,1,1.11e-05,0.0003357,2.134e-05,3.034e-05,7.1e-05,0.9995
2286,2000,2000,1,4.43e-05,0.00902,4.77e-05,4.625e-05,0.0001115,0.9907
2287,2000,2000,1,2.1e-06,6.914e-05,2.44e-06,4.1e-06,9.66e-06,1.0
2288,2000,2000,1,5.66e-06,6.104e-05,1.06e-05,1.92e-05,5.7e-05,1.0
2289,2000,2000,1,3.67e-05,0.000793,4.9e-05,0.000151,0.0003123,0.9985
2290,2000,2000,1,6.8e-06,0.000392,6.5e-06,8.7e-06,1.87e-05,0.9995
2291,2000,2000,1,7.87e-06,0.0001674,7.45e-06,1.08e-05,2.253e-05,1.0
2292,2000,2000,1,5e-05,0.000997,0.0001419,9.227e-05,0.0002618,0.9985
2293,2000,2000,1,5.36e-06,2.89e-05,1.603e-05,5.656e-05,0.000113,1.0
2294,2000,2000,1,4.923e-05,0.001199,6.247e-05,5.38e-05,0.0001564,0.9985
2295,2000,2000,1,7.5e-06,0.0002239,2.265e-05,4.727e-05,7.48e-05,0.9995
2296,2000,2000,1,2.766e-05,0.002047,3.123e-05,4.87e-05,0.0001976,0.9976
2297,2000,2000,1,1.705e-05,0.0002028,4.42e-05,4.727e-05,0.0001359,0.9995
2298,2000,2000,1,0.0002856,0.03078,0.0007014,0.000541,0.0007887,0.967
2299,2000,2000,1,3.7e-06,9.84e-05,5.54e-06,1.11e-05,3.195e-05,1.0
2300,2000,2000,1,1.156e-05,0.0002084,7.6e-06,1.305e-05,2.82e-05,0.9995
2301,2000,2000,1,8.9e-06,0.0002173,1.15e-05,1.78e-05,2.67e-05,0.9995
2302,2000,2000,1,6.5e-06,0.000151,1.03e-05,1.12e-05,2.08e-05,1.0
2303,2000,2000,1,1.38e-05,0.0001653,3.06e-05,8.58e-05,0.0001912,0.9995
2304,2000,2000,1,5.674e-05,0.001265,6.557e-05,6.1e-05,9.12e-05,0.9985
2305,2000,2000,1,8.64e-06,0.0004466,1.66e-05,1.88e-05,4.08e-05,0.9995
2306,2000,2000,1,3.04e-06,8.68e-05,3.34e-06,4.23e-06,8.1e-06,1.0
2307,2000,2000,1,4.894e-05,0.003048,5.97e-05,5.09e-05,8.45e-05,0.9966
2308,2000,2000,1,4.05e-06,0.0001328,6.2e-06,9.1e-06,1.615e-05,1.0
2309,2000,2000,1,9.24e-06,9.83e-05,1.05e-05,3.53e-05,9.72e-05,0.9995
2310,2000,2000,1,6.1e-06,6.056e-05,1.09e-05,2.04e-05,4.345e-05,1.0
2311,2000,2000,1,3.64e-06,2.93e-05,7.7e-06,2e-05,4.29e-05,1.0
2312,2000,2000,1,6.44e-06,0.0002534,7.5e-06,1.06e-05,2.53e-05,0.9995
2313,2000,2000,1,4.77e-06,0.0001415,2.44e-06,4.05e-06,7.87e-06,1.0
2314,2000,2000,1,8.4e-06,0.0002046,6.5e-06,7.9e-06,2.1e-05,0.9995
2315,2000,2000,1,1.55e-06,2.34e-05,3.64e-06,8.7e-06,1.585e-05,1.0
2316,2000,2000,1,1.824e-05,0.000201,8.54e-05,0.0002295,0.0002975,0.999
2317,2000,2000,1,2.9e-06,0.0001799,1.6e-06,2.26e-06,5.6e-06,1.0
2318,2000,2000,1,0.0002016,0.01866,0.0007534,0.000443,0.000712,0.979
2319,2000,2000,1,8.64e-05,0.010086,3.73e-05,5.11e-05,0.000152,0.9897
2320,2000,2000,1,3.9e-06,6.05e-05,1.055e-05,1.21e-05,2.605e-05,1.0
2321,2000,2000,1,0.0001489,0.004765,0.0003922,0.0001874,0.0003662,0.994
2322,2000,2000,1,7.75e-06,0.0001069,1.2e-05,1.64e-05,2.81e-05,1.0
2323,2000,2000,1,9.567e-05,0.003561,0.0002195,0.0001467,0.0004077,0.9956
2324,2000,2000,1,2.3e-06,6.54e-05,2.4e-06,3.64e-06,6.74e-06,1.0
2325,2000,2000,1,3.1e-06,6.753e-05,8.6e-06,1.997e-05,3.076e-05,1.0
2326,2000,2000,1,7.8e-06,0.0001463,1.96e-05,3.76e-05,4.62e-05,0.9995
2327,2000,2000,1,3.64e-06,3.19e-05,1.705e-05,3.6e-05,3.934e-05,1.0
2328,2000,2000,1,3.2e-06,4.96e-05,9.9e-06,1.81e-05,2.31e-05,1.0
2329,2000,2000,1,4.23e-06,5.525e-05,1.055e-05,1.93e-05,4.035e-05,1.0
2330,2000,2000,1,6.914e-05,0.00438,0.0001172,9.09e-05,0.0001729,0.995
2331,2000,2000,1,0.000891,0.3215,0.002039,0.001187,0.006668,0.6675
2332,2000,2000,1,3.7e-06,6.83e-05,1.067e-05,1.63e-05,2.85e-05,1.0
2333,2000,2000,1,3.3e-06,0.0001334,5.4e-06,7.1e-06,1.43e-05,1.0
2334,2000,2000,1,1.454e-05,0.0001789,1.17e-05,2.366e-05,5.794e-05,0.9995
2335,2000,2000,1,1.29e-05,0.0001847,4.274e-05,4.22e-05,0.00010335,0.9995
2336,2000,2000,1,9.6e-06,0.0001786,1.997e-05,2.07e-05,5.424e-05,0.9995
2337,2000,2000,1,2.26e-06,0.0001419,1.6e-06,2.44e-06,5.4e-06,1.0
2338,2000,2000,1,9.06e-06,0.0002328,5.54e-06,8.64e-06,1.836e-05,0.9995
2339,2000,2000,1,6.9e-06,6.706e-05,2.044e-05,2.94e-05,7.737e-05,1.0
2340,2000,2000,1,7.57e-06,0.00012136,1.365e-05,1.895e-05,4.274e-05,1.0
2341,2000,2000,1,4.333e-05,0.001678,8.22e-05,9.39e-05,0.0001683,0.998
2342,2000,2000,1,4.673e-05,0.0006924,1.776e-05,3.13e-05,6.056e-05,0.999
2343,2000,2000,1,2.1e-06,4.506e-05,4.3e-06,6e-06,1.04e-05,1.0
2344,2000,2000,1,9.06e-06,0.0002158,3.076e-05,3.076e-05,6.807e-05,0.9995
2345,2000,2000,1,0.00011307,0.004635,0.0002079,0.0001945,0.0003455,0.9946
2346,2000,2000,1,0.0002389,0.0758,0.0001189,0.0002015,0.000519,0.9233
2347,2000,2000,1,2e-06,3.07e-05,2.7e-06,4.65e-06,7.4e-06,1.0
2348,2000,2000,1,2.855e-05,0.00205,8.36e-05,4.953e-05,9.626e-05,0.9976
2349,2000,2000,1,1.12e-05,0.000395,3.15e-05,3.92e-05,6.515e-05,0.9995
2350,2000,2000,1,4.9e-06,0.0001433,9.24e-06,1.26e-05,2.456e-05,1.0
2351,2000,2000,1,1.496e-05,0.001256,8.5e-06,1.41e-05,2.396e-05,0.9985
2352,2000,2000,1,2.396e-05,0.0007353,3.83e-05,3.88e-05,4.71e-05,0.999
2353,2000,2000,1,2.2e-05,0.0006704,2.36e-05,2.646e-05,5.68e-05,0.999
2354,2000,2000,1,0.0001351,0.004955,0.0001628,0.0001875,0.0002897,0.994
2355,2000,2000,1,4.05e-06,0.0003266,4.5e-06,6.26e-06,1.18e-05,0.9995
2356,2000,2000,1,1.39e-05,0.00127,1.3e-05,1.4e-05,2.867e-05,0.9985
2357,2000,2000,1,7.5e-06,9.29e-05,2.97e-05,7.65e-05,0.00011873,0.9995
2358,2000,2000,1,5.33e-05,0.001076,9.084e-05,9.36e-05,0.000234,0.9985
2359,2000,2000,1,2.31e-05,0.001589,6.7e-05,6.896e-05,0.0001278,0.998
2360,2000,2000,1,4.16e-05,0.001415,6.99e-05,6.634e-05,0.0001307,0.998
2361,2000,2000,1,7.6e-06,0.000225,1.12e-05,1.28e-05,1.68e-05,0.9995
2362,2000,2000,1,4.2e-06,0.0001574,4.35e-06,4.77e-06,8.8e-06,1.0
2363,2000,2000,1,5.66e-06,0.0003061,5.8e-06,9.06e-06,1.48e-05,0.9995
2364,2000,2000,1,5.58e-05,0.000698,4.864e-05,7e-05,0.0001991,0.999
2365,2000,2000,1,0.0002942,0.04608,0.0004888,0.0002587,0.000789,0.952
2366,2000,2000,1,1.54e-05,0.000409,2.59e-05,4.82e-05,0.0001016,0.9995
2367,2000,2000,1,0.0001015,0.011314,4.6e-05,5.573e-05,0.00011915,0.9883
2368,2000,2000,1,3.976e-05,0.0055,3.666e-05,4.077e-05,0.00010455,0.994
2369,2000,2000,1,2.99e-05,0.001011,4.286e-05,4.447e-05,8.26e-05,0.999
2370,2000,2000,1,4.5e-06,4.41e-05,1.305e-05,3.79e-05,8.076e-05,1.0
2371,2000,2000,1,2.4e-06,3.56e-05,4.4e-06,9.66e-06,1.99e-05,1.0
2372,2000,2000,1,5.66e-06,0.0002718,2.8e-06,5e-06,1.115e-05,0.9995
2373,2000,2000,1,1.174e-05,0.0002403,1.705e-05,3.016e-05,6.23e-05,0.9995
2374,2000,2000,1,3.46e-06,7.284e-05,6e-06,8.6e-06,1.884e-05,1.0
2375,2000,2000,1,1e-05,0.0005264,8.6e-06,1.276e-05,2.76e-05,0.9995
2376,2000,2000,1,0.000166,0.01103,0.0001318,0.0001457,0.0002527,0.9883
2377,2000,2000,1,1.59e-05,0.0002382,2.533e-05,3.92e-05,9.215e-05,0.9995
2378,2000,2000,1,4.894e-05,0.002583,0.00010157,0.0001315,0.0003865,0.9966
2379,2000,2000,1,1.26e-05,0.0002725,1.556e-05,2.1e-05,4.995e-05,0.9995
2380,2000,2000,1,0.000315,0.1792,0.003376,0.000671,0.002165,0.8145
2381,2000,2000,1,5.23e-05,0.003414,0.0001043,9.423e-05,0.0002158,0.996
2382,2000,2000,1,2.1e-06,4.45e-05,4.6e-06,1.013e-05,9.9e-06,1.0
2383,2000,2000,1,2.724e-05,0.000827,4.2e-05,5.86e-05,0.0001374,0.999
2384,2000,2000,1,6.3e-06,0.0001765,1.204e-05,2.29e-05,3.3e-05,0.9995
2385,2000,2000,1,1.57e-05,0.000129,2.08e-05,6.46e-05,0.0001621,0.9995
2386,2000,2000,1,1.43e-06,3.326e-05,3.1e-06,7.1e-06,8e-06,1.0
2387,2000,2000,1,5e-06,0.000267,7.33e-06,9.6e-06,1.484e-05,0.9995
2388,2000,2000,1,5.33e-05,0.001477,8.285e-05,0.0001625,0.0001733,0.998
2389,2000,2000,1,9.9e-06,0.0003045,1.985e-05,3.38e-05,6.026e-05,0.9995
2390,2000,2000,1,7.5e-06,0.0009694,1.19e-05,4.697e-05,0.00012076,0.999
2391,2000,2000,1,9e-07,2.605e-05,1.8e-06,4.4e-06,5.9e-06,1.0
2392,2000,2000,1,7.8e-06,0.0002487,8.34e-06,1.57e-05,2.18e-05,0.9995
2393,2000,2000,1,3.9e-06,0.0004323,3.9e-06,9.24e-06,2.54e-05,0.9995
2394,2000,2000,1,1.3e-05,0.0002608,3.61e-05,4.387e-05,7.48e-05,0.9995
2395,2000,2000,1,2.55e-05,0.00395,7.266e-05,5.144e-05,0.0001074,0.9956
2396,2000,2000,1,0.0001833,0.01337,0.000257,0.0001602,0.0003452,0.986
2397,2000,2000,1,6e-07,0.0001405,9.5e-07,1.9e-06,4.7e-06,1.0
2398,2000,2000,1,5.19e-05,0.002918,4.506e-05,3.934e-05,0.0001018,0.997
2399,2000,2000,1,1.9e-06,4.12e-05,5.66e-06,1.07e-05,1.884e-05,1.0
2400,2000,2000,1,0.000102,0.004707,8.756e-05,6.13e-05,0.0002097,0.9946
2401,2000,2000,1,6.825e-05,0.00441,4.55e-05,5.907e-05,0.000145,0.995
2402,2000,2000,1,6.74e-06,0.0001369,1.18e-05,1.115e-05,1.95e-05,1.0
2403,2000,2000,1,7.33e-06,0.0006065,7.6e-06,8.76e-06,1.645e-05,0.9995
2404,2000,2000,1,3.34e-06,0.0001185,2.15e-06,3.34e-06,6.26e-06,1.0
2405,2000,2000,1,3.767e-05,0.000446,6.87e-05,0.000223,0.0003529,0.999
2406,2000,2000,1,8.05e-06,0.000759,4.8e-06,8.6e-06,2.26e-05,0.999
2407,2000,2000,1,1.58e-05,0.0002359,3.254e-05,3.47e-05,6.837e-05,0.9995
2408,2000,2000,1,0.0001342,0.0131,0.00016,9.316e-05,0.0002759,0.9863
2409,2000,2000,1,1.01e-05,0.0002111,2.85e-05,3.487e-05,7.516e-05,0.9995
2410,2000,2000,1,2.6e-06,8.5e-05,4.6e-06,5.8e-06,1.02e-05,1.0
2411,2000,2000,1,1.88e-05,0.0003994,3.004e-05,3.06e-05,7.206e-05,0.9995
2412,2000,2000,1,3.6e-06,8.47e-05,4.5e-06,6e-06,1.085e-05,1.0
2413,2000,2000,1,3.5e-06,4.86e-05,7.2e-06,1.943e-05,3.35e-05,1.0
2414,2000,2000,1,2.3e-06,8.535e-05,3.93e-06,7.4e-06,1.97e-05,1.0
2415,2000,2000,1,6.783e-05,0.00872,7.373e-05,4.93e-05,0.0001456,0.9907
2416,2000,2000,1,1.65e-05,0.0006256,1.92e-05,1.74e-05,3.3e-05,0.9995
2417,2000,2000,1,8.92e-05,0.001486,0.0001166,0.0001881,0.0004141,0.9976
2418,2000,2000,1,3.3e-06,3.92e-05,8.17e-06,1.913e-05,5.674e-05,1.0
2419,2000,2000,1,1.305e-05,0.0003803,1.04e-05,2.45e-05,6.115e-05,0.9995
2420,2000,2000,1,1.11e-05,0.0008264,8.5e-06,1.38e-05,4.18e-05,0.999
2421,2000,2000,1,0.000259,0.0515,0.0001864,0.0002307,0.0004065,0.9473
2422,2000,2000,1,2.26e-06,6.7e-05,3.4e-06,5.25e-06,1.234e-05,1.0
2423,2000,2000,1,0.000135,0.0306,0.0001186,0.0001023,0.0001982,0.9688
2424,2000,2000,1,8e-06,0.0003176,1.204e-05,1.51e-05,3.403e-05,0.9995
2425,2000,2000,1,2.46e-05,0.002186,3.046e-05,1.85e-05,4.125e-05,0.9976
2426,2000,2000,1,3.64e-06,0.0001945,3.04e-06,6e-06,1.08e-05,1.0
2427,2000,2000,1,0.00010496,0.01278,0.000119,8.65e-05,0.0002484,0.987
2428,2000,2000,1,0.000529,0.0973,0.000654,0.0003893,0.0009446,0.9004
2429,2000,2000,1,4.1e-06,0.000167,6e-06,1.1e-05,1.776e-05,1.0
2430,2000,2000,1,0.0001959,0.008095,7.79e-05,8.76e-05,0.0001467,0.991
2431,2000,2000,1,3.9e-06,0.0003934,1.9e-06,3.4e-06,7.7e-06,0.9995
2432,2000,2000,1,3.6e-05,0.001593,2.396e-05,2.515e-05,5.83e-05,0.998
2433,2000,2000,1,1.6e-05,0.00057,1.734e-05,1.83e-05,4.28e-05,0.9995
2434,2000,2000,1,0.0002074,0.05176,0.000534,0.0001779,0.0005307,0.947
2435,2000,2000,1,2.07e-05,0.0001601,4.79e-05,0.0001045,0.0002475,0.9995
2436,2000,2000,1,8.94e-06,0.0007434,1.06e-05,1.276e-05,3.165e-05,0.999
2437,2000,2000,1,7.15e-05,0.01221,3.41e-05,3.31e-05,7.67e-05,0.988
2438,2000,2000,1,3.49e-05,0.0007586,4.697e-05,5.77e-05,8.965e-05,0.999
2439,2000,2000,1,3e-07,1.067e-05,8.3e-07,1.55e-06,2.6e-06,1.0
2440,2000,2000,1,3.34e-06,9.817e-05,6.7e-06,1.12e-05,1.836e-05,1.0
2441,2000,2000,1,5.08e-05,0.001847,0.000289,0.0001695,0.0002837,0.9976
2442,2000,2000,1,3.1e-06,0.0001229,4.95e-06,8.34e-06,2.12e-05,1.0
2443,2000,2000,1,1.46e-05,0.0001811,2.384e-05,2.65e-05,6e-05,0.9995
2444,2000,2000,1,3.79e-05,0.0004451,6.74e-05,0.0001324,0.000512,0.999
2445,2000,2000,1,0.000542,0.187,0.000484,0.0002449,0.00068,0.811
2446,2000,2000,1,3.4e-06,5.144e-05,8.1e-06,1.55e-05,3.266e-05,1.0
2447,2000,2000,1,0.0003297,0.0408,0.00010747,7.635e-05,0.0002584,0.9585
2448,2000,2000,1,1.574e-05,0.0003128,6.07e-05,7.206e-05,0.0001508,0.9995
2449,2000,2000,1,1.496e-05,0.0002534,7.963e-05,7.206e-05,0.0002171,0.9995
2450,2000,2000,1,1.925e-05,0.0004935,1.997e-05,2.16e-05,5.06e-05,0.9995
2451,2000,2000,1,1.31e-05,0.000896,1.77e-05,2.66e-05,8.04e-05,0.999
2452,2000,2000,1,2.26e-06,4.536e-05,5.36e-06,1.156e-05,2.07e-05,1.0
2453,2000,2000,1,1.353e-05,0.0002238,1.34e-05,1.97e-05,4.59e-05,0.9995
2454,2000,2000,1,1.085e-05,0.000414,5.54e-06,1.216e-05,1.675e-05,0.9995
2455,2000,2000,1,1.484e-05,0.000602,5.58e-05,4.005e-05,6.175e-05,0.999
2456,2000,2000,1,6.56e-06,0.0003688,7.3e-06,9.9e-06,1.925e-05,0.9995
2457,2000,2000,1,1.66e-05,0.0003521,1.496e-05,1.9e-05,4.876e-05,0.9995
2458,2000,2000,1,1.9e-05,0.0003827,2.503e-05,3.81e-05,5.305e-05,0.9995
2459,2000,2000,1,1.46e-05,0.000224,1.8e-05,6.086e-05,9.18e-05,0.9995
2460,2000,2000,1,1.2e-05,0.0005536,2.84e-05,3.04e-05,4.87e-05,0.9995
2461,2000,2000,1,1.85e-06,0.0001291,2.5e-06,3e-06,5.84e-06,1.0
2462,2000,2000,1,1.36e-05,0.002426,7.57e-06,1.985e-05,4.065e-05,0.9976
2463,2000,2000,1,2.15e-06,0.00010675,5.54e-06,8.17e-06,8.17e-06,1.0
2464,2000,2000,1,1.13e-06,3.49e-05,1.6e-06,3.2e-06,7.15e-06,1.0
2465,2000,2000,1,0.000108,0.002638,0.0002296,0.0003386,0.001004,0.9956
2466,2000,2000,1,0.000202,0.001745,0.001216,0.001301,0.002758,0.9927
2467,2000,2000,1,1.3e-05,0.0002792,3.815e-05,5.69e-05,0.0001252,0.9995
2468,2000,2000,1,4.9e-06,6.235e-05,1.09e-05,4.57e-05,0.0001458,0.9995
2469,2000,2000,1,5.82e-05,0.001419,4.41e-05,7.635e-05,0.0002228,0.998
2470,2000,2000,1,0.0001255,0.00544,0.0001283,0.0001932,0.0005236,0.9937
2471,2000,2000,1,8e-07,4.52e-05,6.6e-07,1.1e-06,1.85e-06,1.0
2472,2000,2000,1,4.9e-06,0.0001806,3.34e-06,4.6e-06,1.246e-05,1.0
2473,2000,2000,1,4.38e-05,0.003466,9.65e-05,0.000113,0.0003319,0.996
2474,2000,2000,1,9.06e-06,0.0001941,2.325e-05,4.42e-05,0.0001315,0.9995
2475,2000,2000,1,6.2e-06,0.0001245,4.95e-06,7.57e-06,2.03e-05,1.0
2476,2000,2000,1,8.46e-06,0.000901,2.71e-05,2.82e-05,4.727e-05,0.999
2477,2000,2000,1,3.4e-06,8.744e-05,1.14e-05,1.74e-05,5.025e-05,1.0
2478,2000,2000,1,8.8e-06,0.000383,7.15e-06,9.83e-06,2.337e-05,0.9995
2479,2000,2000,1,6.676e-05,0.01432,8.64e-05,5.42e-05,8.917e-05,0.9854
2480,2000,2000,1,1.33e-05,0.0002316,4.79e-05,6.825e-05,8.297e-05,0.9995
2481,2000,2000,1,1.1e-06,2.28e-05,1.13e-06,3.16e-06,6.2e-06,1.0
2482,2000,2000,1,0.0001135,0.00285,0.0001171,0.0002031,0.0002064,0.9966
2483,2000,2000,1,3.56e-05,0.001957,4.41e-05,4.93e-05,5.585e-05,0.998
2484,2000,2000,1,1.39e-05,0.0001602,5.76e-05,0.000122,0.0002028,0.9995
2485,2000,2000,1,0.0001807,0.01196,0.0001988,0.000347,0.000589,0.987
2486,2000,2000,1,1.186e-05,0.0001756,3e-05,0.000131,0.0001659,0.9995
2487,2000,2000,1,1.22e-05,0.0001403,1.824e-05,4.095e-05,5.69e-05,0.9995
2488,2000,2000,1,1.25e-06,2.384e-05,2.74e-06,6.44e-06,9.36e-06,1.0
2489,2000,2000,1,1.734e-05,0.0004795,7.33e-06,1.127e-05,3.35e-05,0.9995
2490,2000,2000,1,0.0003145,0.006634,0.0003126,0.0001897,0.000573,0.992
2491,2000,2000,1,6.44e-05,0.001466,7.486e-05,0.00011593,0.0002275,0.998
2492,2000,2000,1,4.05e-06,0.0001651,6.1e-06,1.46e-05,2.65e-05,1.0
2493,2000,2000,1,0.000732,0.09235,0.001055,0.0006247,0.002714,0.9023
2494,2000,2000,1,3.9e-06,5.69e-05,1.21e-05,2.07e-05,3.69e-05,1.0
2495,2000,2000,1,1.85e-06,2.366e-05,3.46e-06,6.4e-06,1.115e-05,1.0
2496,2000,2000,1,7e-06,0.00011814,7.9e-06,1.14e-05,2.09e-05,1.0
2497,2000,2000,1,1.854e-05,0.0002675,6.425e-05,8.12e-05,0.0001422,0.9995
2498,2000,2000,1,0.0001196,0.01282,8e-05,6.18e-05,0.0001765,0.987
2499,2000,2000,1,0.0001135,0.012726,4.077e-05,0.0001098,0.000232,0.987
2500,500,500,1,0.209,0.00463,0.6997,0.03998,0.04626,0.000494
2501,500,500,1,0.02708,0.001037,0.6655,0.19,0.1151,0.001315
2502,500,500,1,0.002993,0.001115,0.9414,0.02052,0.033,0.001178
2503,500,500,1,0.00452,0.001111,0.8726,0.02295,0.0964,0.00253
2504,500,500,1,0.00395,0.00061,0.989,0.002535,0.003828,0.000345
2505,500,500,1,0.004066,0.0006704,0.978,0.003746,0.0133,0.0001922
2506,500,500,1,0.005787,0.0004394,0.9917,0.0004022,0.001527,7.164e-05
2507,500,500,1,0.011314,0.000942,0.9834,0.001159,0.003202,0.0001487
2508,500,500,1,0.00683,0.003319,0.6665,0.0969,0.2218,0.004456
2509,500,500,1,0.3828,0.00219,0.566,0.004684,0.04346,0.0009003
2510,500,500,1,0.0009174,0.0001343,0.978,0.002342,0.01834,7.34e-05
2511,500,500,1,0.02162,0.001655,0.6636,0.03128,0.2793,0.002285
2512,500,500,1,0.1718,0.00576,0.583,0.03513,0.2018,0.002518
2513,500,500,1,0.00463,0.0002718,0.9795,0.003294,0.01237,0.0001038
2514,500,500,1,0.4536,0.001156,0.5264,0.00578,0.0127,0.000525
2515,500,500,1,0.002731,0.0003076,0.848,0.08594,0.06247,0.0004044
2516,500,500,1,0.001682,0.0005713,0.742,0.0748,0.1777,0.002834
2517,500,500,1,0.005333,0.005417,0.7563,0.03117,0.1704,0.03117
2518,500,500,1,0.002394,0.002213,0.9634,0.003891,0.02528,0.003048
2519,500,0,0,0.747,0.003492,0.2274,0.00947,0.012146,0.000561
2520,500,500,1,0.03555,0.000607,0.963,0.0003,0.000773,0.00010026
2521,500,500,1,0.006184,0.002335,0.8105,0.02956,0.1456,0.00567
2522,500,500,1,0.01671,0.0002075,0.979,0.000791,0.00302,0.0001444
2523,500,500,1,0.03467,0.001463,0.8984,0.02226,0.0421,0.0011215
2524,500,500,1,0.006496,0.001653,0.9023,0.01451,0.07324,0.001815
2525,500,500,1,0.03372,0.0002359,0.965,0.0005693,0.00065,5.364e-05
2526,500,500,1,0.07825,0.00793,0.874,0.02219,0.014885,0.002707
2527,500,500,1,0.2668,0.004623,0.669,0.02342,0.03537,0.000988
2528,500,500,1,0.002438,0.000936,0.911,0.01875,0.06,0.006615
2529,500,500,1,0.00282,0.0008283,0.905,0.01388,0.0744,0.003353
2530,500,500,1,0.00908,0.000376,0.9604,0.003496,0.02634,0.0002223
2531,500,500,1,0.00817,0.003124,0.913,0.00795,0.066,0.001587
2532,500,500,1,0.008606,0.00098,0.8774,0.02617,0.08606,0.000518
2533,500,500,1,0.05273,0.000923,0.778,0.01659,0.1511,0.000949
2534,500,500,1,0.01091,0.000117,0.976,0.004406,0.00836,0.0001367
2535,500,500,1,0.003553,0.000281,0.9697,0.00891,0.01729,0.0002289
2536,500,500,1,0.001342,0.0003226,0.91,0.029,0.0587,0.0005193
2537,500,500,1,0.01488,0.0002086,0.9595,0.007374,0.01767,0.0001893
2538,500,1500,0,0.0005655,0.0001304,0.0385,0.2913,0.6694,0.0002207
2539,500,500,1,0.01688,0.000478,0.9385,0.012505,0.03119,0.0006347
2540,500,1500,0,0.0036,0.000691,0.1536,0.0876,0.753,0.001321
2541,500,500,1,0.00947,0.0002123,0.9766,0.00703,0.00665,7.03e-05
2542,500,500,1,0.01022,0.001108,0.588,0.0879,0.311,0.002157
2543,500,500,1,0.02121,0.0004776,0.91,0.0385,0.02966,9.495e-05
2544,500,500,1,0.002472,0.0001332,0.9824,0.008026,0.00688,0.0001003
2545,500,500,1,0.03137,0.001333,0.6562,0.03073,0.279,0.001165
2546,500,500,1,0.0362,0.0006766,0.9185,0.01971,0.02438,0.000701
2547,500,500,1,0.04504,0.001098,0.6816,0.0961,0.1753,0.000645
2548,500,500,1,0.004196,0.0001663,0.939,0.010124,0.0465,0.0001723
2549,500,0,0,0.9233,0.001592,0.04797,0.02065,0.004623,0.001868
2550,500,500,1,0.01061,0.002998,0.4841,0.307,0.1917,0.003881
2551,500,500,1,0.1415,0.002388,0.6426,0.06537,0.1464,0.001538
2552,500,500,1,0.00793,0.000603,0.9185,0.011024,0.06158,0.0005293
2553,500,500,1,0.1788,0.00267,0.6523,0.0634,0.09827,0.00443
2554,500,500,1,0.001816,0.0003142,0.552,0.2622,0.1833,0.0005903
2555,500,500,1,0.01935,0.0005336,0.9595,0.00388,0.01642,0.0004556
2556,500,0,0,0.601,0.003204,0.357,0.01746,0.0197,0.00159
2557,500,500,1,0.003006,0.0004642,0.94,0.014206,0.04224,0.000347
2558,500,500,1,0.003193,0.0003493,0.797,0.06085,0.1384,0.000486
2559,500,500,1,0.02821,0.001096,0.93,0.02426,0.01573,0.000707
2560,500,500,1,0.004475,0.000345,0.975,0.00982,0.00978,0.000248
2561,500,1500,0,0.002464,0.000496,0.3154,0.08325,0.597,0.001142
2562,500,1500,0,0.004482,0.001209,0.392,0.1888,0.4102,0.003212
2563,500,500,1,0.001166,0.0001519,0.9736,0.00868,0.016,0.000163
2564,500,500,1,0.01198,0.0003777,0.982,0.00236,0.00322,0.0002065
2565,500,500,1,0.02182,0.001367,0.7217,0.11176,0.1423,0.001025
2566,500,500,1,0.01068,0.000669,0.871,0.05927,0.05795,0.0004456
2567,500,500,1,0.0737,0.0004945,0.917,0.004684,0.003569,0.000511
2568,500,1000,0,0.0637,0.003117,0.1895,0.5894,0.1516,0.002682
2569,500,500,1,0.1193,0.001709,0.8696,0.0036,0.00523,0.0003562
2570,500,500,1,0.01423,0.000406,0.954,0.01822,0.01302,0.000242
2571,500,500,1,0.001246,9.31e-05,0.986,0.00734,0.00555,7.41e-05
2572,500,500,1,0.02156,0.001436,0.942,0.013794,0.01967,0.00145
2573,500,500,1,0.004223,0.001013,0.606,0.10455,0.283,0.001351
2574,500,500,1,0.00953,0.001007,0.956,0.01689,0.0162,0.0005403
2575,500,500,1,0.00403,0.0001011,0.9883,0.00221,0.005375,0.0001068
2576,500,500,1,0.01563,0.002274,0.9243,0.01203,0.0449,0.001057
2577,500,500,1,0.010506,0.0006022,0.9097,0.02611,0.05228,0.001002
2578,500,500,1,0.01791,0.004463,0.91,0.02115,0.04044,0.006084
2579,500,500,1,0.01073,0.000362,0.9634,0.00773,0.01791,0.0001166
2580,500,500,1,0.0569,0.0004008,0.9126,0.01115,0.01881,0.0001651
2581,500,500,1,0.02248,0.003231,0.717,0.10443,0.1504,0.00243
2582,500,500,1,0.0893,0.002916,0.748,0.123,0.03494,0.00197
2583,500,500,1,0.00428,0.00027,0.9937,0.000944,0.0008636,6.07e-05
2584,500,500,1,0.002825,0.0001489,0.911,0.02452,0.0615,8.52e-05
2585,500,500,1,0.1841,0.0008073,0.7324,0.0221,0.05984,0.000751
2586,500,500,1,0.0729,0.0002556,0.9106,0.005047,0.01132,0.0001182
2587,500,500,1,0.00219,0.0001115,0.962,0.00722,0.02856,5.025e-05
2588,500,500,1,0.004307,0.0001416,0.974,0.007965,0.01328,5.317e-05
2589,500,500,1,0.0003777,7.03e-05,0.8994,0.0381,0.06204,7.6e-05
2590,500,500,1,0.009476,0.003647,0.867,0.03165,0.0865,0.001489
2591,500,500,1,0.02603,0.0002186,0.9595,0.00917,0.004787,0.000144
2592,500,500,1,0.01556,0.0006995,0.968,0.00801,0.007565,0.0003664
2593,500,500,1,0.00359,0.00010836,0.9795,0.002907,0.01365,0.0001525
2594,500,500,1,0.00536,0.0004544,0.94,0.0164,0.03696,0.0006523
2595,500,500,1,0.00607,0.001464,0.9624,0.004875,0.02397,0.001158
2596,500,500,1,0.002022,0.0004954,0.949,0.00989,0.0377,0.000478
2597,500,500,1,0.00543,0.0002959,0.963,0.02034,0.0107,0.0002458
2598,500,500,1,0.00554,0.0004656,0.9824,0.00273,0.00855,0.00026
2599,500,500,1,0.136,0.00057,0.854,0.002708,0.00636,0.0003607
2600,500,500,1,0.00849,0.0002003,0.9443,0.011955,0.0346,0.0002098
2601,500,500,1,0.01191,0.0001984,0.9395,0.01261,0.0358,0.00011504
2602,500,500,1,0.01529,0.000474,0.958,0.01484,0.01133,0.0002763
2603,500,500,1,0.003807,0.001395,0.855,0.02089,0.1157,0.003292
2604,500,500,1,0.009575,0.001303,0.9336,0.0166,0.0377,0.001348
2605,500,500,1,0.0103,0.0008254,0.8755,0.0212,0.0907,0.001358
2606,500,500,1,0.003244,0.001325,0.897,0.0475,0.05054,0.0005865
2607,500,500,1,0.005974,0.0002292,0.9004,0.04623,0.04706,0.0002568
2608,500,1500,0,0.004894,0.0005393,0.3484,0.04724,0.5977,0.001391
2609,500,500,1,0.006203,0.0009775,0.5464,0.07623,0.369,0.001209
2610,500,500,1,0.02867,0.0008016,0.874,0.0669,0.02914,0.0004444
2611,500,500,1,0.0588,0.001356,0.8896,0.01537,0.03363,0.001083
2612,500,500,1,0.2566,0.002907,0.6577,0.04056,0.0402,0.001729
2613,500,500,1,0.008354,0.0005245,0.758,0.04715,0.1857,0.0003908
2614,500,500,1,0.01933,0.0004768,0.9526,0.01176,0.01555,0.0004523
2615,500,500,1,0.0129,0.002539,0.5366,0.11584,0.328,0.004326
2616,500,500,1,0.01209,0.0001974,0.933,0.008804,0.04578,0.0002687
2617,500,500,1,0.01717,0.000576,0.8354,0.0982,0.0484,0.0002959
2618,500,500,1,0.01231,0.000803,0.604,0.11505,0.2666,0.001237
2619,500,1500,0,0.0008974,0.0003145,0.11847,0.1058,0.774,0.0007267
2620,500,500,1,0.04352,0.0004163,0.8765,0.05948,0.02002,0.000141
2621,500,500,1,0.01064,0.000577,0.974,0.001881,0.01229,0.0002565
2622,500,500,1,0.001927,4.72e-05,0.9956,0.0006685,0.001519,2.635e-05
2623,500,500,1,0.0528,0.005875,0.8457,0.02426,0.06726,0.003933
2624,500,500,1,0.001064,0.001281,0.824,0.0236,0.1478,0.002047
2625,500,500,1,0.00282,0.001619,0.839,0.091,0.05966,0.006237
2626,500,500,1,0.01239,0.00959,0.92,0.00878,0.04037,0.00907
2627,500,500,1,0.003244,0.0001365,0.9937,0.000752,0.002264,4.18e-05
2628,500,500,1,0.00906,0.0002067,0.9863,0.0005503,0.003605,0.0002174
2629,500,500,1,0.005035,0.0004387,0.8457,0.02585,0.1223,0.0004535
2630,500,500,1,0.03114,0.00205,0.9614,0.001505,0.003584,0.0002086
2631,500,500,1,0.001738,5.436e-05,0.9966,0.00035,0.001246,2.21e-05
2632,500,500,1,0.008125,0.000919,0.9844,0.001463,0.004345,0.000628
2633,500,500,1,0.003975,0.0001367,0.87,0.0514,0.0743,0.0002247
2634,500,500,1,0.0692,0.0004692,0.9087,0.01099,0.01044,0.0003839
2635,500,500,1,0.003233,0.0006595,0.621,0.1471,0.227,0.001003
2636,500,500,1,0.001825,0.000289,0.9243,0.03528,0.03784,0.000392
2637,500,500,1,0.00885,0.001228,0.7183,0.0826,0.1885,0.0008607
2638,500,500,1,0.011696,0.000731,0.7847,0.02745,0.175,0.0005593
2639,500,1500,0,0.001356,0.0004613,0.3154,0.249,0.4326,0.001178
2640,500,1000,0,0.00197,0.000957,0.2493,0.3823,0.3613,0.004295
2641,500,500,1,0.008675,0.001036,0.9272,0.00857,0.05334,0.001369
2642,500,500,1,0.0306,0.001654,0.8535,0.05777,0.055,0.001551
2643,500,0,0,0.362,0.002426,0.3296,0.263,0.04092,0.001972
2644,500,0,0,0.612,0.001937,0.3494,0.02007,0.01492,0.001602
2645,500,1500,0,0.007057,0.000994,0.274,0.3167,0.401,0.0004768
2646,500,500,1,0.00313,0.000154,0.989,0.00121,0.00648,0.0001192
2647,500,500,1,0.0379,0.00111,0.8335,0.0478,0.07825,0.00164
2648,500,500,1,0.02368,0.003193,0.619,0.10925,0.2428,0.001809
2649,500,500,1,0.00392,0.000959,0.5454,0.3245,0.12244,0.002647
2650,500,500,1,0.002024,0.0002925,0.5596,0.0619,0.3757,0.0004182
2651,500,500,1,0.02312,0.001513,0.74,0.05252,0.1807,0.001782
2652,500,500,1,0.0386,0.002113,0.6353,0.04648,0.276,0.00191
2653,500,500,1,0.01942,0.002043,0.6406,0.07153,0.2654,0.001143
2654,500,500,1,0.0495,0.003998,0.7617,0.05066,0.132,0.00221
2655,500,500,1,0.00285,0.000389,0.921,0.01772,0.05746,0.000497
2656,500,500,1,0.01968,0.001429,0.397,0.2018,0.378,0.002153
2657,500,500,1,0.00603,0.0003436,0.973,0.01191,0.00838,0.0002112
2658,500,0,0,0.8784,0.0007915,0.1101,0.00577,0.004944,0.0001808
2659,500,500,1,0.0595,0.000948,0.928,0.004253,0.0067,0.0003536
2660,500,500,1,0.02267,0.0002947,0.9136,0.012344,0.05078,0.0003989
2661,500,1500,0,0.0592,0.002813,0.323,0.12415,0.489,0.001792
2662,500,500,1,0.01617,0.004704,0.77,0.0957,0.10504,0.00842
2663,500,1500,0,0.0007386,0.0004015,0.1847,0.351,0.4587,0.004353
2664,500,500,1,0.00875,0.00609,0.746,0.03555,0.192,0.011665
2665,500,500,1,0.05,0.005585,0.8745,0.01441,0.0491,0.006584
2666,500,0,0,0.962,0.002129,0.03293,0.002321,0.000381,0.0001965
2667,500,500,1,0.001649,0.0002335,0.8867,0.06494,0.04623,0.0002782
2668,500,500,1,0.02275,0.002087,0.599,0.1638,0.21,0.00212
2669,500,0,0,0.6514,0.000997,0.3242,0.014046,0.0093,0.0002854
2670,500,500,1,0.01377,0.0003922,0.872,0.0729,0.04056,0.000369
2671,500,500,1,0.0349,0.001475,0.9585,0.001071,0.00378,0.000327
2672,500,500,1,0.05988,0.001858,0.929,0.001517,0.00727,0.000384
2673,500,500,1,0.003304,0.001257,0.8647,0.01776,0.1122,0.0009475
2674,500,500,1,0.0331,0.295,0.6006,0.01674,0.0457,0.008835
2675,500,500,1,0.02641,0.007214,0.96,0.001367,0.003986,0.001089
2676,500,500,1,0.00858,0.002266,0.978,0.001636,0.00596,0.003302
2677,500,1500,0,0.08203,0.003683,0.2861,0.166,0.456,0.00607
2678,500,500,1,0.1103,0.002075,0.696,0.1387,0.05185,0.001507
2679,500,500,1,0.02876,0.0004451,0.8467,0.06256,0.0609,0.000497
2680,500,500,1,0.0953,0.0008526,0.71,0.0533,0.1401,0.000453
2681,500,500,1,0.002825,0.000492,0.904,0.02362,0.0687,0.0003092
2682,500,500,1,0.1198,0.001942,0.752,0.04565,0.07965,0.0009556
2683,500,500,1,0.01389,0.0008307,0.481,0.1211,0.3826,0.0006766
2684,500,500,1,0.001081,0.0002089,0.812,0.0751,0.11096,0.0006323
2685,500,500,1,0.00821,0.000376,0.94,0.004833,0.04648,0.0001981
2686,500,500,1,0.004166,3.976e-05,0.9946,0.000741,0.0006447,1.866e-05
2687,500,500,1,0.0605,0.0004098,0.9297,0.005997,0.003422,7.44e-05
2688,500,500,1,0.03226,0.001536,0.8486,0.05505,0.0613,0.001068
2689,500,500,1,0.1277,0.000886,0.708,0.08,0.0829,0.0006967
2690,500,500,1,0.0985,0.00896,0.701,0.05142,0.1354,0.00455
2691,500,500,1,0.01375,0.003983,0.8105,0.08276,0.0864,0.002354
2692,500,500,1,0.003952,0.0007095,0.5684,0.183,0.2439,0.000304
2693,500,500,1,0.1678,0.0002756,0.812,0.00876,0.0112,0.0001266
2694,500,500,1,0.02235,0.0005856,0.966,0.00301,0.007996,0.0002904
2695,500,500,1,0.08295,0.000673,0.89,0.003216,0.02287,0.0002339
2696,500,500,1,0.00256,0.000729,0.957,0.01391,0.02531,0.000516
2697,500,500,1,0.1686,0.002129,0.767,0.0324,0.02914,0.0008
2698,500,500,1,0.07587,0.00267,0.5576,0.2344,0.1279,0.001446
2699,500,500,1,0.00311,0.0005975,0.856,0.02275,0.11584,0.001708
2700,500,500,1,0.002731,0.0008464,0.939,0.0253,0.03099,0.001093
2701,500,500,1,0.006145,0.0003865,0.9854,0.002254,0.005474,0.0001571
2702,500,500,1,0.0215,0.000703,0.975,0.001013,0.001621,0.00011235
2703,500,500,1,0.0071,0.0002809,0.9907,0.001006,0.0010395,6.94e-05
2704,500,500,1,0.00709,0.0004191,0.99,0.0007825,0.001201,0.0001446
2705,500,500,1,0.11224,0.01266,0.8555,0.006935,0.004353,0.008194
2706,500,500,1,0.02667,0.0001053,0.9614,0.00669,0.004913,5.496e-05
2707,500,500,1,0.002722,0.0006275,0.832,0.06537,0.09845,0.00102
2708,500,1500,0,0.01268,0.001704,0.3687,0.2214,0.394,0.001372
2709,500,500,1,0.002148,0.0002084,0.9546,0.01153,0.03125,0.0001038
2710,500,500,1,0.3567,0.002037,0.596,0.007523,0.03656,0.0007596
2711,500,500,1,0.0037,0.0001882,0.9927,0.0007415,0.002594,0.0001142
2712,500,500,1,0.01965,0.001508,0.97,0.0031,0.005066,0.00057
2713,500,500,1,0.00659,0.001016,0.991,0.0003123,0.0009065,0.0001413
2714,500,500,1,0.008575,0.0003831,0.9863,0.001473,0.002768,0.000355
2715,500,500,1,0.003065,0.0001806,0.986,0.00546,0.005074,0.0001948
2716,500,500,1,0.004604,0.000665,0.944,0.009125,0.03976,0.001773
2717,500,500,1,0.01113,0.000657,0.956,0.01477,0.01608,0.001181
2718,500,500,1,0.02493,0.00145,0.922,0.005817,0.0453,0.0006113
2719,500,0,0,0.748,0.002459,0.2462,0.001375,0.001639,0.0003343
2720,500,500,1,0.04865,0.004044,0.902,0.011185,0.03064,0.003714
2721,500,500,1,0.1948,0.001932,0.795,0.00268,0.00531,0.000491
2722,500,500,1,0.05313,0.003006,0.94,0.000954,0.002346,0.0007386
2723,500,500,1,0.0685,0.007263,0.8857,0.00965,0.00759,0.02104
2724,500,500,1,0.01715,0.0006914,0.929,0.03168,0.0211,0.00031
2725,500,500,1,0.00832,0.002632,0.952,0.01544,0.01875,0.002914
2726,500,500,1,0.4094,0.002144,0.5605,0.0123,0.0146,0.001042
2727,500,500,1,0.015396,0.0005074,0.7725,0.0197,0.1915,0.0005016
2728,500,500,1,0.004295,0.0003283,0.988,0.002764,0.004433,0.0001594
2729,500,500,1,0.04517,0.002487,0.9443,0.002945,0.00466,0.000284
2730,500,500,1,0.04932,0.00163,0.734,0.1132,0.10034,0.001876
2731,500,500,1,0.303,0.001172,0.687,0.007404,0.001198,0.0003188
2732,500,500,1,0.0254,0.0009527,0.949,0.004116,0.01965,0.000561
2733,500,500,1,0.2388,0.01104,0.591,0.10876,0.04626,0.00424
2734,500,1500,0,0.00577,0.000556,0.09125,0.1385,0.763,0.000556
2735,500,1500,0,0.001927,0.001092,0.11774,0.1659,0.702,0.01107
2736,500,500,1,0.04523,0.0002835,0.945,0.002031,0.007683,0.0001229
2737,500,500,1,0.4548,0.000385,0.539,0.002253,0.003132,0.0002663
2738,500,500,1,0.001919,0.0004518,0.9834,0.002953,0.01131,8.91e-05
2739,500,500,1,0.02065,0.0003135,0.9717,0.006046,0.001022,8.47e-05
2740,500,500,1,0.1318,0.001395,0.837,0.01707,0.01211,0.0005875
2741,500,500,1,0.09546,0.005714,0.7817,0.0767,0.03342,0.00714
2742,500,500,1,0.196,0.0006204,0.789,0.002968,0.01089,0.0001764
2743,500,0,0,0.792,0.00179,0.203,0.001147,0.001567,0.0002642
2744,500,500,1,0.02406,0.0007415,0.9565,0.003006,0.01543,0.0004137
2745,500,500,1,0.04416,0.00338,0.694,0.0874,0.1678,0.00331
2746,500,500,1,0.001136,5.69e-05,0.982,0.01201,0.00467,2.855e-05
2747,500,500,1,0.01598,0.0009036,0.9326,0.02875,0.02164,0.000274
2748,500,500,1,0.004623,0.0001607,0.99,0.001966,0.002872,0.00012034
2749,500,500,1,0.009766,0.0003047,0.9727,0.005745,0.01113,0.0001838
2750,500,500,1,0.002182,0.0002179,0.994,0.001176,0.002102,6.05e-05
2751,500,500,1,0.155,0.000766,0.837,0.00207,0.00498,0.0004165
2752,500,1500,0,0.01398,0.001012,0.249,0.0761,0.6587,0.001164
2753,500,500,1,0.00032,2.56e-05,0.9956,0.001462,0.002634,1.33e-05
2754,500,500,1,0.04102,0.001523,0.9526,0.001531,0.002886,0.000294
2755,500,0,0,0.8223,0.002504,0.1648,0.002623,0.006775,0.000769
2756,500,500,1,0.0009084,6.783e-05,0.9854,0.002373,0.01124,7.594e-05
2757,500,500,1,0.02744,0.000503,0.9624,0.002579,0.006863,0.000192
2758,500,500,1,0.002283,0.0001577,0.97,0.004246,0.02315,7.64e-05
2759,500,500,1,0.00791,0.0002389,0.987,0.002022,0.002773,0.0001254
2760,500,500,1,0.3794,0.000911,0.528,0.0734,0.01833,0.0002987
2761,500,1500,0,0.1495,0.001116,0.0656,0.1775,0.6055,0.0006256
2762,500,500,1,0.02342,0.0004897,0.97,0.002714,0.00276,0.0003486
2763,500,500,1,0.00904,0.000371,0.933,0.02466,0.03284,0.0002285
2764,500,500,1,0.086,0.0005164,0.905,0.004166,0.004364,0.00011384
2765,500,0,0,0.644,0.0004747,0.353,0.001124,0.001273,0.0001401
2766,500,500,1,0.003633,0.0002544,0.959,0.0115,0.02562,0.0001876
2767,500,500,1,0.0393,0.0004387,0.9346,0.00975,0.015594,0.0001181
2768,500,500,1,0.00842,0.000266,0.929,0.01004,0.05157,0.000368
2769,500,1500,0,0.001012,0.000458,0.1686,0.389,0.4407,0.0006056
2770,500,500,1,0.001991,0.0001782,0.9473,0.01096,0.03937,0.0001441
2771,500,500,1,0.003725,0.0002285,0.7754,0.1753,0.04526,0.0003076
2772,500,500,1,0.03958,0.000514,0.909,0.0348,0.01545,0.000317
2773,500,1500,0,0.00797,0.001075,0.319,0.1229,0.543,0.005848
2774,500,500,1,0.00581,0.0002304,0.9805,0.006428,0.00707,0.000209
2775,500,1000,0,0.00615,0.00762,0.2212,0.4343,0.315,0.01567
2776,500,500,1,0.002308,0.0001036,0.9946,0.000998,0.001794,5.34e-05
2777,500,500,1,0.002628,0.0001435,0.9927,0.001763,0.002632,9.525e-05
2778,500,500,1,0.01523,0.000244,0.9824,0.00101,0.0009775,5.44e-05
2779,500,0,0,0.672,0.001367,0.313,0.006676,0.006577,0.0007625
2780,500,500,1,0.002998,0.00011855,0.9873,0.003227,0.006283,8.1e-05
2781,500,500,1,0.07074,0.0003698,0.923,0.00245,0.003605,0.0001625
2782,500,0,0,0.685,0.00147,0.301,0.003284,0.00876,0.0006137
2783,500,500,1,0.00789,0.0003364,0.9854,0.001156,0.004536,0.0004916
2784,500,500,1,0.0002694,2.02e-05,0.992,0.002123,0.00556,1.42e-05
2785,500,500,1,0.3042,0.00827,0.6113,0.02954,0.044,0.002436
2786,500,500,1,0.007523,0.001813,0.91,0.02118,0.0579,0.001599
2787,500,500,1,0.002712,0.0002074,0.994,0.001054,0.00191,5.907e-05
2788,500,500,1,0.2217,0.001509,0.7515,0.014755,0.00986,0.000542
2789,500,500,1,0.04425,0.0001669,0.9517,0.000985,0.002934,0.0001237
2790,500,500,1,0.01016,0.0003135,0.9683,0.007225,0.01386,0.0003994
2791,500,0,0,0.628,0.0005255,0.3687,0.001174,0.001469,0.000171
2792,500,500,1,0.02597,0.0008836,0.819,0.04462,0.1083,0.00131
2793,500,500,1,0.003208,0.0004146,0.986,0.002325,0.008316,0.0001065
2794,500,500,1,0.0011215,0.000102,0.9478,0.0124,0.03867,0.0001322
2795,500,500,1,0.2134,0.001197,0.426,0.3425,0.01566,0.001104
2796,500,500,1,0.012634,0.0001008,0.983,0.00245,0.001646,4.5e-05
2797,500,500,1,0.02513,0.0008645,0.8887,0.03363,0.05075,0.0007195
2798,500,500,1,0.08453,0.001669,0.838,0.01913,0.05627,0.0004396
2799,500,500,1,0.00493,0.0003493,0.8647,0.0271,0.10266,0.0003667
2800,500,500,1,0.10065,0.001179,0.8833,0.003872,0.01074,0.0004277
2801,500,500,1,0.03113,0.0008087,0.963,0.000896,0.004128,0.0002147
2802,500,0,0,0.6616,0.001088,0.3308,0.00241,0.003443,0.0003667
2803,500,500,1,0.02426,0.000735,0.9683,0.003075,0.003412,0.000398
2804,500,500,1,0.1007,0.000453,0.8926,0.003975,0.002247,0.0001892
2805,500,500,1,0.4727,0.001633,0.519,0.00205,0.004246,0.0002048
2806,500,500,1,0.01756,0.0004776,0.952,0.002409,0.0273,0.0002725
2807,500,0,0,0.5024,0.01008,0.4795,0.002726,0.003263,0.0017395
2808,500,500,1,0.00236,0.0001943,0.995,0.001697,0.0007777,4.48e-05
2809,500,500,1,0.0032,0.00043,0.985,0.00693,0.00426,0.000299
2810,500,500,1,0.0008106,1.09e-05,0.9976,0.0004084,0.001234,5.6e-06
2811,500,500,1,0.0545,0.003565,0.7344,0.04755,0.1597,0.0002835
2812,500,500,1,0.013306,0.0002644,0.9766,0.00312,0.006577,5.627e-05
2813,500,500,1,0.002113,0.0001024,0.9644,0.0177,0.01581,0.0001259
2814,500,500,1,0.05426,0.0004437,0.9375,0.001993,0.005478,0.0001786
2815,500,500,1,0.0007305,6.24e-05,0.9844,0.003109,0.01179,3.01e-05
2816,500,500,1,0.02155,0.0003576,0.974,0.0018425,0.0018015,0.0002207
2817,500,500,1,0.01406,0.0003502,0.8896,0.04236,0.05328,0.0002167
2818,500,500,1,0.001071,1.746e-05,0.998,0.000504,0.000328,3.34e-06
2819,500,500,1,0.002459,0.00049,0.876,0.02766,0.0927,0.0005674
2820,500,500,1,0.02565,0.0002404,0.972,0.001698,0.000371,2.897e-05
2821,500,500,1,0.05966,0.001,0.9272,0.002823,0.00932,0.0001698
2822,500,500,1,0.09515,0.002048,0.7856,0.058,0.05716,0.001877
2823,500,500,1,0.005432,0.00010985,0.9893,0.00318,0.001841,3.433e-05
2824,500,500,1,0.02753,0.0006227,0.9424,0.00896,0.02017,0.0003111
2825,500,500,1,0.0308,0.0006843,0.923,0.02579,0.01936,0.000685
2826,500,500,1,0.005997,0.0001891,0.9873,0.00545,0.001026,4.41e-05
2827,500,500,1,0.3096,0.0007586,0.68,0.00395,0.005215,0.0003326
2828,500,500,1,0.048,0.0008397,0.9463,0.003525,0.001226,0.00012004
2829,500,500,1,0.003443,0.0001814,0.9893,0.006016,0.0009775,0.0001245
2830,500,500,1,0.00314,6.6e-05,0.976,0.01356,0.00714,3.45e-05
2831,500,500,1,0.001563,3.487e-05,0.9927,0.003223,0.00241,1.4e-05
2832,500,500,1,0.2118,0.000641,0.778,0.00418,0.005543,0.0001836
2833,500,1500,0,0.005444,0.0002754,0.1176,0.08685,0.7896,0.0001849
2834,500,500,1,0.001912,0.0001165,0.9556,0.01906,0.02321,0.0002058
2835,500,500,1,0.01553,0.000277,0.895,0.0386,0.0502,0.0003278
2836,500,500,1,0.002594,0.00010157,0.96,0.01361,0.02339,0.0001333
2837,500,500,1,0.003017,0.0001342,0.966,0.01294,0.0181,7.457e-05
2838,500,500,1,0.0008817,0.000243,0.9336,0.01764,0.04718,0.0004036
2839,500,500,1,0.0285,0.001012,0.5386,0.4211,0.00951,0.001257
2840,500,500,1,0.01516,0.0001487,0.977,0.006172,0.001295,4.15e-05
2841,500,500,1,0.01551,0.003366,0.951,0.007027,0.02261,0.0004153
2842,500,500,1,0.0167,0.001205,0.935,0.013535,0.03278,0.000521
2843,500,0,0,0.7637,0.001011,0.1489,0.06586,0.02003,0.0004022
2844,500,500,1,0.00442,0.0004954,0.871,0.0542,0.0691,0.0005803
2845,500,500,1,0.0176,0.0009274,0.8545,0.06683,0.05954,0.0005326
2846,500,500,1,0.00919,0.000761,0.6436,0.2452,0.09985,0.001243
2847,500,500,1,0.001832,0.0002947,0.974,0.00723,0.01624,0.0001866
2848,500,500,1,0.05658,0.0004613,0.9194,0.01938,0.003748,0.0002356
2849,500,500,1,0.001382,0.000256,0.8647,0.07214,0.0611,0.0001851
2850,500,500,1,0.00538,0.0006614,0.3677,0.327,0.2988,0.000545
2851,500,500,1,0.03543,0.0010605,0.9165,0.0425,0.00416,0.0005207
2852,500,500,1,0.0172,0.0004623,0.9697,0.007156,0.00553,6.235e-05
2853,500,500,1,0.08795,0.01446,0.5625,0.212,0.11115,0.01202
2854,500,500,1,0.014305,0.00111,0.5806,0.0653,0.3381,0.0005894
2855,500,500,1,0.0686,0.001841,0.741,0.1078,0.08,0.00066
2856,500,1500,0,0.013275,0.001587,0.3264,0.12115,0.535,0.002556
2857,500,500,1,0.05637,0.000749,0.878,0.01208,0.05246,0.0002923
2858,500,500,1,0.0111,0.000621,0.9087,0.05203,0.02701,0.0005436
2859,500,1500,0,0.003038,0.000285,0.09656,0.4075,0.4924,0.0002117
2860,500,500,1,0.006084,0.0009775,0.795,0.04764,0.1492,0.001346
2861,500,500,1,0.257,0.0018015,0.4348,0.1376,0.1678,0.0009093
2862,500,1500,0,0.02791,0.001888,0.2495,0.2367,0.4832,0.0009007
2863,500,500,1,0.11426,0.00477,0.802,0.05078,0.02675,0.001545
2864,500,1000,0,0.001493,0.000626,0.04855,0.721,0.2191,0.00902
2865,500,500,1,0.01634,0.001358,0.755,0.0943,0.1302,0.003084
2866,500,500,1,0.02835,0.001206,0.6665,0.2202,0.083,0.0005536
2867,500,500,1,0.10077,0.005226,0.573,0.1771,0.1337,0.00976
2868,500,1500,0,0.0012455,0.0008283,0.244,0.1276,0.6206,0.005787
2869,500,500,1,0.003712,0.0002708,0.949,0.0353,0.01143,0.0002245
2870,500,1500,0,0.1265,0.003967,0.0644,0.1097,0.691,0.004726
2871,500,1000,0,0.00876,0.0009704,0.1891,0.5415,0.2588,0.000948
2872,500,1500,0,0.0004845,0.0001904,0.0439,0.3223,0.632,0.001176
2873,500,1000,0,0.001265,0.0002882,0.0896,0.4954,0.413,0.000221
2874,500,1500,0,0.001032,0.0002568,0.04907,0.466,0.4827,0.000855
2875,500,500,1,0.1549,0.002575,0.4092,0.1935,0.2378,0.002026
2876,500,500,1,0.002094,0.0003452,0.6206,0.1166,0.2603,0.0003
2877,500,1500,0,0.005455,0.00105,0.2091,0.2312,0.5503,0.002771
2878,500,1500,0,0.0449,0.003494,0.2783,0.2642,0.4055,0.003756
2879,500,1500,0,0.0014515,0.000455,0.04926,0.1412,0.8066,0.0010395
2880,500,500,1,0.01874,0.000817,0.7544,0.1786,0.0468,0.000741
2881,500,500,1,0.001082,0.0002427,0.9565,0.01003,0.03204,6.83e-05
2882,500,500,1,0.01091,0.003662,0.7666,0.11975,0.0949,0.004158
2883,500,500,1,0.01463,0.000525,0.895,0.04803,0.0414,0.0002859
2884,500,500,1,0.004234,0.0004761,0.981,0.00838,0.005554,0.0002837
2885,500,1000,0,0.0226,0.004547,0.10956,0.45,0.4028,0.0106
2886,500,500,1,0.1987,0.00862,0.48,0.1472,0.156,0.00938
2887,500,500,1,0.0008497,0.0004718,0.4968,0.4307,0.07007,0.001191
2888,500,500,1,0.04553,0.004517,0.6636,0.2172,0.0662,0.002794
2889,500,1000,0,0.004463,0.0008802,0.1934,0.5586,0.2417,0.0007606
2890,500,500,1,0.1134,0.001511,0.7363,0.0943,0.0529,0.001419
2891,500,1500,0,0.05542,0.004036,0.2551,0.2418,0.4375,0.00613
2892,500,500,1,0.316,0.004074,0.563,0.1057,0.01001,0.001442
2893,500,500,1,0.0088,0.003717,0.703,0.06226,0.2186,0.00359
2894,500,1000,0,0.01686,0.0009604,0.126,0.576,0.279,0.001086
2895,500,500,1,0.1108,0.002092,0.6904,0.1509,0.04532,0.000716
2896,500,500,1,0.00457,0.0001329,0.9653,0.01694,0.01297,6.527e-05
2897,500,500,1,0.00879,0.001166,0.589,0.192,0.208,0.0009155
2898,500,1500,0,0.004192,0.00109,0.1543,0.349,0.4875,0.003796
2899,500,500,1,0.007355,0.001622,0.5586,0.335,0.0957,0.001697
2900,500,500,1,0.2183,0.003216,0.5835,0.08826,0.10394,0.002815
2901,500,1000,0,0.011955,0.002714,0.1918,0.671,0.1117,0.01097
2902,500,500,1,0.001579,0.00010145,0.835,0.1387,0.0248,4.61e-05
2903,500,500,1,0.2277,0.011284,0.5977,0.1466,0.012825,0.00394
2904,500,500,1,0.01029,0.002686,0.7007,0.05423,0.2302,0.001785
2905,500,500,1,0.0842,0.003513,0.3938,0.2751,0.2368,0.006264
2906,500,500,1,0.00103,8.33e-05,0.9863,0.003906,0.00834,9.537e-05
2907,500,500,1,0.3682,0.0004296,0.6274,0.00097,0.002455,0.0002009
2908,500,500,1,0.0101,0.0002732,0.925,0.006092,0.05838,0.000387
2909,500,500,1,0.009346,0.0009413,0.844,0.02718,0.1143,0.004112
2910,500,500,1,0.08215,0.001353,0.904,0.005955,0.005455,0.001242
2911,500,500,1,0.002953,0.0001473,0.9917,0.001854,0.003418,7.18e-05
2912,500,500,1,0.0974,0.001071,0.8794,0.01046,0.01077,0.000796
2913,500,500,1,0.12366,0.009056,0.7847,0.011505,0.0677,0.003454
2914,500,500,1,0.001984,0.000213,0.976,0.002272,0.01958,0.00010777
2915,500,500,1,0.0047,0.0002549,0.991,0.0005684,0.00303,0.000125
2916,500,500,1,0.0881,0.001337,0.8687,0.003384,0.03815,0.000329
2917,500,500,1,0.1595,0.001574,0.7554,0.00884,0.07404,0.0007744
2918,500,500,1,0.1559,0.0008454,0.8213,0.006783,0.01437,0.0007563
2919,500,500,1,0.04868,0.001561,0.89,0.0105,0.04858,0.0004935
2920,500,500,1,0.05777,0.0008087,0.8076,0.0623,0.06995,0.001572
2921,500,500,1,0.00341,0.0003726,0.973,0.00369,0.01897,0.00059
2922,500,500,1,0.02438,0.0001965,0.956,0.004288,0.014694,0.0001916
2923,500,500,1,0.0238,0.0002075,0.969,0.001333,0.004967,0.0002333
2924,500,500,1,0.005466,8.56e-05,0.991,0.000702,0.002302,3.83e-05
2925,500,500,1,0.2312,0.002863,0.639,0.01768,0.1067,0.002478
2926,500,500,1,0.02643,0.000314,0.964,0.003376,0.00561,0.00037
2927,500,500,1,0.419,0.053,0.4624,0.00862,0.05328,0.003565
2928,500,500,1,0.005505,0.001931,0.974,0.005764,0.01066,0.001892
2929,500,500,1,0.0084,0.001231,0.9224,0.01752,0.0486,0.001696
2930,500,500,1,0.127,0.0004227,0.8643,0.003166,0.005035,0.0002205
2931,500,500,1,0.05276,0.000907,0.9287,0.004875,0.01242,0.0002549
2932,500,500,1,0.0601,0.001299,0.773,0.02061,0.1434,0.001595
2933,500,500,1,0.0038,0.0001663,0.988,0.000826,0.00743,0.0001084
2934,500,500,1,0.0045,0.000104,0.9927,0.001172,0.001357,4.12e-05
2935,500,500,1,0.001484,0.0001513,0.991,0.002363,0.004795,0.0001643
2936,500,500,1,0.015114,0.003307,0.8267,0.02263,0.13,0.002228
2937,500,500,1,0.03885,0.000651,0.9453,0.001771,0.012825,0.0004652
2938,500,500,1,0.03348,0.000624,0.948,0.00287,0.01445,0.0003536
2939,500,0,0,0.51,0.001216,0.4753,0.003366,0.009445,0.0006356
2940,500,500,1,0.05557,0.001044,0.907,0.00942,0.02475,0.001818
2941,500,500,1,0.01056,0.001323,0.885,0.05222,0.0482,0.003033
2942,500,500,1,0.003065,0.000505,0.675,0.02594,0.2942,0.001571
2943,500,500,1,0.01155,0.0001836,0.9546,0.00839,0.02502,0.0003057
2944,500,500,1,0.4453,0.002144,0.4949,0.01022,0.04587,0.001483
2945,500,500,1,0.002256,0.0005136,0.631,0.0749,0.2915,0.0001246
2946,500,500,1,0.001293,8.15e-05,0.9697,0.010155,0.01862,9.88e-05
2947,500,1500,0,0.002832,0.0002465,0.2734,0.2048,0.518,0.0003707
2948,500,0,0,0.5654,0.003635,0.3948,0.02577,0.007336,0.00317
2949,500,500,1,0.00786,0.000377,0.9478,0.02658,0.01706,0.0003445
2950,500,500,1,0.01591,0.0004604,0.971,0.004314,0.007168,0.000791
2951,500,500,1,0.2827,0.00522,0.69,0.002996,0.01704,0.002087
2952,500,500,1,0.005116,0.000744,0.862,0.02304,0.1085,0.0007997
2953,500,500,1,0.2698,0.00372,0.704,0.00342,0.01805,0.000907
2954,500,500,1,0.05423,0.0002851,0.939,0.002232,0.004364,0.00011677
2955,500,500,1,0.0416,0.007507,0.6914,0.04642,0.203,0.00979
2956,500,500,1,0.04916,0.01012,0.7686,0.02634,0.1267,0.01924
2957,500,500,1,0.0258,0.001073,0.8276,0.01898,0.1256,0.0008006
2958,500,500,1,0.002718,0.000865,0.993,0.001598,0.001654,0.0001891
2959,500,500,1,0.013275,0.00089,0.9683,0.00474,0.01167,0.001161
2960,500,500,1,0.001275,0.00011337,0.9814,0.002914,0.01396,0.0001279
2961,500,500,1,0.004364,9.763e-05,0.973,0.01035,0.01194,6.354e-05
2962,500,500,1,0.05157,0.002302,0.8794,0.04056,0.02502,0.00112
2963,500,0,0,0.511,0.01784,0.4546,0.008865,0.00593,0.001605
2964,500,500,1,0.004974,0.00887,0.633,0.03503,0.2927,0.02579
2965,500,500,1,0.006058,0.001212,0.61,0.0725,0.306,0.004517
2966,500,500,1,0.00928,0.00254,0.7227,0.0588,0.2035,0.003307
2967,500,500,1,0.0388,0.000501,0.944,0.006256,0.0102,0.0006104
2968,500,500,1,0.003496,0.001049,0.737,0.096,0.1615,0.001029
2969,500,500,1,0.02301,0.0001777,0.9727,0.001064,0.002731,0.000139
2970,500,500,1,0.1302,0.0008574,0.863,0.001561,0.003975,0.00063
2971,500,500,1,0.003325,0.0002537,0.9883,0.00228,0.005314,0.000492
2972,500,500,1,0.0227,0.00409,0.913,0.01078,0.0417,0.00749
2973,500,500,1,0.1766,0.01471,0.792,0.002678,0.007725,0.00636
2974,500,500,1,0.2289,0.012665,0.4597,0.1229,0.1539,0.02193
2975,500,500,1,0.003819,0.001231,0.9243,0.01206,0.05704,0.001702
2976,500,500,1,0.01458,7.49e-05,0.9834,0.000858,0.001259,4.39e-05
2977,500,500,1,0.1166,0.000599,0.8804,0.0008235,0.001543,0.0001915
2978,500,0,0,0.708,0.0005846,0.2878,0.0009713,0.002237,0.0001267
2979,500,500,1,0.002174,0.0001998,0.982,0.005512,0.00943,0.00055
2980,500,500,1,0.01502,0.001692,0.953,0.002872,0.02618,0.001188
2981,500,500,1,0.001579,7.313e-05,0.994,0.001314,0.002924,2.68e-05
2982,500,0,0,0.653,0.00235,0.3416,0.001175,0.001728,0.000257
2983,500,500,1,0.02141,0.0001039,0.9766,0.0003707,0.001507,4.554e-05
2984,500,500,1,0.00406,0.000256,0.929,0.010864,0.05505,0.0003603
2985,500,0,0,0.5625,0.001218,0.4211,0.007706,0.006916,0.0007477
2986,500,500,1,0.0744,0.0004945,0.915,0.002153,0.007465,0.00032
2987,500,500,1,0.0465,0.001916,0.8774,0.01356,0.05975,0.0008354
2988,500,500,1,0.11804,0.0003824,0.876,0.002842,0.00281,0.00017
2989,500,0,0,0.8784,0.0001541,0.1203,0.0004547,0.000542,2.96e-05
2990,500,500,1,0.03464,0.001217,0.8315,0.0639,0.0676,0.000972
2991,500,500,1,0.00782,0.0001961,0.902,0.0203,0.069,0.0007987
2992,500,500,1,0.00391,0.0004022,0.6396,0.1661,0.1893,0.0007114
2993,500,500,1,0.004833,6.044e-05,0.993,0.000496,0.001365,3.356e-05
2994,500,500,1,0.004574,0.0002794,0.9624,0.007835,0.02472,0.0001966
2995,500,500,1,0.002234,0.0002013,0.9556,0.02399,0.01772,0.0004792
2996,500,500,1,0.001458,0.0001738,0.9736,0.00684,0.01755,0.0001894
2997,500,0,0,0.733,0.002417,0.2015,0.01907,0.04288,0.001348
2998,500,500,1,0.07684,0.0007095,0.8335,0.02614,0.06183,0.001055
2999,500,500,1,0.0616,0.002413,0.7417,0.0927,0.09467,0.006924
