Sample,True Label,Pred Label,Correct,Prob_0,Prob_100,Prob_500,Prob_1000,Prob_1500,Prob_2000
0,0,0,1,0.9824,0.000355,0.009865,0.0011835,0.0062,5.53e-05
1,0,0,1,0.986,2.68e-05,0.01379,0.0001899,0.0002446,3.76e-06
2,0,500,0,0.3755,0.001289,0.541,0.03107,0.05084,0.0004652
3,0,0,1,0.987,6.18e-05,0.01272,0.0002424,0.0002942,6.7e-06
4,0,0,1,0.943,0.0003557,0.03848,0.01135,0.00669,0.00010353
5,0,0,1,0.929,0.0003223,0.06116,0.001327,0.007965,4.184e-05
6,0,0,1,0.9443,0.0001403,0.05194,0.001731,0.002037,3.1e-05
7,0,0,1,0.668,0.001026,0.315,0.004433,0.01146,0.000204
8,0,500,0,0.2012,0.000275,0.7866,0.006172,0.00566,5.14e-05
9,0,0,1,0.9956,8.64e-05,0.003126,0.0003386,0.001024,1.31e-05
10,0,0,1,0.973,4.375e-05,0.02603,0.0003798,0.0004146,6.6e-06
11,0,500,0,0.4355,0.0014105,0.5005,0.0268,0.03558,0.0003111
12,0,0,1,0.9854,0.0001438,0.00691,0.002079,0.00566,3.624e-05
13,0,0,1,0.827,0.000734,0.1642,0.002155,0.005505,0.00011706
14,0,0,1,0.736,0.000988,0.2316,0.01325,0.01788,0.0003207
15,0,500,0,0.0904,0.0005245,0.759,0.0542,0.0956,0.0003023
16,0,0,1,0.793,0.001289,0.1454,0.0153,0.0446,0.000213
17,0,0,1,0.9976,4.554e-05,0.002184,0.00011885,0.0002742,5.66e-06
18,0,0,1,0.51,0.0001603,0.4863,0.002218,0.001743,2.51e-05
19,0,0,1,0.6997,0.0006633,0.2683,0.00758,0.02365,0.0001793
20,0,0,1,0.992,0.0006604,0.00568,0.0004005,0.001192,4.81e-05
21,0,500,0,0.0517,0.0001945,0.9194,0.008705,0.02007,5.88e-05
22,0,0,1,0.973,0.0002007,0.02559,0.0003908,0.000523,1.806e-05
23,0,0,1,0.9717,0.0001004,0.02661,0.0007253,0.001113,1.88e-05
24,0,500,0,0.07056,0.00033,0.915,0.003538,0.01033,5.794e-05
25,0,0,1,0.6133,0.00122,0.2903,0.01744,0.07715,0.0004315
26,0,500,0,0.10864,0.0009165,0.599,0.1746,0.1165,0.000394
27,0,0,1,0.995,3.093e-05,0.004078,0.0001993,0.000475,5.66e-06
28,0,0,1,0.9175,0.000644,0.02847,0.009705,0.04324,0.000255
29,0,1500,0,0.00837,0.0003028,0.04132,0.133,0.817,0.0001447
30,0,0,1,0.8247,0.000274,0.1627,0.003283,0.00887,4.98e-05
31,0,0,1,0.514,0.0004244,0.4263,0.0433,0.01584,9e-05
32,0,0,1,0.9897,8.89e-05,0.00878,0.000574,0.00062,1.49e-05
33,0,0,1,0.6978,0.000692,0.1951,0.04102,0.0653,0.0001855
34,0,0,1,0.907,0.001927,0.0432,0.00808,0.0392,0.0004497
35,0,0,1,0.9917,0.0001503,0.00449,0.001477,0.001949,4.166e-05
36,0,0,1,0.819,0.0004323,0.1635,0.00604,0.011,0.00011146
37,0,0,1,0.895,0.001142,0.0834,0.00905,0.01117,0.0003264
38,0,0,1,0.996,6.217e-05,0.002516,0.001205,0.0001956,9e-06
39,0,500,0,0.0789,0.0008073,0.8975,0.013535,0.00891,0.000197
40,0,0,1,0.9497,0.0004163,0.04193,0.002754,0.00509,9.16e-05
41,0,0,1,0.9966,6.366e-05,0.002367,0.0005784,0.0003157,1.27e-05
42,0,0,1,0.981,0.0004506,0.00725,0.003487,0.007652,0.0001335
43,0,0,1,0.8306,0.001717,0.1288,0.010956,0.02756,0.0004182
44,0,0,1,0.9575,0.0001915,0.03873,0.001199,0.002464,4.08e-05
45,0,0,1,0.924,0.0006127,0.05237,0.006847,0.01633,0.0001558
46,0,0,1,0.98,0.0004616,0.01627,0.001465,0.002003,6.574e-05
47,0,0,1,0.978,0.0004082,0.01729,0.001107,0.003279,7.85e-05
48,0,0,1,0.5977,0.001287,0.3853,0.00815,0.007225,0.0002482
49,0,0,1,0.975,0.0004597,0.01347,0.003712,0.006924,0.00010175
50,0,0,1,0.789,0.001007,0.1455,0.01933,0.04492,0.0003004
51,0,0,1,0.9307,0.0002446,0.0609,0.004185,0.004032,6.366e-05
52,0,0,1,0.985,0.0002728,0.01185,0.001255,0.001765,5.186e-05
53,0,0,1,0.5,0.00613,0.4524,0.02196,0.01857,0.000969
54,0,0,1,0.9517,0.000176,0.03842,0.003307,0.00639,3.797e-05
55,0,0,1,0.5967,0.002136,0.3013,0.01743,0.0816,0.000624
56,0,0,1,0.933,0.001188,0.05725,0.00525,0.003115,9.215e-05
57,0,0,1,0.7847,0.0004125,0.052,0.0984,0.0645,0.0001565
58,0,0,1,0.97,0.0001032,0.01062,0.0135,0.005768,2.71e-05
59,0,0,1,0.938,0.0003128,0.03464,0.0135,0.01348,8.74e-05
60,0,0,1,0.9727,0.000728,0.01697,0.004467,0.005035,0.0002098
61,0,0,1,0.4993,0.00104,0.0356,0.2666,0.1969,0.000522
62,0,1500,0,0.1049,0.0003316,0.0268,0.2169,0.651,0.0001727
63,0,1000,0,0.007637,8.85e-05,0.00868,0.9805,0.0031,2.85e-05
64,0,0,1,0.992,6.646e-05,0.005436,0.001828,0.0004716,1.15e-05
65,0,0,1,0.8564,0.002346,0.04407,0.07776,0.01897,0.000469
66,0,0,1,0.8975,0.0006156,0.05557,0.0418,0.00435,0.00010186
67,0,0,1,0.905,0.0009513,0.03723,0.04184,0.01492,0.0004165
68,0,0,1,0.7544,0.00201,0.03723,0.1984,0.00739,0.0003612
69,0,0,1,0.8506,0.001528,0.0151,0.126,0.006363,0.0003097
70,0,0,1,0.904,0.0009,0.03998,0.04767,0.00733,0.0002016
71,0,0,1,0.972,9.644e-05,0.00189,0.02454,0.001102,3.105e-05
72,0,1000,0,0.2384,0.0002587,0.03128,0.7256,0.004322,6.855e-05
73,0,1000,0,0.2837,0.00185,0.067,0.626,0.0207,0.000608
74,0,1000,0,0.3074,0.00055,0.0446,0.604,0.0432,0.000187
75,0,0,1,0.935,0.001091,0.03152,0.01575,0.0162,0.0003798
76,0,0,1,0.8975,0.0005407,0.0452,0.05096,0.005676,0.0001676
77,0,1000,0,0.1046,0.001109,0.03146,0.739,0.12335,0.0005307
78,0,1000,0,0.3354,0.000692,0.0243,0.618,0.02148,0.0001736
79,0,0,1,0.9653,0.0002239,0.01639,0.0094,0.00842,6.5e-05
80,0,0,1,0.8833,0.00328,0.02155,0.02007,0.07135,0.0004916
81,0,0,1,0.9463,0.0009203,0.01498,0.01557,0.02208,0.0001774
82,0,0,1,0.4285,0.0003178,0.2703,0.119,0.1818,6.53e-05
83,0,0,1,0.854,0.000347,0.0501,0.01595,0.0795,5.984e-05
84,0,0,1,0.8525,0.001146,0.02902,0.02689,0.0902,0.0004153
85,0,0,1,0.982,0.0002173,0.006397,0.00617,0.005257,4.894e-05
86,0,0,1,0.997,6.37e-05,0.002426,0.00011224,0.0002732,5.36e-06
87,0,0,1,0.998,3.433e-05,0.001432,0.00011,0.0002844,3.8e-06
88,0,0,1,0.8623,0.001029,0.03406,0.02112,0.08136,0.0002475
89,0,0,1,0.9937,5.46e-05,0.00483,0.000661,0.000964,1.12e-05
90,0,0,1,0.958,3.123e-05,0.0412,0.0003011,0.0003588,4.65e-06
91,0,0,1,0.977,0.0004134,0.01491,0.00151,0.00614,6.87e-05
92,0,0,1,0.9136,0.00011796,0.0845,0.0005846,0.001036,1.59e-05
93,0,0,1,0.9653,0.00010616,0.03278,0.0007405,0.001236,1.794e-05
94,0,500,0,0.2286,0.0001684,0.7676,0.001358,0.002478,2.32e-05
95,0,0,1,0.998,7.53e-05,0.001514,0.0001255,0.000363,6.4e-06
96,0,0,1,0.5854,0.0003462,0.4111,0.00093,0.001982,3.284e-05
97,0,0,1,0.957,4.846e-05,0.0422,0.0003798,0.0002823,7.03e-06
98,0,500,0,0.1826,0.001685,0.725,0.03433,0.0561,0.0002866
99,0,500,0,0.08514,0.000863,0.7876,0.02428,0.1018,0.0002487
100,0,0,1,0.84,0.0002742,0.1523,0.002443,0.004852,6.09e-05
101,0,0,1,0.996,4.77e-05,0.003603,4.506e-05,4.11e-05,1.13e-06
102,0,500,0,0.1454,7.15e-05,0.85,0.001399,0.003103,8.76e-06
103,0,0,1,0.995,4.4e-05,0.004112,0.0002279,0.0003517,5.3e-06
104,0,500,0,0.275,0.0008364,0.551,0.07306,0.1001,0.0002401
105,0,0,1,0.6826,0.001203,0.2705,0.02623,0.01888,0.0004475
106,0,0,1,0.9785,8.315e-05,0.01906,0.001238,0.001107,2.36e-05
107,0,0,1,0.524,0.001751,0.4177,0.01358,0.0422,0.000616
108,0,0,1,0.8804,0.0002651,0.1173,0.0009685,0.001196,2.48e-05
109,0,500,0,0.08936,0.000955,0.463,0.0698,0.3765,0.000521
110,0,0,1,0.9844,0.0001707,0.01309,0.0006824,0.001539,3.47e-05
111,0,0,1,0.864,0.001364,0.05048,0.02206,0.06207,0.0004306
112,0,0,1,0.8228,0.0009246,0.1685,0.00347,0.0041,0.0001755
113,0,0,1,0.9966,6.926e-05,0.002607,0.0002302,0.0004816,9.6e-06
114,0,0,1,0.998,2.176e-05,0.001847,2.55e-05,8.005e-05,6.6e-07
115,0,500,0,0.284,0.0009527,0.65,0.01347,0.0514,0.00027
116,0,0,1,0.791,0.000314,0.1981,0.005833,0.00455,8.994e-05
117,0,0,1,0.994,2.605e-05,0.00581,3.463e-05,5.66e-05,9.5e-07
118,0,0,1,0.9507,6.17e-05,0.04855,0.0003333,0.0003445,8.17e-06
119,0,500,0,0.3293,0.004402,0.616,0.0149,0.0341,0.0008793
120,0,0,1,0.652,0.00011086,0.3396,0.005157,0.002998,2.605e-05
121,0,0,1,0.998,1.734e-05,0.001793,3.55e-05,4.995e-05,9e-07
122,0,0,1,0.572,0.008156,0.3538,0.008095,0.05716,0.001054
123,0,0,1,0.802,0.0007367,0.1871,0.003498,0.0069,0.000203
124,0,0,1,0.9604,9.69e-05,0.03873,0.0003085,0.0006175,1.11e-05
125,0,0,1,0.979,0.0004463,0.01976,0.0003233,0.0003164,1.955e-05
126,0,0,1,0.9897,5.12e-05,0.00996,5.43e-05,0.00010824,2.6e-06
127,0,0,1,0.9946,6.82e-05,0.005024,4.834e-05,0.00010604,2.26e-06
128,0,0,1,0.8037,0.00011915,0.195,0.000399,0.001005,1.49e-05
129,0,0,1,0.9966,2.4e-05,0.00283,0.0001284,0.000282,3.9e-06
130,0,0,1,0.9775,5.63e-05,0.02078,0.0009274,0.000893,1.29e-05
131,0,0,1,0.9565,0.0001493,0.04218,0.0004845,0.000733,1.895e-05
132,0,0,1,0.9673,6.616e-05,0.03104,0.00052,0.001151,1.085e-05
133,0,500,0,0.4846,0.0001724,0.51,0.00241,0.002918,3.42e-05
134,0,500,0,0.3184,0.002518,0.3848,0.04196,0.2517,0.000679
135,0,0,1,0.9614,0.000369,0.02042,0.006065,0.01161,6.866e-05
136,0,0,1,0.986,0.0001401,0.01223,0.000367,0.001165,2.223e-05
137,0,0,1,0.9253,0.0003135,0.04938,0.00571,0.01929,8.72e-05
138,0,0,1,0.972,9.07e-05,0.0271,0.0001614,0.0003831,1.06e-05
139,0,0,1,0.9,6.646e-05,0.09937,0.0002421,0.0005403,4.35e-06
140,0,0,1,0.5923,0.0005736,0.3838,0.004158,0.01918,0.0001231
141,0,500,0,0.01561,0.0005717,0.9414,0.01006,0.0323,0.0001322
142,0,500,0,0.3972,0.001118,0.585,0.00397,0.01283,0.0001394
143,0,0,1,0.622,0.0009317,0.3518,0.00657,0.01857,0.00011986
144,0,0,1,0.985,0.0001662,0.01455,0.0001249,0.0001966,7.75e-06
145,0,0,1,0.6045,0.0004096,0.3918,0.001965,0.001205,3.52e-05
146,0,1000,0,0.2095,0.002802,0.0214,0.5024,0.262,0.001799
147,0,1000,0,0.0448,0.001236,0.01659,0.5684,0.3684,0.000851
148,0,0,1,0.6265,0.00675,0.0622,0.1163,0.1852,0.002892
149,0,0,1,0.5376,0.001902,0.0641,0.2158,0.1796,0.0007977
150,0,1000,0,0.1061,0.001265,0.04926,0.4214,0.4214,0.0007806
151,0,0,1,0.605,0.003277,0.02539,0.178,0.186,0.00217
152,0,0,1,0.985,0.0003686,0.00185,0.005222,0.007492,8.655e-05
153,0,1000,0,0.3318,0.003082,0.01053,0.557,0.0947,0.002651
154,0,1500,0,0.035,0.00581,0.0364,0.392,0.521,0.00973
155,0,0,1,0.976,0.0001869,0.003021,0.01466,0.00623,5.513e-05
156,0,0,1,0.558,0.00656,0.02603,0.1273,0.2769,0.00516
157,0,0,1,0.954,0.001908,0.00459,0.01049,0.02824,0.0005627
158,0,0,1,0.7705,0.001422,0.1782,0.01337,0.0359,0.0003836
159,0,0,1,0.668,0.002666,0.078,0.09656,0.1533,0.001646
160,0,1500,0,0.1076,0.00503,0.03119,0.09106,0.7617,0.003534
161,0,0,1,0.92,0.002832,0.02191,0.012,0.0429,0.0006394
162,0,0,1,0.931,0.000523,0.04834,0.01435,0.005516,0.0001564
163,0,0,1,0.9375,0.000453,0.01955,0.03026,0.012245,0.0001683
164,0,1500,0,0.01848,0.0004926,0.05685,0.4539,0.47,0.0003574
165,0,1000,0,0.1587,0.00101,0.0662,0.6357,0.1376,0.0006843
166,0,0,1,0.9946,0.0002064,0.002377,0.001423,0.001543,4.34e-05
167,0,0,1,0.5693,0.00046,0.1059,0.301,0.02313,0.000138
168,0,0,1,0.9556,0.0002897,0.01197,0.02875,0.003347,6.75e-05
169,0,1000,0,0.1853,0.001163,0.094,0.601,0.11786,0.0006065
170,0,0,1,0.8135,0.000891,0.04648,0.04575,0.09344,9.847e-05
171,0,0,1,0.987,0.0003014,0.008705,0.001512,0.002634,8.404e-05
172,0,0,1,0.9385,0.0002377,0.01802,0.02301,0.02007,4.94e-05
173,0,1500,0,0.1318,0.005333,0.3396,0.1735,0.3472,0.002666
174,0,0,1,0.889,0.001139,0.0679,0.02107,0.02063,0.0001808
175,0,1500,0,0.04877,0.000957,0.02919,0.1824,0.7383,0.0004728
176,0,0,1,0.9414,0.0001217,0.03177,0.0171,0.00971,4.375e-05
177,0,0,1,0.75,0.001577,0.1229,0.0649,0.05994,0.0007424
178,0,0,1,0.975,0.000549,0.007675,0.00498,0.01168,0.0001724
179,0,1500,0,0.2286,0.001766,0.2844,0.1632,0.3213,0.000799
180,0,0,1,0.9863,0.000169,0.00665,0.001803,0.004826,3.67e-05
181,0,0,1,0.938,0.00574,0.05084,0.001059,0.004395,0.000119
182,0,1500,0,0.03992,0.0852,0.0798,0.2286,0.3423,0.2242
183,0,0,1,0.9165,0.0001496,0.08136,0.0006423,0.001185,1.824e-05
184,0,0,1,0.999,4.66e-05,0.000568,3.97e-05,0.0001389,2.1e-06
185,0,0,1,0.9214,0.001684,0.0457,0.00858,0.02199,0.0005436
186,0,0,1,0.844,0.000745,0.1254,0.00931,0.02007,0.000228
187,0,0,1,0.989,0.0002184,0.003075,0.002533,0.00546,4.137e-05
188,0,500,0,0.2651,0.001553,0.2988,0.1667,0.2668,0.001015
189,0,0,1,0.588,0.002365,0.0652,0.11255,0.2305,0.001282
190,0,0,1,0.9707,0.000772,0.00947,0.005173,0.01371,0.0002401
191,0,0,1,0.7026,0.001238,0.03934,0.1782,0.0777,0.000651
192,0,0,1,0.8853,0.003288,0.0645,0.0196,0.02675,0.0005293
193,0,0,1,0.8735,0.002758,0.0813,0.01724,0.02446,0.0008364
194,0,0,1,0.9995,5.88e-05,0.0003288,6.324e-05,8.744e-05,2.26e-06
195,0,1500,0,0.1885,0.003788,0.3179,0.10364,0.3853,0.001166
196,0,0,1,0.836,0.000785,0.07806,0.05444,0.03058,0.000331
197,0,0,1,0.9546,0.000695,0.034,0.006023,0.00485,9.14e-05
198,0,0,1,0.7686,0.002377,0.11835,0.09174,0.0182,0.0006914
199,0,0,1,0.9805,0.0001278,0.013916,0.002306,0.003113,2.21e-05
200,0,0,1,0.9375,0.00072,0.054,0.00307,0.00434,0.0001407
201,0,500,0,0.3728,0.011696,0.3801,0.0819,0.1521,0.001404
202,0,0,1,0.815,0.0001162,0.1528,0.012085,0.01974,1.95e-05
203,0,500,0,0.2737,0.001107,0.688,0.01569,0.02138,0.0002228
204,0,0,1,0.9614,0.0002785,0.0357,0.000664,0.001831,3.65e-05
205,0,0,1,0.9565,0.001986,0.0244,0.005554,0.01133,0.000316
206,0,0,1,0.991,5.406e-05,0.008484,0.0002073,0.0001464,3.5e-06
207,0,500,0,0.2917,0.003914,0.53,0.10046,0.07336,0.000955
208,0,0,1,0.5054,0.3855,0.0934,0.003805,0.009056,0.002953
209,0,0,1,0.55,0.007545,0.3684,0.007023,0.06647,0.000575
210,0,0,1,0.989,0.0002133,0.00788,0.001219,0.001912,7.063e-05
211,0,0,1,0.631,0.003721,0.08923,0.1688,0.10504,0.002533
212,0,0,1,0.9824,0.000236,0.00569,0.005642,0.005806,5.597e-05
213,0,0,1,0.916,0.000494,0.03445,0.0201,0.02863,0.0001762
214,0,500,0,0.3586,0.001085,0.597,0.02063,0.02213,0.000332
215,0,0,1,0.815,0.0006638,0.1285,0.0353,0.02028,0.0002201
216,0,0,1,0.957,0.000358,0.03162,0.007687,0.003067,9.68e-05
217,0,1000,0,0.05002,0.001522,0.1132,0.746,0.0881,0.0008388
218,0,500,0,0.2678,0.02663,0.4739,0.0873,0.1399,0.004585
219,0,0,1,0.751,0.000754,0.09595,0.06433,0.0877,0.000221
220,0,1500,0,0.1059,0.0006576,0.01695,0.3433,0.5327,0.000506
221,0,0,1,0.9463,0.0002131,0.04413,0.00449,0.004704,5.203e-05
222,0,0,1,0.618,0.003374,0.2595,0.03854,0.07935,0.0008664
223,0,0,1,0.996,0.0001113,0.002098,0.000636,0.000885,1.82e-05
224,0,500,0,0.3767,0.000695,0.6045,0.00672,0.01111,0.0001976
225,0,0,1,0.826,0.004578,0.0855,0.02097,0.06177,0.0010395
226,0,0,1,0.6807,0.00201,0.2482,0.04547,0.02315,0.000643
227,0,0,1,0.955,0.0003104,0.02866,0.00971,0.006172,8.523e-05
228,0,0,1,0.8853,0.00284,0.08307,0.01131,0.01656,0.0008106
229,0,0,1,0.938,0.000666,0.04562,0.00956,0.00595,0.0001391
230,0,0,1,0.9155,0.000554,0.04605,0.02538,0.01209,0.0001415
231,0,0,1,0.47,0.002785,0.2622,0.1653,0.0982,0.001523
232,0,1000,0,0.1538,0.00115,0.1375,0.6675,0.03967,0.0004249
233,0,0,1,0.935,0.001727,0.05704,0.004578,0.001612,0.0001333
234,0,500,0,0.4905,0.0003622,0.5,0.00554,0.003626,7.91e-05
235,0,0,1,0.885,0.000588,0.02756,0.03253,0.05447,0.0002276
236,0,0,1,0.967,0.0001706,0.02374,0.003757,0.005486,3.767e-05
237,0,0,1,0.8975,0.002823,0.03452,0.01807,0.04623,0.001076
238,0,0,1,0.482,0.001872,0.1223,0.04803,0.3455,0.000528
239,0,0,1,0.952,0.000661,0.02899,0.00528,0.01251,0.0001657
240,0,0,1,0.9814,0.0001359,0.0178,0.0003688,0.0002708,9.36e-06
241,0,0,1,0.979,0.0001335,0.01839,0.00127,0.001195,2.86e-05
242,0,0,1,0.992,6.855e-05,0.006737,0.000459,0.0007267,1.305e-05
243,0,1500,0,0.1127,0.0004694,0.03427,0.1742,0.678,0.0004015
244,0,500,0,0.02417,0.0006967,0.625,0.1959,0.154,0.000308
245,0,0,1,0.969,0.0003476,0.01269,0.00555,0.01188,0.00010896
246,0,0,1,0.81,0.002665,0.08075,0.05054,0.05536,0.000867
247,0,0,1,0.75,0.0006447,0.14,0.04956,0.05972,0.0002477
248,0,0,1,0.915,0.000599,0.02922,0.03958,0.015205,0.0001132
249,0,0,1,0.729,0.001056,0.2091,0.02031,0.04,0.0004997
250,0,1000,0,0.1702,0.001423,0.1144,0.535,0.1785,0.0005155
251,0,0,1,0.9946,0.0004535,0.002989,0.0009522,0.000989,5.114e-05
252,0,0,1,0.9463,8.38e-05,0.03418,0.0157,0.003643,3.18e-05
253,0,0,1,0.9834,0.0004041,0.00778,0.00437,0.003893,8.774e-05
254,0,500,0,0.2974,0.001874,0.362,0.04672,0.2915,0.0005593
255,0,0,1,0.73,0.001342,0.10974,0.1244,0.03412,0.0005255
256,0,500,0,0.1565,0.00232,0.666,0.08606,0.0881,0.001043
257,0,0,1,0.586,0.00656,0.2651,0.06146,0.07886,0.001887
258,0,0,1,0.6035,0.00561,0.2123,0.03247,0.1444,0.001894
259,0,0,1,0.9937,0.0001426,0.00433,0.000893,0.0007544,1.8e-05
260,0,0,1,0.9927,0.000978,0.00357,0.001257,0.001423,9.73e-05
261,0,0,1,0.98,8.625e-05,0.01752,0.001078,0.0013275,1.46e-05
262,0,0,1,0.739,0.000965,0.01932,0.0771,0.1635,0.0004568
263,0,0,1,0.658,0.0005956,0.09235,0.0755,0.1731,0.0002027
264,0,0,1,0.994,8.53e-05,0.005028,0.000389,0.000532,1.06e-05
265,0,0,1,0.9224,0.001491,0.0374,0.01563,0.02263,0.0006166
266,0,0,1,0.9253,0.0002154,0.07245,0.0009403,0.001143,2.54e-05
267,0,0,1,0.982,0.000151,0.01521,0.0014,0.001445,4.137e-05
268,0,0,1,0.351,0.00446,0.2563,0.0605,0.327,0.00065
269,0,0,1,0.9907,0.0001342,0.00788,0.0005355,0.000878,2.62e-05
270,0,500,0,0.02252,0.0003662,0.881,0.02704,0.0693,0.00010955
271,0,500,0,0.2487,0.000568,0.6895,0.02922,0.032,0.0001544
272,0,0,1,0.9604,0.0002713,0.0282,0.004158,0.006702,7.02e-05
273,0,0,1,0.9526,0.0001497,0.04395,0.001863,0.0016,3.076e-05
274,0,0,1,0.8877,0.0002023,0.0431,0.04926,0.01974,5.98e-05
275,0,0,1,0.996,3.77e-05,0.003569,6.5e-05,0.0001063,2e-06
276,0,0,1,0.999,3.165e-05,0.0007415,6.485e-05,5.95e-05,1.6e-06
277,0,0,1,0.98,0.0004728,0.0045,0.003885,0.01117,0.0001237
278,0,1500,0,0.011185,0.001275,0.126,0.279,0.5806,0.002018
279,0,0,1,0.9893,1.866e-05,0.0102,0.000361,0.0003111,1.85e-06
280,0,0,1,0.8955,0.000938,0.0885,0.004814,0.00999,0.0002713
281,0,500,0,0.2834,0.00063,0.66,0.0415,0.01389,0.0001445
282,0,500,0,0.05606,0.000736,0.885,0.03714,0.02112,0.0002064
283,0,0,1,0.4954,0.0004,0.484,0.00844,0.011955,0.0001348
284,0,0,1,0.5645,0.0005045,0.4236,0.006065,0.00542,0.00010955
285,0,0,1,0.976,0.000577,0.01631,0.003231,0.003576,0.00015
286,0,0,1,0.827,0.002455,0.1622,0.00304,0.005123,0.0002673
287,0,500,0,0.3962,0.002342,0.573,0.01322,0.01471,0.0005255
288,0,0,1,0.5913,0.002306,0.3977,0.0043,0.00426,0.0001428
289,0,0,1,0.6816,0.00033,0.2825,0.02061,0.015015,0.0001059
290,0,0,1,0.9565,6.723e-05,0.0425,0.0003247,0.000666,7.5e-06
291,0,0,1,0.978,9.25e-05,0.01851,0.001308,0.002258,2.027e-05
292,0,0,1,0.985,5.23e-05,0.01478,0.0001398,0.0003555,3.76e-06
293,0,0,1,0.8584,0.1155,0.02211,0.001535,0.001503,0.0009627
294,0,0,1,0.877,0.001228,0.04358,0.01383,0.0641,0.0005264
295,0,0,1,0.997,2.25e-05,0.002186,0.0002414,0.000284,3.76e-06
296,0,0,1,0.9907,3.05e-05,0.008575,0.0001864,0.0003424,6e-06
297,0,0,1,0.9673,8.33e-05,0.02795,0.001714,0.002928,2.65e-05
298,0,0,1,0.9995,5.54e-06,0.0002121,2.134e-05,3.73e-05,5e-07
299,0,0,1,0.9976,2.944e-05,0.002077,8.66e-05,0.0001284,2.15e-06
300,0,0,1,0.9116,0.001006,0.0861,0.0003142,0.0007706,3.37e-05
301,0,0,1,0.5425,0.00207,0.424,0.006603,0.02466,0.0003052
302,0,0,1,0.97,3.004e-05,0.02885,0.0003452,0.0003169,4.8e-06
303,0,0,1,0.88,0.0003688,0.1186,0.0003397,0.0008664,2.265e-05
304,0,0,1,0.997,1.7e-05,0.002218,0.0001812,0.0002677,3.46e-06
305,0,0,1,0.8438,0.0009427,0.1251,0.007164,0.02274,0.000332
306,0,0,1,0.9463,0.0001308,0.0437,0.002909,0.006786,4.59e-05
307,0,500,0,0.1262,0.001663,0.6074,0.0781,0.1863,0.0005407
308,0,0,1,0.9644,0.000767,0.02008,0.002829,0.011475,0.000245
309,0,0,1,0.9927,4e-05,0.007183,0.0001171,0.000183,3.76e-06
310,0,0,1,0.912,0.0001112,0.0863,0.000642,0.0010195,1.806e-05
311,0,500,0,0.0016575,0.0004704,0.7373,0.0536,0.2064,0.0004585
312,0,0,1,0.8213,9.75e-05,0.1753,0.001399,0.001754,2.37e-05
313,0,0,1,0.9985,3.01e-05,0.001242,7.23e-05,0.0001265,2.7e-06
314,0,500,0,0.124,0.0003855,0.8037,0.01648,0.05524,8.18e-05
315,0,0,1,0.8403,0.0043,0.10785,0.0236,0.02272,0.001205
316,0,0,1,0.9985,2.68e-05,0.000939,7.94e-05,0.0002216,3.3e-06
317,0,0,1,0.8735,0.0002264,0.1217,0.001872,0.00273,5.054e-05
318,0,0,1,0.932,0.000295,0.0551,0.006863,0.005417,9.21e-05
319,0,0,1,0.9946,0.0004735,0.00236,0.0006533,0.001666,5.22e-05
320,0,0,1,0.994,0.0001878,0.004425,0.0007143,0.000726,1.734e-05
321,0,0,1,0.984,0.0001339,0.01301,0.0008974,0.001921,2.575e-05
322,0,0,1,0.991,5.645e-05,0.007187,0.0005918,0.000865,9.4e-06
323,0,0,1,0.9946,8.386e-05,0.002398,0.0008974,0.001864,2.253e-05
324,0,0,1,0.993,8.05e-05,0.003101,0.00173,0.002146,1.764e-05
325,0,0,1,0.992,7.34e-05,0.006607,0.0005956,0.0007267,1.24e-05
326,0,0,1,0.9644,5.14e-05,0.03372,0.001357,0.0005665,1.08e-05
327,0,1500,0,0.0269,0.00439,0.184,0.10376,0.6787,0.002321
328,0,0,1,0.996,2.48e-05,0.003363,0.000179,0.0002217,5.36e-06
329,0,0,1,0.996,5.764e-05,0.002602,0.000379,0.000942,1.21e-05
330,0,0,1,0.9775,0.0001884,0.02058,0.000432,0.001064,1.633e-05
331,0,0,1,0.9746,0.0001754,0.02097,0.000986,0.003382,4.154e-05
332,0,0,1,0.988,3.606e-05,0.0115,0.0001967,0.0004025,5.07e-06
333,0,500,0,0.33,0.0001884,0.66,0.00216,0.007343,3.8e-05
334,0,0,1,0.456,0.002243,0.4534,0.02129,0.06647,0.0007815
335,0,0,1,0.9907,0.000441,0.007904,0.0002352,0.0008135,2.444e-05
336,0,0,1,0.9995,1.04e-05,0.0004668,7.57e-06,1.115e-05,2e-07
337,0,0,1,0.9966,1.705e-05,0.003117,4.25e-05,6.485e-05,1.25e-06
338,0,0,1,0.5137,0.0004714,0.4604,0.006172,0.01884,0.0001429
339,0,500,0,0.3103,0.0001355,0.6885,0.0004601,0.0006456,8.3e-06
340,0,0,1,0.9956,3.11e-05,0.003899,0.0001099,0.0003412,4.8e-06
341,0,0,1,0.4717,0.002232,0.1071,0.05392,0.3638,0.001131
342,0,0,1,0.9585,0.0003338,0.03564,0.001386,0.003967,6.664e-05
343,0,0,1,0.991,3.12e-05,0.00873,5.63e-05,0.00011027,2e-06
344,0,0,1,0.9854,3e-05,0.014305,0.00010043,9.18e-05,1.2e-06
345,0,0,1,0.8545,0.000619,0.14,0.002071,0.002684,7.08e-05
346,0,0,1,0.935,0.0002061,0.06384,0.000458,0.0006094,1.34e-05
347,0,0,1,0.9097,0.000678,0.01753,0.0323,0.0397,0.0002215
348,0,500,0,0.0851,0.0001658,0.9077,0.002104,0.004906,3.415e-05
349,0,0,1,0.6646,0.0003433,0.3284,0.00228,0.00427,5.275e-05
350,0,0,1,0.911,0.0001299,0.0856,0.001175,0.001779,2.277e-05
351,0,0,1,0.661,0.001894,0.2961,0.006668,0.03366,0.0004048
352,0,0,1,0.9663,0.000285,0.0323,0.0003076,0.0007463,1.78e-05
353,0,500,0,0.2585,0.0002012,0.714,0.01413,0.01337,5.29e-05
354,0,0,1,0.9917,2.915e-05,0.008156,0.0001012,0.0002558,3.76e-06
355,0,0,1,0.988,0.000897,0.00902,0.0005965,0.001698,7.37e-05
356,0,500,0,0.3525,0.001474,0.635,0.005398,0.00598,0.0001098
357,0,0,1,0.543,0.0005913,0.4448,0.003906,0.007584,0.0001367
358,0,0,1,0.989,4.12e-05,0.002867,0.002693,0.005486,1.353e-05
359,0,0,1,0.862,0.0003846,0.1289,0.002504,0.006363,9.35e-05
360,0,500,0,0.02846,0.001455,0.5396,0.0837,0.3457,0.000977
361,0,0,1,0.903,0.0002725,0.0697,0.01929,0.00785,4.464e-05
362,0,0,1,0.995,3.487e-05,0.00399,0.0002728,0.000351,5.4e-06
363,0,0,1,0.8394,0.000398,0.1431,0.00864,0.008316,9.656e-05
364,0,0,1,0.997,5.39e-05,0.00177,0.0002944,0.000943,1e-05
365,0,0,1,0.964,0.000206,0.02728,0.001634,0.00694,4.566e-05
366,0,0,1,0.9355,0.000344,0.061,0.000822,0.002066,5.305e-05
367,0,0,1,0.9946,1.913e-05,0.004383,0.000241,0.0005937,3.34e-06
368,0,0,1,0.994,8.63e-05,0.00467,0.0002944,0.000668,1.64e-05
369,0,0,1,0.8853,0.0005813,0.084,0.006397,0.02373,0.0001955
370,0,0,1,0.996,5.084e-05,0.003857,0.0001005,0.0001278,2.86e-06
371,0,0,1,0.9854,0.000686,0.007557,0.001607,0.00452,0.0001352
372,0,0,1,0.9956,4.095e-05,0.00383,6.31e-05,0.0002208,3.93e-06
373,0,0,1,0.9595,0.000377,0.03937,0.0003095,0.0005803,1.884e-05
374,0,0,1,0.979,0.0003278,0.01508,0.001116,0.00432,3.8e-05
375,0,0,1,0.9985,2.694e-05,0.001152,4.02e-05,5.95e-05,1.3e-06
376,0,0,1,0.9863,0.0001727,0.01052,0.0007963,0.00196,4.095e-05
377,0,0,1,0.866,0.0001924,0.1295,0.001513,0.00255,3.946e-05
378,0,0,1,0.4746,0.000578,0.4539,0.02165,0.049,0.0001678
379,0,500,0,0.4521,0.001476,0.5337,0.004173,0.00819,0.0001202
380,0,0,1,0.996,5.126e-05,0.00236,0.0003774,0.001229,9.3e-06
381,0,500,0,0.2084,0.000733,0.739,0.01535,0.0366,0.0002095
382,0,0,1,0.9756,0.0001404,0.01338,0.00195,0.008934,3.12e-05
383,0,0,1,0.7017,0.0005293,0.2937,0.000964,0.003363,3.5e-05
384,0,0,1,0.996,8.4e-05,0.003231,0.0003018,0.000437,1.38e-05
385,0,0,1,0.998,1.746e-05,0.001646,0.00010824,0.0002383,2.8e-06
386,0,0,1,0.979,0.0001475,0.01646,0.001488,0.002832,3.21e-05
387,0,0,1,0.5605,0.00010365,0.4382,0.0004458,0.0005307,1.01e-05
388,0,0,1,0.974,5.08e-05,0.02551,8.04e-05,0.0001223,2.8e-06
389,0,500,0,0.455,0.001713,0.502,0.00811,0.0331,0.0003078
390,0,0,1,0.9893,0.0002105,0.00715,0.0007486,0.002342,5.09e-05
391,0,0,1,0.959,0.002806,0.03696,0.0004196,0.00089,6.46e-05
392,0,0,1,0.88,7.25e-05,0.1189,0.0004416,0.0004926,9.2e-06
393,0,0,1,0.9863,3.04e-05,0.01301,0.0002111,0.0004141,4.53e-06
394,0,0,1,0.569,0.0005207,0.4202,0.00294,0.00745,7.343e-05
395,0,0,1,0.8677,5.67e-05,0.1305,0.0008054,0.0008135,1.025e-05
396,0,0,1,0.5913,0.001402,0.368,0.01096,0.02777,0.000441
397,0,0,1,0.9487,0.0004761,0.04828,0.001014,0.001221,5.51e-05
398,0,500,0,0.2954,0.0005918,0.687,0.0065,0.01037,0.0001205
399,0,0,1,0.516,0.0002408,0.4644,0.009224,0.01015,8.065e-05
400,0,0,1,0.9546,0.0001996,0.03857,0.001457,0.005215,5.245e-05
401,0,500,0,0.334,0.0002424,0.653,0.005054,0.00803,6.807e-05
402,0,0,1,0.528,0.0001061,0.4692,0.001317,0.001621,1.34e-05
403,0,0,1,0.998,4.035e-05,0.001768,4.965e-05,6.23e-05,1.9e-06
404,0,0,1,0.9907,6.884e-05,0.00907,9.316e-05,9.316e-05,1.85e-06
405,0,0,1,0.997,5.77e-05,0.002634,7.236e-05,0.0001851,3.9e-06
406,0,0,1,0.9873,9.286e-05,0.011894,0.000188,0.000719,9.54e-06
407,0,0,1,0.926,0.000504,0.0652,0.001367,0.007107,7.43e-05
408,0,0,1,0.7036,0.000534,0.2876,0.001489,0.00651,0.0001178
409,0,0,1,0.8,0.00481,0.1323,0.010216,0.05203,0.0007873
410,0,0,1,0.9897,7.08e-05,0.00945,0.0003476,0.0005045,1.03e-05
411,0,0,1,0.944,9.88e-05,0.0521,0.002285,0.001802,2.78e-05
412,0,0,1,0.656,8.99e-05,0.3416,0.001677,0.0012,1.395e-05
413,0,500,0,0.004105,9.13e-05,0.758,0.1942,0.04388,3.75e-05
414,0,0,1,0.9805,0.00011057,0.01938,8.64e-05,0.0001858,3.8e-06
415,0,500,0,0.4019,0.001232,0.5894,0.001614,0.005795,9.58e-05
416,0,500,0,0.2085,0.000507,0.779,0.003294,0.00861,0.0001438
417,0,0,1,0.952,0.000935,0.04343,0.000976,0.002356,0.0001231
418,0,0,1,0.9033,0.0003593,0.0919,0.00156,0.002556,5.41e-05
419,0,0,1,0.9536,8.09e-05,0.04547,0.0003557,0.0004644,9.1e-06
420,0,0,1,0.6646,0.000639,0.3152,0.007248,0.01195,0.0002161
421,0,0,1,0.962,7.343e-05,0.0358,0.0005145,0.001642,1.675e-05
422,0,0,1,0.801,0.0001036,0.1763,0.006588,0.01625,2.82e-05
423,0,0,1,0.871,0.0001326,0.1262,0.000963,0.001341,2.456e-05
424,0,0,1,0.8896,0.0006027,0.1014,0.001987,0.006443,0.0001394
425,0,0,1,0.908,0.0001851,0.0908,0.0003486,0.0005345,1.15e-05
426,0,0,1,0.995,0.00156,0.003399,4.18e-05,6.72e-05,9.66e-06
427,0,0,1,0.9224,0.0002115,0.0748,0.000576,0.001737,3.237e-05
428,0,0,1,0.859,6.443e-05,0.1403,0.000459,0.0004573,5.6e-06
429,0,0,1,0.6895,0.0004735,0.3083,0.000686,0.001252,3.046e-05
430,0,500,0,0.3538,9.614e-05,0.643,0.001259,0.001556,1.5e-05
431,0,0,1,0.878,0.0001014,0.1165,0.001383,0.00414,1.67e-05
432,0,0,1,0.9956,1.067e-05,0.00419,2.4e-05,4.59e-05,5e-07
433,0,0,1,0.7617,0.0011635,0.2351,0.0005817,0.001217,4.03e-05
434,0,0,1,0.9683,0.000272,0.02745,0.001071,0.002792,5.47e-05
435,0,0,1,0.6387,0.0006104,0.3555,0.002512,0.0029,3.65e-05
436,0,0,1,0.9985,4.7e-06,0.0011835,1.83e-05,2.74e-05,3e-07
437,0,0,1,0.4915,0.004635,0.2815,0.06476,0.1556,0.001966
438,0,0,1,0.9893,1.127e-05,0.01063,7.88e-05,0.000188,1.4e-06
439,0,0,1,0.996,6.06e-05,0.00337,0.0001503,0.0003228,7.7e-06
440,0,0,1,0.894,0.0004406,0.1021,0.000833,0.002487,4.86e-05
441,0,0,1,0.9805,4.61e-05,0.0192,0.0001398,0.0002778,3.1e-06
442,0,0,1,0.9907,6.32e-05,0.0077,0.0004814,0.000806,1.204e-05
443,0,0,1,0.998,6.324e-05,0.001673,0.0001112,0.0003128,5.6e-06
444,0,0,1,0.683,0.001497,0.2793,0.01003,0.02536,0.0005016
445,0,500,0,0.4844,0.0003884,0.494,0.00535,0.01578,9.35e-05
446,0,0,1,0.977,0.000455,0.01421,0.001643,0.00662,0.0001293
447,0,1500,0,0.05612,0.001616,0.3564,0.05774,0.528,0.0004592
448,0,500,0,0.1169,0.0001041,0.877,0.002548,0.003326,1.67e-05
449,0,0,1,0.8086,0.001259,0.0854,0.0377,0.0665,0.000623
450,0,0,1,0.983,0.0002435,0.0132,0.001299,0.002506,4.077e-05
451,0,0,1,0.9893,6.247e-05,0.009964,0.0002321,0.0006237,8.9e-06
452,0,0,1,0.9995,9.36e-06,0.0006614,1.65e-05,3.725e-05,5.4e-07
453,0,500,0,0.04367,0.0001631,0.9463,0.00245,0.007355,2.533e-05
454,0,0,1,0.975,7.77e-05,0.02339,0.000425,0.000922,1.02e-05
455,0,500,0,0.1476,0.001012,0.831,0.005085,0.01492,0.0003297
456,0,0,1,0.9854,0.0001829,0.01296,0.0004606,0.001185,3.52e-05
457,0,0,1,0.9795,0.0001974,0.01889,0.0004528,0.000923,2.9e-05
458,0,0,1,0.9175,5.41e-05,0.081,0.0004823,0.000856,9.7e-06
459,0,0,1,0.5244,0.000833,0.4521,0.007652,0.0148,0.0001508
460,0,500,0,0.4485,0.001034,0.542,0.002157,0.006317,0.0001237
461,0,0,1,0.9663,0.0001776,0.03043,0.000985,0.002293,2.855e-05
462,0,500,0,0.067,0.002012,0.7236,0.0849,0.12146,0.001064
463,0,0,1,0.768,0.0003257,0.2289,0.001012,0.001602,3.874e-05
464,0,0,1,0.9897,2.48e-05,0.009766,9.85e-05,0.0001649,2.8e-06
465,0,0,1,0.994,7.486e-05,0.00549,0.0001363,0.0002892,5.4e-06
466,0,0,1,0.988,5.835e-05,0.01133,0.0002444,0.0005097,8.6e-06
467,0,0,1,0.5205,0.0001571,0.4758,0.001445,0.002214,1.46e-05
468,0,0,1,0.9995,8.05e-06,0.00054,2.533e-05,2.84e-05,6e-07
469,0,0,1,0.9863,0.000826,0.0122,0.0002034,0.000582,3.04e-05
470,0,0,1,0.72,0.00085,0.2505,0.007458,0.02057,0.0002787
471,0,0,1,0.74,0.001249,0.2294,0.005783,0.02287,0.0003395
472,0,0,1,0.6206,0.002443,0.34,0.01318,0.02333,0.000636
473,0,0,1,0.9443,0.0005293,0.04416,0.003366,0.00748,0.00011295
474,0,0,1,0.9956,4.625e-05,0.004005,0.0001467,0.0003047,5.6e-06
475,0,0,1,0.9775,5.31e-05,0.0218,0.0002463,0.0002228,4.4e-06
476,0,0,1,0.645,0.0009093,0.3213,0.01209,0.02034,0.0002118
477,0,0,1,0.9185,0.0003111,0.07806,0.001563,0.001547,3.11e-05
478,0,0,1,0.9644,0.0004792,0.02946,0.002844,0.002636,8.845e-05
479,0,0,1,0.6436,0.001048,0.3337,0.01218,0.00918,0.0003061
480,0,500,0,0.4048,0.000186,0.5796,0.00773,0.007526,4.417e-05
481,0,0,1,0.7056,0.0007234,0.2812,0.00621,0.00587,0.0002033
482,0,0,1,0.6177,0.003336,0.287,0.03714,0.05362,0.001271
483,0,0,1,0.98,0.0001212,0.0184,0.0008144,0.000703,1.84e-05
484,0,500,0,0.31,0.0008626,0.66,0.0192,0.00952,0.0001593
485,0,0,1,0.322,0.001773,0.2776,0.08044,0.3174,0.000918
486,0,0,1,0.9653,0.000325,0.02946,0.002354,0.002607,7.224e-05
487,0,0,1,0.807,0.000712,0.1014,0.0592,0.03152,0.0002587
488,0,0,1,0.9673,0.0004258,0.02367,0.002785,0.005466,0.0001487
489,0,0,1,0.961,5.406e-05,0.0383,0.0004318,0.000261,6.14e-06
490,0,0,1,0.9966,3.71e-05,0.00285,0.0001445,0.0001541,5.07e-06
491,0,1500,0,0.011665,0.001104,0.3354,0.1853,0.4658,0.0005164
492,0,500,0,0.2075,0.001196,0.3418,0.308,0.1409,0.0005136
493,0,500,0,0.4792,7.534e-05,0.518,0.000967,0.001398,1.06e-05
494,0,0,1,0.943,0.0002902,0.0469,0.00649,0.003504,6.16e-05
495,0,0,1,0.922,0.0005555,0.0578,0.014336,0.00538,0.0001444
496,0,500,0,0.1776,0.0007167,0.756,0.01578,0.04996,0.0002098
497,0,0,1,0.743,0.000373,0.2446,0.00625,0.005398,0.00010663
498,0,0,1,0.608,0.0013075,0.334,0.01738,0.03882,0.000481
499,0,0,1,0.782,0.001475,0.1891,0.01481,0.0118,0.0003955
500,100,100,1,2.027e-05,0.9585,2.13e-05,1.42e-05,1.514e-05,0.04123
501,100,100,1,2.44e-05,0.987,4.58e-05,2.34e-05,2.42e-05,0.0133
502,100,100,1,2.193e-05,0.997,2.06e-05,1.05e-05,8.2e-06,0.002785
503,100,2000,0,7.606e-05,0.3298,0.0001985,0.0002887,0.0003788,0.669
504,100,100,1,4.494e-05,0.9536,5.42e-05,3.65e-05,4.09e-05,0.04602
505,100,100,1,0.0001259,0.8457,0.0003498,0.0001775,0.0002117,0.1534
506,100,100,1,1.55e-05,0.9795,5.2e-05,2.73e-05,3.564e-05,0.02025
507,100,100,1,7.33e-05,0.83,0.0002475,0.0001453,0.0001163,0.1696
508,100,100,1,4.9e-06,1.0,5.25e-06,1.4e-06,1.13e-06,0.0001506
509,100,100,1,3.46e-05,0.9995,1.1e-05,3.46e-06,3.8e-06,0.000646
510,100,100,1,0.0001705,0.9404,0.0002114,0.000194,0.0002122,0.05884
511,100,100,1,3.755e-05,0.996,5.01e-05,2.855e-05,2.86e-05,0.003754
512,100,100,1,3.505e-05,0.9976,2.813e-05,1.38e-05,1.26e-05,0.002213
513,100,100,1,0.0001255,0.917,0.0002391,0.0001669,0.0001767,0.08234
514,100,100,1,2.4e-06,1.0,8e-07,3e-07,3.6e-07,3.54e-05
515,100,100,1,9.274e-05,0.9897,0.00010633,9.274e-05,9.364e-05,0.009735
516,100,100,1,1.92e-05,0.971,6.515e-05,3.24e-05,2.736e-05,0.02881
517,100,2000,0,6.48e-05,0.0989,0.0003197,0.000204,0.000204,0.9004
518,100,100,1,4.41e-05,0.99,0.0001236,6.646e-05,4.32e-05,0.00963
519,100,100,1,0.000598,0.895,0.004025,0.001146,0.001322,0.0981
520,100,100,1,4.66e-05,0.993,8.08e-05,4.387e-05,4.613e-05,0.006744
521,100,2000,0,8.22e-05,0.01627,0.0005136,0.0002809,0.0004756,0.9824
522,100,100,1,3.7e-06,1.0,8e-07,2e-07,2.4e-07,2.456e-05
523,100,100,1,0.000616,0.986,0.0008135,0.0001473,0.0001715,0.012436
524,100,100,1,0.0003676,0.9263,0.001019,0.000389,0.0003507,0.0716
525,100,100,1,0.0002049,0.9956,0.0001354,0.00010467,9.7e-05,0.00393
526,100,100,1,5.45e-05,0.9966,6.73e-05,2.825e-05,2.44e-05,0.00302
527,100,100,1,0.0001783,0.995,0.00049,0.000102,0.0001464,0.004135
528,100,2000,0,2.07e-05,0.03622,7.784e-05,8.017e-05,0.00011104,0.9634
529,100,100,1,4.774e-05,0.932,9.52e-05,6.557e-05,5.92e-05,0.0676
530,100,100,1,3.6e-07,1.0,3e-07,0.0,0.0,7.8e-06
531,100,2000,0,8.98e-05,0.341,0.0003476,0.0003686,0.0004423,0.6577
532,100,100,1,0.0001279,0.9736,0.0003343,0.0001092,9.465e-05,0.02585
533,100,2000,0,1.1e-06,0.003254,4.7e-06,1.36e-05,1.9e-05,0.9966
534,100,100,1,0.0003774,0.9854,0.0004857,0.0001818,0.0002642,0.01334
535,100,100,1,2.15e-05,0.9966,7.063e-05,2.71e-05,1.985e-05,0.003162
536,100,100,1,0.0001829,0.944,0.0001947,0.0001312,0.000188,0.05557
537,100,100,1,5.36e-06,1.0,9e-07,6e-08,6e-08,5.9e-06
538,100,100,1,3.4e-06,1.0,3.4e-06,6e-07,5.4e-07,3.666e-05
539,100,100,1,4.333e-05,0.9834,5.34e-05,3.59e-05,4.923e-05,0.01662
540,100,100,1,0.0002623,0.994,0.0001515,9.37e-05,0.00010175,0.005135
541,100,100,1,9e-07,1.0,5e-07,2.4e-07,1e-07,7.373e-05
542,100,100,1,2.76e-05,0.999,2.84e-05,1.603e-05,1.14e-05,0.0007043
543,100,100,1,7.8e-06,0.9995,8.46e-06,2.9e-06,2.26e-06,0.0005097
544,100,100,1,9.22e-05,0.9707,0.0002127,0.0001334,0.00010246,0.02892
545,100,100,1,9.4e-05,0.9365,0.0001873,0.0001699,0.0001729,0.0626
546,100,100,1,0.0005364,0.995,0.0002856,8.66e-05,9.75e-05,0.003786
547,100,100,1,4.45e-05,0.9995,0.000141,6.4e-06,5.84e-06,0.0002104
548,100,100,1,0.000182,0.9907,0.0002297,0.0001861,0.0001588,0.008705
549,100,100,1,0.0005302,0.703,0.001149,0.0005274,0.0006576,0.2942
550,100,100,1,0.000176,0.6216,0.000985,0.000507,0.0005636,0.3762
551,100,2000,0,0.0001278,0.277,0.0003402,0.000248,0.0002527,0.7217
552,100,100,1,3.64e-06,1.0,5.54e-06,6.6e-07,6e-07,7.95e-05
553,100,100,1,2.5e-06,1.0,3.76e-06,2.4e-07,2.4e-07,2.456e-05
554,100,100,1,1.854e-05,1.0,8.64e-06,1.43e-06,1.8e-06,9.245e-05
555,100,100,1,0.0012455,0.713,0.002642,0.001134,0.001784,0.2803
556,100,100,1,8.32e-05,0.9985,0.000284,2.55e-05,2.4e-05,0.0009546
557,100,100,1,5.02e-05,0.9985,3.48e-05,2.38e-05,1.717e-05,0.0014105
558,100,100,1,4.3e-05,0.982,5.805e-05,3.034e-05,3.4e-05,0.01778
559,100,100,1,6.557e-05,0.9985,5.02e-05,2.26e-05,2.69e-05,0.001252
560,100,100,1,0.0001285,0.8125,0.0003161,0.0002216,0.0002438,0.1866
561,100,2000,0,0.0002673,0.3115,0.000983,0.0007057,0.0009723,0.6855
562,100,100,1,3.65e-05,0.9893,6.33e-05,4.244e-05,3.6e-05,0.010796
563,100,100,1,1.35e-05,0.998,2.784e-05,9.66e-06,8.5e-06,0.00191
564,100,100,1,1.127e-05,1.0,6.4e-06,5e-07,5.4e-07,1.86e-05
565,100,100,1,0.0002112,0.5303,0.000681,0.0002894,0.0003588,0.468
566,100,100,1,7.15e-06,0.998,1.866e-05,7.6e-06,4.3e-06,0.002085
567,100,100,1,2.503e-05,1.0,3.03e-05,2.44e-06,2.8e-06,0.00011754
568,100,100,1,4.965e-05,0.997,0.000127,4.584e-05,4.727e-05,0.002436
569,100,100,1,8.6e-06,0.999,1.34e-05,2.86e-06,2.3e-06,0.000741
570,100,100,1,4.286e-05,0.9253,0.000116,8.756e-05,8.756e-05,0.0742
571,100,100,1,0.0002375,0.975,0.0002201,0.0001388,0.0001227,0.02417
572,100,100,1,3.33e-05,0.9893,3.874e-05,3.7e-05,3.34e-05,0.01065
573,100,100,1,5.3e-06,0.9995,2.93e-05,3.9e-06,2.56e-06,0.000537
574,100,100,1,2.503e-05,1.0,7.063e-05,2e-06,2.7e-06,7.54e-05
575,100,100,1,3.34e-06,1.0,3.76e-06,7e-07,6.6e-07,8.83e-05
576,100,100,1,1.884e-05,0.9966,6.27e-05,1.94e-05,1.496e-05,0.003084
577,100,100,1,2.074e-05,0.997,4.26e-05,2.05e-05,1.615e-05,0.003021
578,100,100,1,9.79e-05,0.9985,3.767e-05,1.03e-05,1.204e-05,0.001096
579,100,100,1,2.927e-05,1.0,1.09e-05,3.16e-06,5.1e-06,0.0001774
580,100,100,1,0.0001856,0.9375,0.001114,0.0004768,0.0004392,0.06027
581,100,100,1,5.54e-06,0.9995,4.4e-06,1.7e-06,1.3e-06,0.000453
582,100,100,1,7.8e-06,1.0,5.66e-06,7e-07,8e-07,5.92e-05
583,100,100,1,8.845e-05,1.0,7.64e-05,1.9e-06,2.74e-06,1.705e-05
584,100,100,1,1.985e-05,0.995,3.856e-05,1.323e-05,1.216e-05,0.004765
585,100,100,1,7.64e-05,0.993,0.000225,0.0001354,9.376e-05,0.006516
586,100,100,1,0.0001588,0.9766,0.0002314,0.00011235,0.0001401,0.02278
587,100,100,1,0.000145,0.9976,6.72e-05,1.985e-05,2.575e-05,0.002111
588,100,100,1,1.1e-05,1.0,3.32e-05,1.97e-06,1.6e-06,0.0001075
589,100,100,1,0.000131,0.98,0.0001699,4.876e-05,5.83e-05,0.01938
590,100,100,1,1.8e-06,1.0,2.3e-06,6e-07,5e-07,0.0001771
591,100,100,1,5.895e-05,0.9766,7.033e-05,5.48e-05,5.597e-05,0.02301
592,100,100,1,1.96e-05,0.991,2.253e-05,1.234e-05,1.28e-05,0.00856
593,100,100,1,6.4e-05,0.996,0.000113,4.91e-05,6.205e-05,0.00351
594,100,100,1,2.044e-05,0.9995,1.35e-05,5.66e-06,5.25e-06,0.0003645
595,100,100,1,0.0002338,0.973,0.001865,0.000606,0.0009065,0.02336
596,100,100,1,0.000843,0.9634,0.001267,0.0008154,0.000769,0.03296
597,100,100,1,2.843e-05,1.0,1.967e-05,2.74e-06,3.16e-06,0.0001403
598,100,100,1,2.205e-05,0.999,5.76e-05,1.52e-05,1.17e-05,0.00067
599,100,2000,0,1.71e-05,0.4883,5.4e-05,4.89e-05,4.786e-05,0.5117
600,100,2000,0,5.275e-05,0.3728,0.0002496,0.0002061,0.0002066,0.6265
601,100,100,1,6e-06,1.0,4.35e-06,9e-07,1e-06,9.52e-05
602,100,100,1,0.000288,0.975,0.000375,0.0002421,0.0002654,0.02394
603,100,100,1,2.31e-05,0.999,3.356e-05,1.35e-05,1.19e-05,0.00099
604,100,100,1,6.9e-06,0.9966,6.44e-06,3.9e-06,4.1e-06,0.00347
605,100,100,1,3.39e-05,0.9805,3.1e-05,3.36e-05,4.03e-05,0.01935
606,100,2000,0,0.000755,0.2036,0.001138,0.001728,0.002945,0.79
607,100,100,1,0.0005045,0.9727,0.0006475,0.0003219,0.0004067,0.02554
608,100,100,1,4.804e-05,0.9995,2.61e-05,7.15e-06,1e-05,0.0003872
609,100,100,1,6.1e-05,1.0,3.46e-06,2e-07,3.6e-07,7.03e-06
610,100,100,1,1.81e-05,0.9985,1.705e-05,9.06e-06,8.76e-06,0.001643
611,100,100,1,1.585e-05,0.9995,2.96e-05,8.17e-06,5.5e-06,0.000455
612,100,100,1,4.65e-06,1.0,1.85e-06,6.6e-07,8.3e-07,0.0001941
613,100,100,1,6e-07,1.0,2e-07,6e-08,6e-08,4.05e-05
614,100,100,1,4.3e-06,1.0,1.6e-06,5.4e-07,5e-07,0.0001324
615,100,100,1,5.96e-06,0.998,3.5e-06,3.04e-06,3.4e-06,0.002104
616,100,100,1,6e-07,1.0,2.4e-07,6e-08,6e-08,1.2e-05
617,100,100,1,2e-06,1.0,4.95e-06,8e-07,5e-07,8.774e-05
618,100,100,1,6.81e-05,0.996,6.39e-05,4.23e-05,4.536e-05,0.003925
619,100,100,1,4.613e-05,0.9907,6.443e-05,2.366e-05,2.646e-05,0.00927
620,100,100,1,5.55e-05,0.9976,6.38e-05,2.48e-05,2.944e-05,0.002148
621,100,100,1,4.71e-05,0.997,4.876e-05,2.69e-05,2.85e-05,0.002687
622,100,100,1,7.594e-05,0.997,0.0001057,2.83e-05,2.69e-05,0.002575
623,100,100,1,5.02e-05,0.998,6.855e-05,1.705e-05,1.687e-05,0.001632
624,100,100,1,0.0002618,0.9976,0.0003629,7.087e-05,5.88e-05,0.001533
625,100,100,1,2.325e-05,0.997,4.923e-05,2.24e-05,1.78e-05,0.002632
626,100,100,1,4.3e-05,0.8066,0.000136,0.00011504,9.423e-05,0.1931
627,100,100,1,2.31e-05,0.9995,4.7e-06,1.9e-06,2.26e-06,0.000225
628,100,100,1,3.66e-05,0.9805,3.946e-05,4.554e-05,4.14e-05,0.01945
629,100,100,1,1.794e-05,0.997,2.074e-05,1.45e-05,1.47e-05,0.002932
630,100,100,1,0.000254,0.968,0.0003202,0.0001493,0.0002266,0.03128
631,100,100,1,3.33e-05,0.9976,5.275e-05,2.676e-05,2.55e-05,0.002478
632,100,100,1,0.000148,0.9927,0.0001421,9.43e-05,0.00012016,0.00673
633,100,100,1,7.12e-05,0.9995,3.654e-05,1.55e-05,1.556e-05,0.00054
634,100,100,1,3.4e-06,1.0,1.97e-06,6e-07,6e-07,9.42e-05
635,100,100,1,0.0001026,0.942,5.01e-05,5.776e-05,7.71e-05,0.0576
636,100,2000,0,0.0002179,0.2788,0.0004861,0.000695,0.0008802,0.7188
637,100,100,1,0.0001678,0.691,0.0003753,0.000501,0.0005283,0.3076
638,100,100,1,2.193e-05,1.0,1.806e-05,4.65e-06,5.8e-06,0.00011784
639,100,100,1,6.264e-05,0.9976,0.00011766,3.785e-05,3.79e-05,0.002396
640,100,100,1,0.0002618,0.997,0.001496,4.953e-05,4.053e-05,0.000993
641,100,100,1,0.0004795,0.9443,0.001107,0.0005074,0.000889,0.05252
642,100,2000,0,7.9e-06,0.002234,9.257e-05,7.224e-05,0.0001276,0.9976
643,100,100,1,0.001045,0.994,0.002565,0.0001345,0.0002235,0.001764
644,100,100,1,0.001011,0.9834,0.000627,0.0004203,0.0008845,0.01378
645,100,100,1,1.9e-06,1.0,1.85e-06,5.4e-07,3.6e-07,0.0001562
646,100,100,1,0.0001599,0.944,0.0002376,0.0002105,0.0002475,0.05527
647,100,100,1,0.0011425,0.957,0.000739,0.0005293,0.000587,0.0402
648,100,100,1,0.0001469,0.779,0.0001279,0.0002389,0.0002635,0.2202
649,100,100,1,8.54e-05,0.9976,0.0001231,5.907e-05,5.19e-05,0.002127
650,100,100,1,0.0002959,0.984,0.001076,0.0004783,0.0002851,0.013954
651,100,100,1,5.47e-05,0.997,5.89e-05,4.39e-05,3.03e-05,0.002964
652,100,2000,0,0.0009365,0.1676,0.002493,0.001978,0.003479,0.823
653,100,100,1,0.0003455,0.9946,0.0005827,0.0002558,0.0002675,0.00396
654,100,100,1,1.585e-05,0.9985,7.4e-06,4.7e-06,5.54e-06,0.001359
655,100,100,1,8.2e-06,1.0,4.9e-06,1.1e-06,9e-07,0.0002159
656,100,100,1,0.000633,0.893,0.001833,0.001239,0.001014,0.10236
657,100,100,1,8.91e-05,0.9683,0.0002017,0.0001476,0.0001537,0.03125
658,100,100,1,0.000261,0.9097,0.000838,0.000414,0.0005894,0.0883
659,100,100,1,1.156e-05,0.9946,1.496e-05,4.8e-06,2.9e-06,0.00525
660,100,2000,0,0.0002033,0.2234,0.002224,0.00026,0.000427,0.7734
661,100,100,1,9.69e-05,0.9995,0.0001689,8.05e-06,1.335e-05,0.0001731
662,100,100,1,8e-07,1.0,6.6e-07,1e-07,1e-07,7.683e-05
663,100,100,1,2.79e-05,0.998,5.543e-05,5.36e-06,4.1e-06,0.001634
664,100,100,1,6.8e-06,0.9995,5.36e-06,2.2e-06,1.9e-06,0.0002494
665,100,100,1,5.25e-06,0.9995,5.07e-06,1.4e-06,1.13e-06,0.0002744
666,100,100,1,1.067e-05,1.0,7e-06,1.4e-06,1.25e-06,0.0001482
667,100,100,1,5.054e-05,0.9966,4.995e-05,2.65e-05,2.81e-05,0.003487
668,100,100,1,0.0001014,0.9995,4.48e-05,5.66e-06,7.7e-06,0.000336
669,100,100,1,2.784e-05,0.9985,2.664e-05,1.31e-05,1.043e-05,0.001327
670,100,100,1,0.0004036,0.9595,0.000645,0.0002606,0.0003576,0.03897
671,100,100,1,0.000693,0.897,0.001627,0.000651,0.000844,0.0991
672,100,100,1,2.426e-05,0.998,3.356e-05,1.353e-05,9.7e-06,0.001861
673,100,100,1,0.00074,0.96,0.000987,0.0002394,0.0004506,0.03748
674,100,100,1,1.395e-05,0.999,1.34e-05,4.95e-06,4.4e-06,0.000793
675,100,100,1,0.0001051,0.9937,0.0001395,4.214e-05,3.61e-05,0.0062
676,100,2000,0,0.0001354,0.166,0.00051,0.000613,0.0008044,0.832
677,100,100,1,0.001015,0.903,0.001517,0.001017,0.001679,0.092
678,100,100,1,8.74e-05,0.998,0.0001079,4.685e-05,4.977e-05,0.001522
679,100,100,1,3.797e-05,1.0,1.794e-05,3.46e-06,4.4e-06,0.0001763
680,100,100,1,6.115e-05,0.9956,5.835e-05,3.61e-05,3.88e-05,0.004326
681,100,100,1,2.15e-06,1.0,1e-06,2.4e-07,3e-07,4.375e-05
682,100,100,1,1.4e-06,1.0,1.85e-06,3e-07,2e-07,5.19e-05
683,100,100,1,0.0001819,0.8286,0.0004122,0.0003617,0.000318,0.1703
684,100,100,1,0.0004807,0.614,0.0007725,0.0009356,0.00119,0.3826
685,100,100,1,3.9e-06,1.0,3.64e-06,4e-07,5e-07,6.75e-05
686,100,100,1,0.0002763,0.961,0.000578,0.0003307,0.0003123,0.03763
687,100,2000,0,6.12e-05,0.01588,0.000274,0.0002782,0.000509,0.983
688,100,100,1,0.0003579,0.9053,0.0003557,0.000236,0.00042,0.0932
689,100,100,1,0.000925,0.838,0.001715,0.001498,0.001346,0.1567
690,100,100,1,1.67e-05,1.0,4.05e-06,5.4e-07,8.3e-07,1.54e-05
691,100,2000,0,0.0004365,0.404,0.0003808,0.000617,0.0009136,0.5938
692,100,2000,0,0.001266,0.4604,0.013565,0.005695,0.0134,0.506
693,100,100,1,5.233e-05,0.998,3.72e-05,1.7e-05,1.89e-05,0.001819
694,100,100,1,0.0001571,0.8823,0.0002947,0.0003648,0.0003583,0.11664
695,100,100,1,6.914e-05,0.997,0.0001452,3.16e-05,2.986e-05,0.002565
696,100,100,1,1.496e-05,1.0,3.5e-06,8e-07,1.13e-06,0.0001305
697,100,100,1,0.0002241,0.993,0.000191,0.0001395,0.000164,0.005966
698,100,100,1,0.0001676,0.9995,0.0001909,2.724e-05,2.04e-05,0.0002133
699,100,2000,0,0.0001488,0.3572,0.00041,0.0003562,0.0004416,0.6416
700,100,100,1,0.0001394,0.9736,0.0002735,0.0001256,0.00011265,0.0256
701,100,100,1,7.39e-05,0.997,6.616e-05,2.503e-05,2.646e-05,0.002542
702,100,2000,0,0.0001391,0.2433,0.0008826,0.0007715,0.001136,0.754
703,100,100,1,2.3e-06,0.9995,1.4e-06,6.6e-07,5.4e-07,0.0005264
704,100,100,1,0.0001252,0.9736,0.001732,0.0001183,0.0001397,0.02426
705,100,100,1,3.88e-05,1.0,2.42e-05,2.15e-06,2.15e-06,7.44e-05
706,100,100,1,2.05e-05,0.9995,3.374e-05,1.9e-06,1.7e-06,0.0002851
707,100,100,1,0.0002778,0.971,0.001903,0.0002297,0.0002325,0.02596
708,100,100,1,0.001368,0.924,0.002083,0.0004709,0.0007067,0.07135
709,100,100,1,3.42e-05,0.999,6.104e-05,9.2e-06,9.54e-06,0.0007625
710,100,100,1,8.1e-06,1.0,4.1e-06,1.6e-06,1.8e-06,0.0002052
711,100,100,1,0.000129,0.9707,0.0003662,0.000268,0.0001885,0.02824
712,100,100,1,0.0003395,0.9976,0.0002456,5.57e-05,8.25e-05,0.001846
713,100,2000,0,0.0001151,0.02406,0.0004752,0.000621,0.001139,0.9736
714,100,100,1,0.01253,0.814,0.01204,0.003313,0.008354,0.1498
715,100,100,1,0.0004208,0.8623,0.000805,0.0005465,0.000526,0.1356
716,100,100,1,0.0001329,0.996,6.53e-05,4.125e-05,4.63e-05,0.003452
717,100,100,1,0.0003555,0.9937,0.001027,0.0002081,0.000234,0.00472
718,100,100,1,2.43e-05,1.0,9.66e-06,7e-07,1.1e-06,4.125e-05
719,100,100,1,2.22e-05,0.9995,2.28e-05,8.17e-06,9.8e-06,0.000657
720,100,100,1,0.001015,0.939,0.003399,0.0006323,0.0007763,0.0554
721,100,100,1,4.63e-05,0.9995,2.563e-05,4.2e-06,6.7e-06,0.0003042
722,100,100,1,0.0001028,0.9917,8.38e-05,4.59e-05,4.86e-05,0.008156
723,100,100,1,3.564e-05,0.9966,0.0001004,2.444e-05,1.69e-05,0.003157
724,100,100,1,0.0001624,0.9717,0.000442,0.0001857,0.0001359,0.02734
725,100,100,1,0.0007186,0.9946,0.000987,0.0001546,0.0001868,0.003088
726,100,100,1,0.0001608,0.9937,7e-05,1.96e-05,1.68e-05,0.006172
727,100,100,1,6.67e-05,0.9956,6.91e-05,4.005e-05,2.72e-05,0.004055
728,100,100,1,0.0003672,0.9927,0.000291,0.0001487,0.00021,0.006176
729,100,100,1,8.46e-06,1.0,4.7e-06,1e-06,1.25e-06,7.53e-05
730,100,100,1,1e-05,1.0,5.84e-06,1.1e-06,1.1e-06,7.33e-05
731,100,100,1,3.55e-05,0.999,5.656e-05,9.95e-06,7.1e-06,0.000862
732,100,100,1,3.19e-05,0.987,2.193e-05,8.34e-06,1.174e-05,0.01335
733,100,100,1,4.95e-06,1.0,2.4e-06,3e-07,3.6e-07,3.237e-05
734,100,100,1,7.29e-05,1.0,3.844e-05,3.9e-06,4.05e-06,0.000106
735,100,100,1,6.43e-05,0.9985,5.734e-05,1.54e-05,1.7e-05,0.001069
736,100,100,1,5.037e-05,0.9473,4.286e-05,4.43e-05,4.47e-05,0.0526
737,100,100,1,4.18e-05,0.988,3.53e-05,2.766e-05,2.354e-05,0.012054
738,100,100,1,8.9e-06,0.999,5.25e-06,2.86e-06,2.5e-06,0.0007243
739,100,100,1,2.176e-05,1.0,9.95e-06,3.6e-07,5.4e-07,3.02e-05
740,100,100,1,0.0001549,0.711,0.0003424,0.0002887,0.0003436,0.2878
741,100,100,1,5.65e-05,0.996,0.000505,7.62e-05,6.84e-05,0.003258
742,100,100,1,5.5e-06,0.999,5.54e-06,1.55e-06,1.55e-06,0.0008736
743,100,100,1,9.99e-05,0.994,0.0002123,7.63e-05,8.25e-05,0.005608
744,100,100,1,1.73e-05,0.7446,2.61e-05,3.654e-05,4.72e-05,0.2554
745,100,100,1,9.584e-05,1.0,3.4e-05,3.1e-06,4.7e-06,5.907e-05
746,100,100,1,0.0006185,0.907,0.0008755,0.000436,0.0004778,0.09033
747,100,100,1,0.0001223,0.866,0.0003185,0.0001411,0.0001459,0.1328
748,100,100,1,4.85e-05,0.996,2.486e-05,1.395e-05,1.115e-05,0.003689
749,100,100,1,2.19e-05,0.999,4.905e-05,8.17e-06,5.8e-06,0.000919
750,100,100,1,0.002146,0.9927,0.001868,0.0001947,0.0002832,0.002626
751,100,2000,0,3.18e-05,0.3098,0.0001217,8.92e-05,0.0001029,0.69
752,100,100,1,9.86e-05,0.9966,0.0001336,1.16e-05,1.69e-05,0.003391
753,100,100,1,0.0001119,0.988,0.0003614,9.59e-05,0.0001007,0.0113
754,100,100,1,3.45e-05,0.998,4.53e-05,6.85e-06,5.9e-06,0.001845
755,100,100,1,8.4e-06,0.9995,1.013e-05,3e-06,2.3e-06,0.0002913
756,100,100,1,9.936e-05,0.987,0.0001085,2.885e-05,3.165e-05,0.013115
757,100,100,1,1.603e-05,0.9995,7e-06,3.5e-06,3.04e-06,0.0004098
758,100,100,1,3.755e-05,0.9805,0.000181,7.06e-05,6.63e-05,0.0192
759,100,100,1,1.6e-06,1.0,9.5e-07,1e-07,6e-08,2.04e-05
760,100,100,1,0.0002394,0.989,0.001074,0.0001651,0.0001793,0.00967
761,100,100,1,0.0006657,0.952,0.000887,0.0007043,0.000789,0.0448
762,100,2000,0,0.00068,0.312,0.001147,0.001134,0.00202,0.683
763,100,100,1,0.0004508,0.9995,6.92e-05,6.1e-06,8.5e-06,3.2e-05
764,100,100,1,9.06e-06,0.9995,3.4e-06,1.6e-06,1.43e-06,0.0002515
765,100,100,1,1.836e-05,0.89,2.885e-05,1.824e-05,1.615e-05,0.1097
766,100,100,1,2.44e-05,0.844,5.3e-05,4.697e-05,3.177e-05,0.1555
767,100,100,1,3.904e-05,0.999,0.000102,2.617e-05,1.83e-05,0.0008745
768,100,100,1,4e-06,1.0,1.7e-06,6e-07,6.6e-07,0.0001114
769,100,2000,0,0.0001508,0.1736,0.0002267,0.0004354,0.000594,0.825
770,100,100,1,9.847e-05,0.6855,0.0002506,0.0002778,0.0002832,0.3137
771,100,100,1,7.03e-06,0.9995,2.074e-05,5.4e-06,4.35e-06,0.000644
772,100,100,1,0.000657,0.9165,0.0007434,0.000546,0.000929,0.08057
773,100,100,1,1.54e-05,0.9995,1.776e-05,5.7e-06,4.7e-06,0.000605
774,100,100,1,0.000583,0.6704,0.00222,0.00143,0.002,0.3235
775,100,100,1,9.4e-06,0.9883,2.605e-05,1.78e-05,1.31e-05,0.01155
776,100,100,1,4.95e-06,1.0,3.6e-06,1.43e-06,1.3e-06,0.000225
777,100,2000,0,3.153e-05,0.2212,0.0001371,0.0001103,0.0001974,0.7783
778,100,100,1,2.38e-05,0.999,4.56e-05,2.23e-05,1.54e-05,0.001041
779,100,100,1,1.466e-05,0.995,2.63e-05,1.28e-05,1.12e-05,0.004837
780,100,100,1,0.0002099,0.9526,0.0003877,0.000277,0.000277,0.04633
781,100,100,1,7.98e-05,0.9297,0.0001191,0.00010884,8.64e-05,0.06976
782,100,100,1,5.8e-06,1.0,3.76e-06,9e-07,9e-07,9.26e-05
783,100,100,1,1.454e-05,0.999,5e-06,2.9e-06,3.76e-06,0.0008073
784,100,100,1,2.5e-06,1.0,3.7e-06,9e-07,6.6e-07,0.0001231
785,100,100,1,6.46e-05,0.9917,7.04e-05,3.66e-05,4.13e-05,0.00811
786,100,100,1,3.6e-06,1.0,3e-06,6.6e-07,6.6e-07,5.28e-05
787,100,100,1,0.002316,0.6533,0.00924,0.002815,0.00452,0.328
788,100,100,1,2.63e-05,0.998,0.00011414,1.44e-05,1.64e-05,0.00155
789,100,100,1,7.52e-05,0.9995,2.843e-05,4.23e-06,5.54e-06,0.0001457
790,100,100,1,9.2e-06,0.9995,9.54e-06,1.9e-06,2.3e-06,0.000355
791,100,100,1,0.0002475,0.6743,0.0004284,0.000562,0.000791,0.3235
792,100,100,1,6.074e-05,0.975,0.0001291,8.73e-05,9.86e-05,0.02469
793,100,100,1,1.657e-05,0.9995,1.615e-05,4.95e-06,6.3e-06,0.0005894
794,100,100,1,0.0001751,0.7915,0.0002398,0.0003252,0.000321,0.2076
795,100,100,1,7.874e-05,0.6455,0.0001268,0.0002402,0.0002314,0.3538
796,100,100,1,4.1e-06,1.0,5.2e-06,1.25e-06,1e-06,0.0001224
797,100,100,1,4.697e-05,0.9814,9.054e-05,3.135e-05,2.855e-05,0.01851
798,100,2000,0,0.0001062,0.1346,0.000632,0.0002882,0.0003304,0.8643
799,100,100,1,0.00011426,0.513,0.000259,0.0002544,0.0002544,0.4858
800,100,100,1,0.0001934,0.93,0.000448,0.0002675,0.000305,0.0685
801,100,100,1,6.74e-06,1.0,5.1e-06,6e-07,7e-07,3.034e-05
802,100,100,1,3.8e-06,0.9995,5.8e-06,1.5e-06,1.25e-06,0.000267
803,100,100,1,0.0001789,0.985,0.0002007,8.416e-05,0.00010663,0.01458
804,100,100,1,6.9e-05,0.9985,8.637e-05,2.635e-05,2.52e-05,0.001104
805,100,100,1,1.46e-05,0.987,0.0001155,3.964e-05,3.12e-05,0.01292
806,100,100,1,0.0003939,0.793,0.001199,0.0006104,0.000749,0.2041
807,100,100,1,4.14e-05,0.9995,8.84e-05,8.6e-06,8.76e-06,0.000248
808,100,100,1,2.74e-05,0.9995,2.5e-05,4.23e-06,5.4e-06,0.0004115
809,100,100,1,0.0001314,0.96,0.0002064,0.0001806,0.0002494,0.03925
810,100,100,1,0.0006137,0.9604,0.000743,0.000491,0.0006995,0.03723
811,100,100,1,1.985e-05,0.9976,2.39e-05,1.234e-05,9.24e-06,0.00255
812,100,100,1,9.6e-05,0.9897,0.0003452,0.0001618,0.0001163,0.00976
813,100,100,1,3.98e-05,0.9976,3.856e-05,3e-05,2.74e-05,0.00213
814,100,2000,0,8.4e-05,0.1616,0.0005307,0.000344,0.000338,0.837
815,100,100,1,1.13e-05,0.984,6.2e-06,4.9e-06,5.54e-06,0.01631
816,100,100,1,0.0003622,0.9434,0.0008016,0.000446,0.0004292,0.05478
817,100,100,1,1.85e-06,1.0,1.7e-06,4e-07,3.6e-07,4.79e-05
818,100,100,1,0.0001382,0.872,0.0004191,0.0003169,0.0003676,0.1266
819,100,100,1,1.9e-06,0.9995,1.6e-06,5e-07,4e-07,0.0003543
820,100,100,1,0.0001059,0.9995,3.55e-05,6.2e-06,6.8e-06,0.000282
821,100,100,1,2.444e-05,0.9985,8.8e-06,4.7e-06,5.1e-06,0.0012
822,100,100,1,0.0001726,0.95,0.0002575,0.0002463,0.0003095,0.0489
823,100,100,1,0.0002964,0.565,0.001459,0.0007377,0.001236,0.4314
824,100,100,1,2.635e-05,0.9995,3.79e-05,8.5e-06,7.5e-06,0.0004869
825,100,100,1,2.13e-05,0.9966,3.86e-05,2.01e-05,1.69e-05,0.003136
826,100,2000,0,9.28e-05,0.179,0.0005684,0.0005126,0.0004778,0.8193
827,100,100,1,2.104e-05,0.9883,5.36e-05,3.076e-05,2.265e-05,0.01162
828,100,100,1,0.0001318,0.99,7.62e-05,6.354e-05,7.546e-05,0.009445
829,100,100,1,0.0001093,0.9995,3.98e-05,7.7e-06,1.174e-05,0.0001731
830,100,100,1,2.134e-05,0.9956,1.45e-05,1.21e-05,1.025e-05,0.0042
831,100,2000,0,6.86e-05,0.05545,0.0001811,0.0002973,0.0005093,0.9434
832,100,100,1,1.46e-05,0.995,1.967e-05,1.544e-05,9.8e-06,0.004982
833,100,100,1,0.0001601,0.9985,0.000263,3.72e-05,4.16e-05,0.0008683
834,100,100,1,2.66e-05,0.9995,3.594e-05,1.33e-05,1.28e-05,0.0005784
835,100,100,1,1.657e-05,1.0,6.4e-06,1e-06,1.8e-06,7.707e-05
836,100,100,1,2.34e-05,0.9995,2.253e-05,5.66e-06,6.14e-06,0.0004869
837,100,100,1,6.115e-05,0.97,6.37e-05,5.484e-05,5e-05,0.02936
838,100,100,1,1.76e-05,0.9995,1.943e-05,5.8e-06,6.14e-06,0.0003242
839,100,100,1,5.56e-05,0.9995,2.325e-05,6.5e-06,8.8e-06,0.00018
840,100,100,1,4.59e-05,0.9995,3.195e-05,9.83e-06,1.31e-05,0.0002728
841,100,2000,0,0.0007377,0.4417,0.004745,0.00136,0.001947,0.55
842,100,100,1,4.786e-05,0.9985,5.27e-05,2.13e-05,1.75e-05,0.001542
843,100,100,1,0.0004241,0.8555,0.0003517,0.000465,0.0004292,0.1427
844,100,100,1,0.002556,0.9575,0.002178,0.0006814,0.001482,0.0356
845,100,100,1,0.0001063,0.9854,6.52e-05,5.615e-05,6.41e-05,0.01417
846,100,100,1,0.0004778,0.8843,0.001264,0.0003686,0.00055,0.1129
847,100,100,1,1.16e-05,0.9995,1.48e-05,5.07e-06,4.1e-06,0.000378
848,100,100,1,1.734e-05,0.999,0.0001415,1.17e-05,1e-05,0.0006695
849,100,100,1,1.454e-05,0.9893,4.46e-05,2.17e-05,1.87e-05,0.010445
850,100,100,1,1.11e-05,1.0,6.26e-06,1.6e-06,1.7e-06,0.0002152
851,100,100,1,5.12e-05,0.848,0.0001494,0.00010246,9.096e-05,0.1515
852,100,100,1,3.98e-05,1.0,3.68e-05,3.64e-06,4.53e-06,0.0001069
853,100,100,1,0.0002286,0.965,0.0004132,0.000214,0.0003211,0.03387
854,100,100,1,2.15e-05,0.9995,2.515e-05,5.96e-06,6.26e-06,0.0002404
855,100,100,1,1.377e-05,0.9995,1.88e-05,3.8e-06,3.1e-06,0.0004623
856,100,100,1,6.5e-05,0.998,0.0003424,6.425e-05,5.78e-05,0.001348
857,100,100,1,5.877e-05,0.996,0.0001215,3.81e-05,2.93e-05,0.003653
858,100,100,1,2.843e-05,0.9995,2.515e-05,2.8e-06,3.46e-06,0.000252
859,100,100,1,7.3e-05,0.9756,0.000976,0.00010216,0.0001389,0.02324
860,100,100,1,0.0002054,0.994,0.000291,8.01e-05,9.704e-05,0.005302
861,100,100,1,2.41e-05,0.9976,0.0001,1.985e-05,1.675e-05,0.00223
862,100,100,1,2.97e-05,0.9985,7.415e-05,2.93e-05,2.24e-05,0.001369
863,100,100,1,0.0003276,0.9995,0.0001699,4.9e-06,7.15e-06,4.66e-05
864,100,100,1,4.69e-05,0.999,7.55e-05,2.1e-05,2.235e-05,0.0007887
865,100,100,1,2.515e-05,0.9995,8.91e-05,4.3e-06,5.5e-06,0.0001472
866,100,100,1,2.59e-05,0.992,4.125e-05,1.675e-05,1.92e-05,0.00789
867,100,2000,0,0.0002338,0.2888,0.001515,0.0007215,0.00107,0.7075
868,100,100,1,4.23e-06,1.0,5.36e-06,8e-07,7e-07,0.0001781
869,100,100,1,1.35e-05,0.9966,3.064e-05,1.305e-05,1.13e-05,0.003328
870,100,100,1,3.99e-05,0.9976,9.44e-05,2.46e-05,1.57e-05,0.002043
871,100,100,1,8.17e-06,1.0,6.26e-06,1.43e-06,1.25e-06,0.0001217
872,100,100,1,2.7e-05,0.9985,6.99e-05,1.436e-05,1.26e-05,0.001358
873,100,100,1,5.68e-05,1.0,5.54e-06,1e-07,2e-07,4.9e-06
874,100,100,1,5.4e-06,1.0,3.16e-06,1.3e-06,1.13e-06,0.000195
875,100,100,1,0.0002067,0.979,0.0003202,0.0001019,0.0001309,0.02034
876,100,100,1,1.46e-05,1.0,5.6e-06,6e-07,8.3e-07,2.9e-05
877,100,100,1,0.0002189,0.9077,0.0006394,0.0004237,0.000431,0.0906
878,100,100,1,3.73e-05,0.9873,4.536e-05,2.545e-05,2.56e-05,0.01253
879,100,100,1,1.26e-05,0.999,1.86e-05,5.1e-06,3.64e-06,0.0009217
880,100,100,1,3e-05,0.9907,6.443e-05,2.32e-05,1.82e-05,0.009056
881,100,100,1,3.225e-05,0.9995,5.31e-05,8.4e-06,8.17e-06,0.0003114
882,100,100,1,1e-06,1.0,7e-07,2e-07,1e-07,3.564e-05
883,100,100,1,2.56e-06,1.0,2e-06,6e-07,5e-07,0.0001243
884,100,100,1,8.46e-06,1.0,4e-06,5e-07,7e-07,4.77e-05
885,100,100,1,8.2e-06,1.0,1.18e-05,8e-07,6e-07,5.64e-05
886,100,100,1,5.59e-05,0.943,9.096e-05,0.0001074,8.35e-05,0.05685
887,100,100,1,2.944e-05,1.0,2.87e-05,1.25e-06,1.43e-06,2.253e-05
888,100,100,1,4.303e-05,0.9995,2.855e-05,1.174e-05,1.1e-05,0.000633
889,100,100,1,1.615e-05,0.996,3.29e-05,1.15e-05,1.067e-05,0.003708
890,100,100,1,0.000133,0.999,0.00011766,2.13e-05,2.04e-05,0.000625
891,100,100,1,1.997e-05,0.9956,2.32e-05,1.144e-05,1.03e-05,0.00423
892,100,100,1,1.61e-05,1.0,8.34e-06,9.5e-07,1.1e-06,0.0001347
893,100,100,1,0.0001507,0.9985,0.00010896,3.53e-05,4.864e-05,0.001213
894,100,100,1,7.33e-06,0.9995,8.94e-06,3.5e-06,2.9e-06,0.0005865
895,100,100,1,3.04e-06,0.9995,5.5e-06,1.8e-06,1.13e-06,0.0003722
896,100,100,1,7.45e-06,0.999,8.17e-06,3.1e-06,2.5e-06,0.001013
897,100,100,1,7.61e-05,0.9897,6.396e-05,1.717e-05,1.93e-05,0.01015
898,100,100,1,3.093e-05,0.999,2.65e-05,9.4e-06,8.3e-06,0.000664
899,100,100,1,0.0001048,0.983,0.0007567,0.0001364,0.0001771,0.016
900,100,100,1,0.0002487,0.997,0.0009036,0.0001612,0.0001508,0.001463
901,100,100,1,4.4e-06,1.0,1.55e-06,5e-07,5.4e-07,5.56e-05
902,100,100,1,4e-06,0.999,8.8e-06,1.9e-06,1.55e-06,0.000963
903,100,100,1,0.0004215,0.9614,0.002197,0.0002978,0.00041,0.03506
904,100,100,1,3.04e-06,1.0,1.4e-06,2.4e-07,2.4e-07,6.676e-05
905,100,100,1,6.89e-05,0.9995,0.00011986,1.18e-05,1.264e-05,0.0004807
906,100,100,1,3.87e-05,1.0,1.955e-05,1.13e-06,1.85e-06,9.155e-05
907,100,100,1,0.0004294,0.946,0.001653,0.0002176,0.0002172,0.0519
908,100,100,1,0.0001591,0.9966,0.0001564,4.697e-05,5.555e-05,0.003153
909,100,100,1,0.0002477,0.969,0.0005975,0.0001545,0.0001723,0.02979
910,100,100,1,6.694e-05,0.8604,0.0004117,0.000159,0.0001575,0.139
911,100,100,1,2.98e-05,0.782,0.0001109,7.96e-05,7.19e-05,0.2173
912,100,100,1,4.286e-05,0.993,5.21e-05,2.52e-05,2.927e-05,0.00649
913,100,100,1,0.0001613,0.987,0.0002718,0.0001495,0.0001677,0.01268
914,100,100,1,2.39e-05,0.999,6.51e-05,7.1e-06,7.8e-06,0.0007463
915,100,100,1,2.867e-05,0.8667,0.0001229,4.81e-05,4.625e-05,0.1329
916,100,100,1,3.7e-05,0.9956,3.785e-05,2.11e-05,1.9e-05,0.00415
917,100,100,1,3.89e-05,0.994,2.36e-05,1.866e-05,2.01e-05,0.00573
918,100,100,1,9.644e-05,0.6426,0.00025,0.000207,0.0002575,0.3564
919,100,100,1,4.2e-06,1.0,7.33e-06,1.13e-06,9e-07,0.0001386
920,100,100,1,1.73e-05,0.9907,4.43e-05,1.31e-05,9.83e-06,0.00932
921,100,100,1,2.164e-05,1.0,1.2e-05,1.85e-06,2.3e-06,8.947e-05
922,100,100,1,1.19e-05,1.0,1.043e-05,2.5e-06,2.7e-06,0.0001899
923,100,2000,0,0.0009274,0.1332,0.00442,0.003572,0.00482,0.853
924,100,100,1,4.55e-05,0.988,5.716e-05,4.42e-05,4.24e-05,0.01208
925,100,100,1,2.193e-05,0.9995,1.59e-05,4.1e-06,4.95e-06,0.0001979
926,100,100,1,9.3e-06,1.0,5.66e-06,1.1e-06,1.13e-06,9.304e-05
927,100,100,1,8.3e-06,0.9985,3.016e-05,7.7e-06,5.96e-06,0.001324
928,100,100,1,8.684e-05,0.9307,0.000498,7.814e-05,7.486e-05,0.0687
929,100,2000,0,8.047e-05,0.0172,0.0008297,0.000399,0.000654,0.981
930,100,100,1,9.2e-06,0.998,1.645e-05,4.77e-06,3.8e-06,0.001684
931,100,100,1,1.544e-05,0.9995,6.413e-05,3.8e-06,4.8e-06,0.000356
932,100,100,1,7.1e-06,1.0,1.02e-05,1.67e-06,1.5e-06,0.0001353
933,100,100,1,8.786e-05,0.998,6.78e-05,1.89e-05,2.76e-05,0.001897
934,100,100,1,1.794e-05,0.9995,9.69e-05,6.14e-06,5.36e-06,0.0005674
935,100,100,1,3.95e-05,0.9917,3.15e-05,1.92e-05,2.13e-05,0.00838
936,100,100,1,2.1e-06,1.0,2.44e-06,3.6e-07,2.4e-07,3.487e-05
937,100,100,1,0.00011915,0.998,8.92e-05,5.44e-05,5.853e-05,0.001651
938,100,100,1,1.234e-05,0.9995,1.484e-05,3.16e-06,2.86e-06,0.0003064
939,100,100,1,1.16e-05,0.981,3.004e-05,1.603e-05,1.21e-05,0.01894
940,100,100,1,0.0002565,0.8125,0.0001951,0.0001974,0.0003035,0.1866
941,100,100,1,0.000126,0.9785,0.000395,0.0001874,0.0002354,0.02069
942,100,100,1,4.93e-05,0.9814,0.000124,4.38e-05,4.06e-05,0.0183
943,100,2000,0,0.0003715,0.1702,0.001083,0.0009394,0.001163,0.826
944,100,100,1,1.943e-05,0.998,3.92e-05,1.02e-05,6.7e-06,0.002073
945,100,100,1,0.0001956,0.9614,0.0003214,0.00010806,9.17e-05,0.03772
946,100,100,1,2.46e-05,0.9995,1.866e-05,2.3e-06,2.44e-06,0.0002323
947,100,100,1,0.0004263,0.948,0.0001625,0.0001673,0.0002797,0.05093
948,100,100,1,6.56e-06,0.999,1.3e-05,2.56e-06,1.8e-06,0.0007977
949,100,100,1,1.57e-05,0.9995,2.29e-05,2.5e-06,2.3e-06,0.0004425
950,100,100,1,6.07e-05,0.995,0.0001817,1.65e-05,1.86e-05,0.00466
951,100,100,1,0.0001137,0.9487,0.000415,0.00011504,7.755e-05,0.05038
952,100,100,1,0.0001705,0.607,0.0007315,0.0002121,0.0001818,0.3918
953,100,100,1,3.374e-05,0.9995,0.000182,4.4e-06,4.53e-06,0.0001525
954,100,100,1,2.83e-05,1.0,1.657e-05,3.8e-06,4e-06,0.0001768
955,100,100,1,4.5e-05,0.999,3.886e-05,1.07e-05,8.34e-06,0.000778
956,100,100,1,5.6e-05,1.0,4.71e-05,1.25e-06,1.9e-06,3.38e-05
957,100,2000,0,1.89e-05,0.02386,5.58e-05,8.1e-05,0.0001061,0.976
958,100,100,1,2.05e-05,0.9995,3.713e-05,6.3e-06,6.44e-06,0.0003238
959,100,100,1,2.8e-05,0.9995,4.554e-05,6.44e-06,5.2e-06,0.000604
960,100,100,1,1.925e-05,0.9976,1.794e-05,1.097e-05,9.4e-06,0.002207
961,100,100,1,0.0003946,0.9736,0.000541,0.0001274,0.0001407,0.02534
962,100,100,1,9.83e-06,0.9995,1.97e-06,7e-07,8.3e-07,0.0003066
963,100,100,1,7.7e-06,1.0,1.49e-05,1.55e-06,1.4e-06,7.76e-05
964,100,2000,0,9.584e-05,0.3882,0.00027,0.0002127,0.0002964,0.611
965,100,100,1,3.8e-05,0.999,1.84e-05,1.013e-05,1.15e-05,0.000808
966,100,100,1,3.22e-05,0.9985,5.57e-05,1.776e-05,9.24e-06,0.001219
967,100,100,1,0.0001866,0.998,0.0002211,2.086e-05,2.295e-05,0.001427
968,100,100,1,1.687e-05,0.9995,5.06e-05,2.6e-06,2.74e-06,0.0002477
969,100,2000,0,7.6e-06,0.04904,5.95e-05,4.72e-05,7.24e-05,0.9507
970,100,100,1,2.915e-05,0.977,6.7e-05,3.976e-05,3.05e-05,0.02298
971,100,100,1,0.00072,0.993,0.0004573,0.0001464,0.0002372,0.005062
972,100,100,1,4.58e-05,0.9043,0.00011855,4.99e-05,5.91e-05,0.09564
973,100,100,1,5.5e-06,1.0,1.8e-06,2.4e-07,3.6e-07,2.134e-05
974,100,2000,0,0.0004296,0.3108,0.001544,0.0006375,0.000946,0.6855
975,100,100,1,0.0002155,0.991,0.0003312,0.000141,0.0001836,0.00796
976,100,100,1,0.00444,0.8584,0.002047,0.001882,0.00212,0.1311
977,100,100,1,0.0002801,0.965,0.0006337,0.000538,0.0004013,0.03348
978,100,100,1,0.000683,0.9336,0.000688,0.0003529,0.0004728,0.0643
979,100,100,1,8.124e-05,0.998,6.884e-05,4.005e-05,5.096e-05,0.001486
980,100,100,1,0.000476,0.758,0.0006013,0.0003977,0.0004785,0.2404
981,100,100,1,8.06e-05,0.988,8.07e-05,5.13e-05,5.203e-05,0.0121
982,100,100,1,0.001517,0.6616,0.001562,0.002098,0.00343,0.3296
983,100,100,1,0.0005445,0.996,0.000497,9.3e-05,0.000136,0.002752
984,100,100,1,0.0001805,0.763,0.0006437,0.0003102,0.0004647,0.2351
985,100,2000,0,0.000392,0.11304,0.0018835,0.0008383,0.001644,0.8823
986,100,100,1,3.09e-05,0.999,0.0003042,1.31e-05,1e-05,0.0006475
987,100,2000,0,0.0002311,0.349,0.0002644,0.0002558,0.0002484,0.65
988,100,100,1,0.000356,0.7915,0.0001782,0.000282,0.0004437,0.2073
989,100,100,1,0.0001258,0.9707,6.4e-05,9.38e-05,0.0001143,0.02902
990,100,100,1,4.065e-05,0.9966,0.0001898,3.564e-05,3.767e-05,0.003054
991,100,100,1,6e-06,1.0,2.6e-06,4e-07,4e-07,3.53e-05
992,100,100,1,1.04e-05,0.999,4.36e-05,9.3e-06,6.56e-06,0.0006676
993,100,100,1,0.0002016,0.8135,0.001325,0.0005407,0.0005393,0.184
994,100,100,1,3.35e-05,0.9995,3.05e-05,6.9e-06,7.87e-06,0.0003383
995,100,100,1,1.17e-05,0.997,2.15e-05,7.87e-06,5.1e-06,0.002834
996,100,100,1,8.3e-07,1.0,1.4e-06,2e-07,2e-07,1.824e-05
997,100,100,1,6.336e-05,0.999,5.394e-05,2.19e-05,2.33e-05,0.0008807
998,100,100,1,1.37e-05,0.9663,3.165e-05,1.806e-05,1.71e-05,0.03345
999,100,100,1,1.13e-06,0.999,1.97e-06,5e-07,4e-07,0.0008574
1000,1000,1000,1,0.0002465,6.074e-05,0.0188,0.582,0.3987,8.3e-05
1001,1000,1000,1,0.0001584,2.956e-05,0.005745,0.6816,0.3123,7.17e-05
1002,1000,1500,0,0.001654,0.0001159,0.0698,0.3115,0.6167,0.0001141
1003,1000,1000,1,0.0001816,3.54e-05,0.006016,0.5073,0.486,4.876e-05
1004,1000,1000,1,0.0002568,8.225e-05,0.003061,0.723,0.2725,0.000782
1005,1000,1000,1,0.0008774,0.00011283,0.04276,0.6406,0.3154,0.0001229
1006,1000,1500,0,0.001116,0.0001829,0.02734,0.2942,0.6772,0.000178
1007,1000,1500,0,0.0005302,0.0001221,0.01685,0.2181,0.764,0.0002441
1008,1000,1000,1,0.000733,8.255e-05,0.05173,0.7007,0.2465,5.92e-05
1009,1000,1000,1,0.006233,0.00084,0.05896,0.6396,0.2935,0.0009637
1010,1000,1500,0,0.0002763,7.31e-05,0.01267,0.3,0.6865,0.000361
1011,1000,1500,0,0.000497,9.334e-05,0.00886,0.2311,0.7593,0.0001041
1012,1000,1500,0,0.001084,0.0003176,0.1254,0.3848,0.4883,0.0003386
1013,1000,1500,0,0.000702,0.00010014,0.01128,0.4258,0.562,0.0001606
1014,1000,1000,1,0.00481,0.0003607,0.1422,0.4404,0.412,0.000169
1015,1000,1500,0,0.0006843,0.0001521,0.0162,0.2805,0.702,0.0001515
1016,1000,1000,1,0.002838,0.000553,0.03378,0.7593,0.2031,0.0004168
1017,1000,1500,0,0.0003383,4.894e-05,0.010185,0.3484,0.641,5.585e-05
1018,1000,1500,0,0.004776,0.000311,0.04236,0.36,0.5923,0.0001396
1019,1000,1000,1,0.0008764,9.85e-05,0.01528,0.8564,0.1273,8.327e-05
1020,1000,1500,0,0.0079,0.000746,0.04324,0.188,0.76,0.000602
1021,1000,1500,0,0.000975,0.0001133,0.0373,0.2491,0.7124,0.00014
1022,1000,1000,1,0.0009503,0.0003283,0.07184,0.5127,0.4138,0.000331
1023,1000,1000,1,0.002857,0.0008416,0.1458,0.549,0.3008,0.000917
1024,1000,1500,0,0.001762,0.0002371,0.2844,0.308,0.405,0.0002625
1025,1000,1500,0,0.0016575,0.0002328,0.0811,0.3044,0.6123,0.000271
1026,1000,500,0,0.003536,0.000633,0.5586,0.268,0.1687,0.0003455
1027,1000,1000,1,0.002373,0.0004618,0.01005,0.877,0.11,0.000252
1028,1000,1000,1,0.0002933,4.053e-05,0.00792,0.646,0.3457,6.06e-05
1029,1000,1000,1,0.001367,0.0002594,0.06256,0.668,0.2676,0.0004096
1030,1000,1000,1,0.003801,0.0002713,0.07404,0.6265,0.2954,0.0001359
1031,1000,1000,1,0.0002964,6.45e-05,0.019,0.8447,0.136,8.214e-05
1032,1000,1000,1,0.00271,0.0003662,0.1412,0.7725,0.0832,0.0001471
1033,1000,1500,0,0.000237,5.853e-05,0.02122,0.4302,0.5483,0.0001155
1034,1000,1000,1,0.0002918,5.71e-05,0.00888,0.535,0.4558,9.024e-05
1035,1000,1500,0,0.005707,0.00053,0.0876,0.2306,0.6753,0.0004158
1036,1000,1500,0,0.0003312,6.884e-05,0.05313,0.4502,0.4963,7.77e-05
1037,1000,1500,0,0.0003297,0.0001332,0.04834,0.1646,0.7866,0.0001296
1038,1000,1500,0,0.000355,7.516e-05,0.0131,0.1443,0.8423,6.81e-05
1039,1000,1500,0,0.0007915,6.163e-05,0.02193,0.07965,0.8975,4.24e-05
1040,1000,1500,0,0.0001347,4.995e-05,0.00926,0.291,0.699,0.0001409
1041,1000,1500,0,7.12e-05,1.21e-05,0.001498,0.1401,0.8584,3.69e-05
1042,1000,1500,0,0.000379,0.00010324,0.005764,0.3293,0.664,9.036e-05
1043,1000,1500,0,0.000604,0.0001607,0.02115,0.326,0.652,0.00012034
1044,1000,500,0,0.015236,0.001305,0.4924,0.1335,0.3567,0.0006742
1045,1000,500,0,0.00597,0.00055,0.4883,0.2245,0.2805,0.0002954
1046,1000,1500,0,0.003525,0.000457,0.2102,0.3828,0.4028,0.00036
1047,1000,500,0,0.01758,0.0003006,0.905,0.0407,0.03644,0.0001175
1048,1000,500,0,0.00423,0.0004413,0.4888,0.1653,0.341,0.0001839
1049,1000,1500,0,0.00828,0.001462,0.201,0.275,0.5137,0.0009513
1050,1000,1500,0,0.00192,0.00010717,0.1448,0.4165,0.4365,4.89e-05
1051,1000,1000,1,0.01054,0.001039,0.1375,0.629,0.2213,0.0006204
1052,1000,1500,0,0.0003357,7.19e-05,0.0376,0.3044,0.657,8.947e-05
1053,1000,1000,1,0.0003855,0.00011826,0.01599,0.5547,0.4287,0.0001605
1054,1000,1000,1,0.000546,0.0001016,0.1293,0.4946,0.3755,4.34e-05
1055,1000,1000,1,7.07e-05,1.91e-05,0.002068,0.8096,0.1882,0.0001095
1056,1000,1000,1,0.0002959,5.42e-05,0.008995,0.85,0.1406,9.59e-05
1057,1000,1500,0,0.0004785,0.000176,0.0746,0.322,0.6025,0.0001287
1058,1000,1000,1,0.01584,0.0002418,0.2354,0.6113,0.137,0.0001501
1059,1000,1000,1,0.001441,0.000382,0.02463,0.503,0.47,0.0004725
1060,1000,1500,0,0.0001924,5.19e-05,0.004513,0.257,0.738,0.0002233
1061,1000,1500,0,0.00109,0.0003436,0.0385,0.4763,0.482,0.00184
1062,1000,1500,0,0.000674,7.85e-05,0.01672,0.359,0.6235,0.00011027
1063,1000,1500,0,0.0004082,8.66e-05,0.0254,0.4124,0.5615,7.04e-05
1064,1000,1000,1,0.000947,0.0003061,0.02608,0.8213,0.1508,0.0003955
1065,1000,1500,0,0.002422,0.0001174,0.00392,0.0995,0.894,8.04e-05
1066,1000,1500,0,0.0001055,1.985e-05,0.00859,0.2727,0.7188,2.76e-05
1067,1000,1500,0,0.0001271,3.207e-05,0.004154,0.3499,0.646,5.716e-05
1068,1000,1500,0,0.0004783,0.0001749,0.005955,0.4263,0.566,0.001095
1069,1000,1500,0,0.0354,0.001287,0.0248,0.341,0.5967,0.000897
1070,1000,1500,0,0.000393,0.0001363,0.007015,0.265,0.727,0.0003433
1071,1000,1500,0,0.0003002,8.18e-05,0.01219,0.2423,0.745,0.0001038
1072,1000,1500,0,0.015144,0.007626,0.2194,0.1779,0.5713,0.00876
1073,1000,500,0,0.002483,0.00666,0.7607,0.0913,0.135,0.003586
1074,1000,1000,1,0.00602,0.0004518,0.069,0.8745,0.0498,0.0003016
1075,1000,1500,0,0.0002534,1.73e-05,0.01715,0.4397,0.543,2.456e-05
1076,1000,1500,0,0.0001389,2.44e-05,0.007164,0.4365,0.556,1.764e-05
1077,1000,1500,0,0.0004237,0.0002272,0.007683,0.3274,0.66,0.003876
1078,1000,1500,0,0.006702,0.0002477,0.06042,0.1326,0.8,0.0001729
1079,1000,1500,0,0.00049,0.0001037,0.01544,0.3735,0.61,0.0002658
1080,1000,1000,1,0.0001091,2.646e-05,0.01027,0.6455,0.3442,5.144e-05
1081,1000,1500,0,0.001003,0.0001885,0.0379,0.4097,0.5513,0.0002145
1082,1000,1000,1,0.001641,0.0002477,0.1838,0.598,0.2158,0.0002546
1083,1000,500,0,0.00435,0.000804,0.637,0.2405,0.1165,0.0003948
1084,1000,1000,1,0.0002959,6.324e-05,0.007812,0.813,0.179,0.00011015
1085,1000,1500,0,8.225e-05,4.1e-05,0.01134,0.4026,0.586,8.225e-05
1086,1000,1500,0,0.000252,4.13e-05,0.005314,0.2747,0.7197,0.0001742
1087,1000,1500,0,0.0006995,0.0001928,0.02057,0.3987,0.579,0.0006394
1088,1000,1500,0,0.0002002,3.785e-05,0.002584,0.276,0.721,5.88e-05
1089,1000,1500,0,0.03864,0.001327,0.0208,0.1765,0.762,0.0006256
1090,1000,1500,0,0.0005383,0.0002342,0.03302,0.266,0.6997,0.0004072
1091,1000,1500,0,0.0002027,4.935e-05,0.00653,0.1658,0.827,7.266e-05
1092,1000,1500,0,0.0008373,0.0001909,0.01749,0.1495,0.831,0.0009375
1093,1000,1500,0,0.003057,0.000325,0.01833,0.1525,0.8257,0.0003815
1094,1000,1500,0,0.004913,0.001171,0.1473,0.2524,0.593,0.001305
1095,1000,1500,0,0.0003846,6.96e-05,0.01053,0.1486,0.8403,8.833e-05
1096,1000,1500,0,0.000928,0.00012076,0.0219,0.2087,0.768,0.000186
1097,1000,1500,0,0.0005045,0.0001509,0.11237,0.3228,0.564,0.0001835
1098,1000,1500,0,0.0001957,3.32e-05,0.02072,0.458,0.521,3.32e-05
1099,1000,1500,0,0.011986,0.000916,0.2698,0.2457,0.471,0.000732
1100,1000,500,0,0.003952,0.0004005,0.4768,0.1527,0.3662,0.00010186
1101,1000,1500,0,0.000983,0.0002468,0.01028,0.196,0.792,0.0005355
1102,1000,500,0,0.001796,0.0001382,0.4473,0.1274,0.4233,4.774e-05
1103,1000,1000,1,0.0003395,0.0001155,0.01793,0.588,0.3933,0.0002184
1104,1000,1500,0,9.865e-05,1.92e-05,0.00899,0.3306,0.66,2.44e-05
1105,1000,1000,1,0.0009027,0.0001271,0.0759,0.538,0.3848,8.905e-05
1106,1000,1500,0,0.002619,9.95e-05,0.3137,0.2874,0.396,5.1e-05
1107,1000,1500,0,0.000532,0.0001266,0.02852,0.1869,0.7837,0.0001311
1108,1000,1500,0,0.001391,0.0001818,0.02396,0.2013,0.773,0.0001622
1109,1000,1000,1,0.0003462,4.39e-05,0.02338,0.5713,0.405,3.153e-05
1110,1000,1500,0,0.000218,3.13e-05,0.00618,0.4246,0.569,3.79e-05
1111,1000,1000,1,0.0005026,0.00010675,0.0422,0.6846,0.2727,9.096e-05
1112,1000,1500,0,0.0007753,0.0002468,0.0253,0.3508,0.622,0.0007677
1113,1000,500,0,0.003698,0.0001602,0.9316,0.02635,0.03818,3.22e-05
1114,1000,1500,0,0.0002271,5.28e-05,0.01527,0.2708,0.7134,7.96e-05
1115,1000,500,0,0.006405,0.0003893,0.815,0.1276,0.05072,0.0001674
1116,1000,1000,1,0.004543,0.0001395,0.06082,0.7603,0.1743,0.00011516
1117,1000,1500,0,0.000814,0.0001975,0.0177,0.3032,0.6777,0.000187
1118,1000,1500,0,0.0003304,8.005e-05,0.01892,0.1702,0.81,0.0002362
1119,1000,500,0,0.00237,0.0004592,0.8076,0.1095,0.0797,0.0002148
1120,1000,500,0,0.0144,0.001268,0.4,0.3096,0.2744,0.0003576
1121,1000,1000,1,0.004303,0.000645,0.1489,0.464,0.3818,0.00026
1122,1000,1000,1,0.01765,0.0001588,0.3435,0.5195,0.11884,8.33e-05
1123,1000,1000,1,0.0006905,9.626e-05,0.04633,0.5464,0.4062,0.00010324
1124,1000,1000,1,0.001993,0.000371,0.2817,0.4255,0.29,0.0003483
1125,1000,1000,1,0.0001699,4.864e-05,0.02798,0.7485,0.2234,7.25e-05
1126,1000,1500,0,0.01153,0.000656,0.2129,0.3179,0.4563,0.000726
1127,1000,1500,0,0.0005026,4.4e-05,0.02458,0.2258,0.749,4.67e-05
1128,1000,1000,1,0.0006413,7.59e-05,0.06,0.4912,0.448,6.59e-05
1129,1000,1000,1,0.001637,0.0003211,0.0865,0.7983,0.113,0.0002335
1130,1000,500,0,0.0007677,8.094e-05,0.8755,0.0472,0.07635,3.18e-05
1131,1000,500,0,0.00156,0.0002078,0.4558,0.1613,0.3809,0.0001451
1132,1000,1500,0,0.00121,0.000415,0.0315,0.2979,0.6675,0.001374
1133,1000,1500,0,0.0003235,5.555e-05,0.01184,0.10284,0.885,4.94e-05
1134,1000,1500,0,0.00248,0.0004246,0.07605,0.1316,0.789,0.0003047
1135,1000,500,0,0.01588,0.0008607,0.7207,0.1301,0.1318,0.0003903
1136,1000,500,0,0.02121,0.001932,0.7944,0.06042,0.12115,0.0006137
1137,1000,1000,1,0.0002851,7.075e-05,0.02966,0.582,0.3877,6.646e-05
1138,1000,1000,1,0.001111,0.0001452,0.06186,0.533,0.4033,6.7e-05
1139,1000,1000,1,0.000881,0.0002241,0.1047,0.636,0.258,0.0001281
1140,1000,1000,1,4.345e-05,5.1e-06,0.001529,0.823,0.1753,7.15e-06
1141,1000,1500,0,0.00038,7.34e-05,0.0171,0.3809,0.6016,5.87e-05
1142,1000,1500,0,0.002958,0.0002298,0.1885,0.2664,0.542,7.35e-05
1143,1000,1000,1,0.02219,0.001151,0.1289,0.698,0.1493,0.0003195
1144,1000,0,0,0.901,0.0005536,0.0705,0.01965,0.008385,0.0001808
1145,1000,1500,0,0.0003734,0.0001047,0.01382,0.2654,0.72,0.0002785
1146,1000,1500,0,0.001411,0.0005093,0.02101,0.446,0.531,0.0002367
1147,1000,1500,0,0.01749,0.003983,0.294,0.2203,0.463,0.001331
1148,1000,1000,1,0.0008006,6.14e-05,0.04898,0.586,0.364,4.476e-05
1149,1000,1500,0,0.000928,0.0003831,0.0321,0.3423,0.623,0.001089
1150,1000,1500,0,0.0002178,1.89e-05,0.005215,0.276,0.7188,1.25e-05
1151,1000,500,0,0.001005,0.0002301,0.536,0.1477,0.3147,6.24e-05
1152,1000,1000,1,0.001455,0.0002409,0.1448,0.5103,0.3433,0.0001662
1153,1000,1500,0,0.0007987,0.0001742,0.02844,0.2773,0.693,0.0003183
1154,1000,1500,0,0.000675,0.0001314,0.0479,0.2927,0.658,0.0001377
1155,1000,1500,0,0.0003226,3.517e-05,0.0646,0.3342,0.6006,3.58e-05
1156,1000,1500,0,0.00937,0.000693,0.1536,0.25,0.586,0.0002122
1157,1000,1500,0,0.0007796,0.0001267,0.01132,0.1295,0.858,0.0001059
1158,1000,500,0,0.002924,0.0003645,0.753,0.02307,0.2207,0.000194
1159,1000,1500,0,0.01534,0.0003712,0.03687,0.3516,0.5957,0.0002296
1160,1000,1500,0,0.001938,0.0004325,0.3594,0.2289,0.409,0.0004826
1161,1000,1000,1,0.001659,0.0001208,0.05164,0.7188,0.2275,8.535e-05
1162,1000,1000,1,0.008896,0.0001528,0.399,0.445,0.147,5.686e-05
1163,1000,1500,0,0.001555,0.0002044,0.271,0.2317,0.4954,0.0001861
1164,1000,1000,1,0.00223,0.0001213,0.112,0.7417,0.1438,7.62e-05
1165,1000,1500,0,0.0001844,5.76e-05,0.01785,0.4365,0.5454,0.0001145
1166,1000,1500,0,0.0004227,9.525e-05,0.02435,0.2295,0.745,0.000286
1167,1000,1500,0,0.000513,0.0002278,0.05704,0.2937,0.648,0.0006576
1168,1000,1000,1,0.02464,0.0001597,0.01782,0.9395,0.01784,5.83e-05
1169,1000,1000,1,0.001947,1.985e-05,0.0255,0.9507,0.0216,1.377e-05
1170,1000,1000,1,0.0002542,6.735e-05,0.005196,0.535,0.4595,6.68e-05
1171,1000,1500,0,0.0005136,0.0001806,0.006824,0.403,0.588,0.001581
1172,1000,1000,1,0.0007577,0.0002315,0.01868,0.701,0.2788,0.0004284
1173,1000,1500,0,0.0002329,5.18e-05,0.00532,0.2433,0.751,9.984e-05
1174,1000,1500,0,0.0001249,4.65e-05,0.00396,0.4075,0.5884,0.0001475
1175,1000,1500,0,0.000932,0.0002635,0.04895,0.3281,0.6216,0.0003695
1176,1000,1500,0,0.0003023,8.36e-05,0.00402,0.3413,0.6543,0.0002207
1177,1000,1500,0,0.0004237,9.42e-05,0.0149,0.2273,0.757,0.000191
1178,1000,1500,0,0.0006413,0.0002582,0.1423,0.1582,0.698,0.0004358
1179,1000,1500,0,0.01087,0.0003438,0.336,0.185,0.4675,0.0002282
1180,1000,1500,0,0.002905,0.0002506,0.1503,0.2622,0.584,0.0001384
1181,1000,1500,0,0.008095,0.0004838,0.4329,0.0837,0.4746,0.0003524
1182,1000,1500,0,0.006172,0.0005913,0.1835,0.1757,0.6333,0.000679
1183,1000,500,0,0.00708,0.000575,0.5854,0.1302,0.2766,0.0002975
1184,1000,1500,0,0.0429,0.001622,0.3145,0.2915,0.3484,0.0009665
1185,1000,1500,0,0.000248,3.78e-05,0.00943,0.2751,0.715,7.516e-05
1186,1000,1500,0,0.002861,0.0003865,0.271,0.253,0.4727,0.0001749
1187,1000,1000,1,0.0004537,8.136e-05,0.01401,0.8237,0.1619,0.000126
1188,1000,1000,1,0.0003858,6.6e-06,0.001608,0.996,0.001703,4.4e-06
1189,1000,1000,1,5.94e-05,7.57e-06,0.002192,0.9707,0.02727,1.41e-05
1190,1000,1000,1,5.794e-05,1.246e-05,0.002832,0.943,0.05405,4.417e-05
1191,1000,1000,1,0.0001439,1.216e-05,0.002192,0.972,0.02556,2.253e-05
1192,1000,1000,1,0.000578,0.00010586,0.007175,0.8677,0.12427,0.0001857
1193,1000,1000,1,0.0002952,6.175e-05,0.003885,0.8716,0.1241,0.0002313
1194,1000,1000,1,0.0002701,5.35e-05,0.006317,0.977,0.01616,0.0001704
1195,1000,1000,1,0.0001564,1.91e-05,0.0031,0.9717,0.025,2.32e-05
1196,1000,1000,1,0.0001469,1.454e-05,0.00811,0.909,0.08276,7.8e-06
1197,1000,1000,1,0.0002844,4.405e-05,0.01264,0.817,0.1699,6.36e-05
1198,1000,1000,1,0.0003428,7.075e-05,0.01639,0.8057,0.1776,0.0001237
1199,1000,1000,1,0.0003579,4.095e-05,0.002357,0.983,0.01438,2.89e-05
1200,1000,1000,1,0.000721,6.93e-05,0.004215,0.9746,0.02025,7.47e-05
1201,1000,1000,1,0.000349,3.35e-05,0.0096,0.962,0.02797,5.436e-05
1202,1000,1000,1,0.001207,0.0001207,0.146,0.6504,0.2023,0.0001016
1203,1000,1000,1,0.001556,0.0003307,0.03705,0.86,0.10095,0.0004373
1204,1000,1000,1,0.001717,0.0005054,0.04138,0.8003,0.1552,0.001178
1205,1000,1000,1,0.0004516,7.91e-05,0.08984,0.4934,0.4163,0.0001107
1206,1000,1500,0,0.0004017,4.804e-05,0.02306,0.4097,0.567,5.937e-05
1207,1000,1500,0,0.000788,0.0001109,0.0334,0.3596,0.606,0.0001158
1208,1000,1500,0,0.001082,0.00011724,0.06476,0.4053,0.529,7.78e-05
1209,1000,1500,0,0.000781,0.0001502,0.02167,0.3025,0.675,0.0002022
1210,1000,1000,1,0.0003366,5.41e-05,0.03467,0.64,0.3245,5.54e-05
1211,1000,1000,1,0.04147,0.000739,0.3103,0.4905,0.1565,0.0005383
1212,1000,1500,0,0.0005083,7.904e-05,0.0342,0.312,0.653,8.25e-05
1213,1000,1000,1,0.000952,0.0003114,0.041,0.5117,0.4456,0.0005717
1214,1000,1000,1,0.0007467,0.0001442,0.03128,0.618,0.3496,0.0001334
1215,1000,1500,0,0.000228,3.11e-05,0.00798,0.203,0.7886,5.525e-05
1216,1000,1000,1,0.002865,0.0005364,0.02034,0.5903,0.385,0.0008373
1217,1000,1000,1,0.0001794,9.95e-06,0.003757,0.775,0.2212,2.176e-05
1218,1000,1500,0,0.003765,0.001106,0.04123,0.3423,0.61,0.001651
1219,1000,1500,0,0.000724,0.0001577,0.00665,0.2261,0.766,0.0002477
1220,1000,1500,0,0.0006504,0.0001693,0.0747,0.1395,0.7847,0.000268
1221,1000,1000,1,9.423e-05,1.23e-05,0.002857,0.522,0.475,1.74e-05
1222,1000,1500,0,8.994e-05,2.68e-05,0.01636,0.4438,0.5396,0.00010806
1223,1000,1500,0,0.000387,7.88e-05,0.01825,0.252,0.729,0.000294
1224,1000,1500,0,0.00517,0.001723,0.03293,0.2798,0.6777,0.002468
1225,1000,1000,1,0.0001348,1.806e-05,0.01105,0.841,0.1478,2.09e-05
1226,1000,1000,1,0.00368,0.000556,0.04385,0.5176,0.434,0.0003958
1227,1000,1500,0,0.0011215,0.0002627,0.08527,0.2218,0.6914,0.0002792
1228,1000,500,0,0.005005,0.0001348,0.6045,0.1791,0.211,3.66e-05
1229,1000,1500,0,0.000337,2.39e-05,0.003872,0.189,0.8066,2.97e-05
1230,1000,1500,0,0.002274,0.0004592,0.01221,0.4722,0.5127,0.0005174
1231,1000,1500,0,0.0003514,6.276e-05,0.02228,0.4524,0.525,7.933e-05
1232,1000,1500,0,0.0007563,5.32e-05,0.02335,0.4697,0.506,4.375e-05
1233,1000,500,0,0.005135,0.0004187,0.6084,0.05853,0.3274,0.0002594
1234,1000,1500,0,0.002367,0.0001006,0.0615,0.1362,0.8,2.69e-05
1235,1000,1500,0,0.000554,5.96e-05,0.02684,0.1018,0.8706,3.844e-05
1236,1000,1500,0,0.000499,0.000122,0.00848,0.1836,0.807,0.0001694
1237,1000,1500,0,0.001271,0.00010335,0.00678,0.164,0.8276,7.653e-05
1238,1000,1500,0,0.000935,0.0004852,0.1058,0.09454,0.7974,0.001108
1239,1000,1500,0,0.0002174,0.00011283,0.05273,0.2257,0.72,0.0009246
1240,1000,1000,1,0.000466,0.0001247,0.00333,0.5825,0.413,0.0004847
1241,1000,1500,0,0.000392,8.935e-05,0.00879,0.1953,0.7954,0.000184
1242,1000,1500,0,0.000163,3.33e-05,0.00251,0.3108,0.6865,4.5e-05
1243,1000,1000,1,0.0007777,0.0001736,0.03745,0.5933,0.3682,0.000246
1244,1000,1000,1,0.0001216,2.074e-05,0.003862,0.5483,0.4475,3.15e-05
1245,1000,1000,1,0.014725,0.0010805,0.01842,0.727,0.2383,0.000578
1246,1000,1500,0,0.0004103,8.19e-05,0.004177,0.4597,0.5356,0.0001566
1247,1000,1500,0,0.0004618,9.894e-05,0.0153,0.282,0.7017,0.000303
1248,1000,1500,0,0.001011,0.000423,0.1477,0.1245,0.7256,0.0007057
1249,1000,1500,0,0.002314,0.0002477,0.02132,0.4348,0.541,0.0003135
1250,1000,1000,1,0.000857,8.583e-05,0.0197,0.597,0.3818,5.37e-05
1251,1000,1000,1,0.01413,0.0003002,0.1226,0.805,0.0575,0.0002104
1252,1000,1500,0,0.0001658,4.2e-05,0.005924,0.273,0.7207,0.0004177
1253,1000,1500,0,0.002792,0.0005727,0.2426,0.375,0.378,0.001074
1254,1000,1000,1,0.00488,0.0009203,0.02107,0.5195,0.4521,0.001459
1255,1000,1000,1,0.002087,0.0004778,0.08954,0.597,0.3105,0.0002666
1256,1000,1000,1,0.0001236,1.64e-05,0.007965,0.9194,0.07245,1.675e-05
1257,1000,1500,0,0.000951,9.25e-05,0.014755,0.3723,0.612,0.0001438
1258,1000,1000,1,0.000541,3.415e-05,0.004063,0.944,0.05142,2.384e-05
1259,1000,1000,1,0.000615,7.206e-05,0.01608,0.5723,0.4106,8.26e-05
1260,1000,1000,1,0.0365,0.000572,0.0837,0.8228,0.0561,0.000301
1261,1000,1000,1,0.0003598,5.13e-05,0.01027,0.948,0.0411,3.314e-05
1262,1000,1000,1,0.0001283,3.21e-05,0.003286,0.8735,0.12317,8.2e-05
1263,1000,1000,1,4.506e-05,4.1e-06,0.001499,0.9893,0.00932,1.9e-06
1264,1000,1000,1,0.000994,4.715e-05,0.005123,0.815,0.1787,3.99e-05
1265,1000,1000,1,0.0006075,4.15e-05,0.0174,0.618,0.3635,5.203e-05
1266,1000,1000,1,0.0002298,2.056e-05,0.0076,0.9624,0.0298,6.07e-05
1267,1000,1000,1,0.0002694,2.38e-05,0.003029,0.99,0.006554,2.825e-05
1268,1000,1000,1,0.000755,0.0002092,0.003605,0.5986,0.3965,0.0002604
1269,1000,1000,1,0.00286,0.0001932,0.0144,0.9497,0.03253,0.0001876
1270,1000,1000,1,0.0001982,1.88e-05,0.009315,0.9766,0.01412,2.37e-05
1271,1000,1000,1,0.000413,1.514e-05,0.006634,0.9854,0.007416,7.75e-06
1272,1000,1000,1,0.0001026,1.276e-05,0.0016165,0.9854,0.01297,8.5e-06
1273,1000,1000,1,5.2e-05,9.3e-06,0.001255,0.985,0.01399,1.955e-05
1274,1000,1000,1,0.001125,0.0001202,0.02069,0.919,0.05914,0.0001719
1275,1000,1000,1,0.000543,4.256e-05,0.001636,0.994,0.003416,6.557e-05
1276,1000,1000,1,0.000304,1.1e-05,0.005592,0.9756,0.01843,1.41e-05
1277,1000,1000,1,0.0003343,3.01e-05,0.01332,0.854,0.1321,4.14e-05
1278,1000,1000,1,0.0004342,1.53e-05,0.002726,0.944,0.05283,1e-05
1279,1000,1000,1,5.77e-05,1.43e-06,0.000353,0.9985,0.001228,5e-07
1280,1000,1000,1,2.676e-05,2.4e-06,0.0008783,0.996,0.00314,2.56e-06
1281,1000,1000,1,0.0001801,1.645e-05,0.00403,0.984,0.01188,1.64e-05
1282,1000,1000,1,4.447e-05,3.93e-06,0.001174,0.922,0.07684,6.74e-06
1283,1000,1000,1,0.000217,1.21e-05,0.003271,0.9375,0.0589,1.526e-05
1284,1000,1000,1,0.001024,4.83e-05,0.00529,0.9717,0.0217,3e-05
1285,1000,1000,1,0.0007696,7.85e-05,0.006184,0.735,0.258,0.000112
1286,1000,1000,1,0.001037,5.79e-05,0.01148,0.9814,0.00619,3.123e-05
1287,1000,1000,1,2.58e-05,2.44e-06,0.001482,0.993,0.005253,1.8e-06
1288,1000,1000,1,0.0003426,3.016e-05,0.00764,0.9785,0.01362,2.55e-05
1289,1000,1000,1,0.001431,0.0001676,0.01662,0.898,0.0837,0.0002186
1290,1000,1000,1,0.0006185,7.33e-05,0.01271,0.79,0.1967,0.0001707
1291,1000,1000,1,0.001344,0.00010383,0.004307,0.9346,0.05942,9.56e-05
1292,1000,1000,1,0.000483,7.58e-05,0.00756,0.963,0.02904,9.55e-05
1293,1000,1000,1,0.0004244,2.91e-05,0.002905,0.9814,0.01517,2.61e-05
1294,1000,1000,1,0.0001956,1.246e-05,0.00793,0.986,0.00589,9.83e-06
1295,1000,1000,1,0.0001174,2.587e-05,0.002285,0.9814,0.01605,5.484e-05
1296,1000,1000,1,0.0002115,3.266e-05,0.002674,0.98,0.01706,4.79e-05
1297,1000,1000,1,1.42e-05,2.3e-06,0.00034,0.9873,0.0125,3.1e-06
1298,1000,1000,1,0.0001588,1.013e-05,0.006577,0.969,0.02412,4.65e-06
1299,1000,1000,1,0.000193,2.253e-05,0.005665,0.9336,0.0604,2.76e-05
1300,1000,1000,1,3.356e-05,4.2e-06,0.001036,0.994,0.004543,5.36e-06
1301,1000,1000,1,6.72e-05,4.1e-06,0.0004406,0.997,0.002253,3.2e-06
1302,1000,1000,1,0.0003479,3.904e-05,0.01297,0.9585,0.02786,7.85e-05
1303,1000,1000,1,0.000124,2.396e-05,0.003193,0.942,0.05493,5.14e-05
1304,1000,1000,1,0.0001036,1.68e-05,0.001786,0.9893,0.008934,3.75e-05
1305,1000,1000,1,0.000261,1.58e-05,0.00474,0.763,0.2318,9.54e-06
1306,1000,1000,1,0.0003934,3.17e-05,0.0087,0.86,0.1311,3.09e-05
1307,1000,1000,1,0.002556,0.001226,0.07684,0.5215,0.3938,0.003975
1308,1000,1000,1,0.0004115,5.28e-05,0.00841,0.7144,0.2769,7.05e-05
1309,1000,1000,1,0.0003316,7.75e-06,0.0007277,0.982,0.01715,3.93e-06
1310,1000,1500,0,0.0003164,7.313e-05,0.004948,0.2155,0.7793,8.86e-05
1311,1000,1000,1,0.0003026,8.9e-06,0.003023,0.979,0.01782,7.45e-06
1312,1000,1000,1,0.1815,0.001823,0.3184,0.3896,0.1082,0.000541
1313,1000,1000,1,4.953e-05,9.4e-06,0.0006313,0.9683,0.031,3.25e-05
1314,1000,1000,1,7.27e-05,1.31e-05,0.0007915,0.9946,0.004383,2.09e-05
1315,1000,1000,1,5.59e-05,9.36e-06,0.00145,0.986,0.0128,1.26e-05
1316,1000,1000,1,0.0002453,2.2e-05,0.0009365,0.993,0.00557,1.91e-05
1317,1000,1000,1,7.38e-05,6.3e-06,0.001641,0.811,0.1874,9.4e-06
1318,1000,1000,1,6.706e-05,1.65e-05,0.000713,0.988,0.011116,6.84e-05
1319,1000,1000,1,0.000179,5.96e-06,0.00064,0.998,0.0009513,6.44e-06
1320,1000,1000,1,0.00619,0.0006056,0.142,0.5605,0.2903,0.0004973
1321,1000,1000,1,2.97e-05,8.3e-07,0.0001358,0.9995,0.000424,6e-07
1322,1000,1000,1,0.002861,4.47e-05,0.001269,0.9814,0.01448,2.66e-05
1323,1000,1000,1,0.01026,0.0003545,0.010506,0.9585,0.0203,0.0001372
1324,1000,1000,1,4.69e-05,1e-06,0.000344,0.998,0.001497,8e-07
1325,1000,1000,1,0.0002887,1.25e-05,0.0003407,0.996,0.003286,1.043e-05
1326,1000,1000,1,0.001135,3.654e-05,0.003681,0.993,0.002064,2.754e-05
1327,1000,1000,1,0.01071,0.00010115,0.007206,0.966,0.01602,4.45e-05
1328,1000,1000,1,6.3e-05,6.4e-06,0.000639,0.998,0.001458,5.5e-06
1329,1000,1000,1,4.02e-05,7e-06,0.000816,0.992,0.006733,1.234e-05
1330,1000,1000,1,7.72e-05,3.46e-06,0.00010705,0.9985,0.001386,3.8e-06
1331,1000,1000,1,0.0002015,9.24e-06,0.001607,0.973,0.02518,4.6e-06
1332,1000,1000,1,0.000723,5.53e-05,0.03815,0.7563,0.2047,6.29e-05
1333,1000,1000,1,0.0003176,6.8e-06,0.00316,0.9287,0.06793,3.5e-06
1334,1000,1000,1,5.72e-05,2.74e-06,0.002775,0.995,0.002146,1.5e-06
1335,1000,1000,1,0.0001615,1.76e-05,0.00634,0.919,0.0745,1.89e-05
1336,1000,1000,1,3.85e-05,1.13e-06,0.0001782,0.999,0.000605,5e-07
1337,1000,1000,1,0.008385,0.0001409,0.0341,0.928,0.02902,6.25e-05
1338,1000,1000,1,0.000962,4.09e-05,0.008224,0.9775,0.013405,3.004e-05
1339,1000,1000,1,0.002234,6.97e-05,0.07996,0.812,0.1055,4.52e-05
1340,1000,1000,1,0.003464,0.0003774,0.03186,0.9146,0.04837,0.001274
1341,1000,1000,1,0.000873,5.984e-05,0.002363,0.9917,0.005173,2.617e-05
1342,1000,1000,1,0.0003688,1.99e-05,0.001117,0.9976,0.001103,1.645e-05
1343,1000,1000,1,0.000658,9.78e-05,0.00782,0.762,0.2292,8.14e-05
1344,1000,1500,0,0.0004268,6.43e-05,0.006023,0.3293,0.664,0.000158
1345,1000,1000,1,0.0006504,1.54e-05,0.01724,0.9536,0.02867,2.39e-05
1346,1000,1000,1,2.12e-05,1.8e-06,0.0003018,0.992,0.007286,1.7e-06
1347,1000,1000,1,0.0007205,2.32e-05,0.001177,0.988,0.01003,1.75e-05
1348,1000,1000,1,0.000445,3.01e-05,0.03912,0.8247,0.1355,2.11e-05
1349,1000,1000,1,0.00010616,2.93e-05,0.001155,0.992,0.006428,6.4e-05
1350,1000,1000,1,1.69e-05,1.13e-06,0.0001599,0.999,0.001004,9e-07
1351,1000,1000,1,0.000531,1.33e-05,0.000352,0.996,0.003193,9.54e-06
1352,1000,1000,1,0.0003583,1.11e-05,0.003775,0.9897,0.006294,3.5e-06
1353,1000,1000,1,4.274e-05,4.53e-06,0.001647,0.9907,0.00766,7.45e-06
1354,1000,1000,1,0.09143,0.001968,0.1713,0.705,0.03017,0.0002933
1355,1000,1000,1,0.0004752,5.84e-05,0.01575,0.968,0.01572,0.0001111
1356,1000,1000,1,0.0001867,9.6e-06,0.0006456,0.9976,0.001505,7e-06
1357,1000,1000,1,2.253e-05,2.4e-06,0.001247,0.9365,0.062,4.4e-06
1358,1000,1000,1,0.02208,0.00010616,0.006207,0.945,0.02686,3.83e-05
1359,1000,1000,1,7.95e-05,1.88e-05,0.005875,0.5947,0.3992,2.587e-05
1360,1000,1000,1,0.000742,1.854e-05,0.00969,0.965,0.02448,1.2e-05
1361,1000,1000,1,0.00011444,1.13e-05,0.00416,0.9854,0.010315,1.204e-05
1362,1000,1000,1,0.0001402,1.04e-05,0.002666,0.9834,0.01381,9.66e-06
1363,1000,1000,1,0.0001048,1.88e-05,0.00189,0.9053,0.09247,6.57e-05
1364,1000,1000,1,0.0001286,9.8e-06,0.001166,0.9893,0.009674,3.5e-06
1365,1000,1000,1,0.0003684,1.955e-05,0.0005884,0.998,0.001124,3.04e-05
1366,1000,1000,1,0.0004756,5.215e-05,0.003757,0.8145,0.1814,8.2e-05
1367,1000,1000,1,0.002678,5.305e-05,0.00626,0.984,0.007053,3.374e-05
1368,1000,1000,1,3.904e-05,3.8e-06,0.0003839,0.818,0.1818,1.09e-05
1369,1000,1000,1,8.994e-05,7.5e-06,0.007423,0.969,0.02328,4.65e-06
1370,1000,1000,1,0.0003936,0.0001085,0.01099,0.548,0.4402,0.000475
1371,1000,1000,1,0.05945,0.0007353,0.09906,0.431,0.4094,0.0004141
1372,1000,1000,1,0.0002954,2.074e-05,0.006855,0.739,0.2542,1.746e-05
1373,1000,1000,1,0.0002882,2.07e-05,0.005646,0.9834,0.01074,1.955e-05
1374,1000,1000,1,0.0004396,8.7e-06,0.0005646,0.961,0.03806,7e-06
1375,1000,1000,1,0.0003111,1.71e-05,0.02187,0.9224,0.0554,1.6e-05
1376,1000,1000,1,3.886e-05,4.9e-06,0.0008316,0.94,0.05914,5.07e-06
1377,1000,1000,1,0.0008187,4.51e-05,0.00475,0.982,0.01223,2.563e-05
1378,1000,1000,1,0.0001812,4.464e-05,0.00728,0.899,0.09326,0.0001447
1379,1000,1000,1,0.0001079,2.843e-05,0.004585,0.5356,0.4597,5.31e-05
1380,1000,1000,1,0.000303,6.29e-05,0.006042,0.821,0.1727,0.0001231
1381,1000,1500,0,0.00901,0.0002131,0.1113,0.3586,0.5205,0.0001283
1382,1000,1000,1,0.0768,0.002914,0.3186,0.522,0.0788,0.001013
1383,1000,1000,1,0.0001082,1.66e-05,0.001132,0.853,0.1459,2.61e-05
1384,1000,1000,1,0.001554,4.78e-05,0.01364,0.814,0.1707,1.746e-05
1385,1000,1000,1,0.0005593,4.01e-05,0.015045,0.8667,0.11755,3.684e-05
1386,1000,1000,1,0.0001278,3.684e-05,0.00415,0.9634,0.03214,5.36e-05
1387,1000,1000,1,0.0004773,3.666e-05,0.002363,0.993,0.003998,2.99e-05
1388,1000,1000,1,0.0002378,2.176e-05,0.002722,0.9917,0.005203,2.986e-05
1389,1000,1000,1,0.001874,0.0002627,0.0896,0.8687,0.03943,0.0001941
1390,1000,1000,1,1.687e-05,2.1e-06,0.0002818,0.9883,0.011505,3.76e-06
1391,1000,1000,1,4.494e-05,2.4e-06,0.000386,0.988,0.01198,1.7e-06
1392,1000,1000,1,0.0008116,0.0001322,0.01665,0.885,0.09753,0.0001419
1393,1000,1000,1,7.904e-05,1.17e-05,0.000858,0.9595,0.03976,1.27e-05
1394,1000,1000,1,3.9e-06,3e-07,0.0001151,0.982,0.01778,3.6e-07
1395,1000,1000,1,5.63e-05,2.7e-06,0.000278,0.9985,0.001288,3.4e-06
1396,1000,1000,1,0.00112,3.874e-05,0.004757,0.99,0.003994,2.64e-05
1397,1000,1000,1,0.0004349,6.1e-05,0.02924,0.93,0.04007,0.0001078
1398,1000,1000,1,0.003351,5.704e-05,0.01496,0.9517,0.0297,3.827e-05
1399,1000,1000,1,0.000248,3.94e-05,0.00845,0.975,0.01587,5.62e-05
1400,1000,1000,1,0.0002599,2.12e-05,0.00497,0.9775,0.0172,3.016e-05
1401,1000,1000,1,7.78e-05,1.1e-06,0.0005045,0.995,0.004196,6e-07
1402,1000,1000,1,5.4e-05,6.5e-06,0.000469,0.9956,0.00383,8.4e-06
1403,1000,1000,1,6.97e-05,1.17e-05,0.00179,0.993,0.004948,1.88e-05
1404,1000,1000,1,0.000869,3.11e-05,0.002043,0.9927,0.00455,3.415e-05
1405,1000,1000,1,0.0002584,3.374e-05,0.001014,0.9956,0.003155,4.76e-05
1406,1000,1000,1,0.0001478,1.47e-05,0.0055,0.987,0.007267,1.63e-05
1407,1000,1000,1,0.0003421,4.72e-05,0.007603,0.973,0.01895,0.0001205
1408,1000,1000,1,0.005478,0.0001332,0.0188,0.8174,0.1578,0.0001203
1409,1000,1000,1,0.000458,9.83e-06,0.0028,0.9927,0.0039,6.4e-06
1410,1000,1000,1,2.73e-05,1.25e-06,0.0001675,0.997,0.002708,1.1e-06
1411,1000,1000,1,7.88e-05,4.9e-06,0.001033,0.9927,0.0062,2.7e-06
1412,1000,1000,1,2.42e-05,2.9e-06,0.0033,0.931,0.0656,1.85e-06
1413,1000,1000,1,0.0059,0.0001957,0.02136,0.9434,0.0291,9.066e-05
1414,1000,1000,1,0.000151,1.91e-05,0.00291,0.9775,0.01958,1.27e-05
1415,1000,1000,1,0.00537,0.0003157,0.005806,0.9805,0.0078,0.000193
1416,1000,1000,1,0.001682,8.684e-05,0.04343,0.9214,0.0335,4.45e-05
1417,1000,1000,1,0.002617,0.0001781,0.02872,0.9463,0.02196,0.0001726
1418,1000,1500,0,0.008385,0.004723,0.0638,0.2255,0.6494,0.04843
1419,1000,1000,1,0.0003834,7.385e-05,0.00481,0.673,0.3215,0.0001668
1420,1000,1000,1,0.0005345,4.625e-05,0.013596,0.9604,0.0253,2.676e-05
1421,1000,1000,1,0.0002775,3.8e-06,0.0009527,0.946,0.05286,2.5e-06
1422,1000,1000,1,0.00952,0.0002797,0.01414,0.8403,0.1354,0.0002356
1423,1000,1000,1,0.0001253,1.09e-05,0.0008583,0.9385,0.06036,1.335e-05
1424,1000,1000,1,0.0003264,2.784e-05,0.003197,0.6357,0.3608,3.51e-05
1425,1000,1000,1,0.000653,1.74e-05,0.000548,0.9907,0.00791,7.45e-06
1426,1000,1000,1,0.000761,0.00011736,0.0349,0.6265,0.338,0.0001265
1427,1000,1000,1,5.007e-05,8e-06,0.001812,0.945,0.0533,1.92e-05
1428,1000,1000,1,0.003351,0.0001228,0.01031,0.9814,0.00488,8.005e-05
1429,1000,1000,1,0.0003352,1.574e-05,0.002598,0.919,0.0781,1.04e-05
1430,1000,1000,1,0.0006466,6.33e-05,0.01991,0.773,0.2064,4.286e-05
1431,1000,1000,1,6.06e-05,1.3e-05,0.002058,0.9883,0.00938,1.62e-05
1432,1000,1000,1,5.46e-05,2.56e-06,0.0003128,0.9985,0.0009437,2.3e-06
1433,1000,1000,1,0.0001219,1.19e-05,0.00138,0.986,0.01278,1.16e-05
1434,1000,1000,1,9.39e-05,1.514e-05,0.002802,0.9844,0.012505,3.16e-05
1435,1000,1000,1,5.85e-05,7.33e-06,0.0006976,0.9956,0.0038,6.85e-06
1436,1000,1000,1,0.001051,3.916e-05,0.00607,0.9897,0.003262,2.35e-05
1437,1000,1000,1,0.000618,0.00010145,0.01576,0.965,0.01866,0.00011337
1438,1000,1000,1,5.007e-05,3.3e-06,0.000286,0.9844,0.01545,7.1e-06
1439,1000,1000,1,0.0002435,2.4e-05,0.01034,0.936,0.0533,1.466e-05
1440,1000,1000,1,0.001583,0.0001106,0.006622,0.9395,0.05237,6.425e-05
1441,1000,1000,1,9.9e-06,8.3e-07,0.0001089,0.973,0.02686,1e-06
1442,1000,1000,1,0.00805,0.0001837,0.08276,0.875,0.03406,7.51e-05
1443,1000,1000,1,0.0009103,0.0002375,0.01846,0.506,0.4744,0.0002697
1444,1000,1000,1,0.0001721,3.16e-05,0.006683,0.8765,0.1166,7.7e-05
1445,1000,1000,1,8.24e-05,5.25e-06,0.000719,0.9194,0.0797,7.75e-06
1446,1000,1000,1,0.001604,0.0002804,0.0191,0.62,0.3586,0.0003593
1447,1000,1500,0,0.0002534,5.31e-05,0.00969,0.4766,0.513,9.66e-05
1448,1000,1000,1,0.0006194,7.516e-05,0.01877,0.932,0.04816,6.735e-05
1449,1000,1000,1,7.59e-05,2.23e-05,0.001214,0.788,0.2104,7.707e-05
1450,1000,1000,1,0.0001214,1.305e-05,0.001233,0.7617,0.2369,9.95e-06
1451,1000,1000,1,0.0003045,2.75e-05,0.003328,0.828,0.1682,3.535e-05
1452,1000,1000,1,7.62e-05,4.8e-06,0.0007725,0.928,0.07074,3.3e-06
1453,1000,1000,1,0.0001227,2.38e-05,0.002428,0.963,0.03433,4.286e-05
1454,1000,1000,1,0.0001756,1.305e-05,0.002787,0.991,0.00591,1.14e-05
1455,1000,1000,1,0.0002935,2.13e-05,0.01572,0.9243,0.05978,1.264e-05
1456,1000,1000,1,0.0005655,4.52e-05,0.0107,0.9097,0.07916,3.45e-05
1457,1000,1000,1,0.00162,0.0001543,0.02704,0.665,0.3057,0.0001531
1458,1000,1000,1,0.002424,0.0001734,0.0221,0.9478,0.0276,0.0001599
1459,1000,1000,1,0.0001602,1.705e-05,0.001323,0.9917,0.006996,1.58e-05
1460,1000,1000,1,0.0006194,5.144e-05,0.0169,0.801,0.1818,7.147e-05
1461,1000,1000,1,0.0001867,1.943e-05,0.00626,0.9785,0.01489,1e-05
1462,1000,1000,1,0.0002995,3.004e-05,0.004265,0.83,0.165,3.1e-05
1463,1000,1000,1,0.0002518,1.68e-05,0.006104,0.9307,0.06287,1.3e-05
1464,1000,1000,1,0.04575,0.0006504,0.05542,0.786,0.1115,0.0004861
1465,1000,1000,1,0.000312,3.654e-05,0.004528,0.9746,0.0203,8.464e-05
1466,1000,1000,1,0.0004306,2.444e-05,0.00397,0.9897,0.00584,2.706e-05
1467,1000,1000,1,3.934e-05,6.1e-06,0.001396,0.982,0.01654,5.66e-06
1468,1000,1000,1,0.0001432,1.824e-05,0.007164,0.93,0.0627,1.997e-05
1469,1000,1000,1,0.001458,8.476e-05,0.002075,0.9937,0.00285,4.303e-05
1470,1000,1000,1,0.0001833,6.8e-05,0.00347,0.9707,0.02515,0.0005035
1471,1000,1000,1,0.0004692,4.11e-05,0.00899,0.935,0.0553,4.81e-05
1472,1000,1000,1,0.0004683,0.0001035,0.01089,0.91,0.0783,0.0002165
1473,1000,1000,1,8.446e-05,7.2e-06,0.001257,0.9395,0.05936,2.03e-05
1474,1000,1000,1,0.04318,0.0001323,0.01288,0.9062,0.03732,4.536e-05
1475,1000,1000,1,0.00056,1.48e-05,0.00263,0.9863,0.010315,5.2e-06
1476,1000,1000,1,0.0001999,2.78e-05,0.002693,0.962,0.0352,4.28e-05
1477,1000,1000,1,3.55e-05,2e-06,0.00278,0.986,0.011215,9.5e-07
1478,1000,1000,1,0.0005183,4.86e-05,0.002163,0.5664,0.431,5.215e-05
1479,1000,1000,1,1.526e-05,1.3e-06,0.0001783,0.9956,0.00403,1.6e-06
1480,1000,1000,1,0.0004568,4.15e-05,0.02057,0.9546,0.0245,4.91e-05
1481,1000,1000,1,0.000481,3.98e-05,0.003609,0.959,0.03702,4.137e-05
1482,1000,1000,1,6.02e-05,3.04e-06,0.001032,0.9976,0.001454,1.67e-06
1483,1000,1000,1,0.0004764,3.237e-05,0.00845,0.974,0.01672,4.303e-05
1484,1000,1000,1,2.867e-05,3.93e-06,0.0004041,0.996,0.003275,4.4e-06
1485,1000,1000,1,4.38e-05,7.8e-06,0.0005183,0.996,0.003395,2.867e-05
1486,1000,1000,1,0.0006714,6.22e-05,0.01487,0.9604,0.02411,6.884e-05
1487,1000,1000,1,7.904e-05,4.9e-06,0.0003228,0.9985,0.000865,4.3e-06
1488,1000,1000,1,0.0005894,8.05e-05,0.01488,0.9023,0.08185,0.0001195
1489,1000,1000,1,0.003208,7.606e-05,0.00755,0.977,0.01183,8.655e-05
1490,1000,1000,1,0.001009,0.0001149,0.01585,0.6504,0.3328,0.0001195
1491,1000,1000,1,0.000173,8.64e-06,0.0004091,0.9536,0.04575,1.17e-05
1492,1000,1000,1,0.000581,2.605e-05,0.002691,0.882,0.1148,2.146e-05
1493,1000,1000,1,0.0001535,7.87e-06,0.0009003,0.9917,0.007248,5.4e-06
1494,1000,1000,1,0.000654,4.834e-05,0.01817,0.9287,0.05258,3.576e-05
1495,1000,1000,1,0.0004494,9.906e-05,0.02673,0.663,0.3096,0.0001219
1496,1000,1000,1,5.084e-05,6.4e-06,0.003784,0.943,0.0534,3.7e-06
1497,1000,1000,1,0.0001448,2.426e-05,0.004528,0.9053,0.08997,2.9e-05
1498,1000,1000,1,0.0001633,1.62e-05,0.003761,0.9893,0.006577,1.633e-05
1499,1000,1000,1,0.0002099,3.517e-05,0.00452,0.8438,0.1515,5.64e-05
1500,1500,1500,1,0.002277,0.0001335,0.10944,0.432,0.4563,8.684e-05
1501,1500,1500,1,0.00061,4.02e-05,0.03955,0.11597,0.8438,2.706e-05
1502,1500,1500,1,0.001626,0.0001357,0.03137,0.1037,0.8633,0.0001285
1503,1500,1500,1,0.00249,0.00056,0.01107,0.426,0.5586,0.001137
1504,1500,1500,1,0.0002902,4.923e-05,0.02678,0.1637,0.809,0.0001172
1505,1500,500,0,0.0149,0.001015,0.899,0.04208,0.04266,0.0002801
1506,1500,500,0,0.01451,0.001732,0.7554,0.1478,0.08,0.000506
1507,1500,1500,1,0.000259,8.345e-05,0.01494,0.1266,0.858,0.00010926
1508,1500,500,0,0.2072,0.001372,0.591,0.02977,0.1708,0.0002997
1509,1500,500,0,0.002407,0.0006166,0.9204,0.010506,0.0658,0.0001258
1510,1500,1500,1,0.003122,0.0008583,0.0934,0.3782,0.524,0.00057
1511,1500,1500,1,0.002928,0.000274,0.1487,0.192,0.656,0.0001782
1512,1500,1500,1,0.0008636,0.00011307,0.04855,0.2228,0.7275,4.41e-05
1513,1500,1500,1,0.2273,0.001437,0.05927,0.0928,0.6187,0.000679
1514,1500,1500,1,0.003,0.000412,0.1132,0.1694,0.7134,0.0003953
1515,1500,1500,1,0.04477,0.001461,0.03262,0.1693,0.751,0.001057
1516,1500,1500,1,0.0004883,0.0001096,0.1026,0.1804,0.7163,3.92e-05
1517,1500,1500,1,0.001904,0.001231,0.1608,0.1299,0.703,0.00292
1518,1500,1500,1,0.002317,0.000146,0.04105,0.08386,0.8726,0.0001912
1519,1500,1500,1,0.0006003,0.0001588,0.06726,0.1545,0.7773,0.0002283
1520,1500,1500,1,0.001134,0.0003688,0.02823,0.09686,0.8735,0.0001274
1521,1500,1500,1,0.0003889,9.6e-05,0.009735,0.1963,0.7935,9.793e-05
1522,1500,1500,1,0.0001128,2.444e-05,0.011925,0.2435,0.744,3.076e-05
1523,1500,1000,0,0.001749,0.0002089,0.005657,0.6235,0.3682,0.0005116
1524,1500,1500,1,0.004715,0.0001366,0.0206,0.1489,0.8257,8.51e-05
1525,1500,1500,1,0.0002701,3.946e-05,0.007275,0.2494,0.743,3.52e-05
1526,1500,1000,0,0.001605,0.000266,0.07434,0.4956,0.428,0.0001534
1527,1500,1500,1,0.005352,0.0004032,0.2822,0.2299,0.482,0.000373
1528,1500,1000,0,0.000447,0.0001224,0.01165,0.5396,0.448,0.000275
1529,1500,1000,0,0.002808,0.00024,0.00431,0.7207,0.2715,0.0002484
1530,1500,1500,1,0.000328,5.525e-05,0.00864,0.2173,0.7734,6.986e-05
1531,1500,1000,0,0.00010276,1.454e-05,0.002861,0.514,0.483,2.927e-05
1532,1500,1500,1,0.003138,0.0002375,0.04193,0.1711,0.783,0.0001563
1533,1500,1500,1,4.154e-05,1.025e-05,0.0005875,0.2964,0.7026,3.32e-05
1534,1500,1500,1,8.65e-05,1.22e-05,0.00486,0.3923,0.603,1.615e-05
1535,1500,1500,1,0.0003474,2.104e-05,0.006496,0.3525,0.6406,2.45e-05
1536,1500,500,0,0.004875,0.0001796,0.7334,0.1299,0.1317,6.38e-05
1537,1500,1500,1,0.00083,0.0001043,0.003893,0.1694,0.8257,0.00011104
1538,1500,1500,1,0.0005784,8.565e-05,0.01037,0.347,0.642,7.737e-05
1539,1500,1500,1,5.35e-05,5.96e-06,0.001313,0.1898,0.8086,1.79e-05
1540,1500,1500,1,0.0004582,8.81e-05,0.0325,0.272,0.695,6.396e-05
1541,1500,1500,1,0.0004082,6.51e-05,0.06046,0.2211,0.718,3.09e-05
1542,1500,1500,1,0.001102,0.0002352,0.0608,0.2362,0.701,0.0003939
1543,1500,1500,1,0.004982,0.000824,0.09875,0.1742,0.7207,0.0006285
1544,1500,1000,0,8.2e-05,1.234e-05,0.00257,0.7876,0.2096,2.87e-05
1545,1500,1000,0,0.000509,8.637e-05,0.06836,0.613,0.318,7.105e-05
1546,1500,1500,1,8.935e-05,1.36e-05,0.0019045,0.2183,0.78,2.366e-05
1547,1500,1000,0,0.001112,0.0001587,0.03897,0.8633,0.09625,0.000383
1548,1500,1000,0,0.001151,0.00012064,0.06033,0.6323,0.3057,0.0003893
1549,1500,1000,0,0.0008273,8.11e-05,0.03,0.8115,0.1573,6.7e-05
1550,1500,1000,0,0.0002718,7.063e-05,0.00563,0.6904,0.3035,0.0002021
1551,1500,500,0,0.007866,0.001324,0.474,0.2196,0.2961,0.0009084
1552,1500,1500,1,0.001668,0.0004444,0.0762,0.1765,0.7446,0.0004864
1553,1500,1500,1,0.04575,0.001306,0.07196,0.2583,0.622,0.000944
1554,1500,1500,1,0.0001327,2.29e-05,0.003239,0.3672,0.6294,4.584e-05
1555,1500,0,0,0.729,0.0009174,0.1035,0.05588,0.11035,0.0004778
1556,1500,1500,1,0.0002608,3.88e-05,0.003496,0.1284,0.8677,7.22e-05
1557,1500,1000,0,0.0001363,3.344e-05,0.00872,0.5244,0.4666,7.03e-05
1558,1500,1500,1,0.0001397,3.61e-05,0.002907,0.2576,0.7393,0.0001328
1559,1500,1000,0,0.001416,0.000597,0.10974,0.573,0.3137,0.001192
1560,1500,1500,1,0.000272,9.47e-05,0.00368,0.3982,0.5977,0.0001116
1561,1500,1500,1,0.000662,0.0001047,0.014565,0.2893,0.6953,7.17e-05
1562,1500,1500,1,0.0006075,6.27e-05,0.00925,0.2185,0.7715,6.78e-05
1563,1500,1500,1,6.044e-05,6.4e-06,0.00152,0.12024,0.878,1.127e-05
1564,1500,1500,1,0.006004,0.0009117,0.05362,0.305,0.6343,0.000355
1565,1500,500,0,0.01033,0.001848,0.6304,0.1644,0.1924,0.0006814
1566,1500,1500,1,0.0002635,5.71e-05,0.003006,0.344,0.653,0.0001389
1567,1500,1000,0,0.000607,4.79e-05,0.08746,0.471,0.4407,3.72e-05
1568,1500,1500,1,0.001528,0.0001056,0.01817,0.1344,0.8457,5.65e-05
1569,1500,1500,1,0.0132,0.0001795,0.01671,0.0841,0.8857,0.0002058
1570,1500,1000,0,0.0002363,3.94e-05,0.00601,0.514,0.4792,0.0001167
1571,1500,1500,1,0.0005164,0.000126,0.0607,0.2659,0.6724,0.0002582
1572,1500,1500,1,0.00414,0.0001079,0.03867,0.1735,0.7837,5.156e-05
1573,1500,1500,1,0.0004373,0.0001434,0.021,0.148,0.83,0.000255
1574,1500,1500,1,0.000653,0.0002685,0.0292,0.2205,0.7485,0.000806
1575,1500,1000,0,0.000509,0.0001457,0.2347,0.3848,0.3796,0.0001113
1576,1500,1500,1,0.000991,0.0008955,0.02429,0.1338,0.827,0.012955
1577,1500,1500,1,0.000801,0.0001646,0.2095,0.1726,0.6167,7.34e-05
1578,1500,1500,1,0.001435,0.0002522,0.10474,0.4153,0.478,5.877e-05
1579,1500,1500,1,0.0006557,0.0001966,0.02042,0.3247,0.654,0.0003316
1580,1500,1500,1,0.0001698,5.95e-05,0.005543,0.262,0.732,0.0001295
1581,1500,1500,1,0.000582,0.0001261,0.01372,0.2048,0.781,0.0001171
1582,1500,500,0,0.04483,0.0003226,0.854,0.01825,0.0826,9.84e-05
1583,1500,1500,1,0.001664,0.0002532,0.0529,0.08295,0.862,0.0001603
1584,1500,1500,1,0.001932,0.002005,0.0627,0.2646,0.634,0.03482
1585,1500,1500,1,0.000125,1.64e-05,0.001761,0.1584,0.84,2.53e-05
1586,1500,1500,1,0.002222,0.0009294,0.11597,0.3735,0.507,0.0007396
1587,1500,1500,1,0.004642,0.00123,0.3352,0.2827,0.3745,0.001546
1588,1500,500,0,0.00983,0.011856,0.921,0.03336,0.01668,0.0075
1589,1500,1500,1,0.001354,0.0002215,0.01102,0.242,0.745,0.0002677
1590,1500,1000,0,0.00010985,3.695e-05,0.003252,0.5293,0.467,0.0001718
1591,1500,1500,1,0.000819,0.0001068,0.0585,0.2666,0.674,7.635e-05
1592,1500,1500,1,0.000638,0.0001578,0.00662,0.2312,0.761,0.0004137
1593,1500,1500,1,0.001644,0.0003765,0.0365,0.3342,0.627,0.0002851
1594,1500,1000,0,0.01826,0.0003462,0.01662,0.7637,0.2008,0.0002484
1595,1500,1500,1,0.0004098,6.104e-05,0.007023,0.2081,0.784,0.0001502
1596,1500,1500,1,0.00471,0.0002241,0.0332,0.2668,0.695,0.0001646
1597,1500,1500,1,0.000523,0.0001408,0.01242,0.2211,0.7656,0.0002302
1598,1500,1500,1,0.00012016,4.41e-05,0.00907,0.2097,0.781,0.0001758
1599,1500,1500,1,0.0005455,0.0002152,0.01704,0.2257,0.756,0.0005736
1600,1500,1500,1,0.001972,0.0002072,0.01266,0.1605,0.8247,0.000138
1601,1500,1500,1,0.0001432,2.85e-05,0.00921,0.3333,0.657,3.165e-05
1602,1500,1500,1,0.001182,0.0002472,0.02191,0.1827,0.7935,0.0002314
1603,1500,1500,1,0.0002255,3.85e-05,0.002766,0.1584,0.8384,2.82e-05
1604,1500,1500,1,0.001833,0.000608,0.009186,0.4414,0.5464,0.000673
1605,1500,1500,1,0.001646,0.0004876,0.01539,0.1442,0.8345,0.003887
1606,1500,1500,1,0.001718,0.000387,0.006905,0.1611,0.829,0.0006647
1607,1500,1500,1,0.001471,0.0003998,0.01268,0.1009,0.884,0.0007353
1608,1500,1500,1,7.36e-05,1.5e-05,0.002699,0.3345,0.6626,6.41e-05
1609,1500,1500,1,0.01191,0.000591,0.03061,0.355,0.6016,0.0003684
1610,1500,1500,1,0.0001053,1.323e-05,0.004272,0.4436,0.5522,3.59e-05
1611,1500,1500,1,0.0568,0.0004277,0.11084,0.1426,0.689,0.0002656
1612,1500,1500,1,0.000207,6.014e-05,0.008545,0.2568,0.7344,0.0002269
1613,1500,1500,1,8.59e-05,1.17e-05,0.004925,0.257,0.738,1.09e-05
1614,1500,1500,1,0.0001422,1.395e-05,0.002302,0.2751,0.722,1.997e-05
1615,1500,1500,1,6.926e-05,1.58e-05,0.00205,0.347,0.651,5.716e-05
1616,1500,1000,0,0.00025,6.77e-05,0.03055,0.7188,0.2502,0.0002388
1617,1500,1500,1,0.0001329,4.554e-05,0.02075,0.3079,0.671,0.000131
1618,1500,1500,1,6.914e-05,8.64e-06,0.00259,0.1448,0.8525,7.75e-06
1619,1500,1000,0,0.005642,0.000526,0.1073,0.481,0.405,0.000551
1620,1500,1500,1,0.0004244,0.0001199,0.00577,0.4329,0.56,0.0004237
1621,1500,1500,1,0.0003114,6.81e-05,0.01104,0.2218,0.7666,0.0001693
1622,1500,1500,1,5.597e-05,7.6e-06,0.001142,0.1266,0.872,1.34e-05
1623,1500,1500,1,0.0004408,0.0004451,0.01074,0.1516,0.834,0.003016
1624,1500,1500,1,0.001444,0.0009694,0.0263,0.14,0.8296,0.001658
1625,1500,1500,1,0.002789,0.0001698,0.09216,0.1302,0.7744,0.00010496
1626,1500,1500,1,0.0004375,3.97e-05,0.010895,0.0941,0.8945,3.57e-05
1627,1500,1500,1,0.000408,8.565e-05,0.01778,0.154,0.8276,0.00011665
1628,1500,1500,1,0.00969,0.0006056,0.2104,0.1718,0.607,0.0004945
1629,1500,1500,1,0.001207,0.000114,0.1323,0.3218,0.5444,0.00010264
1630,1500,1500,1,0.0002823,9.32e-05,0.03955,0.1431,0.817,8.327e-05
1631,1500,1500,1,0.001151,0.0005774,0.01333,0.1804,0.801,0.003849
1632,1500,1500,1,0.001705,0.000206,0.1179,0.2277,0.6523,5.764e-05
1633,1500,1500,1,0.000409,3.225e-05,0.011894,0.1416,0.846,1.87e-05
1634,1500,1500,1,5.8e-05,9.6e-06,0.0008802,0.4297,0.5693,2.015e-05
1635,1500,1500,1,0.00232,0.0002217,0.0179,0.1174,0.8623,0.000136
1636,1500,500,0,0.014946,0.001412,0.4048,0.328,0.2505,0.0005593
1637,1500,1500,1,0.0006247,0.0001419,0.03442,0.38,0.585,0.0001302
1638,1500,1000,0,0.0005393,0.0001213,0.0751,0.483,0.4414,0.0001391
1639,1500,1500,1,0.000788,0.0002335,0.03607,0.3494,0.613,0.000603
1640,1500,1000,0,0.002136,0.0002047,0.2756,0.3738,0.3484,0.0001757
1641,1500,1500,1,0.000615,0.0001818,0.01797,0.2045,0.7764,0.000517
1642,1500,500,0,0.00288,0.0005593,0.4587,0.2079,0.3296,0.0002885
1643,1500,1500,1,0.0002223,4.65e-05,0.00698,0.1599,0.833,4.63e-05
1644,1500,1500,1,0.0001556,2.444e-05,0.005554,0.262,0.732,2.65e-05
1645,1500,1500,1,0.0001323,2.295e-05,0.006,0.186,0.8076,1.955e-05
1646,1500,1500,1,0.0001357,2.25e-05,0.002008,0.1982,0.7993,5.645e-05
1647,1500,500,0,0.004528,0.0004327,0.71,0.0652,0.2198,0.0002009
1648,1500,1500,1,0.001522,0.0001371,0.02,0.3647,0.6133,8.68e-05
1649,1500,1500,1,0.0002828,4.96e-05,0.005577,0.3047,0.6895,8.44e-05
1650,1500,1500,1,0.000506,0.000158,0.006912,0.1141,0.878,0.0002168
1651,1500,1500,1,0.001518,0.000346,0.03333,0.2412,0.723,0.00061
1652,1500,1500,1,0.001523,0.0004408,0.0786,0.3684,0.551,0.0001283
1653,1500,1500,1,0.000887,2.8e-05,0.005913,0.1472,0.8457,4.685e-05
1654,1500,1500,1,0.0005565,0.00010514,0.02016,0.2063,0.773,9.5e-05
1655,1500,1500,1,0.0005364,4.16e-05,0.003721,0.2057,0.79,5.02e-05
1656,1500,1500,1,0.000255,7.033e-05,0.01717,0.2068,0.7754,0.0001584
1657,1500,1500,1,0.0004694,0.00012153,0.00812,0.4343,0.5566,0.000227
1658,1500,1500,1,0.0001928,0.000138,0.008224,0.1252,0.8657,0.0002549
1659,1500,1500,1,0.0015955,0.0002357,0.1766,0.0851,0.7363,0.0001291
1660,1500,1500,1,0.000526,0.000157,0.03415,0.114,0.851,0.0002446
1661,1500,1500,1,0.00068,0.0002034,0.0714,0.1934,0.734,0.0003982
1662,1500,1500,1,9.66e-05,3.95e-05,0.003784,0.1395,0.8564,0.00012165
1663,1500,1500,1,0.002924,0.00094,0.03372,0.12213,0.838,0.002193
1664,1500,1500,1,0.0001854,3.06e-05,0.00527,0.1433,0.851,4.065e-05
1665,1500,1500,1,0.02478,0.0009375,0.03683,0.07794,0.859,0.0005016
1666,1500,1500,1,0.0002797,3.3e-05,0.00397,0.1256,0.87,4.01e-05
1667,1500,1500,1,0.0004146,0.000161,0.01377,0.11584,0.8696,0.0004146
1668,1500,1000,0,0.000763,3.42e-05,0.1215,0.662,0.2157,2.63e-05
1669,1500,1500,1,0.0006022,7.9e-05,0.01156,0.3865,0.601,5.54e-05
1670,1500,1500,1,0.006878,0.0003555,0.1622,0.3289,0.5015,0.0002251
1671,1500,1500,1,0.000539,7.5e-05,0.01338,0.4863,0.4998,4.22e-05
1672,1500,1000,0,0.0016365,0.0004396,0.07196,0.4792,0.4458,0.000779
1673,1500,1500,1,1.454e-05,4.4e-06,0.002752,0.1854,0.812,4.1e-06
1674,1500,1500,1,0.0009136,0.003145,0.1992,0.1261,0.67,0.000658
1675,1500,1500,1,0.003225,0.0008063,0.268,0.2179,0.509,0.001284
1676,1500,1500,1,0.01396,0.0009584,0.2637,0.1177,0.6035,0.0002768
1677,1500,500,0,0.04285,0.00063,0.599,0.0834,0.2737,0.0002286
1678,1500,1500,1,0.0001559,3.9e-05,0.00474,0.1401,0.855,0.0001207
1679,1500,1500,1,0.0001705,3.374e-05,0.005047,0.0742,0.9204,4.16e-05
1680,1500,1500,1,0.001719,0.0001277,0.03546,0.08826,0.8745,4.77e-05
1681,1500,1500,1,7.653e-05,2.986e-05,0.00578,0.1531,0.841,0.0001342
1682,1500,1500,1,0.0003512,8.476e-05,0.02435,0.1565,0.8184,7.28e-05
1683,1500,1500,1,0.0006213,9.185e-05,0.00882,0.1371,0.853,0.0001451
1684,1500,1500,1,0.000876,5.08e-05,0.00551,0.2935,0.7,3.266e-05
1685,1500,1500,1,0.001066,0.0002218,0.04318,0.11945,0.836,0.0002916
1686,1500,1500,1,0.0004182,7.224e-05,0.03748,0.1924,0.7695,8.124e-05
1687,1500,1500,1,0.0003228,4.36e-05,0.007305,0.2646,0.7275,5.364e-05
1688,1500,1500,1,0.0004168,0.00010437,0.01976,0.2998,0.6797,0.0003061
1689,1500,1500,1,0.0008936,0.00033,0.0923,0.1003,0.806,0.0002056
1690,1500,1500,1,0.001041,0.000167,0.01113,0.2166,0.771,0.0001855
1691,1500,500,0,0.00973,0.001238,0.797,0.04022,0.1503,0.00182
1692,1500,1500,1,0.000182,3.71e-05,0.006287,0.4302,0.5635,8.416e-05
1693,1500,1000,0,0.0003712,9.495e-05,0.02126,0.7314,0.2465,0.0003374
1694,1500,1000,0,0.005142,0.000155,0.08203,0.7524,0.1599,9.215e-05
1695,1500,1500,1,0.001042,0.0002441,0.1627,0.406,0.4297,0.0003016
1696,1500,1000,0,0.0002259,2.55e-05,0.003815,0.7827,0.2131,1.34e-05
1697,1500,1500,1,0.002201,7.933e-05,0.03555,0.317,0.645,7e-05
1698,1500,1500,1,0.0001711,5.89e-05,0.00769,0.466,0.526,0.0001284
1699,1500,1000,0,0.0003474,8.06e-05,0.02457,0.55,0.425,3.81e-05
1700,1500,1500,1,0.0004008,3.386e-05,0.02205,0.298,0.6797,2.867e-05
1701,1500,1500,1,0.0004067,0.00010324,0.0635,0.1888,0.747,0.0001587
1702,1500,1500,1,0.0001498,3.344e-05,0.004414,0.485,0.5103,5.823e-05
1703,1500,1500,1,0.0001138,1.76e-05,0.004734,0.3784,0.6167,1.77e-05
1704,1500,1500,1,0.000289,3.33e-05,0.00518,0.207,0.7876,4.923e-05
1705,1500,1500,1,0.0006533,0.0001705,0.01868,0.1777,0.8027,0.0002992
1706,1500,1500,1,0.0005574,0.00010073,0.416,0.1127,0.4705,8.32e-05
1707,1500,1500,1,0.000256,8.744e-05,0.00381,0.3367,0.658,0.001127
1708,1500,1500,1,0.0004132,9.76e-05,0.01225,0.2532,0.734,0.00010306
1709,1500,1500,1,0.002697,0.002523,0.1131,0.303,0.5664,0.01219
1710,1500,1500,1,0.0004847,7.93e-05,0.07166,0.3313,0.596,7.653e-05
1711,1500,1500,1,0.002144,0.0009403,0.3115,0.3315,0.3516,0.002424
1712,1500,1500,1,0.002726,0.000285,0.0504,0.09015,0.856,0.0002682
1713,1500,1500,1,0.0199,0.001579,0.1582,0.1904,0.6284,0.001455
1714,1500,1500,1,0.001421,0.000495,0.01903,0.1636,0.815,0.000648
1715,1500,1500,1,0.001249,0.0005383,0.03293,0.291,0.666,0.00799
1716,1500,1000,0,0.0003452,0.00010824,0.01386,0.768,0.2175,0.000226
1717,1500,1000,0,0.0002768,3.19e-05,0.0209,0.86,0.1189,3.98e-05
1718,1500,1000,0,0.001072,0.0001767,0.07227,0.4946,0.4316,0.000219
1719,1500,1000,0,0.001263,0.0002127,0.1523,0.489,0.357,0.0002177
1720,1500,1000,0,0.0005975,0.0001395,0.0325,0.7295,0.2369,0.0002282
1721,1500,1000,0,0.0001483,2.605e-05,0.00925,0.712,0.2788,3.99e-05
1722,1500,1500,1,0.0004063,6.354e-05,0.005367,0.442,0.5522,5.43e-05
1723,1500,1500,1,0.001955,0.000302,0.0349,0.2708,0.692,0.0003152
1724,1500,1500,1,0.0004153,8.93e-05,0.0592,0.417,0.523,0.0001032
1725,1500,1000,0,0.003439,0.0004792,0.0371,0.5615,0.3967,0.000594
1726,1500,500,0,0.00414,0.002241,0.461,0.1979,0.3328,0.00218
1727,1500,1500,1,0.0003915,6.38e-05,0.03262,0.4058,0.561,0.0001155
1728,1500,1000,0,7.313e-05,1.013e-05,0.003113,0.5757,0.4211,2.49e-05
1729,1500,1000,0,0.0001221,2.47e-05,0.007183,0.4973,0.4954,3.03e-05
1730,1500,1500,1,0.0004218,3.386e-05,0.00861,0.2281,0.7627,2.635e-05
1731,1500,500,0,0.001972,0.0002472,0.894,0.0233,0.08026,0.000165
1732,1500,1500,1,0.001028,0.0003767,0.0846,0.317,0.5967,0.000773
1733,1500,500,0,0.005444,0.00091,0.423,0.2051,0.3647,0.00055
1734,1500,1500,1,0.000756,0.0002565,0.01973,0.2847,0.694,0.000639
1735,1500,1500,1,0.002123,0.000993,0.0556,0.176,0.7603,0.00522
1736,1500,500,0,0.00363,0.0006714,0.5073,0.10956,0.3784,0.0006065
1737,1500,1500,1,0.001646,0.000512,0.1866,0.0757,0.7354,0.0002856
1738,1500,1500,1,0.002653,0.0004222,0.1976,0.1213,0.6777,0.0002637
1739,1500,1500,1,0.001183,0.0002184,0.01813,0.08295,0.897,0.000776
1740,1500,1500,1,0.0001683,2.98e-05,0.006508,0.455,0.538,4.303e-05
1741,1500,1500,1,0.002127,0.000821,0.0791,0.2976,0.619,0.001532
1742,1500,1500,1,0.0018835,0.0004528,0.3052,0.11395,0.578,0.0004413
1743,1500,1500,1,0.002253,0.000163,0.008705,0.1528,0.836,0.0001636
1744,1500,1500,1,0.0001668,3.48e-05,0.00457,0.316,0.679,4.08e-05
1745,1500,1500,1,0.0004654,7.34e-05,0.00986,0.2498,0.7397,9.644e-05
1746,1500,1500,1,0.0001913,3.03e-05,0.005943,0.1572,0.8364,5.275e-05
1747,1500,1500,1,0.000155,3.374e-05,0.00689,0.2148,0.778,4.73e-05
1748,1500,1500,1,0.00612,0.0001681,0.0166,0.11786,0.859,0.0001388
1749,1500,1500,1,0.000143,4.387e-05,0.00502,0.12164,0.873,0.0001086
1750,1500,1500,1,0.006233,0.00045,0.2495,0.1014,0.642,0.000275
1751,1500,1500,1,0.0001745,3.34e-05,0.01539,0.2551,0.7295,2.28e-05
1752,1500,1500,1,0.0001731,3.45e-05,0.003618,0.132,0.8643,4.786e-05
1753,1500,1500,1,0.001082,0.0002728,0.02303,0.1235,0.852,0.0002038
1754,1500,1500,1,0.001352,0.0001637,0.0202,0.3743,0.604,0.0002546
1755,1500,1500,1,0.0001721,3.13e-05,0.002686,0.3547,0.6426,4.21e-05
1756,1500,1500,1,0.000492,0.000163,0.03735,0.3125,0.6484,0.000949
1757,1500,1500,1,0.0001849,6.96e-05,0.006516,0.09125,0.902,0.0001949
1758,1500,1500,1,0.001507,0.0003183,0.02257,0.4397,0.5356,0.0004387
1759,1500,1500,1,0.02655,0.000493,0.1505,0.1249,0.6973,0.0002651
1760,1500,1500,1,0.0005107,0.0001999,0.04865,0.294,0.656,0.00078
1761,1500,1500,1,0.000243,7.5e-05,0.01558,0.195,0.789,7.826e-05
1762,1500,1500,1,0.000481,5.38e-05,0.13,0.2094,0.66,4.39e-05
1763,1500,1500,1,0.02187,0.0009127,0.05112,0.08295,0.843,0.0004687
1764,1500,1500,1,0.002934,0.001383,0.02765,0.2485,0.712,0.00751
1765,1500,1500,1,0.0006566,5.82e-05,0.01346,0.1842,0.802,6.515e-05
1766,1500,1500,1,0.0008826,0.000249,0.03607,0.1876,0.775,0.0004742
1767,1500,1500,1,0.0006313,0.000243,0.05487,0.2023,0.7417,0.000367
1768,1500,500,0,0.04272,0.001297,0.9185,0.01442,0.02278,0.0001571
1769,1500,500,0,0.00771,0.0003595,0.4995,0.2164,0.276,0.0001823
1770,1500,1500,1,0.000654,0.0001134,0.098,0.3743,0.527,7.796e-05
1771,1500,1500,1,0.000876,9.95e-05,0.01373,0.44,0.5454,0.0001272
1772,1500,1500,1,0.000508,3.77e-05,0.0174,0.4065,0.5757,2.79e-05
1773,1500,1500,1,0.000534,4.67e-05,0.0543,0.3643,0.581,6.3e-05
1774,1500,1500,1,0.00218,0.0003269,0.043,0.269,0.6855,0.0001676
1775,1500,1500,1,0.001965,0.0003664,0.05225,0.2202,0.7246,0.000508
1776,1500,1500,1,0.001041,0.0001944,0.02324,0.11194,0.8633,0.0002327
1777,1500,1000,0,0.000234,4.023e-05,0.02351,0.551,0.4255,4.8e-05
1778,1500,1500,1,0.001553,0.0001731,0.0299,0.1172,0.851,0.000239
1779,1500,1500,1,0.0004737,5.245e-05,0.0875,0.172,0.7397,3.32e-05
1780,1500,1500,1,0.01244,0.0002246,0.19,0.2355,0.5615,9.22e-05
1781,1500,1500,1,0.0006204,9.6e-05,0.03065,0.2054,0.763,9.49e-05
1782,1500,1500,1,0.0006366,5.305e-05,0.00804,0.1525,0.839,4.834e-05
1783,1500,1000,0,0.002045,0.0002713,0.0342,0.5884,0.3748,0.0002725
1784,1500,1000,0,9.894e-05,2.02e-05,0.001865,0.6147,0.3833,7.18e-05
1785,1500,1000,0,0.003056,0.0001496,0.0264,0.5586,0.4119,0.0001078
1786,1500,1000,0,0.000128,1.9e-05,0.002726,0.7695,0.2275,3.13e-05
1787,1500,1000,0,0.0003552,4.053e-05,0.00488,0.507,0.4875,5.436e-05
1788,1500,1000,0,0.00657,0.0001276,0.10944,0.581,0.3027,6.145e-05
1789,1500,1000,0,0.0002453,4.923e-05,0.012276,0.4985,0.4888,0.0001006
1790,1500,1500,1,0.000399,0.0001023,0.003822,0.2554,0.74,0.0003898
1791,1500,1000,0,0.0002301,7.445e-05,0.00364,0.5938,0.4016,0.0006504
1792,1500,1000,0,0.0003643,6.27e-05,0.03702,0.5366,0.426,9.19e-05
1793,1500,1000,0,0.0028,0.0006804,0.1229,0.5825,0.29,0.001122
1794,1500,1500,1,0.000274,4.11e-05,0.011856,0.1819,0.8057,4.89e-05
1795,1500,1000,0,7.8e-05,1.764e-05,0.002703,0.851,0.1461,5.686e-05
1796,1500,500,0,0.00385,0.000583,0.8438,0.0975,0.05414,0.0002191
1797,1500,1000,0,0.0054,0.001115,0.0706,0.476,0.4446,0.002287
1798,1500,1500,1,0.0001189,2.915e-05,0.002497,0.1567,0.8403,8.33e-05
1799,1500,1000,0,0.000754,8.59e-05,0.02136,0.5215,0.4565,8.69e-05
1800,1500,500,0,0.04303,0.001004,0.8374,0.08466,0.03336,0.0003338
1801,1500,1000,0,0.000917,0.0001426,0.00827,0.5605,0.43,0.0001465
1802,1500,1000,0,0.003145,0.0003688,0.06113,0.667,0.2683,0.0002358
1803,1500,1500,1,0.0004318,5.853e-05,0.0604,0.2751,0.664,7.147e-05
1804,1500,1500,1,0.00017,2.927e-05,0.01247,0.1598,0.8276,2.49e-05
1805,1500,1500,1,0.001175,0.0001569,0.01215,0.1754,0.811,0.0001395
1806,1500,500,0,0.005676,0.000962,0.481,0.1757,0.3364,0.0003946
1807,1500,1500,1,0.002665,0.0006766,0.02591,0.1499,0.82,0.000895
1808,1500,1500,1,0.000746,0.00013,0.0759,0.11487,0.808,0.0001236
1809,1500,1500,1,0.0002718,7.373e-05,0.02048,0.1847,0.7944,0.0001734
1810,1500,1500,1,0.0002235,0.00010437,0.004948,0.06198,0.9326,0.0001894
1811,1500,1000,0,0.00010866,2.07e-05,0.002243,0.6353,0.362,9.61e-05
1812,1500,1500,1,0.0004165,7.355e-05,0.05145,0.4392,0.509,0.0001395
1813,1500,1500,1,0.0002223,4.107e-05,0.01443,0.1088,0.8765,6.51e-05
1814,1500,1500,1,0.0001984,2.98e-05,0.03967,0.2329,0.727,7.737e-05
1815,1500,1000,0,0.0007095,0.000149,0.09406,0.4946,0.4102,0.0002477
1816,1500,1500,1,0.006844,0.0003927,0.05826,0.3076,0.6265,0.0004432
1817,1500,500,0,0.011215,0.0007186,0.646,0.0451,0.2969,0.0003743
1818,1500,1500,1,0.0003598,5.08e-05,0.01293,0.415,0.572,5.144e-05
1819,1500,1500,1,0.0009403,0.0001352,0.02968,0.2103,0.759,0.0001165
1820,1500,500,0,0.004272,0.0001429,0.546,0.11786,0.3318,7.3e-05
1821,1500,1500,1,0.002201,0.0004635,0.1865,0.1876,0.6226,0.000502
1822,1500,1500,1,0.0656,0.000958,0.1593,0.24,0.5337,0.0006766
1823,1500,1000,0,0.0002401,2.754e-05,0.004635,0.599,0.396,5.67e-05
1824,1500,1500,1,0.0002537,3.48e-05,0.03583,0.122,0.842,3.18e-05
1825,1500,1000,0,0.0001189,1.836e-05,0.00181,0.8457,0.1525,3.296e-05
1826,1500,1000,0,0.0352,0.001599,0.255,0.5435,0.164,0.0008464
1827,1500,1500,1,0.001001,0.0001283,0.006355,0.2666,0.726,0.00010556
1828,1500,1500,1,0.0008082,0.0001707,0.03455,0.2605,0.704,7.97e-05
1829,1500,1000,0,0.00208,0.0004354,0.07623,0.538,0.382,0.001185
1830,1500,1000,0,0.001939,0.000597,0.01744,0.689,0.2878,0.003344
1831,1500,1500,1,0.000703,0.0001521,0.0439,0.193,0.762,0.0001166
1832,1500,1500,1,5.835e-05,9.36e-06,0.0008364,0.145,0.854,1.25e-05
1833,1500,1500,1,0.000444,0.00010085,0.007313,0.3433,0.649,6.21e-05
1834,1500,1500,1,0.000634,0.0001003,0.00979,0.4685,0.5205,0.0001182
1835,1500,1000,0,9.51e-05,1.705e-05,0.006485,0.589,0.4045,1.687e-05
1836,1500,1500,1,7.85e-05,1.025e-05,0.00402,0.166,0.83,1.556e-05
1837,1500,1500,1,0.0004768,9.12e-05,0.0027,0.2461,0.7505,0.00010175
1838,1500,1500,1,0.000287,0.00010234,0.012215,0.2344,0.752,0.000859
1839,1500,1500,1,0.0785,0.001477,0.3428,0.11865,0.4578,0.0006633
1840,1500,1500,1,0.003166,0.000673,0.02235,0.3604,0.613,0.000673
1841,1500,1000,0,0.00453,0.000811,0.1247,0.465,0.404,0.000939
1842,1500,1500,1,0.00264,0.000397,0.05362,0.1938,0.749,0.0003302
1843,1500,1500,1,0.0002198,6.22e-05,0.01903,0.2378,0.7427,0.000211
1844,1500,1500,1,0.004242,0.0001434,0.4336,0.10864,0.4534,5.73e-05
1845,1500,1500,1,0.003975,0.0005417,0.08966,0.344,0.5615,0.0003872
1846,1500,1500,1,0.000516,9.87e-05,0.0732,0.4197,0.5063,0.00010794
1847,1500,1500,1,0.000348,5.925e-05,0.05118,0.1755,0.773,4.58e-05
1848,1500,500,0,0.003809,0.0002031,0.8403,0.0642,0.09125,0.0001296
1849,1500,500,0,0.03226,0.003687,0.5366,0.07404,0.3499,0.003405
1850,1500,1500,1,0.000403,7.1e-05,0.01348,0.1554,0.8306,6.59e-05
1851,1500,1500,1,0.0002768,5.394e-05,0.05368,0.205,0.741,3.11e-05
1852,1500,1500,1,0.00219,0.0003943,0.0744,0.1941,0.7285,0.0006037
1853,1500,1500,1,0.04657,0.000792,0.02576,0.1263,0.8003,0.0004182
1854,1500,1500,1,0.01299,0.0008774,0.4001,0.06635,0.519,0.0005445
1855,1500,1500,1,0.0814,0.002218,0.1359,0.08813,0.6914,0.00098
1856,1500,500,0,0.006447,0.0001878,0.923,0.00859,0.06195,4.095e-05
1857,1500,1500,1,0.003336,0.0003262,0.1948,0.3281,0.473,0.0003223
1858,1500,1500,1,0.001287,0.0002134,0.2062,0.3445,0.4478,8.726e-05
1859,1500,1500,1,0.0001351,2.91e-05,0.004036,0.2013,0.7944,6.95e-05
1860,1500,1500,1,0.0002534,6.104e-05,0.01807,0.1693,0.8125,3.7e-05
1861,1500,1500,1,0.003422,0.0001675,0.006527,0.08545,0.9043,0.0001346
1862,1500,1500,1,0.0001886,5.45e-05,0.00887,0.163,0.8276,0.0001155
1863,1500,1000,0,0.001457,0.0001039,0.0714,0.6533,0.274,7.48e-05
1864,1500,1500,1,0.0009093,0.00026,0.1368,0.3757,0.486,0.000297
1865,1500,1500,1,0.0002415,2.78e-05,0.00423,0.2483,0.747,4.53e-05
1866,1500,1500,1,0.000913,0.0001339,0.1539,0.2744,0.571,0.0001011
1867,1500,1500,1,0.0004625,5.394e-05,0.02156,0.257,0.7207,5.126e-05
1868,1500,1500,1,0.000859,0.0002116,0.02158,0.37,0.607,0.0004144
1869,1500,1500,1,0.000284,7.76e-05,0.02812,0.1855,0.7856,0.0002751
1870,1500,1500,1,0.003944,0.001291,0.1526,0.273,0.568,0.001614
1871,1500,1500,1,0.000538,0.0002565,0.02223,0.1667,0.8096,0.0006776
1872,1500,500,0,0.06247,0.00902,0.5977,0.21,0.11865,0.002466
1873,1500,1500,1,0.00327,0.0007167,0.114,0.3538,0.528,0.000473
1874,1500,500,0,0.001287,0.00010324,0.5234,0.2112,0.264,3.123e-05
1875,1500,1500,1,0.0004277,0.00011814,0.0359,0.1823,0.7812,0.0001323
1876,1500,1500,1,0.0004356,9.74e-05,0.04404,0.1934,0.7617,0.0001305
1877,1500,1500,1,0.002443,0.0001878,0.3542,0.2468,0.396,0.0002078
1878,1500,1500,1,0.000485,8.297e-05,0.0164,0.1908,0.792,8.39e-05
1879,1500,1500,1,0.0005407,0.0001478,0.008804,0.2778,0.7124,0.000349
1880,1500,1500,1,0.002872,9.74e-05,0.02243,0.11475,0.86,6.44e-05
1881,1500,1500,1,0.00912,0.000748,0.2074,0.2463,0.536,0.0004926
1882,1500,1000,0,0.0003757,3.39e-05,0.00847,0.864,0.1272,5.08e-05
1883,1500,1500,1,0.0003254,3.29e-05,0.006435,0.2625,0.7305,4.274e-05
1884,1500,1500,1,0.000461,4.417e-05,0.0437,0.3862,0.57,2.205e-05
1885,1500,1000,0,0.0001439,1.323e-05,0.00419,0.5547,0.4407,1.967e-05
1886,1500,1000,0,0.0001473,2.49e-05,0.003445,0.5176,0.4788,4.375e-05
1887,1500,1000,0,0.001075,4.053e-05,0.02528,0.623,0.3503,3.78e-05
1888,1500,1500,1,0.0007286,8.947e-05,0.0653,0.3306,0.6035,5.823e-05
1889,1500,1500,1,0.00239,0.0001046,0.05222,0.3638,0.5815,0.0001546
1890,1500,1500,1,0.000464,0.0001491,0.03384,0.2056,0.7593,0.0006185
1891,1500,1500,1,0.000537,0.0001876,0.0763,0.2426,0.68,0.0003874
1892,1500,1500,1,0.000712,0.0001042,0.01723,0.2456,0.7363,0.0001469
1893,1500,1500,1,0.0002937,4.08e-05,0.00488,0.10876,0.886,4.1e-05
1894,1500,1500,1,0.0002247,6e-05,0.00779,0.1838,0.808,8.595e-05
1895,1500,1500,1,0.0001881,1.89e-05,0.006004,0.3706,0.623,1.585e-05
1896,1500,1500,1,0.0002515,3.62e-05,0.01325,0.2607,0.7256,4.81e-05
1897,1500,1500,1,0.001135,0.000198,0.01377,0.134,0.8506,0.000344
1898,1500,1500,1,0.000749,0.0001046,0.05066,0.422,0.5264,0.0001522
1899,1500,1500,1,0.001097,0.000518,0.0948,0.08905,0.812,0.0026
1900,1500,500,0,0.001909,0.001607,0.876,0.01932,0.09894,0.00217
1901,1500,1500,1,0.001857,0.000273,0.0514,0.05936,0.887,9.81e-05
1902,1500,1500,1,0.0007725,0.001438,0.1818,0.266,0.5356,0.014465
1903,1500,1500,1,0.000521,0.0001354,0.07776,0.3533,0.568,0.0002172
1904,1500,1500,1,0.01645,0.0004313,0.1548,0.1439,0.684,0.000286
1905,1500,1500,1,0.0007,0.0002021,0.06058,0.2173,0.7207,0.0003223
1906,1500,1500,1,0.000279,5.63e-05,0.00809,0.1713,0.8203,7.915e-05
1907,1500,1500,1,0.001586,0.0003746,0.01834,0.1335,0.844,0.0018215
1908,1500,1500,1,0.002604,0.0005417,0.04236,0.2615,0.6914,0.001515
1909,1500,1500,1,0.0002759,5.11e-05,0.008484,0.1212,0.8696,0.0001285
1910,1500,1500,1,0.00428,0.002754,0.0418,0.3076,0.5854,0.05814
1911,1500,1500,1,0.0004618,0.0002296,0.07776,0.09424,0.827,0.0002906
1912,1500,1500,1,0.00967,0.001281,0.2062,0.129,0.6533,0.0004394
1913,1500,1500,1,0.002668,0.00159,0.0504,0.2067,0.7324,0.00615
1914,1500,1500,1,0.0003684,0.0001078,0.01419,0.3455,0.639,0.0004249
1915,1500,1500,1,0.001242,0.000928,0.1931,0.331,0.4678,0.00594
1916,1500,1500,1,0.001023,0.0006804,0.0588,0.0825,0.8555,0.001282
1917,1500,1500,1,0.0002377,4.82e-05,0.004787,0.282,0.713,0.0001559
1918,1500,1500,1,0.000625,9.78e-05,0.01762,0.2252,0.7563,0.000226
1919,1500,1500,1,0.000431,6.235e-05,0.00439,0.1459,0.849,0.0001284
1920,1500,1500,1,0.000842,0.0002214,0.02667,0.2708,0.701,0.0002117
1921,1500,1500,1,0.002094,0.0002115,0.01491,0.268,0.7144,0.0002532
1922,1500,1500,1,0.0005326,0.0001581,0.00825,0.331,0.6597,0.000658
1923,1500,1500,1,0.0002298,4.28e-05,0.00525,0.1631,0.8315,4.52e-05
1924,1500,1500,1,0.000705,0.0001519,0.006332,0.1761,0.8164,0.0002875
1925,1500,1500,1,0.0001856,2.8e-05,0.03049,0.3757,0.5933,1.93e-05
1926,1500,1500,1,0.0001929,2.2e-05,0.00881,0.1833,0.8076,2.71e-05
1927,1500,1500,1,0.000906,0.0001713,0.02028,0.4453,0.533,0.000334
1928,1500,500,0,0.02812,0.000668,0.8853,0.02812,0.05753,0.000315
1929,1500,1500,1,0.0003345,5.94e-05,0.02437,0.1877,0.7876,8.917e-05
1930,1500,1500,1,0.001662,0.0003052,0.1571,0.2119,0.629,0.0002215
1931,1500,1500,1,0.001732,0.0001924,0.1676,0.1929,0.637,0.0002
1932,1500,1500,1,0.001528,0.000569,0.0275,0.10876,0.859,0.002544
1933,1500,1500,1,0.0004532,9.084e-05,0.0418,0.204,0.7534,0.00011176
1934,1500,1500,1,6.384e-05,1.276e-05,0.004715,0.1753,0.82,5.436e-05
1935,1500,1500,1,0.000599,0.000167,0.01126,0.175,0.8125,0.000289
1936,1500,1500,1,0.002018,0.000803,0.0756,0.181,0.7397,0.00064
1937,1500,1500,1,0.0005975,0.0001352,0.1025,0.3733,0.5234,0.00014
1938,1500,1500,1,0.000567,0.00010407,0.01144,0.1707,0.8174,9.257e-05
1939,1500,1500,1,0.002316,0.0002449,0.01668,0.16,0.821,0.0001743
1940,1500,1500,1,0.0001289,2.843e-05,0.02695,0.1909,0.7817,4.54e-05
1941,1500,1500,1,0.02245,0.0008655,0.07184,0.0875,0.817,0.000682
1942,1500,1500,1,0.000708,0.0002428,0.02878,0.1349,0.8345,0.0006704
1943,1500,1500,1,0.000958,0.0002289,0.1071,0.1608,0.7305,0.0004385
1944,1500,1500,1,0.002018,0.0001712,0.0321,0.2896,0.676,0.0001522
1945,1500,1000,0,0.0003533,0.00010586,0.02531,0.4983,0.4756,0.0002441
1946,1500,1500,1,7.39e-05,2.16e-05,0.002598,0.10187,0.8955,7.176e-05
1947,1500,1500,1,0.0001566,3.433e-05,0.0056,0.1796,0.8145,9.52e-05
1948,1500,1000,0,0.001082,7.69e-05,0.1968,0.5327,0.269,7.54e-05
1949,1500,1500,1,0.001947,0.000199,0.013336,0.1863,0.798,0.0002823
1950,1500,1500,1,0.000959,0.0001794,0.01575,0.2374,0.7456,0.0001774
1951,1500,1500,1,0.0004294,7.35e-05,0.01061,0.2273,0.761,0.0001408
1952,1500,1000,0,0.00254,0.0002985,0.0159,0.5625,0.4187,0.000218
1953,1500,1500,1,0.000334,5.34e-05,0.005535,0.1761,0.818,0.0001838
1954,1500,1500,1,0.0003705,0.0001696,0.02255,0.3477,0.628,0.001258
1955,1500,1500,1,0.0002444,8.2e-05,0.02336,0.4443,0.5317,0.0002034
1956,1500,1500,1,0.0004854,8.434e-05,0.009254,0.2032,0.7866,0.0001822
1957,1500,1000,0,0.002102,0.001063,0.04977,0.5684,0.374,0.0047
1958,1500,1000,0,0.002005,0.0005617,0.03093,0.523,0.4429,0.0005865
1959,1500,1500,1,0.001034,9.19e-05,0.0573,0.2084,0.733,0.00011665
1960,1500,1500,1,0.001933,0.0004165,0.1569,0.2942,0.5454,0.001053
1961,1500,1000,0,0.001447,0.0002325,0.02524,0.5645,0.4082,0.0003767
1962,1500,1500,1,0.0024,0.0007806,0.1531,0.2812,0.557,0.005383
1963,1500,1500,1,0.001046,0.000192,0.015205,0.2363,0.7466,0.000546
1964,1500,1500,1,0.005737,0.0003455,0.11255,0.2068,0.6743,0.000425
1965,1500,1500,1,0.006275,0.001087,0.02205,0.2347,0.7344,0.001404
1966,1500,1500,1,0.000359,0.0001055,0.01264,0.2079,0.7783,0.000536
1967,1500,1500,1,0.0007386,0.00010705,0.06995,0.11115,0.818,0.0001058
1968,1500,1500,1,0.0003383,9.304e-05,0.01199,0.4138,0.573,0.0003774
1969,1500,1500,1,0.001615,0.000129,0.0316,0.205,0.7617,0.0002465
1970,1500,1500,1,0.001251,0.000446,0.07715,0.2465,0.674,0.000976
1971,1500,1500,1,0.00010914,3.01e-05,0.00572,0.3826,0.6113,0.0002124
1972,1500,1500,1,0.000434,7.224e-05,0.06775,0.2145,0.7173,3.31e-05
1973,1500,1500,1,0.001581,0.000685,0.1842,0.1549,0.658,0.000538
1974,1500,1500,1,0.000438,0.0001114,0.02663,0.3174,0.6553,0.0003111
1975,1500,1500,1,0.006042,0.0009303,0.2299,0.29,0.4724,0.0007954
1976,1500,500,0,0.01414,0.0004456,0.6826,0.10254,0.2002,0.0002223
1977,1500,1500,1,0.000864,0.0002024,0.03745,0.2277,0.7334,0.000409
1978,1500,500,0,0.02156,0.0003505,0.875,0.02063,0.0825,0.0001163
1979,1500,500,0,0.002497,0.0002184,0.878,0.02287,0.09656,0.0001595
1980,1500,1500,1,0.0003572,7.564e-05,0.1715,0.1172,0.711,5.75e-05
1981,1500,1500,1,0.001521,0.000487,0.0819,0.2167,0.698,0.001171
1982,1500,1500,1,0.00137,0.00010633,0.2393,0.1964,0.563,7.6e-05
1983,1500,1500,1,0.0006137,0.00011224,0.02515,0.0927,0.8813,0.0001042
1984,1500,1500,1,0.000508,0.0001352,0.01718,0.3555,0.6265,0.0002345
1985,1500,500,0,0.001645,0.0003812,0.7964,0.03235,0.169,7.34e-05
1986,1500,1000,0,0.001133,0.000218,0.00838,0.6797,0.31,0.0006137
1987,1500,1000,0,0.01015,0.0003674,0.3528,0.3542,0.2825,0.0001624
1988,1500,1500,1,0.00349,0.001695,0.2234,0.2063,0.5625,0.00286
1989,1500,1500,1,0.001884,0.0001507,0.0894,0.229,0.6797,9.88e-05
1990,1500,1500,1,0.000311,0.00010675,0.01921,0.135,0.845,0.0001371
1991,1500,1500,1,0.000533,0.0001853,0.1646,0.281,0.553,0.0003116
1992,1500,1500,1,0.0006237,0.0001496,0.3193,0.2812,0.3984,0.00010693
1993,1500,1500,1,0.00316,0.0003138,0.2356,0.1741,0.5864,0.0003264
1994,1500,1000,0,0.003626,0.0001227,0.0505,0.8237,0.12195,8.2e-05
1995,1500,1500,1,0.0001801,3.17e-05,0.00665,0.2286,0.7646,3.076e-05
1996,1500,1500,1,0.0004973,0.00011766,0.0322,0.1798,0.787,0.0001966
1997,1500,1500,1,0.0001274,3.51e-05,0.005413,0.3088,0.6855,0.0001678
1998,1500,1500,1,0.0004537,0.00011975,0.02684,0.2341,0.7383,9.04e-05
1999,1500,1000,0,0.0004468,7.81e-05,0.00577,0.656,0.3381,9.46e-05
2000,2000,2000,1,4e-07,0.0002245,3.1e-06,6.74e-06,1.45e-05,0.9995
2001,2000,2000,1,1.25e-06,0.0003064,7.03e-06,1.675e-05,4.08e-05,0.9995
2002,2000,2000,1,5.4e-07,0.0001737,4.6e-06,9.5e-06,2.134e-05,1.0
2003,2000,2000,1,5e-07,0.00011027,3.16e-06,5.9e-06,1.21e-05,1.0
2004,2000,2000,1,1.9e-06,0.0003514,1.25e-05,4.02e-05,0.0001297,0.9995
2005,2000,2000,1,1e-07,0.000607,1.2e-06,2.86e-06,4.77e-06,0.9995
2006,2000,2000,1,3.16e-06,0.0002604,1.997e-05,4.64e-05,0.0001058,0.9995
2007,2000,2000,1,6.9e-06,0.03522,1.377e-05,3.74e-05,5.525e-05,0.965
2008,2000,2000,1,9.5e-07,0.0002599,8.2e-06,1.115e-05,2.146e-05,0.9995
2009,2000,2000,1,8.34e-06,0.002216,5.56e-05,6.706e-05,0.00011533,0.9976
2010,2000,2000,1,5.9e-06,0.000889,3.34e-05,5.91e-05,9.906e-05,0.999
2011,2000,2000,1,9.5e-07,0.0002587,7.6e-06,1.484e-05,3.386e-05,0.9995
2012,2000,2000,1,5e-07,0.001346,2.74e-06,4.8e-06,7.33e-06,0.9985
2013,2000,2000,1,2.26e-06,0.0236,8.9e-06,1.234e-05,1.5e-05,0.9766
2014,2000,2000,1,2.2e-06,0.001342,1.407e-05,2.2e-05,2.95e-05,0.9985
2015,2000,2000,1,1.5e-06,0.0001559,8.6e-06,2.193e-05,5.2e-05,1.0
2016,2000,2000,1,5.4e-07,0.001064,4.5e-06,7e-06,1.085e-05,0.999
2017,2000,2000,1,3e-07,8.42e-05,3.2e-06,4e-06,7.4e-06,1.0
2018,2000,2000,1,9.2e-06,0.0526,4.91e-05,4.66e-05,8.47e-05,0.9473
2019,2000,2000,1,5.2e-06,0.0007844,2.235e-05,4.26e-05,7.653e-05,0.999
2020,2000,2000,1,1e-05,0.00768,3.48e-05,6.735e-05,0.0001031,0.992
2021,2000,2000,1,3.45e-05,0.02013,0.0002112,0.0001886,0.0002859,0.979
2022,2000,2000,1,9e-07,0.0003772,5.7e-06,2.694e-05,7.67e-05,0.9995
2023,2000,2000,1,3.6e-07,9.26e-05,2.7e-06,6.5e-06,1.746e-05,1.0
2024,2000,2000,1,8.05e-06,0.002787,2.58e-05,7.534e-05,0.0001371,0.997
2025,2000,2000,1,1.3e-06,0.0002582,6.8e-06,2.027e-05,4.673e-05,0.9995
2026,2000,2000,1,2.4e-07,0.0001806,1.43e-06,3.3e-06,5.07e-06,1.0
2027,2000,2000,1,8.3e-07,0.0002842,6.85e-06,1.67e-05,3.58e-05,0.9995
2028,2000,2000,1,1.4e-05,0.003405,6.086e-05,0.0002873,0.0004842,0.9956
2029,2000,2000,1,2.8e-06,0.000561,1.4e-05,8.16e-05,0.0002018,0.999
2030,2000,2000,1,1.4e-06,0.0009584,1.05e-05,1.55e-05,2.38e-05,0.999
2031,2000,2000,1,2.2e-06,0.0002544,2.414e-05,2.92e-05,5.186e-05,0.9995
2032,2000,2000,1,3.6e-06,0.001496,2.027e-05,2.915e-05,4.995e-05,0.9985
2033,2000,2000,1,3.3e-06,0.00101,1.425e-05,2.56e-05,4.93e-05,0.999
2034,2000,2000,1,3.6e-07,0.0005107,2.2e-06,5e-06,7.9e-06,0.9995
2035,2000,2000,1,3.4e-06,0.0003953,2.444e-05,2.81e-05,4.87e-05,0.9995
2036,2000,2000,1,3.8e-06,0.001682,2.66e-05,3.42e-05,5.3e-05,0.998
2037,2000,2000,1,6.1e-06,0.001282,3.8e-05,5.61e-05,9.483e-05,0.9985
2038,2000,2000,1,7e-07,9.257e-05,6.6e-06,2.486e-05,6.78e-05,1.0
2039,2000,2000,1,2.61e-05,0.001239,0.0001948,0.0002968,0.000552,0.9976
2040,2000,2000,1,6e-07,5.55e-05,8.34e-06,1.62e-05,4.24e-05,1.0
2041,2000,2000,1,4.524e-05,0.01063,0.000573,0.0008554,0.002754,0.9854
2042,2000,2000,1,3e-07,0.000277,1.7e-06,3.46e-06,5.96e-06,0.9995
2043,2000,2000,1,1.6e-06,0.000524,7.5e-06,1.36e-05,2.176e-05,0.9995
2044,2000,2000,1,0.0004268,0.015114,0.00371,0.001631,0.00205,0.977
2045,2000,2000,1,1.013e-05,0.00121,7.623e-05,7.683e-05,0.00010705,0.9985
2046,2000,2000,1,2.4e-07,0.0004096,1.8e-06,3.8e-06,4.7e-06,0.9995
2047,2000,2000,1,4.9e-06,0.004265,2.4e-05,4.625e-05,5.88e-05,0.9956
2048,2000,2000,1,3.64e-06,0.0005875,2.563e-05,4.715e-05,9.143e-05,0.999
2049,2000,2000,1,1.67e-06,0.0003688,1.58e-05,2.164e-05,5.31e-05,0.9995
2050,2000,2000,1,1.95e-05,0.001223,0.0001347,0.0001813,0.000296,0.998
2051,2000,2000,1,8.3e-07,0.0041,3.76e-06,8.34e-06,9.6e-06,0.996
2052,2000,2000,1,5.4e-07,0.000794,4.35e-06,6.74e-06,8.4e-06,0.999
2053,2000,2000,1,1e-06,0.0004783,8.76e-06,1.15e-05,1.73e-05,0.9995
2054,2000,2000,1,0.0001627,0.1664,0.002453,0.0003974,0.000419,0.83
2055,2000,2000,1,3.39e-05,0.00891,0.0002894,0.000343,0.0009294,0.9893
2056,2000,2000,1,6e-08,3.31e-05,5.4e-07,1.4e-06,2.3e-06,1.0
2057,2000,2000,1,5e-07,0.0004313,2.74e-06,5.9e-06,9.4e-06,0.9995
2058,2000,2000,1,3e-07,0.0002737,2.74e-06,6.56e-06,1.246e-05,0.9995
2059,2000,2000,1,9.5e-07,0.0002723,6.4e-06,7.75e-06,1.5e-05,0.9995
2060,2000,2000,1,9.5e-07,0.0004077,4.05e-06,1.17e-05,1.526e-05,0.9995
2061,2000,2000,1,8.21e-05,0.01168,0.000715,0.0002837,0.0005007,0.987
2062,2000,2000,1,2.99e-05,0.07404,0.0002475,0.0001651,0.0002933,0.9253
2063,2000,2000,1,0.0,3.046e-05,2.4e-07,6.6e-07,1.4e-06,1.0
2064,2000,2000,1,2.73e-05,0.0686,0.0001731,0.0001525,0.0002357,0.9307
2065,2000,2000,1,1.66e-05,0.1005,3.14e-05,4.387e-05,5.77e-05,0.8994
2066,2000,2000,1,1.86e-05,0.002388,6.324e-05,0.0001496,0.0003512,0.997
2067,2000,2000,1,9.5e-07,0.0002754,6.44e-06,1.013e-05,2.29e-05,0.9995
2068,2000,2000,1,6.6e-07,0.0002959,6.14e-06,7.2e-06,1.574e-05,0.9995
2069,2000,2000,1,1e-07,4.92e-05,9e-07,1.7e-06,3.16e-06,1.0
2070,2000,2000,1,5e-07,0.002132,2.3e-06,5.4e-06,1.06e-05,0.998
2071,2000,2000,1,1.55e-05,0.00925,9.19e-05,8.74e-05,0.0001247,0.99
2072,2000,2000,1,2.83e-05,0.006348,0.0001299,0.0002077,0.0004473,0.9927
2073,2000,2000,1,2.3e-06,0.0005546,1.17e-05,2.116e-05,4.935e-05,0.9995
2074,2000,2000,1,5e-07,0.0005965,2.9e-06,4.77e-06,6.74e-06,0.9995
2075,2000,2000,1,2.193e-05,0.0008507,0.0001965,0.0002161,0.0006914,0.998
2076,2000,2000,1,1.55e-05,0.01813,6.35e-05,5.87e-05,7.55e-05,0.9814
2077,2000,2000,1,4.9e-06,0.0004141,4.286e-05,5.996e-05,0.00011474,0.9995
2078,2000,2000,1,3.7e-06,0.0004368,2.927e-05,3.636e-05,7.826e-05,0.9995
2079,2000,2000,1,2.3e-06,0.001072,2.19e-05,2.68e-05,5.23e-05,0.999
2080,2000,2000,1,2.59e-05,0.00917,0.00010806,0.0002247,0.0002875,0.99
2081,2000,2000,1,1.38e-05,0.001548,0.0001311,0.000174,0.0003467,0.9976
2082,2000,2000,1,5.07e-06,0.0326,1.836e-05,4.55e-05,6.145e-05,0.9673
2083,2000,2000,1,2.4e-07,0.00011754,2.5e-06,5.54e-06,1.097e-05,1.0
2084,2000,2000,1,4.53e-06,0.0008063,2.974e-05,3.47e-05,6.53e-05,0.999
2085,2000,2000,1,1.276e-05,0.005436,7.91e-05,7.254e-05,0.00011325,0.994
2086,2000,2000,1,9.66e-06,0.0006866,5.263e-05,8.44e-05,0.0001379,0.999
2087,2000,2000,1,4.03e-05,0.01642,0.0002306,0.000311,0.0004342,0.9824
2088,2000,2000,1,4e-07,0.0004277,2.44e-06,5.5e-06,1.06e-05,0.9995
2089,2000,2000,1,3e-06,0.001069,2.05e-05,3.886e-05,0.0001085,0.9985
2090,2000,2000,1,1.2e-06,0.000978,8.6e-06,1.305e-05,2.04e-05,0.999
2091,2000,2000,1,3e-07,0.0001123,2.2e-06,4.7e-06,9.5e-06,1.0
2092,2000,2000,1,3.2e-06,0.0003755,1.87e-05,0.0001245,0.0002487,0.999
2093,2000,2000,1,6.765e-05,0.004936,0.0001297,0.0006433,0.00133,0.9927
2094,2000,2000,1,8.9e-06,0.001679,6.545e-05,5.436e-05,0.00011086,0.998
2095,2000,2000,1,0.0001324,0.1174,0.001478,0.000549,0.001023,0.8794
2096,2000,2000,1,2.1e-06,0.000712,1.824e-05,1.94e-05,3.386e-05,0.999
2097,2000,2000,1,9.5e-07,0.0002296,7.4e-06,1.61e-05,3.165e-05,0.9995
2098,2000,2000,1,6e-07,0.000341,4.95e-06,8.1e-06,1.544e-05,0.9995
2099,2000,2000,1,1.13e-06,0.000379,6.44e-06,1.186e-05,1.99e-05,0.9995
2100,2000,2000,1,2.7e-06,0.0004222,2.104e-05,2.29e-05,4.83e-05,0.9995
2101,2000,2000,1,1.895e-05,0.005497,0.00010914,0.0001203,0.0001849,0.994
2102,2000,2000,1,6.7e-06,0.003849,6.67e-05,4.727e-05,8.047e-05,0.996
2103,2000,100,0,0.000558,0.584,0.004086,0.0009623,0.001193,0.4092
2104,2000,2000,1,1.5e-06,0.000654,1.127e-05,1.764e-05,2.63e-05,0.9995
2105,2000,2000,1,1.407e-05,0.003363,0.00010806,0.0001072,0.0002038,0.996
2106,2000,2000,1,6e-08,4.053e-05,9.5e-07,1.7e-06,3.04e-06,1.0
2107,2000,2000,1,2.26e-06,0.002253,1.61e-05,1.84e-05,2.563e-05,0.9976
2108,2000,2000,1,6.413e-05,0.00823,0.000526,0.0003488,0.0006986,0.99
2109,2000,2000,1,9e-07,0.0003529,8e-06,1.29e-05,2.617e-05,0.9995
2110,2000,2000,1,6.5e-06,0.005978,2.5e-05,5.6e-05,8.35e-05,0.9937
2111,2000,2000,1,7.33e-06,0.0305,1.514e-05,2.676e-05,3.386e-05,0.969
2112,2000,2000,1,1.13e-06,0.0002642,6.8e-06,1.484e-05,2.6e-05,0.9995
2113,2000,2000,1,1.7e-06,0.00033,1.47e-05,2.19e-05,5.084e-05,0.9995
2114,2000,2000,1,2.4e-07,0.0001243,2.3e-06,3.6e-06,7.33e-06,1.0
2115,2000,2000,1,1.603e-05,0.012474,5.58e-05,0.0001751,0.0001875,0.9873
2116,2000,2000,1,1.25e-06,0.001919,8.9e-06,1.013e-05,1.49e-05,0.998
2117,2000,2000,1,6.44e-06,0.000541,0.00010103,0.000181,0.0002828,0.999
2118,2000,2000,1,3.6e-07,0.0002983,2.3e-06,5.1e-06,9.54e-06,0.9995
2119,2000,2000,1,4.12e-05,0.3406,0.0001686,0.000131,0.0001487,0.659
2120,2000,2000,1,5e-07,0.0001915,2.7e-06,4.65e-06,8.5e-06,1.0
2121,2000,2000,1,1.25e-06,0.000805,6e-06,1.24e-05,1.585e-05,0.999
2122,2000,2000,1,4.2e-06,0.002415,2.57e-05,4.2e-05,6.09e-05,0.9976
2123,2000,2000,1,0.0007977,0.2915,0.003601,0.001019,0.001417,0.7017
2124,2000,2000,1,3.6e-07,8.357e-05,3.6e-06,6.85e-06,1.115e-05,1.0
2125,2000,2000,1,2.26e-06,0.0004566,1.41e-05,2.38e-05,4.864e-05,0.9995
2126,2000,2000,1,4.65e-06,0.002926,3.12e-05,3.34e-05,5.76e-05,0.997
2127,2000,2000,1,1.3e-06,0.000634,6.9e-06,1.24e-05,1.997e-05,0.9995
2128,2000,2000,1,9.3e-06,0.001318,5.05e-05,0.0001111,0.0001948,0.9985
2129,2000,2000,1,3e-07,0.00011986,2.7e-06,4.2e-06,7.9e-06,1.0
2130,2000,2000,1,5e-07,0.0001258,4e-06,9e-06,1.63e-05,1.0
2131,2000,2000,1,0.00010234,0.03802,0.0003228,0.0005403,0.000904,0.96
2132,2000,2000,1,2.2e-06,0.0002124,1.95e-05,3.91e-05,0.0001032,0.9995
2133,2000,2000,1,2.4e-06,0.0002434,1.86e-05,5.3e-05,0.0001438,0.9995
2134,2000,2000,1,4.1e-06,0.000523,2.855e-05,8.65e-05,0.0002252,0.999
2135,2000,2000,1,4e-07,0.0001382,3e-06,5.4e-06,1.246e-05,1.0
2136,2000,2000,1,4.23e-06,0.0003405,2.33e-05,6.264e-05,0.000139,0.9995
2137,2000,2000,1,7.3e-06,0.013504,1.7e-05,6.04e-05,9.46e-05,0.9863
2138,2000,2000,1,5.7e-06,0.000711,2.843e-05,4.673e-05,8.786e-05,0.999
2139,2000,2000,1,6e-07,0.000197,5e-06,8.6e-06,1.98e-05,1.0
2140,2000,2000,1,9.3e-06,0.0008755,7.25e-05,7.09e-05,0.0001246,0.999
2141,2000,2000,1,4.05e-05,0.002996,0.000227,0.0002356,0.0003998,0.996
2142,2000,2000,1,1.1e-06,0.0002677,8e-06,1.2e-05,2.724e-05,0.9995
2143,2000,2000,1,1.6e-06,0.0007057,1.395e-05,1.585e-05,3.25e-05,0.999
2144,2000,2000,1,4e-07,0.0001894,3.2e-06,6.8e-06,1.186e-05,1.0
2145,2000,2000,1,4e-06,0.0007367,2.19e-05,4.03e-05,6.09e-05,0.999
2146,2000,2000,1,5e-07,9.537e-05,4.35e-06,6.74e-06,1.484e-05,1.0
2147,2000,2000,1,2.15e-06,0.000884,1.58e-05,2e-05,2.813e-05,0.999
2148,2000,2000,1,2.08e-05,0.003952,7.14e-05,0.0001276,0.0002216,0.9956
2149,2000,2000,1,2.4e-07,0.0002306,1.43e-06,2.74e-06,4.5e-06,1.0
2150,2000,2000,1,1.925e-05,0.004704,9.79e-05,0.0001034,0.0002068,0.9946
2151,2000,2000,1,1e-06,0.00353,3.8e-06,1.19e-05,1.806e-05,0.9966
2152,2000,2000,1,1.216e-05,0.001928,8.41e-05,0.0001074,0.0001901,0.9976
2153,2000,2000,1,2.74e-06,0.0002012,3.36e-05,8.21e-05,0.0002337,0.9995
2154,2000,2000,1,3.5e-06,0.0003357,2.64e-05,3.62e-05,8.386e-05,0.9995
2155,2000,2000,1,4e-07,0.000252,3.04e-06,5.54e-06,1.02e-05,0.9995
2156,2000,2000,1,5e-07,0.0001345,3.64e-06,8.05e-06,1.454e-05,1.0
2157,2000,2000,1,1.5e-06,0.0001616,1.32e-05,1.68e-05,4.86e-05,1.0
2158,2000,2000,1,3.6e-07,0.0001642,2.8e-06,4.23e-06,9.1e-06,1.0
2159,2000,2000,1,5.4e-07,0.000273,4.4e-06,7.3e-06,1.31e-05,0.9995
2160,2000,2000,1,0.0004816,0.0247,0.002182,0.001675,0.001568,0.969
2161,2000,2000,1,2.4e-07,0.000101,1.55e-06,2.9e-06,5.54e-06,1.0
2162,2000,2000,1,2.4e-06,0.00174,1.08e-05,4.24e-05,7.49e-05,0.998
2163,2000,2000,1,7e-07,0.0004601,4e-06,6.5e-06,1.043e-05,0.9995
2164,2000,2000,1,2.6e-06,0.004894,1.54e-05,2.63e-05,3.67e-05,0.995
2165,2000,2000,1,1.1e-06,0.0003185,5.96e-06,9.7e-06,1.89e-05,0.9995
2166,2000,2000,1,5.2e-06,0.0002854,3.95e-05,0.0001155,0.000274,0.9995
2167,2000,2000,1,7e-07,0.000282,4e-06,1.15e-05,2.104e-05,0.9995
2168,2000,2000,1,8.2e-06,0.001844,8.446e-05,0.0001334,0.0004153,0.9976
2169,2000,2000,1,5.84e-05,0.0351,0.0003421,0.0004141,0.0006394,0.9634
2170,2000,2000,1,3.5e-06,0.001445,1.47e-05,3.576e-05,5.71e-05,0.9985
2171,2000,2000,1,2.897e-05,0.00125,0.000291,0.000413,0.001142,0.997
2172,2000,2000,1,8.1e-06,0.000836,4.935e-05,0.000378,0.001021,0.9976
2173,2000,2000,1,1.1e-06,0.000586,8.05e-06,2.116e-05,3.91e-05,0.9995
2174,2000,2000,1,1e-07,0.000314,1.1e-06,2.6e-06,3.9e-06,0.9995
2175,2000,2000,1,2.4e-06,0.001398,1.234e-05,2.94e-05,4.995e-05,0.9985
2176,2000,2000,1,2.9e-06,0.00206,1.395e-05,2.563e-05,4.107e-05,0.998
2177,2000,2000,1,1.67e-06,0.000184,1.425e-05,2.235e-05,5.88e-05,0.9995
2178,2000,2000,1,4.35e-06,0.003603,2.26e-05,3.54e-05,4.166e-05,0.996
2179,2000,2000,1,4.35e-06,0.00435,1.99e-05,2.8e-05,4.83e-05,0.9956
2180,2000,2000,1,3.7e-06,0.0004666,2.915e-05,4.17e-05,7.74e-05,0.9995
2181,2000,2000,1,1.13e-06,0.0008855,6.8e-06,1.61e-05,1.717e-05,0.999
2182,2000,2000,1,7e-07,0.0002097,5.2e-06,8.17e-06,1.097e-05,1.0
2183,2000,2000,1,4.23e-06,0.00574,2.366e-05,2.99e-05,4.274e-05,0.994
2184,2000,2000,1,2.86e-06,0.00358,1.293e-05,3.21e-05,5.925e-05,0.996
2185,2000,2000,1,0.00011843,0.01124,0.0003226,0.000572,0.001279,0.9863
2186,2000,2000,1,1.1e-06,0.0001346,9.8e-06,1.365e-05,2.72e-05,1.0
2187,2000,2000,1,6e-08,5.28e-05,6.6e-07,1.25e-06,2.44e-06,1.0
2188,2000,2000,1,2.4e-07,0.0001646,1.7e-06,3.2e-06,4.6e-06,1.0
2189,2000,2000,1,5.11e-05,0.07355,0.0001441,0.0001568,0.0001833,0.926
2190,2000,2000,1,4.2e-06,0.005806,2.32e-05,6.276e-05,9.686e-05,0.994
2191,2000,2000,1,9.04e-05,0.144,0.0002472,0.0002439,0.0003777,0.855
2192,2000,2000,1,2.56e-06,0.0008593,1.246e-05,2.23e-05,4.315e-05,0.999
2193,2000,2000,1,3e-07,0.00011384,3.04e-06,4.35e-06,9.66e-06,1.0
2194,2000,2000,1,5.64e-05,0.00795,0.0004182,0.0004263,0.001293,0.9897
2195,2000,100,0,0.000276,0.962,0.0004807,0.0003026,0.0003796,0.03653
2196,2000,2000,1,7.15e-06,0.000791,5.525e-05,0.0001018,0.0002856,0.9985
2197,2000,2000,1,2.4e-06,0.00581,8.9e-06,2.29e-05,3.28e-05,0.994
2198,2000,2000,1,3.6e-07,0.00028,2.9e-06,4.95e-06,1e-05,0.9995
2199,2000,2000,1,5e-07,0.0001142,3.04e-06,7.57e-06,1.84e-05,1.0
2200,2000,2000,1,1.67e-06,0.0004394,9.6e-06,1.925e-05,3.976e-05,0.9995
2201,2000,2000,1,0.0001419,0.04254,0.001132,0.000547,0.0007715,0.955
2202,2000,2000,1,5.39e-05,0.00155,0.0004697,0.0006285,0.001548,0.9956
2203,2000,2000,1,2.4e-07,7.72e-05,1.6e-06,4.5e-06,9.5e-06,1.0
2204,2000,2000,1,3.22e-05,0.04608,0.0001386,0.000199,0.0002844,0.953
2205,2000,2000,1,2e-07,4.774e-05,1.7e-06,5e-06,8.1e-06,1.0
2206,2000,2000,1,0.0001855,0.10956,0.0008564,0.0009665,0.001183,0.887
2207,2000,2000,1,2.253e-05,0.05737,4.86e-05,0.00010026,0.000131,0.9424
2208,2000,2000,1,5.4e-07,0.0002052,3.8e-06,8.34e-06,1.48e-05,1.0
2209,2000,2000,1,6.14e-06,0.0004327,3.463e-05,9.29e-05,0.0002388,0.999
2210,2000,2000,1,6.455e-05,0.00989,0.0001456,0.000294,0.000469,0.9893
2211,2000,2000,1,3e-07,0.0001309,1.8e-06,4.65e-06,1.03e-05,1.0
2212,2000,2000,1,3.6e-07,8.494e-05,3.1e-06,5.6e-06,1.186e-05,1.0
2213,2000,2000,1,2e-07,6.056e-05,1.4e-06,5.2e-06,1.186e-05,1.0
2214,2000,2000,1,2.74e-05,0.01213,9.716e-05,0.0001959,0.0003417,0.9873
2215,2000,2000,1,2.05e-05,0.01417,0.0001315,0.000147,0.0002402,0.9854
2216,2000,2000,1,6e-08,5.144e-05,7e-07,1.13e-06,2.2e-06,1.0
2217,2000,2000,1,3.61e-05,0.0254,0.0001917,0.00011766,0.000165,0.974
2218,2000,2000,1,1.65e-05,0.0008492,8.93e-05,0.0001583,0.0002128,0.9985
2219,2000,2000,1,6e-08,5.543e-05,7e-07,1.25e-06,2.4e-06,1.0
2220,2000,2000,1,3e-07,7.71e-05,2.6e-06,4.5e-06,8.6e-06,1.0
2221,2000,2000,1,6e-08,6.89e-05,8e-07,1.6e-06,2.74e-06,1.0
2222,2000,2000,1,2.15e-06,0.002993,7e-06,1.32e-05,2.17e-05,0.997
2223,2000,2000,1,1e-07,0.0001045,1.1e-06,2.26e-06,4.35e-06,1.0
2224,2000,2000,1,6e-07,0.0001765,4.1e-06,8.4e-06,1.37e-05,1.0
2225,2000,2000,1,3.6e-07,0.0002056,2.2e-06,5.5e-06,1.12e-05,1.0
2226,2000,2000,1,8e-07,0.000779,3.7e-06,8.9e-06,1.764e-05,0.999
2227,2000,2000,1,1.55e-06,0.0003464,8.34e-06,2.533e-05,4.977e-05,0.9995
2228,2000,2000,1,3e-07,6.09e-05,3.1e-06,7e-06,1.68e-05,1.0
2229,2000,2000,1,5.25e-05,0.11566,0.0002264,0.0001763,0.0002625,0.884
2230,2000,2000,1,9.5e-07,0.008575,4.8e-06,6.9e-06,8.17e-06,0.991
2231,2000,2000,1,0.0001046,0.01444,0.001099,0.002323,0.006554,0.9756
2232,2000,2000,1,2.37e-05,0.05002,0.0001836,0.000161,0.0001836,0.949
2233,2000,2000,1,5.36e-06,0.002855,2.46e-05,4.28e-05,8.005e-05,0.997
2234,2000,2000,1,8.3e-07,0.0002156,8.94e-06,1.38e-05,2.94e-05,0.9995
2235,2000,2000,1,2.104e-05,0.002043,0.0002301,0.0002928,0.0004725,0.997
2236,2000,2000,1,3.594e-05,0.456,5.26e-05,5.394e-05,7.045e-05,0.544
2237,2000,2000,1,3e-06,0.0003986,2.59e-05,3.874e-05,6.545e-05,0.9995
2238,2000,2000,1,8.76e-06,0.000337,8.863e-05,0.0004213,0.001724,0.9976
2239,2000,2000,1,5e-07,0.0001776,4.77e-06,8.05e-06,1.794e-05,1.0
2240,2000,2000,1,3e-07,8.3e-05,2.3e-06,4.65e-06,9.4e-06,1.0
2241,2000,2000,1,6.9e-06,0.001724,6.217e-05,0.00010866,0.0001781,0.998
2242,2000,2000,1,2.26e-06,0.0004385,1.81e-05,3.58e-05,7.313e-05,0.9995
2243,2000,2000,1,1.43e-06,0.0001792,1.54e-05,1.794e-05,4.3e-05,0.9995
2244,2000,2000,1,9.95e-06,0.002459,6.944e-05,7.04e-05,9.143e-05,0.997
2245,2000,2000,1,3.8e-06,0.002644,2.65e-05,3.785e-05,6.3e-05,0.997
2246,2000,2000,1,2.74e-06,0.01672,7.9e-06,1.51e-05,1.67e-05,0.9834
2247,2000,2000,1,6.6e-07,0.0006523,5.07e-06,8.2e-06,1.12e-05,0.9995
2248,2000,2000,1,6e-07,0.0001612,5.4e-06,7.1e-06,1.115e-05,1.0
2249,2000,2000,1,7.1e-06,0.001635,6.71e-05,5.764e-05,8.667e-05,0.998
2250,2000,2000,1,9e-07,0.001436,9.8e-06,9.36e-06,1.454e-05,0.9985
2251,2000,2000,1,2e-06,0.0011425,1.94e-05,2.52e-05,3.326e-05,0.9985
2252,2000,2000,1,5.4e-07,0.0007305,4.23e-06,4.5e-06,6.2e-06,0.999
2253,2000,2000,1,1.6e-06,0.0004709,1.43e-05,1.88e-05,2.59e-05,0.9995
2254,2000,2000,1,8.94e-06,0.04654,4.31e-05,5.43e-05,5.11e-05,0.953
2255,2000,2000,1,2.6e-06,0.0003848,2.366e-05,2.76e-05,4.387e-05,0.9995
2256,2000,2000,1,9.8e-06,0.004208,3.34e-05,4.5e-05,6.527e-05,0.9956
2257,2000,2000,1,2.8e-06,0.00244,1.49e-05,2.38e-05,3.105e-05,0.9976
2258,2000,2000,1,0.0002229,0.00861,0.001728,0.001297,0.001955,0.9863
2259,2000,2000,1,6e-07,0.0001367,5.54e-06,9.7e-06,2.074e-05,1.0
2260,2000,2000,1,2.26e-06,0.000752,8.8e-06,3.04e-05,5.51e-05,0.999
2261,2000,2000,1,3.04e-06,0.0005536,2e-05,3.165e-05,8.047e-05,0.9995
2262,2000,2000,1,6.44e-06,0.000537,8.39e-05,7.31e-05,0.0002145,0.999
2263,2000,2000,1,3e-07,0.0001,3.16e-06,5.3e-06,1.21e-05,1.0
2264,2000,2000,1,1.49e-05,0.10815,4.19e-05,3.8e-05,5.21e-05,0.8916
2265,2000,2000,1,2.69e-05,0.01822,0.0002587,0.0003133,0.000943,0.9805
2266,2000,2000,1,1.216e-05,0.01959,5.907e-05,0.0001262,0.0001428,0.98
2267,2000,2000,1,2.1e-06,0.001065,1.58e-05,1.94e-05,3.105e-05,0.999
2268,2000,2000,1,1.156e-05,0.000999,7.74e-05,9.16e-05,0.0001788,0.9985
2269,2000,2000,1,2.8e-06,0.0009546,1.58e-05,1.76e-05,3.81e-05,0.999
2270,2000,2000,1,1.03e-05,0.002522,7.236e-05,6.914e-05,0.0001067,0.997
2271,2000,2000,1,6.6e-07,8.35e-05,8.7e-06,1.365e-05,3.654e-05,1.0
2272,2000,2000,1,8e-07,0.0004945,4e-06,1.115e-05,2.486e-05,0.9995
2273,2000,2000,1,6.26e-06,0.00719,6.366e-05,6.7e-05,0.0001364,0.9927
2274,2000,2000,1,1.3e-06,0.0002887,9.36e-06,1.44e-05,2.62e-05,0.9995
2275,2000,2000,1,7e-07,0.0003343,5.6e-06,9.83e-06,1.84e-05,0.9995
2276,2000,2000,1,1e-07,5.23e-05,1.1e-06,3.16e-06,7.15e-06,1.0
2277,2000,2000,1,6.5e-06,0.0149,3.18e-05,6.247e-05,5.925e-05,0.985
2278,2000,2000,1,5.007e-05,0.01346,0.000466,0.000381,0.000541,0.985
2279,2000,2000,1,4.65e-06,0.0001862,5.32e-05,0.0001415,0.0003972,0.999
2280,2000,2000,1,1e-07,5.13e-05,7e-07,3.64e-06,1e-05,1.0
2281,2000,2000,1,4e-07,0.0001079,2.7e-06,9.54e-06,1.62e-05,1.0
2282,2000,2000,1,5.4e-07,0.000153,4.05e-06,1.03e-05,2.4e-05,1.0
2283,2000,2000,1,2.5e-06,0.00719,1.28e-05,1.985e-05,3.67e-05,0.9927
2284,2000,2000,1,1.25e-06,0.00010836,1.31e-05,3.254e-05,9.394e-05,0.9995
2285,2000,2000,1,4e-07,0.0001401,2.9e-06,6.3e-06,1.603e-05,1.0
2286,2000,2000,1,7e-07,0.0002506,5.9e-06,1.04e-05,2.42e-05,0.9995
2287,2000,2000,1,2e-07,0.000101,1.5e-06,3.76e-06,7.87e-06,1.0
2288,2000,2000,1,6e-07,0.0001361,4.7e-06,1.2e-05,2.86e-05,1.0
2289,2000,2000,1,5e-07,0.000396,3.3e-06,1.43e-05,3.03e-05,0.9995
2290,2000,2000,1,3.04e-06,0.003248,1.66e-05,2.89e-05,5.52e-05,0.9966
2291,2000,2000,1,7e-07,0.0002823,5.2e-06,8.17e-06,1.526e-05,0.9995
2292,2000,2000,1,1.55e-06,0.000595,1.127e-05,1.45e-05,2.53e-05,0.9995
2293,2000,2000,1,6e-07,7.08e-05,7.2e-06,1.705e-05,4.41e-05,1.0
2294,2000,2000,1,3.576e-05,0.002407,0.0003037,0.0003006,0.000661,0.996
2295,2000,2000,1,9e-07,0.000548,1.25e-05,2.29e-05,4.74e-05,0.9995
2296,2000,2000,1,3.964e-05,0.02817,0.0002303,0.0004337,0.001117,0.97
2297,2000,2000,1,1.4e-06,0.000596,1.02e-05,1.377e-05,2.3e-05,0.9995
2298,2000,2000,1,4.184e-05,0.01756,0.0002525,0.0002362,0.000501,0.9814
2299,2000,2000,1,2.74e-06,0.001352,1.174e-05,2.736e-05,6.8e-05,0.9985
2300,2000,2000,1,8e-07,0.0003083,3.5e-06,1.15e-05,2.486e-05,0.9995
2301,2000,2000,1,7.45e-06,0.000531,4.745e-05,7.84e-05,0.0001507,0.999
2302,2000,2000,1,7.4e-06,0.000771,3.99e-05,6.676e-05,0.0001391,0.999
2303,2000,2000,1,8e-07,0.0001343,5.8e-06,1.53e-05,3.47e-05,1.0
2304,2000,2000,1,9.1e-06,0.0010805,6.676e-05,6.28e-05,0.0001272,0.9985
2305,2000,2000,1,3.6e-07,0.0001459,4.6e-06,7.5e-06,1.8e-05,1.0
2306,2000,2000,1,2.3e-06,0.001117,1.854e-05,1.72e-05,3.29e-05,0.999
2307,2000,2000,1,2.15e-06,0.001448,1.27e-05,1.967e-05,2.69e-05,0.9985
2308,2000,2000,1,3.3e-06,0.0006456,1.79e-05,3.463e-05,5.83e-05,0.999
2309,2000,2000,1,6e-08,4.03e-05,5e-07,1.4e-06,3.8e-06,1.0
2310,2000,2000,1,8e-07,9.5e-05,5.84e-06,1.216e-05,3.05e-05,1.0
2311,2000,2000,1,2.44e-06,0.0002515,1.9e-05,3.487e-05,7.35e-05,0.9995
2312,2000,2000,1,3.6e-07,0.0002437,3e-06,5.2e-06,9.6e-06,0.9995
2313,2000,2000,1,0.0,4.08e-05,1e-07,2.4e-07,3.6e-07,1.0
2314,2000,2000,1,4e-07,0.0003836,2.6e-06,5.9e-06,8.8e-06,0.9995
2315,2000,2000,1,3e-07,8.404e-05,2.5e-06,5.54e-06,1.04e-05,1.0
2316,2000,2000,1,1.3e-05,0.0008926,0.00010645,0.0001957,0.000374,0.9985
2317,2000,2000,1,2.4e-07,0.001845,1.13e-06,3.34e-06,3.3e-06,0.998
2318,2000,2000,1,2.15e-05,0.003826,0.0001411,0.0001869,0.0003114,0.9956
2319,2000,2000,1,2.4e-06,0.02333,9e-06,2.01e-05,2.13e-05,0.9766
2320,2000,2000,1,2.2e-06,0.0003445,2.08e-05,2.307e-05,5.3e-05,0.9995
2321,2000,2000,1,2.86e-06,0.002733,1.66e-05,2.56e-05,3.26e-05,0.997
2322,2000,2000,1,1.25e-06,0.0001925,9.3e-06,1.2e-05,3.29e-05,0.9995
2323,2000,2000,1,1.28e-05,0.01656,9.34e-05,7.033e-05,0.000112,0.9834
2324,2000,2000,1,1.1e-06,0.001228,5.07e-06,8.5e-06,1.49e-05,0.9985
2325,2000,2000,1,9e-07,0.000293,7.57e-06,1.48e-05,2.15e-05,0.9995
2326,2000,2000,1,1.13e-06,0.0003438,8.8e-06,2.67e-05,3.976e-05,0.9995
2327,2000,2000,1,4.4e-06,0.0002043,4.51e-05,0.00011057,0.000223,0.9995
2328,2000,2000,1,3.5e-06,0.0001801,3.576e-05,9.5e-05,0.0001863,0.9995
2329,2000,2000,1,6e-08,3.254e-05,6e-07,1.2e-06,2.4e-06,1.0
2330,2000,2000,1,7.78e-05,0.00883,0.0004132,0.000383,0.000627,0.9897
2331,2000,2000,1,0.0001493,0.1841,0.001871,0.00065,0.001116,0.812
2332,2000,2000,1,1.97e-06,0.0003927,1.3e-05,1.91e-05,3.225e-05,0.9995
2333,2000,2000,1,1.067e-05,0.004177,5.25e-05,7.14e-05,0.00010973,0.9956
2334,2000,2000,1,8e-07,0.0002084,5.36e-06,9.36e-06,1.89e-05,1.0
2335,2000,2000,1,9.4e-06,0.001511,6.4e-05,6.48e-05,0.0001303,0.998
2336,2000,2000,1,6e-06,0.001196,5.186e-05,6.557e-05,0.0001274,0.9985
2337,2000,2000,1,1e-07,0.0001203,9e-07,2.26e-06,3.93e-06,1.0
2338,2000,2000,1,7e-07,0.000582,4.53e-06,9.66e-06,1.88e-05,0.9995
2339,2000,2000,1,9.5e-07,0.0001688,9.9e-06,1.377e-05,3.21e-05,1.0
2340,2000,2000,1,4.3e-06,0.000669,3.016e-05,3.207e-05,6.85e-05,0.999
2341,2000,2000,1,3.3e-06,0.001345,2.664e-05,3.99e-05,5.424e-05,0.9985
2342,2000,2000,1,7.445e-05,0.002502,0.000224,0.0002956,0.0006104,0.996
2343,2000,2000,1,6.56e-06,0.000479,5.823e-05,5.6e-05,0.0001174,0.9995
2344,2000,2000,1,0.0001472,0.01067,0.002182,0.001378,0.00396,0.9814
2345,2000,2000,1,1e-06,0.000479,6.44e-06,1.115e-05,2.074e-05,0.9995
2346,2000,2000,1,0.00033,0.445,0.0004652,0.000582,0.000897,0.5527
2347,2000,2000,1,2e-07,6.324e-05,1.6e-06,3.1e-06,6.1e-06,1.0
2348,2000,2000,1,1.43e-06,0.000522,1.365e-05,1.02e-05,1.776e-05,0.9995
2349,2000,2000,1,1.13e-06,0.0006924,1.2e-05,1.675e-05,2.706e-05,0.999
2350,2000,2000,1,2.3e-06,0.0005193,2.63e-05,3.35e-05,7.32e-05,0.9995
2351,2000,2000,1,1.8e-06,0.00365,1.043e-05,1.64e-05,2.456e-05,0.996
2352,2000,2000,1,4.6e-06,0.000981,2.897e-05,4.196e-05,6.276e-05,0.999
2353,2000,2000,1,8.05e-06,0.006065,6.336e-05,5.716e-05,8.41e-05,0.9937
2354,2000,2000,1,2.1e-06,0.00083,1.45e-05,2.05e-05,3.32e-05,0.999
2355,2000,2000,1,9.83e-06,0.01059,4.96e-05,7.504e-05,9.62e-05,0.9893
2356,2000,2000,1,1.13e-05,0.01456,3.546e-05,6.586e-05,9.286e-05,0.9854
2357,2000,2000,1,5.2e-06,0.0003831,4.035e-05,7.66e-05,0.0001899,0.9995
2358,2000,2000,1,5.25e-06,0.00479,3.76e-05,2.76e-05,6.175e-05,0.995
2359,2000,2000,1,3.64e-06,0.001663,2.79e-05,3.48e-05,7.45e-05,0.998
2360,2000,2000,1,2.116e-05,0.00611,0.0001292,0.0001376,0.0002108,0.993
2361,2000,2000,1,4.6e-06,0.0006433,3.3e-05,3.076e-05,5.96e-05,0.999
2362,2000,2000,1,7e-07,0.0004296,5.9e-06,7e-06,1.29e-05,0.9995
2363,2000,2000,1,2e-07,0.0002247,1.6e-06,3.6e-06,7.1e-06,1.0
2364,2000,2000,1,1.1e-06,0.0002842,7.4e-06,1.18e-05,2e-05,0.9995
2365,2000,2000,1,2.2e-06,0.003448,1.43e-05,2.24e-05,3.63e-05,0.9966
2366,2000,2000,1,7e-07,0.0002496,5.84e-06,1.335e-05,2.86e-05,0.9995
2367,2000,2000,1,6.7e-06,0.01406,3.54e-05,4.03e-05,5.895e-05,0.986
2368,2000,2000,1,5.07e-06,0.006577,2.843e-05,3.47e-05,6.21e-05,0.993
2369,2000,2000,1,5e-06,0.001363,2.694e-05,3.3e-05,4.01e-05,0.9985
2370,2000,2000,1,6e-08,5.18e-05,6.6e-07,1.55e-06,3.3e-06,1.0
2371,2000,2000,1,3e-07,0.0001144,2e-06,4.6e-06,9.1e-06,1.0
2372,2000,2000,1,1.1e-06,0.001026,4.9e-06,9.36e-06,1.436e-05,0.999
2373,2000,2000,1,6.6e-06,0.000836,3.356e-05,5.79e-05,0.0001289,0.999
2374,2000,2000,1,8e-07,0.000315,6.85e-06,1.17e-05,2.07e-05,0.9995
2375,2000,2000,1,3.6e-07,0.0003169,2.74e-06,4.95e-06,8.64e-06,0.9995
2376,2000,2000,1,1.585e-05,0.005527,6.616e-05,9.57e-05,0.000156,0.994
2377,2000,2000,1,3.8e-06,0.0005026,2.01e-05,5.335e-05,0.0001001,0.9995
2378,2000,2000,1,6.6e-07,0.000815,4.4e-06,1.2e-05,1.89e-05,0.999
2379,2000,2000,1,1.81e-05,0.002413,8.76e-05,0.0001312,0.0002875,0.997
2380,2000,2000,1,7.43e-05,0.01637,0.0006666,0.00052,0.0007553,0.9814
2381,2000,2000,1,9.95e-06,0.005352,6.294e-05,9.066e-05,0.0001614,0.994
2382,2000,2000,1,3.8e-06,0.001124,2.2e-05,3.59e-05,5.57e-05,0.9985
2383,2000,2000,1,3e-06,0.001244,2.25e-05,3.487e-05,7.01e-05,0.9985
2384,2000,2000,1,1.1e-06,0.0004804,8.9e-06,1.42e-05,3.09e-05,0.9995
2385,2000,2000,1,9e-07,0.0001276,5.3e-06,2.223e-05,7.08e-05,1.0
2386,2000,2000,1,4.3e-06,0.000262,3.2e-05,0.0001268,0.000278,0.9995
2387,2000,2000,1,8.6e-06,0.0006747,5.436e-05,0.0001215,0.0002534,0.999
2388,2000,2000,1,8.17e-06,0.001086,4.154e-05,7.3e-05,0.0001023,0.9985
2389,2000,2000,1,1.5e-06,0.000895,9.4e-06,1.87e-05,3.356e-05,0.999
2390,2000,2000,1,7.7e-06,0.001472,4.68e-05,0.0003943,0.00118,0.997
2391,2000,2000,1,3.3e-06,0.0003736,1.85e-05,3.237e-05,5.627e-05,0.9995
2392,2000,2000,1,2.8e-06,0.000559,2.19e-05,4.196e-05,9.596e-05,0.9995
2393,2000,2000,1,8.3e-07,0.0006304,4.53e-06,1.49e-05,3.546e-05,0.9995
2394,2000,2000,1,2.08e-05,0.001271,0.0001597,0.0001693,0.000394,0.998
2395,2000,2000,1,2.65e-05,0.005905,0.0002044,0.0001686,0.0003839,0.993
2396,2000,2000,1,4.99e-05,0.00592,0.0003576,0.0002353,0.0004294,0.993
2397,2000,2000,1,1.43e-06,0.000969,7.2e-06,1.895e-05,3.51e-05,0.999
2398,2000,2000,1,1.5e-06,0.002497,1.067e-05,1.985e-05,2.927e-05,0.9976
2399,2000,2000,1,8.3e-07,0.0002835,7.5e-06,1.15e-05,1.734e-05,0.9995
2400,2000,2000,1,8.64e-06,0.003729,6.48e-05,6.58e-05,0.0001299,0.996
2401,2000,2000,1,9e-07,0.002129,5.84e-06,1.11e-05,1.63e-05,0.998
2402,2000,2000,1,2e-06,0.0003765,1.58e-05,1.69e-05,3.81e-05,0.9995
2403,2000,2000,1,2.5e-06,0.001217,1.79e-05,2.73e-05,4.554e-05,0.9985
2404,2000,2000,1,0.0,6.71e-05,1e-07,2.4e-07,3.6e-07,1.0
2405,2000,2000,1,4.3e-06,0.0007024,2.074e-05,5.54e-05,9.936e-05,0.999
2406,2000,2000,1,9.24e-06,0.00451,4.52e-05,7.29e-05,0.0001291,0.995
2407,2000,2000,1,5.3e-06,0.000505,4.077e-05,4.34e-05,9.95e-05,0.9995
2408,2000,2000,1,1.1e-06,0.0005984,7.9e-06,9.66e-06,1.5e-05,0.9995
2409,2000,2000,1,7.9e-06,0.0004888,7.31e-05,7.135e-05,0.0001768,0.999
2410,2000,2000,1,1e-06,0.000574,8.2e-06,1.03e-05,1.377e-05,0.9995
2411,2000,2000,1,2e-06,0.0006,1.83e-05,1.705e-05,3.47e-05,0.9995
2412,2000,2000,1,3.34e-06,0.001476,2.59e-05,3.207e-05,5.186e-05,0.9985
2413,2000,2000,1,3e-07,8.196e-05,2.2e-06,5e-06,1.06e-05,1.0
2414,2000,2000,1,6.6e-07,0.0002966,5.3e-06,1.57e-05,5.09e-05,0.9995
2415,2000,2000,1,4.77e-06,0.00292,6.32e-05,3.4e-05,5.63e-05,0.997
2416,2000,2000,1,1.32e-05,0.00553,8.73e-05,9.12e-05,0.0001434,0.994
2417,2000,2000,1,2.15e-06,0.000615,1.985e-05,2.06e-05,4.37e-05,0.9995
2418,2000,2000,1,5.4e-07,7.3e-05,6.44e-06,1.854e-05,4.613e-05,1.0
2419,2000,2000,1,3.6e-07,0.0006146,1.7e-06,6.85e-06,1.1e-05,0.9995
2420,2000,2000,1,3.5e-06,0.002628,1.425e-05,3.22e-05,5.62e-05,0.997
2421,2000,2000,1,1e-06,0.000648,7.03e-06,1.08e-05,1.514e-05,0.9995
2422,2000,2000,1,1e-07,7.96e-05,1e-06,2.44e-06,4.35e-06,1.0
2423,2000,2000,1,4e-06,0.004086,6.44e-05,4.345e-05,6.735e-05,0.9956
2424,2000,2000,1,2.26e-06,0.000682,1.866e-05,2.32e-05,4.506e-05,0.999
2425,2000,2000,1,1.574e-05,0.003035,0.0001261,0.0001151,0.0001957,0.9966
2426,2000,2000,1,3.9e-06,0.0008807,2.235e-05,3.624e-05,6.87e-05,0.999
2427,2000,2000,1,1.18e-05,0.014786,5.28e-05,5.48e-05,8.017e-05,0.985
2428,2000,2000,1,3.7e-06,0.00801,2.97e-05,3.9e-05,6.04e-05,0.9917
2429,2000,2000,1,1e-07,4.834e-05,1.1e-06,1.55e-06,3.46e-06,1.0
2430,2000,2000,1,6.2e-06,0.000994,2.056e-05,3.13e-05,6.49e-05,0.999
2431,2000,2000,1,3e-07,0.001165,1.43e-06,3.3e-06,4.4e-06,0.999
2432,2000,2000,1,3.4e-06,0.00238,1.687e-05,2.694e-05,3.85e-05,0.9976
2433,2000,2000,1,3.5e-06,0.00446,2.56e-05,3.8e-05,6.473e-05,0.9956
2434,2000,2000,1,0.0001295,0.1415,0.001096,0.000383,0.0004196,0.8564
2435,2000,2000,1,1e-07,3.88e-05,1.67e-06,4.95e-06,1.22e-05,1.0
2436,2000,2000,1,3.57e-05,0.00475,0.000295,0.0003085,0.00059,0.994
2437,2000,2000,1,8.17e-06,0.03372,2.956e-05,3.374e-05,4.107e-05,0.9663
2438,2000,2000,1,9.5e-07,0.000335,8.1e-06,1.067e-05,1.76e-05,0.9995
2439,2000,2000,1,2.2e-06,0.0002165,2.48e-05,3.45e-05,9.09e-05,0.9995
2440,2000,2000,1,5.4e-07,0.000246,3.76e-06,6.3e-06,1.07e-05,0.9995
2441,2000,2000,1,9e-06,0.002441,0.0001071,7.82e-05,0.0001195,0.997
2442,2000,2000,1,7e-07,0.000899,5.07e-06,8.46e-06,1.234e-05,0.999
2443,2000,2000,1,3.9e-06,0.0003703,3.296e-05,3.02e-05,6.044e-05,0.9995
2444,2000,2000,1,3.64e-06,0.0005136,3.254e-05,4.28e-05,0.00011086,0.9995
2445,2000,2000,1,0.0001739,0.02875,0.0005474,0.0006313,0.001123,0.9688
2446,2000,2000,1,2e-07,5.17e-05,2.1e-06,3.04e-06,8.4e-06,1.0
2447,2000,2000,1,6.2e-06,0.00943,2.68e-05,3.314e-05,4.51e-05,0.99
2448,2000,2000,1,4e-07,0.000218,3.46e-06,5.6e-06,9.1e-06,1.0
2449,2000,2000,1,1.34e-05,0.0004802,0.0002165,0.0002309,0.000613,0.9985
2450,2000,2000,1,1.2e-06,0.0002704,1e-05,1.55e-05,3.475e-05,0.9995
2451,2000,2000,1,3.725e-05,0.005802,0.0001698,0.0002837,0.0007367,0.993
2452,2000,2000,1,1.1e-06,0.0001997,7.3e-06,1.22e-05,3.63e-05,0.9995
2453,2000,2000,1,2.15e-06,0.0002987,1.46e-05,2.34e-05,5.734e-05,0.9995
2454,2000,2000,1,4e-07,0.0003376,2.86e-06,9.1e-06,1.33e-05,0.9995
2455,2000,2000,1,1.97e-06,0.00062,1.57e-05,2.09e-05,3.165e-05,0.9995
2456,2000,2000,1,4e-07,0.0004718,3e-06,5.36e-06,9.9e-06,0.9995
2457,2000,2000,1,5.07e-06,0.001402,3.135e-05,3.17e-05,4.613e-05,0.9985
2458,2000,2000,1,9.4e-06,0.000708,5.18e-05,8.917e-05,0.000221,0.999
2459,2000,2000,1,9.3e-06,0.000824,5.62e-05,0.0001805,0.0004215,0.9985
2460,2000,2000,1,1.4e-06,0.0002782,1.56e-05,1.556e-05,4.37e-05,0.9995
2461,2000,2000,1,2.44e-06,0.002245,1.484e-05,1.75e-05,2.5e-05,0.9976
2462,2000,2000,1,7e-07,0.001698,5.07e-06,1.34e-05,1.78e-05,0.998
2463,2000,2000,1,8e-07,0.0001923,5.8e-06,1.174e-05,2.56e-05,1.0
2464,2000,2000,1,1e-07,0.0001574,1.1e-06,2.5e-06,3.93e-06,1.0
2465,2000,2000,1,6e-07,0.000904,3.9e-06,1.03e-05,1.36e-05,0.999
2466,2000,2000,1,5.96e-06,0.000251,8.2e-05,0.0001102,0.0002084,0.9995
2467,2000,2000,1,4e-06,0.0002407,4.315e-05,7.43e-05,0.0001967,0.9995
2468,2000,2000,1,2e-07,7.516e-05,1.7e-06,6.6e-06,1.65e-05,1.0
2469,2000,2000,1,1.1e-06,0.0003061,7.1e-06,1.234e-05,2.855e-05,0.9995
2470,2000,2000,1,1.5e-06,0.0004787,8.64e-06,1.71e-05,3.91e-05,0.9995
2471,2000,2000,1,6e-08,0.0001423,5e-07,9.5e-07,1.55e-06,1.0
2472,2000,2000,1,1.07e-05,0.04794,3.624e-05,5.645e-05,7.874e-05,0.9517
2473,2000,2000,1,1.1e-06,0.0003006,7.8e-06,2.52e-05,8.136e-05,0.9995
2474,2000,2000,1,4.53e-06,0.002472,2.66e-05,6.175e-05,0.0001234,0.997
2475,2000,2000,1,4e-07,0.0003917,2.1e-06,4.4e-06,7.75e-06,0.9995
2476,2000,2000,1,5.9e-06,0.001074,3.326e-05,5.424e-05,9.18e-05,0.9985
2477,2000,2000,1,7e-07,0.0002506,6.44e-06,1.025e-05,1.63e-05,0.9995
2478,2000,2000,1,6e-07,0.000694,3e-06,7.75e-06,1.293e-05,0.9995
2479,2000,2000,1,7.2e-06,0.004063,6.16e-05,8.464e-05,0.0001248,0.9956
2480,2000,2000,1,9.66e-06,0.001059,5.75e-05,7.534e-05,0.0001265,0.9985
2481,2000,2000,1,7e-07,0.0001882,3.8e-06,1.22e-05,2.027e-05,1.0
2482,2000,2000,1,7.33e-06,0.0008016,3.666e-05,9.143e-05,0.000161,0.999
2483,2000,2000,1,2.06e-05,0.003096,0.00011617,0.0001551,0.0002401,0.9966
2484,2000,2000,1,4.77e-06,0.000265,4.72e-05,0.00011075,0.0002365,0.9995
2485,2000,2000,1,4.35e-06,0.004364,2.13e-05,4.137e-05,5.54e-05,0.9956
2486,2000,2000,1,2.4e-07,0.0001012,1.97e-06,1.25e-05,1.68e-05,1.0
2487,2000,2000,1,1.4e-06,0.0001994,1.08e-05,2.34e-05,5.007e-05,0.9995
2488,2000,2000,1,1.36e-05,0.0007052,9.79e-05,0.0002245,0.0003426,0.9985
2489,2000,2000,1,3.2e-06,0.006123,7.33e-06,2.784e-05,3.59e-05,0.9937
2490,2000,2000,1,0.0001616,0.0122,0.0008183,0.0007763,0.001494,0.9844
2491,2000,2000,1,4.4e-06,0.0004723,2.51e-05,6.795e-05,0.0001448,0.9995
2492,2000,2000,1,1e-07,0.0002468,8e-07,2.15e-06,4.1e-06,0.9995
2493,2000,2000,1,1.01e-05,0.02507,5.144e-05,0.0001141,0.0001788,0.9746
2494,2000,2000,1,7e-07,0.0001607,6.85e-06,1.115e-05,1.705e-05,1.0
2495,2000,2000,1,3.6e-07,0.0001072,2.74e-06,6.44e-06,1.25e-05,1.0
2496,2000,2000,1,1.9e-06,0.0002216,1.293e-05,1.8e-05,4.727e-05,0.9995
2497,2000,2000,1,9.8e-06,0.0005345,7.39e-05,9.09e-05,0.0001578,0.999
2498,2000,2000,1,9.36e-06,0.003237,8.45e-05,7.26e-05,0.00010294,0.9966
2499,2000,2000,1,1.556e-05,0.02095,5.33e-05,0.0001774,0.0002166,0.9785
2500,500,500,1,0.00958,0.0010395,0.9326,0.02667,0.03021,8.62e-05
2501,500,500,1,0.03943,0.0005703,0.919,0.01726,0.02357,0.0001417
2502,500,500,1,0.003012,0.0005856,0.646,0.12115,0.229,0.0003893
2503,500,500,1,0.002626,0.0002782,0.646,0.10175,0.249,0.0002718
2504,500,500,1,0.009346,0.0003994,0.983,0.002787,0.004585,7.707e-05
2505,500,500,1,0.000794,8.804e-05,0.975,0.0052,0.01903,2.044e-05
2506,500,500,1,0.0005493,0.00010383,0.978,0.00483,0.01642,1.88e-05
2507,500,500,1,0.00935,9.555e-05,0.9883,0.0006757,0.001632,6.4e-06
2508,500,500,1,0.001829,0.0004344,0.5347,0.136,0.327,0.0003424
2509,500,0,0,0.5806,0.010445,0.3098,0.02686,0.0698,0.002779
2510,500,500,1,0.000724,0.00011164,0.933,0.01454,0.05133,7.76e-05
2511,500,1500,0,0.005585,0.0004785,0.3335,0.1155,0.5444,0.0002978
2512,500,500,1,0.011566,0.0003862,0.7104,0.07,0.2072,0.0001681
2513,500,500,1,0.002436,0.0001176,0.9907,0.002096,0.004498,2.325e-05
2514,500,500,1,0.02449,0.0002276,0.9453,0.01653,0.01342,5.466e-05
2515,500,500,1,0.0027,0.0001799,0.8774,0.0452,0.07465,6.145e-05
2516,500,500,1,0.001097,0.0002037,0.592,0.1929,0.2135,0.0003011
2517,500,500,1,0.005386,0.002245,0.4717,0.1048,0.405,0.01094
2518,500,500,1,0.0018,0.00259,0.932,0.014465,0.04764,0.001153
2519,500,500,1,0.00681,0.0008345,0.9854,0.001947,0.00501,7.4e-05
2520,500,500,1,0.02321,0.0002518,0.975,0.0004964,0.0007925,1.3e-05
2521,500,500,1,0.0006156,0.00012124,0.943,0.00829,0.0478,0.00011104
2522,500,500,1,0.00918,0.0002785,0.9873,0.000804,0.002302,3e-05
2523,500,500,1,0.04736,0.0003374,0.932,0.00826,0.01176,9.954e-05
2524,500,500,1,0.001485,0.000159,0.9707,0.005684,0.02187,7.38e-05
2525,500,500,1,0.00258,6.557e-05,0.9946,0.0009007,0.001673,8.1e-06
2526,500,500,1,0.01625,0.0010195,0.694,0.05685,0.2311,0.000808
2527,500,500,1,0.013176,0.00186,0.5605,0.08386,0.3394,0.001003
2528,500,500,1,0.005936,0.000583,0.8374,0.03983,0.1158,0.0007386
2529,500,500,1,0.002144,0.0002997,0.9526,0.00977,0.03473,0.0002687
2530,500,500,1,0.00458,0.0005417,0.973,0.004658,0.01688,6.557e-05
2531,500,500,1,0.003006,0.00011826,0.9927,0.001011,0.003283,1.544e-05
2532,500,500,1,0.001673,0.0005956,0.8335,0.04425,0.1198,0.0001485
2533,500,1500,0,0.05768,0.001154,0.3706,0.0951,0.4749,0.0008025
2534,500,500,1,0.0552,0.0003254,0.9253,0.00804,0.01086,0.0001129
2535,500,500,1,0.002321,0.0002675,0.977,0.00687,0.01349,7.874e-05
2536,500,500,1,0.00393,0.000977,0.6064,0.1663,0.2214,0.000935
2537,500,500,1,0.004204,8.56e-05,0.963,0.00813,0.02481,3.51e-05
2538,500,1500,0,0.0001588,2.33e-05,0.02779,0.2158,0.7563,1.7e-05
2539,500,500,1,0.04086,0.0002354,0.9316,0.01035,0.0169,4.79e-05
2540,500,1500,0,0.0015745,0.0003366,0.155,0.196,0.6465,0.000342
2541,500,500,1,0.0278,0.00105,0.913,0.02702,0.03099,0.00021
2542,500,500,1,0.002798,9.793e-05,0.584,0.0686,0.3445,3.207e-05
2543,500,500,1,0.001513,4.727e-05,0.963,0.02411,0.01149,5.9e-06
2544,500,500,1,0.002232,0.0001539,0.9883,0.004112,0.005405,2.5e-05
2545,500,500,1,0.1974,0.002298,0.4019,0.0596,0.3384,0.0006924
2546,500,500,1,0.01301,0.0002606,0.9424,0.01677,0.02724,9.13e-05
2547,500,500,1,0.02333,0.0002378,0.7534,0.0776,0.1455,6.33e-05
2548,500,500,1,0.004997,0.0002966,0.7666,0.0842,0.1438,0.0001619
2549,500,0,0,0.573,0.002436,0.2295,0.1726,0.02159,0.0006723
2550,500,500,1,0.001648,0.0001817,0.576,0.2612,0.1604,0.0001239
2551,500,500,1,0.2098,0.001621,0.6973,0.0297,0.06073,0.0007024
2552,500,500,1,0.002157,0.0001802,0.9673,0.01089,0.01959,4.32e-05
2553,500,500,1,0.1415,0.0004818,0.8027,0.01266,0.04248,0.0001851
2554,500,500,1,0.00517,0.000377,0.528,0.2722,0.1942,0.0002304
2555,500,500,1,0.002539,0.0001576,0.949,0.0124,0.03552,7.564e-05
2556,500,500,1,0.0862,0.001005,0.839,0.02051,0.05338,0.000236
2557,500,500,1,0.002262,0.0002437,0.782,0.04474,0.1705,8.583e-05
2558,500,500,1,0.00664,0.0002449,0.86,0.0436,0.0897,0.000123
2559,500,500,1,0.0915,0.0006824,0.8784,0.01865,0.01075,0.000197
2560,500,500,1,0.002176,0.0001867,0.9653,0.01347,0.01854,7.695e-05
2561,500,1500,0,0.0009403,0.0001925,0.1968,0.1642,0.6377,0.0001011
2562,500,1500,0,0.001757,0.0003107,0.1311,0.3374,0.529,0.0006657
2563,500,500,1,0.00241,0.0001316,0.985,0.006226,0.00645,3.05e-05
2564,500,500,1,0.0008807,0.00011355,0.9946,0.001575,0.002823,1.556e-05
2565,500,500,1,0.007324,0.0005636,0.848,0.04178,0.10175,0.0002458
2566,500,500,1,0.008255,0.0003667,0.5747,0.1877,0.2286,0.0001873
2567,500,500,1,0.01066,5.63e-05,0.9873,0.001013,0.001105,8.9e-06
2568,500,1000,0,0.00772,0.000616,0.11774,0.655,0.2185,0.0007105
2569,500,500,1,0.006466,0.000376,0.987,0.00214,0.00393,4.94e-05
2570,500,500,1,0.2705,0.000876,0.668,0.0347,0.02551,0.0003493
2571,500,500,1,0.002523,6.664e-05,0.9893,0.003822,0.00408,1.19e-05
2572,500,500,1,0.003498,0.0001271,0.963,0.01351,0.01968,6.59e-05
2573,500,1500,0,0.001885,0.0002062,0.3606,0.1594,0.4778,0.00011843
2574,500,500,1,0.00843,0.0009723,0.64,0.1118,0.2379,0.000645
2575,500,500,1,0.00861,0.0002925,0.9614,0.01522,0.014175,0.00012195
2576,500,500,1,0.0034,0.0006194,0.6763,0.0808,0.2384,0.0003655
2577,500,500,1,0.00702,0.0002737,0.6675,0.1183,0.2068,0.0002342
2578,500,500,1,0.003893,0.0005646,0.967,0.01189,0.0167,0.0003512
2579,500,500,1,0.002762,0.0003655,0.8906,0.03186,0.0742,7.796e-05
2580,500,500,1,0.002882,9.215e-05,0.9927,0.001785,0.002453,1.1e-05
2581,500,1500,0,0.01329,0.0011425,0.1394,0.2358,0.6094,0.0008965
2582,500,500,1,0.04465,0.00426,0.6743,0.1486,0.1262,0.001742
2583,500,500,1,0.002747,0.00010014,0.994,0.001516,0.001503,1.156e-05
2584,500,500,1,0.003109,0.0002414,0.944,0.012115,0.0406,4.58e-05
2585,500,500,1,0.129,0.0008626,0.825,0.010284,0.03464,0.0002395
2586,500,500,1,0.010475,5.64e-05,0.967,0.00839,0.0143,9.66e-06
2587,500,500,1,0.004414,9.114e-05,0.9917,0.001183,0.002611,8.6e-06
2588,500,500,1,0.00419,0.0001533,0.9766,0.00664,0.01232,2.605e-05
2589,500,500,1,0.00197,0.000952,0.9805,0.00462,0.01166,0.0002365
2590,500,500,1,0.01182,0.001288,0.7563,0.02696,0.2031,0.000389
2591,500,500,1,0.01685,7.52e-05,0.976,0.002327,0.004498,1.03e-05
2592,500,500,1,0.0175,0.0002847,0.9688,0.004383,0.00899,6.23e-05
2593,500,500,1,0.00632,0.0001253,0.9727,0.003902,0.01677,4.45e-05
2594,500,500,1,0.001138,4.55e-05,0.982,0.00568,0.01121,1.705e-05
2595,500,500,1,0.00366,0.001536,0.927,0.01883,0.04822,0.001115
2596,500,500,1,0.002626,0.0002316,0.9165,0.010284,0.07,0.0001277
2597,500,500,1,0.001337,0.000371,0.9097,0.03223,0.05615,7.993e-05
2598,500,500,1,0.01341,0.0003011,0.978,0.002754,0.005257,4.32e-05
2599,500,500,1,0.1373,0.0003872,0.846,0.004124,0.01206,0.000104
2600,500,500,1,0.000794,4.894e-05,0.985,0.002756,0.01144,1.717e-05
2601,500,500,1,0.00495,0.0002859,0.8115,0.05374,0.1292,9.34e-05
2602,500,500,1,0.03186,8.41e-05,0.965,0.001724,0.001609,9.5e-06
2603,500,500,1,0.001303,0.000354,0.7754,0.0941,0.1288,0.0002756
2604,500,500,1,0.001458,0.00011724,0.9536,0.008736,0.03595,4.4e-05
2605,500,500,1,0.005043,0.0001642,0.9766,0.006126,0.011765,9.65e-05
2606,500,500,1,0.0002499,7.02e-05,0.8984,0.04208,0.05923,3.64e-05
2607,500,500,1,0.001844,0.00010455,0.79,0.0749,0.1333,4.83e-05
2608,500,1500,0,0.007267,0.00197,0.2642,0.09424,0.631,0.00145
2609,500,500,1,0.002586,0.0001707,0.773,0.04498,0.1793,6.604e-05
2610,500,500,1,0.01451,0.0007334,0.5283,0.11554,0.3406,0.0003116
2611,500,500,1,0.01446,0.0006275,0.946,0.01192,0.02698,0.0002033
2612,500,500,1,0.2532,0.002562,0.526,0.1356,0.08203,0.0006857
2613,500,500,1,0.0015335,0.0001351,0.9087,0.0367,0.0528,2.676e-05
2614,500,500,1,0.008896,6.2e-05,0.9795,0.00611,0.005318,2.25e-05
2615,500,500,1,0.006783,0.0007973,0.8345,0.062,0.0956,0.0004146
2616,500,1500,0,0.0025,0.0003088,0.2373,0.1746,0.585,0.000304
2617,500,1500,0,0.007442,0.0003905,0.237,0.264,0.491,0.0001972
2618,500,500,1,0.002548,0.0001213,0.7866,0.09564,0.1149,6.52e-05
2619,500,1500,0,0.001276,0.0004022,0.1237,0.2399,0.6343,0.000386
2620,500,500,1,0.02579,0.0014515,0.779,0.1262,0.0674,0.0003388
2621,500,500,1,0.0393,0.0002549,0.955,0.001739,0.003824,4.816e-05
2622,500,500,1,0.0003142,1.46e-05,0.998,0.0006475,0.0008626,1.1e-06
2623,500,500,1,0.01393,0.001602,0.9243,0.01543,0.04434,0.0006213
2624,500,500,1,0.0009394,0.000192,0.9546,0.01682,0.02715,8.357e-05
2625,500,500,1,0.00103,0.000156,0.9214,0.03735,0.0402,6.896e-05
2626,500,500,1,0.004734,0.001089,0.9175,0.02467,0.0515,0.000606
2627,500,500,1,0.001393,0.0002346,0.99,0.002289,0.005787,2.205e-05
2628,500,500,1,0.00393,2.92e-05,0.993,0.000894,0.00206,5.9e-06
2629,500,500,1,0.004246,0.0001032,0.922,0.01714,0.05676,3.72e-05
2630,500,500,1,0.00815,0.001937,0.8315,0.02103,0.137,0.000293
2631,500,500,1,0.01794,7.8e-05,0.9775,0.00135,0.002958,1.46e-05
2632,500,500,1,0.00238,0.0002503,0.9863,0.003176,0.007767,6.366e-05
2633,500,500,1,0.002108,0.0001949,0.9395,0.02606,0.03207,4.1e-05
2634,500,500,1,0.08075,0.00187,0.8647,0.02937,0.02266,0.0005093
2635,500,500,1,0.001993,0.0002673,0.8584,0.0436,0.0956,0.0001972
2636,500,500,1,0.000353,1.99e-05,0.9893,0.004917,0.00527,6.4e-06
2637,500,500,1,0.0027,0.0002513,0.507,0.2578,0.2324,0.0001904
2638,500,500,1,0.00304,0.0006967,0.781,0.05032,0.1649,0.0004275
2639,500,1500,0,0.001476,0.0003996,0.3647,0.2305,0.402,0.0005794
2640,500,1000,0,0.001713,0.0002532,0.344,0.4248,0.2288,0.0002768
2641,500,500,1,0.006065,0.000337,0.715,0.08014,0.1982,0.0001839
2642,500,500,1,0.09686,0.002827,0.6875,0.10864,0.1031,0.001085
2643,500,1000,0,0.1718,0.002243,0.099,0.634,0.09216,0.00088
2644,500,500,1,0.1615,0.00809,0.714,0.07513,0.0397,0.001587
2645,500,1500,0,0.010445,0.000964,0.3108,0.3335,0.344,0.0004802
2646,500,500,1,0.001629,8.99e-05,0.9897,0.003168,0.00532,2.2e-05
2647,500,500,1,0.0962,0.001153,0.812,0.03748,0.05286,0.0004742
2648,500,500,1,0.009964,0.000545,0.8613,0.05255,0.0753,0.0001925
2649,500,1000,0,0.001725,0.0002928,0.2542,0.5537,0.19,0.0002964
2650,500,500,1,0.001477,0.0001551,0.571,0.0732,0.3542,7.62e-05
2651,500,500,1,0.0048,0.0002241,0.949,0.01807,0.0275,8.05e-05
2652,500,500,1,0.00406,0.0002658,0.693,0.07306,0.2297,0.00010616
2653,500,500,1,0.010635,0.000549,0.9287,0.01843,0.0415,0.000122
2654,500,500,1,0.04724,0.004013,0.508,0.2136,0.2252,0.002247
2655,500,500,1,0.002632,0.0003133,0.8984,0.04044,0.05817,0.0002079
2656,500,500,1,0.011055,0.0005746,0.4238,0.2449,0.3193,0.0003452
2657,500,500,1,0.01203,0.0001882,0.9287,0.03232,0.02669,6.4e-05
2658,500,500,1,0.467,0.0003235,0.522,0.005154,0.00518,7.343e-05
2659,500,500,1,0.02228,0.000292,0.9395,0.01927,0.01842,6.765e-05
2660,500,500,1,0.0026,8.345e-05,0.692,0.05258,0.2527,3.41e-05
2661,500,500,1,0.01302,0.001276,0.3823,0.3362,0.2664,0.0006604
2662,500,500,1,0.01042,0.001441,0.6943,0.1996,0.09247,0.001762
2663,500,1000,0,0.001091,0.0003612,0.2483,0.491,0.2588,0.0004628
2664,500,500,1,0.006783,0.001774,0.8853,0.04352,0.06168,0.000754
2665,500,500,1,0.02034,0.0008144,0.9453,0.01817,0.01509,0.0002276
2666,500,500,1,0.0811,0.00749,0.8076,0.07043,0.0323,0.00108
2667,500,500,1,0.001614,0.0001534,0.892,0.061,0.0449,6.783e-05
2668,500,1000,0,0.001615,0.0005255,0.2042,0.4417,0.3516,0.000514
2669,500,0,0,0.6084,0.000697,0.3755,0.00842,0.00677,0.0001378
2670,500,500,1,0.02472,0.000294,0.7407,0.1713,0.06274,0.0001295
2671,500,500,1,0.0387,0.00189,0.9487,0.002588,0.007767,0.0001856
2672,500,500,1,0.01932,0.0002029,0.9624,0.0044,0.013596,4.07e-05
2673,500,500,1,0.001966,0.000828,0.7886,0.04214,0.166,0.0004404
2674,500,500,1,0.01298,0.1254,0.8027,0.0171,0.03635,0.005398
2675,500,500,1,0.01299,0.008095,0.976,0.001057,0.001736,0.0001343
2676,500,500,1,0.001098,0.0001879,0.989,0.00279,0.006985,5.764e-05
2677,500,1000,0,0.03336,0.0078,0.1576,0.4077,0.3882,0.005383
2678,500,500,1,0.01997,0.0008616,0.674,0.1831,0.12177,0.0003366
2679,500,1500,0,0.0321,0.002445,0.207,0.2163,0.5405,0.001645
2680,500,500,1,0.2155,0.00042,0.6533,0.0331,0.0976,9.334e-05
2681,500,500,1,0.002232,0.0002568,0.569,0.0654,0.363,0.0001342
2682,500,500,1,0.001806,0.0001652,0.838,0.0572,0.10266,5.04e-05
2683,500,500,1,0.0275,0.001276,0.4368,0.2546,0.279,0.0007515
2684,500,500,1,0.003113,0.0002828,0.5444,0.2264,0.2256,0.0001777
2685,500,500,1,0.01242,0.0002606,0.8467,0.0217,0.1189,0.0001198
2686,500,500,1,0.003857,0.0001812,0.9897,0.002502,0.003769,2.51e-05
2687,500,500,1,0.0094,0.0002942,0.908,0.0183,0.06366,8.73e-05
2688,500,500,1,0.00947,0.001783,0.56,0.2319,0.1959,0.0007434
2689,500,500,1,0.0271,0.0001408,0.9385,0.01284,0.02135,3.01e-05
2690,500,500,1,0.003754,0.0003238,0.6675,0.078,0.2505,0.0001371
2691,500,500,1,0.01662,0.002422,0.8296,0.0515,0.0992,0.00069
2692,500,500,1,0.001897,0.000154,0.8184,0.0938,0.0856,2.96e-05
2693,500,500,1,0.01686,0.0003407,0.9634,0.006584,0.01274,6.94e-05
2694,500,500,1,0.02834,0.0001194,0.9653,0.002754,0.00326,2.3e-05
2695,500,500,1,0.075,0.002684,0.6733,0.04514,0.2026,0.001065
2696,500,500,1,0.000946,0.0001853,0.872,0.03004,0.0967,7.97e-05
2697,500,500,1,0.2957,0.001893,0.609,0.03162,0.06125,0.000573
2698,500,500,1,0.03464,0.0007224,0.4126,0.2404,0.3113,0.0003169
2699,500,500,1,0.001948,0.0004196,0.7227,0.05756,0.2169,0.0005484
2700,500,500,1,0.001733,0.0003493,0.892,0.03088,0.07446,0.0003881
2701,500,500,1,0.00854,0.0001652,0.9893,0.0007415,0.001307,1.07e-05
2702,500,500,1,0.007076,0.00010014,0.99,0.0008874,0.00157,1.2e-05
2703,500,500,1,0.004433,8.917e-05,0.9937,0.001,0.000997,6.1e-06
2704,500,500,1,0.003038,0.0002068,0.9927,0.00181,0.002117,2.056e-05
2705,500,500,1,0.02501,0.002459,0.948,0.01222,0.01168,0.0005474
2706,500,500,1,0.02057,0.00017,0.932,0.02226,0.0248,4.214e-05
2707,500,500,1,0.0022,0.0003762,0.6733,0.1121,0.2115,0.0003438
2708,500,1500,0,0.003168,0.000447,0.2028,0.1868,0.6064,0.0002416
2709,500,500,1,0.001278,5.3e-05,0.9834,0.003845,0.01148,1.025e-05
2710,500,500,1,0.1265,0.003164,0.8164,0.013145,0.0402,0.000628
2711,500,500,1,0.005856,0.0001698,0.9907,0.0009317,0.002522,2.396e-05
2712,500,500,1,0.03014,0.002045,0.8633,0.05637,0.04773,0.00054
2713,500,500,1,0.007656,0.0004656,0.9824,0.003569,0.005787,3.37e-05
2714,500,500,1,0.00222,2.03e-05,0.996,0.0004888,0.0012665,3.8e-06
2715,500,500,1,0.002367,0.00011975,0.993,0.002012,0.002357,1.93e-05
2716,500,500,1,0.002306,0.000332,0.9595,0.01243,0.0251,0.0002565
2717,500,500,1,0.0008016,9.006e-05,0.9785,0.00846,0.012115,3.34e-05
2718,500,500,1,0.01097,0.000896,0.651,0.03677,0.3003,0.0003316
2719,500,500,1,0.131,0.001875,0.854,0.00479,0.00831,0.0002328
2720,500,500,1,0.0583,0.001009,0.9243,0.004513,0.01166,0.0002615
2721,500,500,1,0.11523,0.0009384,0.8804,0.000981,0.002476,5.46e-05
2722,500,500,1,0.00548,0.001085,0.9917,0.0004663,0.001191,6.04e-05
2723,500,500,1,0.02618,0.0011835,0.9424,0.0126,0.01598,0.0017805
2724,500,500,1,0.004375,0.000394,0.913,0.02324,0.05878,7.19e-05
2725,500,500,1,0.0006456,0.0001463,0.9507,0.01357,0.03476,0.00011283
2726,500,500,1,0.1738,0.003439,0.692,0.0379,0.0912,0.001544
2727,500,1500,0,0.008514,0.001198,0.2947,0.142,0.5527,0.00077
2728,500,500,1,0.001096,9.84e-05,0.981,0.00526,0.012764,4.613e-05
2729,500,500,1,0.005814,7.32e-05,0.9834,0.002728,0.00783,1.806e-05
2730,500,1500,0,0.00328,0.0006223,0.3218,0.123,0.551,0.0006576
2731,500,500,1,0.005302,3.064e-05,0.9927,0.001277,0.000822,3.8e-06
2732,500,500,1,0.008095,0.0005016,0.979,0.004623,0.007652,8.976e-05
2733,500,500,1,0.009254,0.001246,0.7847,0.0973,0.10706,0.0004435
2734,500,1500,0,0.00508,0.0002797,0.0385,0.2634,0.6924,0.0002086
2735,500,1500,0,0.002031,0.000698,0.1333,0.3416,0.521,0.001402
2736,500,500,1,0.011665,0.0002446,0.8296,0.0305,0.1279,5.7e-05
2737,500,500,1,0.1908,0.0004199,0.8003,0.00388,0.004524,5.585e-05
2738,500,500,1,0.009026,0.0011425,0.7734,0.0508,0.1654,0.0003827
2739,500,500,1,0.003304,0.0001402,0.9717,0.0153,0.00973,2.85e-05
2740,500,500,1,0.01431,9.44e-05,0.9805,0.002735,0.002556,2.015e-05
2741,500,500,1,0.004807,0.0001357,0.9707,0.01476,0.00976,3.55e-05
2742,500,0,0,0.5527,0.0004551,0.4387,0.003231,0.00486,8.47e-05
2743,500,0,0,0.9404,0.00010985,0.05896,0.0002085,0.0004427,5.96e-06
2744,500,500,1,0.004803,0.0004356,0.84,0.03473,0.12006,0.000179
2745,500,1500,0,0.00964,0.0005364,0.259,0.3574,0.373,0.0003502
2746,500,500,1,0.000575,4.36e-05,0.983,0.00916,0.00743,7.6e-06
2747,500,500,1,0.00259,0.0006933,0.8667,0.03906,0.0909,0.0002345
2748,500,500,1,0.001474,4.38e-05,0.994,0.0009723,0.003267,1.08e-05
2749,500,500,1,0.00138,0.00011235,0.977,0.0049,0.01665,1.63e-05
2750,500,500,1,0.0007668,0.0001231,0.9937,0.002161,0.003145,1.53e-05
2751,500,500,1,0.0167,0.0001715,0.9795,0.001133,0.002262,2.825e-05
2752,500,1500,0,0.01775,0.0003834,0.3767,0.0908,0.514,0.0001898
2753,500,500,1,0.000688,0.0001994,0.928,0.02293,0.04813,2.384e-05
2754,500,500,1,0.01776,0.0075,0.95,0.00908,0.01494,0.0007043
2755,500,500,1,0.3293,0.0004096,0.6626,0.00279,0.004772,6.676e-05
2756,500,500,1,0.0004003,3.35e-05,0.9814,0.00625,0.01171,6.26e-06
2757,500,500,1,0.00335,4.82e-05,0.9937,0.0011425,0.00196,5.8e-06
2758,500,500,1,0.0221,0.0003884,0.9634,0.00488,0.00919,7.21e-05
2759,500,500,1,0.0002615,2.706e-05,0.9966,0.001592,0.001517,3.1e-06
2760,500,500,1,0.03638,8.667e-05,0.9453,0.01528,0.003056,1.055e-05
2761,500,1500,0,0.0842,0.001098,0.3381,0.1552,0.421,0.000534
2762,500,500,1,0.0079,6.23e-05,0.9897,0.0006886,0.001434,1.717e-05
2763,500,500,1,0.00108,0.0001872,0.9795,0.00686,0.01254,3.73e-05
2764,500,500,1,0.007965,0.0002751,0.9795,0.002684,0.00931,4.447e-05
2765,500,500,1,0.1367,0.0001923,0.8604,0.0007257,0.001821,1.39e-05
2766,500,500,1,0.001963,4.053e-05,0.9883,0.002314,0.00739,1.38e-05
2767,500,500,1,0.02542,0.0004182,0.941,0.01288,0.02016,7.13e-05
2768,500,500,1,0.01602,0.0004678,0.8247,0.03552,0.12305,0.0002584
2769,500,500,1,0.00532,0.00048,0.4868,0.1925,0.315,0.0001836
2770,500,500,1,0.007748,0.0001636,0.962,0.007812,0.0222,5.21e-05
2771,500,500,1,0.000955,5.51e-05,0.9517,0.01863,0.02863,2.176e-05
2772,500,500,1,0.08527,0.0001794,0.892,0.01126,0.01139,4.31e-05
2773,500,500,1,0.005413,0.000783,0.4941,0.1914,0.3074,0.000941
2774,500,500,1,0.003998,3.8e-05,0.991,0.001341,0.003204,1.127e-05
2775,500,1500,0,0.001859,0.0004907,0.2754,0.2107,0.5103,0.001255
2776,500,500,1,0.003561,0.00010014,0.9883,0.002268,0.00554,2.71e-05
2777,500,500,1,0.00644,0.00022,0.9766,0.005695,0.01104,4.81e-05
2778,500,500,1,0.003233,7.61e-05,0.993,0.001211,0.002253,1.28e-05
2779,500,0,0,0.668,0.000204,0.3293,0.001167,0.001552,3.266e-05
2780,500,500,1,0.001879,0.00010175,0.983,0.00465,0.01067,2.94e-05
2781,500,500,1,0.001281,1.06e-05,0.9976,0.000391,0.000651,1.13e-06
2782,500,0,0,0.6367,0.000955,0.3428,0.00519,0.01446,0.0001873
2783,500,500,1,0.002825,0.0001167,0.9854,0.002853,0.008896,5.23e-05
2784,500,500,1,0.000709,9.626e-05,0.9727,0.00824,0.01819,3.16e-05
2785,500,500,1,0.2725,0.001377,0.682,0.00878,0.03513,0.0002587
2786,500,1500,0,0.002756,0.000796,0.1923,0.2413,0.561,0.001623
2787,500,500,1,0.000802,0.0001886,0.9907,0.002594,0.005585,2.44e-05
2788,500,500,1,0.1722,0.0005026,0.7065,0.0872,0.03348,0.0001886
2789,500,500,1,0.0726,0.0002328,0.9194,0.002968,0.004868,5.64e-05
2790,500,500,1,0.00515,0.000214,0.969,0.00522,0.02022,0.00011456
2791,500,0,0,0.613,0.0002275,0.384,0.001043,0.002045,2.79e-05
2792,500,500,1,0.01158,0.001022,0.519,0.161,0.3064,0.0006323
2793,500,500,1,0.004597,0.0004008,0.966,0.006878,0.02223,0.0001539
2794,500,500,1,0.006077,0.000837,0.874,0.0331,0.08545,0.000448
2795,500,0,0,0.4402,0.001599,0.387,0.149,0.02208,0.000344
2796,500,500,1,0.1317,0.0004175,0.862,0.00353,0.002333,5.94e-05
2797,500,500,1,0.006435,0.0001873,0.9097,0.03488,0.04877,8.607e-05
2798,500,500,1,0.02426,0.0006495,0.9043,0.02092,0.04993,0.000145
2799,500,500,1,0.001698,9.423e-05,0.983,0.004513,0.011,1.895e-05
2800,500,500,1,0.005325,0.0003536,0.9805,0.003443,0.010376,5.87e-05
2801,500,500,1,0.1593,0.0007014,0.8364,0.00103,0.00256,4.894e-05
2802,500,500,1,0.0727,0.0005527,0.8975,0.013695,0.0155,0.000126
2803,500,500,1,0.05792,0.0002395,0.9385,0.001136,0.002317,3.67e-05
2804,500,500,1,0.00881,0.0001053,0.9897,0.000424,0.000734,5.96e-06
2805,500,500,1,0.0623,0.0003285,0.9253,0.004562,0.00764,5.48e-05
2806,500,500,1,0.02158,0.001915,0.7666,0.03864,0.1704,0.001003
2807,500,500,1,0.02725,0.0008054,0.9663,0.001635,0.003925,8.49e-05
2808,500,500,1,0.000449,4.5e-05,0.9966,0.001356,0.00162,5.3e-06
2809,500,500,1,0.00483,0.0005445,0.99,0.001683,0.002779,0.0001198
2810,500,500,1,0.01204,0.0001021,0.9844,0.001317,0.00202,1.31e-05
2811,500,500,1,0.04047,0.000345,0.9404,0.00439,0.01447,2.444e-05
2812,500,500,1,0.002968,6.05e-05,0.9927,0.001548,0.002714,8.17e-06
2813,500,500,1,0.001455,9.48e-05,0.9766,0.00984,0.01191,4.005e-05
2814,500,500,1,0.00556,0.0002887,0.9824,0.002415,0.00912,6.05e-05
2815,500,500,1,0.0009317,3.344e-05,0.991,0.003088,0.004963,4.2e-06
2816,500,500,1,0.01167,7.12e-05,0.9854,0.001059,0.001898,1.49e-05
2817,500,500,1,0.007732,0.0001293,0.8823,0.04993,0.05966,4.023e-05
2818,500,500,1,0.000319,5.2e-06,0.999,0.0003798,0.00029,3.6e-07
2819,500,500,1,0.0006375,2.825e-05,0.9897,0.003004,0.00654,8.9e-06
2820,500,500,1,0.01108,4.65e-05,0.9863,0.001655,0.0009446,4.6e-06
2821,500,500,1,0.05554,0.0003595,0.931,0.003489,0.00933,3.19e-05
2822,500,500,1,0.057,0.000987,0.884,0.02747,0.03056,0.000323
2823,500,500,1,0.0009537,4.17e-05,0.991,0.002312,0.005604,1e-05
2824,500,500,1,0.005604,0.0001239,0.978,0.005554,0.010506,2.13e-05
2825,500,500,1,0.005966,7.635e-05,0.9653,0.0116,0.01686,2.384e-05
2826,500,500,1,0.00498,0.000792,0.973,0.01682,0.00443,6.133e-05
2827,500,500,1,0.0481,0.000619,0.937,0.006084,0.00817,9.15e-05
2828,500,500,1,0.08215,0.001376,0.898,0.00784,0.01057,0.0002291
2829,500,500,1,0.0009327,9.66e-06,0.998,0.000827,0.0003839,8e-07
2830,500,500,1,0.0004573,3.31e-05,0.993,0.002954,0.003248,6.9e-06
2831,500,500,1,0.0044,0.0003655,0.943,0.0179,0.03458,7.427e-05
2832,500,500,1,0.0636,0.0001909,0.927,0.004173,0.005043,3.89e-05
2833,500,1500,0,0.005405,0.0004468,0.3655,0.1481,0.4805,0.0001453
2834,500,500,1,0.001219,5.64e-05,0.9746,0.0051,0.01894,2.16e-05
2835,500,500,1,0.00861,0.00010186,0.9614,0.01203,0.0177,2.944e-05
2836,500,500,1,0.002054,0.0001208,0.881,0.03122,0.0856,5.114e-05
2837,500,500,1,0.02066,0.0001475,0.9194,0.009094,0.05066,2.366e-05
2838,500,500,1,0.000697,8.56e-05,0.915,0.02876,0.05518,2.015e-05
2839,500,500,1,0.005436,0.0001271,0.8335,0.1234,0.03732,5.794e-05
2840,500,500,1,0.000834,3.874e-05,0.9854,0.00991,0.003895,5e-06
2841,500,500,1,0.00649,0.000477,0.9736,0.010506,0.008995,2.44e-05
2842,500,500,1,0.00693,0.0002191,0.9155,0.03033,0.0468,4.82e-05
2843,500,500,1,0.145,0.0003228,0.817,0.02643,0.01147,8.21e-05
2844,500,500,1,0.004353,0.0006304,0.7725,0.07904,0.143,0.0003757
2845,500,500,1,0.03223,0.001312,0.62,0.0987,0.2473,0.000489
2846,500,500,1,0.004604,0.0001506,0.9033,0.04953,0.04233,6.014e-05
2847,500,500,1,0.0005484,2.813e-05,0.975,0.01106,0.01305,1.043e-05
2848,500,500,1,0.002874,0.000109,0.9604,0.02457,0.01179,3.08e-05
2849,500,500,1,0.002483,0.0003076,0.6973,0.1318,0.168,0.0001042
2850,500,1500,0,0.001647,0.000159,0.11456,0.4233,0.4602,5.85e-05
2851,500,500,1,0.04047,0.0002766,0.743,0.1543,0.06152,8.18e-05
2852,500,500,1,0.02345,0.001612,0.9443,0.015434,0.01501,9.626e-05
2853,500,500,1,0.007015,0.000999,0.7246,0.1793,0.0872,0.0007696
2854,500,500,1,0.01674,0.0004187,0.8394,0.04858,0.0947,0.0001599
2855,500,500,1,0.007835,0.0003743,0.4624,0.3574,0.1718,0.0002059
2856,500,1500,0,0.003963,0.0006604,0.314,0.1373,0.5435,0.000549
2857,500,500,1,0.007412,0.0002527,0.947,0.01475,0.03067,3.75e-05
2858,500,1000,0,0.001338,0.000337,0.2817,0.3652,0.3513,0.0001315
2859,500,1500,0,0.00411,0.0002806,0.02402,0.1824,0.789,0.0001695
2860,500,1500,0,0.002039,0.0002184,0.2805,0.2211,0.496,0.0001355
2861,500,500,1,0.08734,0.0001465,0.879,0.02026,0.01331,3.33e-05
2862,500,1500,0,0.00885,0.0002145,0.2607,0.2031,0.527,8.2e-05
2863,500,500,1,0.03568,0.001499,0.5444,0.258,0.1598,0.0004897
2864,500,1000,0,0.000704,7.4e-05,0.04575,0.735,0.2185,0.0001
2865,500,500,1,0.003242,0.0002044,0.722,0.1101,0.1641,0.0001756
2866,500,500,1,0.0854,0.001475,0.566,0.2566,0.09045,0.0005355
2867,500,1000,0,0.0404,0.0019245,0.2343,0.3674,0.354,0.001865
2868,500,1500,0,0.001194,0.0001347,0.3066,0.3374,0.3545,0.0001033
2869,500,500,1,0.002464,0.0002975,0.8267,0.08875,0.0818,0.0001762
2870,500,1500,0,0.0105,0.0007114,0.08276,0.2676,0.638,0.0002537
2871,500,1000,0,0.001177,7.35e-05,0.2136,0.555,0.23,3.815e-05
2872,500,1500,0,0.000534,0.0001223,0.01897,0.3674,0.613,0.000275
2873,500,1000,0,0.0002432,2.396e-05,0.03964,0.594,0.366,1.48e-05
2874,500,1500,0,0.004223,0.000253,0.1234,0.359,0.513,0.000267
2875,500,500,1,0.05157,0.001993,0.3628,0.2433,0.3394,0.001092
2876,500,1500,0,0.0012045,6.163e-05,0.38,0.11273,0.5063,3.195e-05
2877,500,1000,0,0.001074,0.0001798,0.1594,0.6543,0.1849,0.00027
2878,500,500,1,0.0699,0.001442,0.376,0.369,0.183,0.0007014
2879,500,1500,0,0.001528,0.0001062,0.01483,0.2177,0.7656,0.0001793
2880,500,500,1,0.01016,0.001316,0.6753,0.2255,0.0873,0.000685
2881,500,500,1,0.001173,0.0001733,0.8354,0.0803,0.083,4.15e-05
2882,500,1500,0,0.003956,0.0007434,0.2467,0.2903,0.4575,0.0009527
2883,500,500,1,0.007763,0.0002298,0.9624,0.015594,0.013885,5.925e-05
2884,500,500,1,0.001569,0.0001639,0.96,0.02516,0.01296,2.65e-05
2885,500,1000,0,0.000657,0.0001435,0.02635,0.6274,0.3452,0.0001924
2886,500,1000,0,0.06476,0.001424,0.3918,0.443,0.0981,0.0008035
2887,500,500,1,0.002056,0.000595,0.6904,0.257,0.04932,0.000302
2888,500,500,1,0.01151,0.0008745,0.8833,0.07355,0.03053,0.0002339
2889,500,1000,0,0.005215,0.000408,0.114,0.508,0.3723,0.000237
2890,500,1000,0,0.01519,0.0002646,0.3345,0.4312,0.2185,0.0001537
2891,500,1500,0,0.002497,0.0001388,0.1381,0.3857,0.4734,0.0001069
2892,500,500,1,0.2817,0.001498,0.6426,0.05777,0.01622,0.0004404
2893,500,500,1,0.00654,0.0003343,0.4004,0.2202,0.3723,0.000215
2894,500,1000,0,0.00688,0.0004044,0.2664,0.4514,0.275,0.0002182
2895,500,500,1,0.2242,0.00858,0.3635,0.2659,0.1346,0.003145
2896,500,500,1,0.001714,0.0001343,0.8745,0.04974,0.0738,2.974e-05
2897,500,500,1,0.005096,0.0006046,0.4739,0.2449,0.2754,0.000304
2898,500,1500,0,0.003448,0.0004666,0.0663,0.4023,0.527,0.0005164
2899,500,500,1,0.002897,0.0001391,0.7964,0.14,0.06064,4.88e-05
2900,500,500,1,0.0539,0.0002313,0.875,0.0415,0.02927,6.396e-05
2901,500,1000,0,0.001546,0.0001543,0.08075,0.8457,0.07166,0.0001472
2902,500,500,1,0.005623,0.0003548,0.7695,0.1594,0.0652,0.00010264
2903,500,1000,0,0.02785,0.001293,0.2255,0.694,0.05103,0.000781
2904,500,500,1,0.01418,0.001325,0.57,0.1755,0.2383,0.0007415
2905,500,1000,0,0.00941,0.001321,0.2189,0.5225,0.2471,0.000688
2906,500,500,1,0.0005574,2.867e-05,0.99,0.00278,0.006165,7.57e-06
2907,500,500,1,0.05756,7.683e-05,0.938,0.001118,0.00328,1.264e-05
2908,500,500,1,0.005634,0.0001582,0.975,0.003197,0.01604,5.317e-05
2909,500,500,1,0.004017,0.000185,0.76,0.02766,0.2085,0.0001423
2910,500,500,1,0.007404,7.933e-05,0.9805,0.004055,0.00806,1.54e-05
2911,500,500,1,0.00222,5.32e-05,0.9946,0.001303,0.001633,7.03e-06
2912,500,500,1,0.00737,0.000268,0.9727,0.007557,0.01198,7.66e-05
2913,500,500,1,0.02527,0.001865,0.922,0.013504,0.037,0.0003834
2914,500,500,1,0.001071,0.0001054,0.945,0.00878,0.04498,2.35e-05
2915,500,500,1,0.003159,5.79e-05,0.9814,0.00366,0.011696,1.51e-05
2916,500,500,1,0.004486,0.0001174,0.957,0.00776,0.03079,2.5e-05
2917,500,500,1,0.086,0.000661,0.742,0.03256,0.1385,0.0001645
2918,500,0,0,0.5347,0.0002046,0.4558,0.003944,0.00525,5.734e-05
2919,500,500,1,0.0323,0.0004244,0.942,0.00556,0.0196,6.89e-05
2920,500,500,1,0.001377,8.327e-05,0.89,0.03995,0.06836,3.654e-05
2921,500,500,1,0.002068,0.0002227,0.839,0.02528,0.1333,0.0001273
2922,500,500,1,0.01767,0.000518,0.7974,0.02463,0.1595,0.000202
2923,500,500,1,0.00783,5.43e-05,0.9873,0.001373,0.00326,1.067e-05
2924,500,500,1,0.02142,0.0002728,0.9688,0.00213,0.007244,3.48e-05
2925,500,500,1,0.06494,0.004498,0.5903,0.05045,0.2864,0.003496
2926,500,500,1,0.0032,2.575e-05,0.994,0.0007925,0.00164,3.34e-06
2927,500,500,1,0.2932,0.03427,0.61,0.01011,0.0513,0.001417
2928,500,500,1,0.003283,0.00051,0.9614,0.011986,0.02237,0.0003507
2929,500,500,1,0.001553,0.0001783,0.8643,0.02493,0.1088,8.506e-05
2930,500,500,1,0.09894,9.49e-05,0.8887,0.00434,0.00796,2.617e-05
2931,500,500,1,0.00293,4.7e-05,0.994,0.001061,0.001669,5e-06
2932,500,500,1,0.005028,0.0001895,0.9688,0.006104,0.01978,6.574e-05
2933,500,500,1,0.00556,0.0001463,0.985,0.00211,0.007378,3.403e-05
2934,500,500,1,0.004704,0.0001231,0.9805,0.007065,0.007435,1.71e-05
2935,500,500,1,0.001901,0.0001124,0.966,0.005127,0.02684,5.23e-05
2936,500,500,1,0.00216,0.0001156,0.933,0.01122,0.05347,4.816e-05
2937,500,500,1,0.006554,0.000141,0.9565,0.005352,0.03152,5.28e-05
2938,500,500,1,0.01567,0.0003324,0.8345,0.05084,0.0986,0.00011945
2939,500,500,1,0.1885,0.001182,0.775,0.009735,0.02516,0.0003204
2940,500,500,1,0.01136,0.0003994,0.5557,0.08466,0.3477,0.00018
2941,500,500,1,0.001966,0.0001422,0.8975,0.03833,0.06186,0.0001212
2942,500,500,1,0.001328,9.75e-05,0.838,0.0612,0.0993,5.96e-05
2943,500,500,1,0.003277,4.93e-05,0.966,0.008255,0.02274,1.633e-05
2944,500,500,1,0.2676,0.001006,0.686,0.007225,0.03766,0.000378
2945,500,500,1,0.002884,0.001083,0.6797,0.1989,0.1175,0.0001613
2946,500,500,1,0.0007215,5.21e-05,0.9775,0.00856,0.01304,1.824e-05
2947,500,1000,0,0.00442,0.000433,0.1335,0.447,0.4143,0.0003347
2948,500,500,1,0.0336,0.000517,0.876,0.05212,0.03757,0.0001861
2949,500,500,1,0.00347,0.0002028,0.751,0.11926,0.1262,6.557e-05
2950,500,500,1,0.00442,9e-05,0.955,0.01756,0.02284,5.5e-05
2951,500,500,1,0.02231,0.0004404,0.9565,0.00347,0.01718,0.0001588
2952,500,500,1,0.00697,0.0004983,0.759,0.0326,0.2007,0.0002668
2953,500,500,1,0.04065,0.0008106,0.919,0.007267,0.0321,0.0001657
2954,500,500,1,0.0352,0.001116,0.9434,0.007305,0.01278,0.0001868
2955,500,500,1,0.03284,0.002462,0.727,0.04602,0.19,0.001774
2956,500,500,1,0.0043,0.0008984,0.731,0.1191,0.1438,0.001154
2957,500,1500,0,0.00905,0.000743,0.3735,0.0819,0.534,0.000554
2958,500,500,1,0.01143,0.02567,0.868,0.03555,0.0567,0.002546
2959,500,500,1,0.00481,0.0001302,0.9907,0.002062,0.00248,2.176e-05
2960,500,500,1,0.001821,6.294e-05,0.9927,0.00152,0.00401,1.17e-05
2961,500,500,1,0.00618,0.00010216,0.977,0.005714,0.01081,2.736e-05
2962,500,1500,0,0.02289,0.00309,0.3367,0.2566,0.3772,0.003407
2963,500,0,0,0.655,0.002253,0.326,0.01153,0.005352,0.0001645
2964,500,500,1,0.001645,0.0006433,0.893,0.03029,0.0739,0.000299
2965,500,1500,0,0.0008583,0.0001316,0.4385,0.1062,0.454,0.0001261
2966,500,500,1,0.003183,0.0004272,0.887,0.02788,0.08093,0.0003555
2967,500,500,1,0.0041,0.0002276,0.8643,0.0256,0.10565,0.0001589
2968,500,1500,0,0.00934,0.00179,0.3005,0.1986,0.4875,0.002224
2969,500,500,1,0.006447,3.19e-05,0.99,0.001177,0.00206,7.15e-06
2970,500,500,1,0.02791,0.0002997,0.962,0.002983,0.00661,7.457e-05
2971,500,500,1,0.00458,0.0001911,0.984,0.004753,0.006466,6.45e-05
2972,500,500,1,0.004253,0.0005116,0.9263,0.0244,0.04388,0.0004685
2973,500,500,1,0.1859,0.002972,0.806,0.001666,0.00298,0.0002415
2974,500,1500,0,0.004524,0.002563,0.07086,0.2673,0.6484,0.006145
2975,500,500,1,0.002754,0.0002785,0.9727,0.005455,0.0186,0.0001085
2976,500,500,1,0.00456,6.75e-05,0.9897,0.001395,0.004112,1.14e-05
2977,500,500,1,0.03412,0.0003104,0.9604,0.001378,0.003565,4.26e-05
2978,500,500,1,0.0936,0.0002021,0.9023,0.001475,0.002487,1.866e-05
2979,500,500,1,0.002678,0.0001596,0.967,0.01369,0.01657,0.0001082
2980,500,500,1,0.0246,0.00049,0.938,0.00802,0.02873,0.0001992
2981,500,500,1,0.002869,5.406e-05,0.991,0.002079,0.003754,8.6e-06
2982,500,500,1,0.3777,0.000607,0.6167,0.001869,0.003103,5.63e-05
2983,500,500,1,0.003489,0.00010324,0.9937,0.000874,0.00209,7.57e-06
2984,500,500,1,0.003653,0.00033,0.9185,0.015236,0.06207,0.0001756
2985,500,500,1,0.1587,0.0006022,0.809,0.01491,0.01628,0.0001422
2986,500,500,1,0.04037,0.000192,0.953,0.002254,0.004208,3.53e-05
2987,500,500,1,0.1065,0.001976,0.792,0.015434,0.08356,0.000377
2988,500,500,1,0.08,0.000629,0.9136,0.00244,0.003225,7.11e-05
2989,500,500,1,0.2988,0.00096,0.688,0.005646,0.006767,0.0001359
2990,500,500,1,0.02882,0.00011,0.9194,0.01788,0.03375,3.743e-05
2991,500,500,1,0.001603,0.000256,0.6343,0.07465,0.289,0.0002847
2992,500,500,1,0.00219,0.0001942,0.8228,0.05603,0.11896,0.00012004
2993,500,500,1,0.003887,0.0001692,0.9854,0.00501,0.005558,2.7e-05
2994,500,500,1,0.00879,9.7e-05,0.9854,0.002413,0.003214,1.7e-05
2995,500,500,1,0.001248,0.0001737,0.723,0.1447,0.1309,0.0001717
2996,500,500,1,0.000628,7.796e-05,0.9487,0.014946,0.0358,5.955e-05
2997,500,500,1,0.2546,0.002558,0.4473,0.10956,0.185,0.000791
2998,500,500,1,0.00399,0.0002513,0.7896,0.0646,0.1414,0.0001107
2999,500,500,1,0.006977,0.00137,0.563,0.2988,0.129,0.000812
