Sample,True Label,Pred Label,Correct,Prob_0,Prob_100,Prob_500,Prob_1000,Prob_1500,Prob_2000
0,0,0,1,0.99735105,7.962649e-10,0.0026215387,9.213732e-06,1.8302073e-05,2.3998657e-11
1,0,0,1,0.9979267,9.493826e-13,0.0020721056,7.708496e-07,4.90687e-07,3.871484e-14
2,0,0,1,0.6160799,2.6097273e-06,0.3629379,0.0087464545,0.012232411,6.4225617e-07
3,0,0,1,0.99756265,1.6142004e-10,0.0024126791,1.0443299e-05,1.4292033e-05,8.274599e-12
4,0,0,1,0.98332524,1.9767108e-06,0.009781674,0.0032588248,0.0036320337,2.9267667e-07
5,0,0,1,0.97617185,1.0330299e-06,0.020010438,0.0010040003,0.002812474,8.6158224e-08
6,0,0,1,0.756773,4.3466264e-07,0.24010949,0.0017269254,0.0013899844,7.731224e-08
7,0,0,1,0.49528462,0.0004826332,0.47894353,0.009231651,0.015959347,9.829406e-05
8,0,0,1,0.80134946,3.933247e-11,0.1986327,1.4878255e-05,2.925023e-06,4.9440955e-12
9,0,0,1,0.99745566,4.7389315e-11,0.0025333597,4.023815e-06,6.915959e-06,1.4006618e-12
10,0,0,1,0.96395653,1.2422713e-08,0.035903618,5.3501117e-05,8.624269e-05,9.845668e-10
11,0,0,1,0.7900249,4.953464e-06,0.20356578,0.0038696306,0.002532878,1.9355691e-06
12,0,0,1,0.97830164,1.812276e-06,0.013622723,0.0018848625,0.0061888555,1.0534134e-07
13,0,0,1,0.98428833,3.373041e-08,0.015293351,0.00017184489,0.0002463941,3.9843235e-09
14,0,0,1,0.7900734,0.0017380894,0.09081506,0.031943697,0.085173815,0.00025610195
15,0,0,1,0.9941467,1.9397926e-07,0.004447231,0.00064142654,0.000764428,1.8742636e-08
16,0,500,0,0.1861051,6.915216e-06,0.8084126,0.0019086498,0.0035653342,1.4090441e-06
17,0,0,1,0.9963707,1.7175435e-11,0.0036243456,2.3109797e-06,2.7209178e-06,6.111671e-13
18,0,500,0,0.23840751,8.258737e-11,0.7615617,2.2974798e-05,7.905838e-06,8.9577954e-12
19,0,0,1,0.7502429,0.00012729155,0.17265107,0.018471723,0.058481053,2.6009275e-05
20,0,0,1,0.99983406,1.6493569e-11,0.0001541499,3.7862383e-06,7.937072e-06,2.2121131e-13
21,0,0,1,0.8625754,7.385868e-07,0.13327824,0.0014586267,0.002686909,1.4349325e-07
22,0,0,1,0.9993678,7.570333e-12,0.0006263863,2.7769347e-06,3.0795727e-06,2.9125048e-13
23,0,0,1,0.995918,3.7953314e-11,0.0040712794,5.3058684e-06,5.4189754e-06,2.6166614e-12
24,0,0,1,0.78851926,1.2499048e-09,0.21145089,1.5134905e-05,1.4661307e-05,8.8073854e-11
25,0,500,0,0.38907897,5.0800522e-06,0.55136645,0.005756811,0.05379194,6.9030517e-07
26,0,1000,0,0.07562022,0.00039559547,0.2783017,0.4650112,0.18024318,0.0004280451
27,0,0,1,0.99950755,7.589958e-12,0.0004889646,1.19209e-06,2.2906283e-06,1.10253386e-13
28,0,0,1,0.9014747,4.519897e-05,0.042663023,0.009408675,0.046404492,3.7254174e-06
29,0,1500,0,0.22222295,0.0004884048,0.22815154,0.118922204,0.43007898,0.00013597647
30,0,0,1,0.9709396,1.5176131e-07,0.02815637,0.00036706842,0.0005368937,2.0005697e-08
31,0,0,1,0.86357886,4.8124104e-05,0.08004554,0.021645835,0.034669727,1.1921279e-05
32,0,0,1,0.9853388,2.8104492e-07,0.013088015,0.00095986284,0.000612882,5.96429e-08
33,0,0,1,0.9828802,6.9016835e-08,0.016571945,0.00022491418,0.0003228418,7.883334e-09
34,0,0,1,0.48551944,7.843242e-06,0.001831813,0.060992185,0.45164856,1.5146831e-07
35,0,0,1,0.99694616,7.997785e-09,0.0028293268,9.646969e-05,0.00012801054,5.253323e-10
36,0,0,1,0.948444,9.68151e-08,0.050489813,0.0004776467,0.00058837654,1.675963e-08
37,0,0,1,0.98879236,1.401773e-07,0.009999404,0.0006398096,0.0005682558,2.3518384e-08
38,0,0,1,0.9997936,4.3910552e-12,0.00018694943,1.5160728e-05,4.2355864e-06,3.9444568e-13
39,0,500,0,0.03879284,6.690051e-05,0.7251118,0.15975216,0.07619185,8.455533e-05
40,0,0,1,0.9990421,6.3157707e-10,0.00087509956,2.2646891e-05,6.0142902e-05,1.7301093e-11
41,0,0,1,0.99999404,4.417871e-16,5.7408856e-06,2.2836764e-07,2.692321e-08,2.0155692e-17
42,0,0,1,0.97892547,9.469637e-07,0.01785971,0.0013658066,0.0018480683,1.27761e-07
43,0,0,1,0.7533421,1.6692684e-05,0.105388515,0.020753222,0.12049778,1.7323304e-06
44,0,0,1,0.9987507,1.835099e-12,0.0012468052,9.82196e-07,1.5797126e-06,6.0692425e-14
45,0,0,1,0.9773629,1.0561522e-08,0.022329831,8.231994e-05,0.00022488488,9.195593e-10
46,0,0,1,0.9860991,5.0977963e-08,0.013292293,0.00030994692,0.00029857148,8.484214e-09
47,0,0,1,0.99624616,7.289424e-10,0.0036746545,1.8867288e-05,6.033848e-05,2.3034331e-11
48,0,0,1,0.98238915,4.5239847e-07,0.015959222,0.0010643543,0.0005865926,1.06993284e-07
49,0,0,1,0.9799999,1.9364952e-06,0.011933668,0.0037510365,0.0043130936,2.992444e-07
50,0,0,1,0.97263664,5.924828e-11,0.027350215,4.723503e-06,8.343996e-06,4.2074564e-12
51,0,0,1,0.9959006,3.9559005e-08,0.0032736184,0.00032330165,0.0005025003,3.004344e-09
52,0,0,1,0.98909163,5.736929e-08,0.009654456,0.00037817418,0.0008757556,4.9803175e-09
53,0,0,1,0.90446264,3.878086e-06,0.09062743,0.0034344313,0.0014703505,1.3220217e-06
54,0,0,1,0.99983597,1.130103e-11,0.00014198692,4.929819e-06,1.7207369e-05,1.2405422e-13
55,0,0,1,0.9587766,8.6657803e-07,0.02488631,0.003294979,0.013041051,6.6677416e-08
56,0,0,1,0.96747375,1.7831579e-06,0.02771478,0.0028464894,0.0019628746,3.7561475e-07
57,0,1500,0,0.21424429,0.0011373685,0.28264344,0.19620506,0.30507845,0.0006914319
58,0,0,1,0.9962043,4.8094353e-08,0.0018957289,0.001178816,0.0007211949,5.1646514e-09
59,0,0,1,0.9584977,1.6036734e-05,0.017979117,0.010806803,0.012697564,2.8987183e-06
60,0,0,1,0.9954005,5.3671524e-08,0.0028655871,0.0011175148,0.0006164364,6.7504677e-09
61,0,0,1,0.9638163,9.970086e-06,0.014045962,0.00520198,0.01692507,5.735013e-07
62,0,0,1,0.92287916,9.986293e-06,0.0027680777,0.010869166,0.06347338,2.0809946e-07
63,0,1000,0,0.011840285,7.872671e-06,0.09325823,0.88087845,0.013931773,8.343696e-05
64,0,0,1,0.97081435,4.7738433e-07,0.0017721909,0.023071993,0.0043408764,1.5133016e-07
65,0,0,1,0.83402604,8.9695095e-05,0.12590218,0.026099721,0.01383477,4.760637e-05
66,0,0,1,0.8574589,6.842152e-09,0.0006149587,0.1407297,0.0011964402,1.0774776e-08
67,0,0,1,0.9880293,2.7816571e-07,0.010114717,0.0009657437,0.00089006627,4.817522e-08
68,0,0,1,0.8384588,5.336932e-09,0.0014362269,0.15949151,0.0006135123,1.15641425e-08
69,0,0,1,0.96561664,6.026217e-08,0.00055031845,0.03230752,0.0015254897,3.092484e-08
70,0,0,1,0.9633834,4.7699316e-08,0.00060400384,0.033365846,0.0026468092,1.9194312e-08
71,0,1000,0,0.40866885,3.8384487e-09,0.0017623482,0.58672214,0.0028466668,1.976634e-08
72,0,1000,0,0.14607814,2.7372425e-05,0.03165718,0.75430596,0.06787054,6.0745526e-05
73,0,1000,0,0.17135155,2.548215e-06,0.017715788,0.7831122,0.027811326,6.4883316e-06
74,0,1000,0,0.07157994,2.175788e-05,0.01703828,0.7973137,0.11401594,3.0433948e-05
75,0,0,1,0.8816386,8.941214e-06,0.021599425,0.07245661,0.024291893,4.5569495e-06
76,0,0,1,0.98360056,1.0612156e-06,0.007847221,0.005403971,0.003146816,2.5631869e-07
77,0,1000,0,0.0671635,1.6210972e-05,0.029534345,0.70625883,0.19699794,2.9101962e-05
78,0,0,1,0.999295,1.3467039e-10,5.578115e-05,0.00052118656,0.000128046,1.073063e-11
79,0,0,1,0.99983895,6.078694e-11,6.5201566e-05,4.035721e-05,5.543605e-05,1.2421755e-12
80,0,0,1,0.9915605,3.0501386e-07,0.001209332,0.00074809196,0.006481733,2.40753e-09
81,0,0,1,0.9998902,5.4696434e-12,0.00010074412,3.80758e-06,5.286337e-06,9.5806006e-14
82,0,500,0,0.38253558,0.00044621952,0.47555712,0.06800575,0.0733055,0.00014972739
83,0,0,1,0.9964736,8.4224354e-08,0.0015382789,0.00045675188,0.0015311819,2.010379e-09
84,0,0,1,0.99244106,1.6418582e-07,0.0026067016,0.0009866339,0.0039654104,4.7487765e-09
85,0,0,1,0.99430484,5.274524e-08,0.00063506456,0.0016621968,0.0033978575,1.848158e-09
86,0,0,1,0.99544877,2.0668882e-08,0.003846976,0.0002266241,0.0004776354,7.9930984e-10
87,0,0,1,0.99985635,5.334717e-11,0.00012134058,5.846569e-06,1.6465603e-05,4.0734018e-13
88,0,0,1,0.99243027,3.0113902e-08,0.005943206,0.0001610159,0.0014655575,4.7253124e-10
89,0,0,1,0.89127916,2.25916e-06,0.10624082,0.00090987224,0.0015676201,3.3097083e-07
90,0,0,1,0.9907313,8.921462e-10,0.009249218,6.5765553e-06,1.2817963e-05,2.619941e-11
91,0,0,1,0.6452923,0.0019278448,0.16321512,0.01515873,0.17438145,2.4640338e-05
92,0,500,0,0.44305176,9.275444e-06,0.5446072,0.0036559084,0.00867503,7.789666e-07
93,0,0,1,0.9600975,1.0088363e-05,0.01137015,0.00767161,0.020850213,4.8167686e-07
94,0,0,1,0.5670352,1.0616355e-06,0.4308901,0.0009883074,0.0010851768,9.588192e-08
95,0,0,1,0.99854714,2.2943144e-08,0.0010316995,2.8972872e-05,0.00039216952,1.02148894e-10
96,0,0,1,0.6141609,2.3493563e-09,0.38578054,2.0667734e-05,3.7916892e-05,1.0403053e-10
97,0,0,1,0.9915515,2.4927918e-09,0.008366866,4.38886e-05,3.7802816e-05,2.4575111e-10
98,0,0,1,0.9931217,4.3026816e-08,0.0057513686,0.00051405386,0.00061285327,3.5885148e-09
99,0,0,1,0.8598589,0.00011838595,0.11368553,0.007714799,0.01860621,1.6214444e-05
100,0,0,1,0.98150486,3.66448e-10,0.018457448,9.976568e-06,2.7717344e-05,2.2499894e-11
101,0,0,1,0.9999093,4.669559e-14,9.043244e-05,1.724923e-07,1.6930592e-07,8.2075714e-16
102,0,0,1,0.9913225,6.843617e-11,0.008655857,8.942909e-06,1.2600438e-05,3.7810896e-12
103,0,0,1,0.99663216,4.388893e-11,0.0033540206,7.405814e-06,6.424288e-06,2.9594376e-12
104,0,0,1,0.85107636,6.0320567e-06,0.13766354,0.0041058883,0.0071467664,1.3166587e-06
105,0,0,1,0.87541115,2.8137345e-07,0.12273116,0.00082248595,0.0010347579,6.3813566e-08
106,0,0,1,0.999215,4.5589085e-14,0.0007844558,1.4582486e-07,3.152146e-07,1.1416575e-15
107,0,0,1,0.8832717,3.001515e-08,0.11558572,0.00014855675,0.0009939767,1.7387207e-09
108,0,0,1,0.98973095,1.7324636e-10,0.010235956,8.537071e-06,2.4639145e-05,6.3109917e-12
109,0,500,0,0.080334544,0.00012943191,0.7321083,0.04467898,0.14267896,6.994625e-05
110,0,0,1,0.9823302,2.3673337e-09,0.017578289,4.473352e-05,4.674403e-05,2.805492e-10
111,0,0,1,0.9922329,1.5904721e-08,0.0073083127,0.00015999972,0.00029875553,1.2604889e-09
112,0,0,1,0.78508,1.1909451e-05,0.2074742,0.0038244775,0.0036062137,3.1360817e-06
113,0,0,1,0.9999583,2.0452844e-14,4.1205534e-05,2.1069745e-07,2.8066148e-07,2.804943e-16
114,0,0,1,0.9921193,5.4806346e-12,0.007878211,6.381646e-07,1.8595441e-06,8.518082e-14
115,0,500,0,0.13870244,5.989909e-07,0.8601943,0.0006045632,0.00049782207,1.7120509e-07
116,0,500,0,0.24563059,4.3988234e-08,0.7529608,0.00047429415,0.00093431614,1.1596205e-08
117,0,0,1,0.96121114,2.050982e-10,0.038781587,1.0761572e-06,6.1663022e-06,1.0584659e-12
118,0,0,1,0.97867227,9.836292e-13,0.021326564,7.5817934e-07,4.1376833e-07,4.5563085e-14
119,0,0,1,0.8311742,0.00013239657,0.13680686,0.014758908,0.017084543,4.3233485e-05
120,0,0,1,0.93402714,7.449557e-08,0.0652594,0.00040720397,0.0003061961,1.3892826e-08
121,0,0,1,0.9963096,4.732798e-12,0.0036889794,5.113431e-07,9.939814e-07,9.3310234e-14
122,0,0,1,0.9688701,5.489375e-07,0.029870776,0.00020572766,0.001052856,2.4129928e-08
123,0,0,1,0.98857623,1.5145515e-08,0.011188641,6.572738e-05,0.00016934195,8.101874e-10
124,0,0,1,0.993274,2.2000853e-10,0.006706668,5.533974e-06,1.3710387e-05,8.966828e-12
125,0,0,1,0.9977047,1.489919e-12,0.0022938694,6.427894e-07,8.559412e-07,4.1834967e-14
126,0,0,1,0.961066,1.668521e-10,0.038922284,6.0483712e-06,5.580439e-06,8.145906e-12
127,0,0,1,0.85980076,3.4220244e-07,0.13938193,0.000258068,0.00055887713,1.939772e-08
128,0,0,1,0.91939867,6.66662e-10,0.080585346,7.479488e-06,8.497182e-06,2.8851877e-11
129,0,0,1,0.99413055,2.1085013e-10,0.005845148,5.5285245e-06,1.8709698e-05,6.2302425e-12
130,0,0,1,0.9989127,2.5897668e-15,0.001087346,2.1738085e-08,2.0228065e-08,7.177295e-17
131,0,0,1,0.9997639,4.3083582e-14,0.00023595034,4.9057803e-08,1.1878065e-07,3.5607314e-16
132,0,0,1,0.9788179,1.07153765e-10,0.02117558,2.5496402e-06,3.9133897e-06,3.1274282e-12
133,0,0,1,0.9401336,1.4547107e-08,0.05957601,0.000193455,9.689354e-05,2.6569722e-09
134,0,0,1,0.9898052,3.1183653e-08,0.0067375945,0.00010268422,0.003354603,2.1815773e-10
135,0,0,1,0.9997193,2.5260686e-11,0.0002657873,4.3013974e-06,1.0575641e-05,4.4545148e-13
136,0,0,1,0.98939043,6.286758e-11,0.010606768,4.700883e-07,2.3094046e-06,4.649267e-13
137,0,0,1,0.99325377,7.5218246e-08,0.0058330484,0.00021750816,0.00069567305,3.5979157e-09
138,0,0,1,0.97943306,1.0283875e-10,0.020562695,1.7628043e-06,2.4714575e-06,2.254577e-12
139,0,0,1,0.99504095,8.348298e-12,0.004957881,2.3371554e-07,9.654499e-07,6.4247795e-14
140,0,0,1,0.99876344,4.993097e-10,0.0011915549,3.7276932e-06,4.1314666e-05,3.6282479e-12
141,0,0,1,0.8327129,3.2999364e-05,0.14175281,0.0111470735,0.014343859,1.0362215e-05
142,0,500,0,0.08584364,6.676657e-08,0.91338456,0.00014948985,0.00062225276,1.0447463e-08
143,0,0,1,0.5586476,9.1185694e-07,0.43933114,0.00078184606,0.0012384289,1.2868561e-07
144,0,0,1,0.9834546,1.8752144e-11,0.016540146,1.5614746e-06,3.8083642e-06,9.0251304e-13
145,0,500,0,0.42060763,3.019309e-09,0.5792231,0.00012174503,4.747966e-05,4.6794285e-10
146,0,0,1,0.8904881,1.428245e-06,0.0085340915,0.018026456,0.082949914,7.409661e-08
147,0,1500,0,0.11275575,3.3059736e-05,0.012006874,0.37389752,0.5012968,9.956075e-06
148,0,0,1,0.8780105,6.9539615e-06,0.006123322,0.043617852,0.07224077,6.5319915e-07
149,0,0,1,0.96920836,2.279629e-06,0.008131917,0.0093274275,0.013329691,2.7643222e-07
150,0,0,1,0.9961123,2.1038117e-08,0.00071222574,0.001238037,0.0019374053,9.1317365e-10
151,0,0,1,0.97217166,2.8550895e-07,0.0015613964,0.0137371505,0.012529583,2.7139505e-08
152,0,0,1,0.9994117,6.769915e-10,0.00021021243,0.00017043648,0.00020768929,1.9571305e-11
153,0,0,1,0.9986771,1.1035654e-09,0.00020870505,0.0002456526,0.00086857006,1.7637294e-11
154,0,0,1,0.91932034,2.4555367e-05,0.009434781,0.03377481,0.03744164,3.933755e-06
155,0,0,1,0.99765635,4.5821573e-09,0.0001351042,0.0006922175,0.0015163961,6.9817124e-11
156,0,0,1,0.99713516,3.009493e-08,0.00061185524,0.0008144012,0.0014386165,1.1629079e-09
157,0,0,1,0.98642296,3.4817032e-07,0.00082378957,0.0031759478,0.009576991,7.464736e-09
158,0,0,1,0.9987192,2.9885572e-09,0.0008947036,0.00010625076,0.00027991022,8.5985566e-11
159,0,0,1,0.9996624,2.6605462e-10,0.000106563595,0.000117907235,0.00011323899,8.119034e-12
160,0,1500,0,0.32612887,0.00042974582,0.07287643,0.07438988,0.5261278,4.7225876e-05
161,0,0,1,0.99971634,2.4837565e-10,5.1493138e-05,4.1046274e-05,0.00019112178,1.5292044e-12
162,0,0,1,0.32418978,0.00044226312,0.2519044,0.2118188,0.2113272,0.00031758315
163,0,0,1,0.9223647,6.204675e-07,0.019212527,0.04872255,0.009699163,2.9745723e-07
164,0,0,1,0.31748798,0.00020446228,0.12327985,0.26560527,0.29333133,9.103329e-05
165,0,0,1,0.69946724,3.745142e-05,0.04130749,0.16421151,0.09495907,1.7284468e-05
166,0,0,1,0.99852484,1.7805575e-09,0.00010046235,0.00045329652,0.00092147687,2.991029e-11
167,0,0,1,0.9922158,1.9921866e-07,0.0025597243,0.0038661486,0.0013581433,4.2643926e-08
168,0,0,1,0.9983254,5.6003318e-09,0.0004118222,0.00057953404,0.0006832485,2.6828267e-10
169,0,0,1,0.51462644,1.0475949e-05,0.016811267,0.17606933,0.29248062,1.9281335e-06
170,0,0,1,0.9567812,3.730945e-05,0.005561497,0.006459326,0.031160198,4.4024623e-07
171,0,0,1,0.99984133,2.7509424e-11,0.00010098669,1.3172849e-05,4.441785e-05,3.079508e-13
172,0,0,1,0.9662238,2.0583873e-06,0.0042522927,0.011877435,0.017644318,1.6260068e-07
173,0,0,1,0.6784576,0.00024030433,0.07280765,0.051746417,0.19671099,3.6921516e-05
174,0,0,1,0.9972941,7.4946165e-09,0.00065944676,0.00045387563,0.0015924932,1.8085251e-10
175,0,0,1,0.83591926,2.1360858e-05,0.11805393,0.015584414,0.030417062,3.9196066e-06
176,0,0,1,0.95516056,6.3875423e-06,0.020898687,0.0075657405,0.016367821,7.7348955e-07
177,0,0,1,0.998825,1.1359989e-09,0.00017878773,0.00023048978,0.00076559087,1.3627683e-11
178,0,0,1,0.9543284,2.155324e-06,0.0028350418,0.013359785,0.029474474,1.2096378e-07
179,0,0,1,0.90086895,2.8411116e-06,0.09391131,0.0012021279,0.004014376,2.6927427e-07
180,0,0,1,0.5506025,2.6466763e-05,0.44271478,0.002566333,0.004085287,4.673537e-06
181,0,0,1,0.7634983,0.012705599,0.1513602,0.005829409,0.06612772,0.0004787145
182,0,0,1,0.56169933,0.017406045,0.04927454,0.06443787,0.30454051,0.0026417144
183,0,0,1,0.9993167,8.4906936e-11,0.0006555216,4.3780215e-06,2.3328203e-05,6.3194735e-13
184,0,0,1,0.99999785,2.6384063e-14,1.3027449e-06,1.6485845e-07,6.6187084e-07,2.8015985e-17
185,0,0,1,0.9782472,2.7052827e-06,0.017196843,0.00077707606,0.003775981,8.666759e-08
186,0,0,1,0.9661207,3.0724425e-06,0.027385246,0.0022305395,0.004259987,3.6357204e-07
187,0,0,1,0.8354932,0.003139482,0.023518704,0.01877056,0.11901712,6.1039995e-05
188,0,0,1,0.9247317,0.00017626146,0.04458483,0.009089705,0.021398483,1.9059526e-05
189,0,0,1,0.8519958,6.1080527e-06,0.014075713,0.020734288,0.113187686,3.818465e-07
190,0,0,1,0.9926582,2.4734885e-07,0.0032170466,0.00091248675,0.0032120068,9.835195e-09
191,0,0,1,0.5669951,0.00012813488,0.006378771,0.046164345,0.38032997,3.6727592e-06
192,0,0,1,0.80700105,1.6622354e-05,0.0009655097,0.0120637175,0.179953,1.301764e-07
193,0,0,1,0.9686952,1.1516441e-05,0.013694458,0.0077261273,0.009871191,1.4198081e-06
194,0,0,1,0.9999862,2.3663227e-15,1.3570962e-05,1.02489416e-07,7.539804e-08,2.8090355e-17
195,0,1500,0,0.29035005,0.0009109586,0.05228804,0.11843238,0.5379059,0.000112691145
196,0,0,1,0.9896373,3.5332667e-07,0.0075158793,0.0016988415,0.0011475056,6.3667585e-08
197,0,0,1,0.7159947,0.00016361295,0.20052125,0.04560572,0.037638877,7.568066e-05
198,0,500,0,0.27834553,6.905653e-05,0.6943666,0.012503248,0.014684905,3.063693e-05
199,0,0,1,0.99774444,9.040453e-09,0.0019689538,0.00012705472,0.00015959883,5.9787e-10
200,0,0,1,0.97481686,3.6071883e-06,0.008495718,0.0050186925,0.011665,2.7981244e-07
201,0,0,1,0.95376444,2.8817934e-05,0.014388844,0.0088853575,0.022929609,2.9695434e-06
202,0,0,1,0.9086026,1.0270851e-05,0.0719011,0.0027301915,0.016755212,6.056847e-07
203,0,0,1,0.5854939,4.6982488e-05,0.39851952,0.004259737,0.011672632,7.160979e-06
204,0,0,1,0.9941385,1.6165528e-09,0.0058257803,1.389034e-05,2.1940506e-05,7.0517474e-11
205,0,1500,0,0.45146507,8.332062e-05,0.012135636,0.02102805,0.51528543,2.4692545e-06
206,0,0,1,0.998574,1.1228203e-09,0.0013410025,3.6661808e-05,4.8328653e-05,4.6258136e-11
207,0,0,1,0.9442288,0.00019434403,0.039248038,0.0021816704,0.014144102,3.0113367e-06
208,0,0,1,0.9773176,2.1332075e-05,0.007909854,0.0012365689,0.013514316,3.90841e-07
209,0,100,0,0.36008793,0.46390265,0.029482383,0.008670309,0.1305152,0.0073415455
210,0,0,1,0.99891996,1.1497072e-09,0.0008921473,0.000116303076,7.152178e-05,9.905743e-11
211,0,0,1,0.98571754,4.1176094e-07,0.0019954327,0.008165029,0.0041214186,6.246416e-08
212,0,0,1,0.99955696,4.2904363e-10,0.00026009794,8.3390434e-05,9.9445286e-05,1.5049585e-11
213,0,0,1,0.96990526,8.0315834e-07,0.02689799,0.0017487437,0.0014470079,1.5968759e-07
214,0,0,1,0.99220663,3.3550418e-08,0.0071534966,0.000288779,0.0003511316,3.8304875e-09
215,0,0,1,0.898717,9.299821e-06,0.09257918,0.0051462217,0.003544936,3.4201203e-06
216,0,0,1,0.99615246,2.377842e-08,0.001462398,0.0014978938,0.0008871622,2.9749128e-09
217,0,0,1,0.7757924,8.814721e-05,0.083183415,0.055428274,0.08548352,2.4214905e-05
218,0,0,1,0.9686104,3.909639e-06,0.024429597,0.0020539595,0.0049018296,3.0216492e-07
219,0,0,1,0.98049563,1.5075576e-06,0.0152055295,0.0022237326,0.002073241,2.513013e-07
220,0,0,1,0.98856944,1.1133453e-08,0.0032732766,0.0024083678,0.0057489146,6.8575484e-10
221,0,0,1,0.990725,5.8082538e-08,0.008721851,0.00026644752,0.00028671048,7.1879134e-09
222,0,0,1,0.4982908,2.168744e-05,0.06950144,0.04644745,0.38573685,1.7572665e-06
223,0,0,1,0.9998878,2.0806686e-11,1.9537152e-05,2.1418477e-05,7.115858e-05,1.06718345e-13
224,0,500,0,0.048154864,0.00059721817,0.710679,0.07648329,0.16378355,0.00030212654
225,0,0,1,0.99253887,1.10494724e-07,0.005010824,0.00045332054,0.0019969114,4.4325956e-09
226,0,0,1,0.97865385,1.6571381e-06,0.012162933,0.0043876534,0.0047936095,2.7166462e-07
227,0,0,1,0.9902193,4.1407183e-08,0.009248644,0.0003151361,0.00021680581,7.1469874e-09
228,0,0,1,0.92076343,2.5538797e-05,0.047825806,0.014687813,0.016691055,6.3040834e-06
229,0,0,1,0.7047906,2.0435344e-05,0.27706915,0.009913216,0.0081977155,8.871796e-06
230,0,0,1,0.81501776,4.345631e-06,0.15929057,0.019896425,0.0057884506,2.440693e-06
231,0,0,1,0.98987865,1.3379471e-08,0.009751288,0.00012628434,0.00024381369,1.1855741e-09
232,0,1000,0,0.029119072,0.0003639962,0.22280918,0.61899513,0.12796602,0.00074655446
233,0,0,1,0.9993543,3.53544e-10,0.00055714766,6.509163e-05,2.3485787e-05,3.6457733e-11
234,0,500,0,0.29363894,8.537262e-06,0.6865228,0.0135323005,0.0062939506,3.446801e-06
235,0,0,1,0.94546604,2.1773074e-06,0.046461582,0.003362096,0.0047078202,3.7658313e-07
236,0,0,1,0.88855636,7.4080425e-08,0.109953485,0.00023328258,0.0012568099,6.162625e-09
237,0,0,1,0.99647933,5.0030508e-08,0.0012634739,0.00072479644,0.0015323928,2.0039854e-09
238,0,0,1,0.9572719,4.0308023e-06,0.029064124,0.0028225412,0.010837063,3.388708e-07
239,0,0,1,0.994507,2.2940698e-09,0.0053625735,5.9043858e-05,7.1385664e-05,1.8499649e-10
240,0,0,1,0.9998536,1.8976233e-12,0.00014321585,1.6750671e-06,1.4424427e-06,4.5470372e-14
241,0,0,1,0.97534615,3.5902642e-07,0.021286672,0.002278692,0.0010880491,1.0264524e-07
242,0,0,1,0.99969137,5.0777964e-13,0.00030660385,1.00663e-06,1.0582443e-06,1.7499987e-14
243,0,0,1,0.9087377,1.526922e-05,0.024085283,0.02258828,0.04457144,1.9936147e-06
244,0,500,0,0.08580974,0.00017417422,0.663815,0.19107121,0.05887027,0.00025957575
245,0,0,1,0.9989831,1.0282704e-09,0.00088180584,4.910088e-05,8.598149e-05,4.038369e-11
246,0,0,1,0.6706674,2.1469694e-05,0.21970086,0.039365526,0.07023855,6.2025433e-06
247,0,0,1,0.9923712,2.3932523e-07,0.004344031,0.0011629737,0.0021214865,1.7577374e-08
248,0,0,1,0.99670404,2.1559353e-08,0.0011054245,0.0017689085,0.00042157844,3.8395216e-09
249,0,0,1,0.55883294,1.641081e-06,0.429591,0.0035658567,0.008008015,4.677321e-07
250,0,0,1,0.79809785,2.9445142e-05,0.10553155,0.054022733,0.042305056,1.3375447e-05
251,0,0,1,0.9999696,8.3895645e-13,1.8894922e-05,6.7256433e-06,4.7462504e-06,1.9688261e-14
252,0,0,1,0.97928464,7.350362e-07,0.012185842,0.0041359677,0.004392701,1.2832474e-07
253,0,0,1,0.99954575,3.0788372e-10,0.00024850864,0.00011699287,8.8621746e-05,1.8814372e-11
254,0,0,1,0.6794078,2.5935114e-07,0.31795228,0.00067147735,0.0019681263,4.2712063e-08
255,0,0,1,0.9875043,6.128585e-08,0.0010995503,0.0077802218,0.0036159074,9.278971e-09
256,0,0,1,0.98264664,1.4500721e-06,0.00981702,0.0043990975,0.003135478,2.9498628e-07
257,0,0,1,0.91821736,6.471219e-05,0.01845376,0.02280177,0.040455185,7.2452963e-06
258,0,500,0,0.07841918,1.9096455e-05,0.77779055,0.025340099,0.11842258,8.5755655e-06
259,0,0,1,0.9961105,7.947927e-09,0.0035877489,0.00015470492,0.00014698466,8.797649e-10
260,0,0,1,0.9995869,3.1963565e-10,0.00030007272,6.392122e-05,4.9214123e-05,1.9071494e-11
261,0,0,1,0.99975544,8.0065606e-14,0.0002437892,5.034315e-07,2.5842593e-07,3.5506522e-15
262,0,0,1,0.96134806,6.8665463e-07,0.034865715,0.0014861772,0.0022993044,1.2250348e-07
263,0,0,1,0.9205259,4.6513505e-05,0.03684148,0.014624566,0.027954262,7.278192e-06
264,0,0,1,0.9679617,1.3042388e-06,0.028517015,0.0019639337,0.0015557939,1.9119807e-07
265,0,0,1,0.98776346,2.5231128e-07,0.009858671,0.0011927212,0.0011849386,4.1311345e-08
266,0,0,1,0.9927859,9.027006e-10,0.007151801,3.0532672e-05,3.1710402e-05,8.947396e-11
267,0,0,1,0.99581903,8.022285e-10,0.00408709,3.9175116e-05,5.4682856e-05,5.640441e-11
268,0,0,1,0.923026,7.629018e-07,0.06805872,0.0013245987,0.0075897523,5.661492e-08
269,0,0,1,0.99547184,3.3042635e-09,0.004360963,7.510554e-05,9.211263e-05,2.5640529e-10
270,0,0,1,0.80231345,9.1325425e-08,0.19623233,0.0010413645,0.00041275198,2.6938189e-08
271,0,0,1,0.9687542,8.953911e-08,0.030343909,0.0002450138,0.0006567467,8.904618e-09
272,0,0,1,0.9779914,2.319632e-07,0.020831726,0.0002955236,0.00088104967,1.7707242e-08
273,0,0,1,0.7606045,1.1124388e-06,0.23399508,0.002534241,0.0028648588,2.9839913e-07
274,0,0,1,0.88298553,8.573039e-05,0.0644281,0.034040704,0.018420143,3.993409e-05
275,0,0,1,0.99487215,1.4516427e-10,0.0051073795,8.213661e-06,1.2263906e-05,7.34403e-12
276,0,0,1,0.999982,1.5108142e-14,1.7515342e-05,2.730627e-07,2.2822533e-07,2.3185963e-16
277,0,0,1,0.8426791,4.4077783e-06,0.15062277,0.0020274224,0.0046656225,7.1209e-07
278,0,500,0,0.014522816,0.00013463687,0.9086422,0.026067542,0.050473485,0.00015930353
279,0,0,1,0.90095955,1.1498845e-06,0.09638936,0.0012247995,0.0014249521,2.3339896e-07
280,0,0,1,0.9976808,4.9046873e-09,0.0019385592,0.00012001638,0.0002606079,2.5240993e-10
281,0,0,1,0.725692,6.0888444e-05,0.17057548,0.083811395,0.019817652,4.259094e-05
282,0,500,0,0.094734184,6.152589e-06,0.8922011,0.00870221,0.0043522734,3.989498e-06
283,0,500,0,0.10287302,5.5718795e-07,0.8935611,0.002113966,0.0014509973,1.707759e-07
284,0,0,1,0.7789459,3.0222066e-07,0.22011173,0.0005073962,0.0004345651,5.7276598e-08
285,0,0,1,0.9968286,8.539101e-09,0.0027359913,0.00021397356,0.00022142006,8.172452e-10
286,0,0,1,0.92528737,2.0519076e-06,0.070816346,0.0025329986,0.0013606037,6.3479234e-07
287,0,0,1,0.84054214,0.000119626995,0.11427287,0.022021353,0.023003321,4.067585e-05
288,0,0,1,0.81168777,0.00027265807,0.16569507,0.006964511,0.015370792,9.0572275e-06
289,0,0,1,0.5905538,0.0062904423,0.36261988,0.010865599,0.027442843,0.0022273879
290,0,0,1,0.9463388,3.936457e-08,0.053364117,0.000133782,0.00016339107,3.5757912e-09
291,0,0,1,0.9974969,2.1517241e-08,0.0019193123,0.0001467234,0.00043698118,7.4420015e-10
292,0,0,1,0.99124885,2.8255393e-08,0.008492941,6.6760964e-05,0.00019146602,1.077978e-09
293,0,0,1,0.93992764,2.898461e-05,0.04642826,0.0027098546,0.010903101,2.0864281e-06
294,0,0,1,0.9994867,9.744556e-10,0.00025549813,3.7697013e-05,0.00022014586,8.268023e-12
295,0,0,1,0.99863917,3.1681743e-13,0.0013600348,3.248435e-07,4.3989485e-07,8.568187e-15
296,0,0,1,0.9930755,2.5076137e-09,0.006839972,4.5635938e-05,3.8927687e-05,2.3870553e-10
297,0,0,1,0.88530654,2.3431048e-09,0.11450491,2.2716913e-05,0.00016593197,6.747199e-11
298,0,0,1,0.99995995,2.1793422e-17,4.0010123e-05,1.5731505e-09,1.4372138e-09,1.2470957e-19
299,0,0,1,0.99982136,2.778789e-15,0.00017866644,1.0763979e-08,3.0283715e-08,1.2994828e-17
300,0,0,1,0.9617809,1.1755294e-08,0.03819151,5.5066726e-06,2.200479e-05,1.438061e-10
301,0,0,1,0.9863483,4.0743745e-07,0.011388301,0.0007691287,0.0014939532,3.3901333e-08
302,0,0,1,0.9986253,3.515751e-15,0.0013747652,2.6194998e-08,2.9900452e-08,9.23584e-17
303,0,0,1,0.9930987,2.7754107e-10,0.006873957,9.213378e-06,1.8153787e-05,1.2599955e-11
304,0,0,1,0.99977654,6.6085007e-15,0.00022327663,6.075217e-08,6.1396236e-08,1.3236395e-16
305,0,0,1,0.9978404,2.0073476e-12,0.0021573072,9.458441e-07,1.3069974e-06,9.393164e-14
306,0,0,1,0.93427336,3.2898803e-10,0.06568465,1.9624169e-05,2.242213e-05,3.6525824e-11
307,0,0,1,0.9437227,1.1300235e-06,0.050576113,0.0024865,0.0032133453,1.92954e-07
308,0,0,1,0.9979232,3.78659e-09,0.001519786,9.2534894e-05,0.00046452478,8.683352e-11
309,0,0,1,0.9995821,5.6767007e-18,0.00041789978,5.8560623e-10,7.73186e-10,2.697496e-20
310,0,0,1,0.98919034,1.0606738e-11,0.010803719,3.359212e-06,2.5942488e-06,8.8451333e-13
311,0,500,0,0.0031405834,5.8495898e-05,0.830659,0.05770978,0.10836082,7.134076e-05
312,0,0,1,0.87611306,1.4706191e-09,0.12379051,5.689472e-05,3.9463e-05,2.0996238e-10
313,0,0,1,0.92235595,4.1174658e-10,0.07758372,2.618051e-05,3.4086803e-05,3.5752543e-11
314,0,500,0,0.44698083,0.0002265456,0.49373296,0.016207965,0.042802613,4.9094437e-05
315,0,0,1,0.86724335,5.2434852e-06,0.11384603,0.008045883,0.010858265,1.2239552e-06
316,0,0,1,0.9999349,4.1907958e-17,6.503077e-05,3.0150882e-09,4.4081987e-09,3.7815322e-19
317,0,0,1,0.974228,8.8484053e-10,0.025666613,4.511988e-05,6.0168815e-05,1.02296914e-10
318,0,0,1,0.9993148,3.4861608e-12,0.00067915657,1.8175915e-06,4.330442e-06,9.34383e-14
319,0,0,1,0.99983835,3.2560038e-11,0.00013395809,3.1078507e-06,2.4499284e-05,1.4149296e-13
320,0,0,1,0.99394256,1.4546927e-08,0.005733113,0.0001644944,0.00015983275,1.4361354e-09
321,0,0,1,0.9999639,4.0208617e-16,3.611106e-05,1.0291685e-08,1.5190063e-08,3.0268588e-18
322,0,0,1,0.9989065,1.6762201e-11,0.0010832293,2.8712984e-06,7.4116297e-06,3.1098388e-13
323,0,0,1,0.9999796,2.567554e-15,2.0230977e-05,4.302829e-08,1.4528104e-07,1.3517045e-17
324,0,0,1,0.99962616,1.8984958e-11,0.0003583701,4.427148e-06,1.1024505e-05,3.5085146e-13
325,0,0,1,0.9983094,5.3574454e-12,0.0016879035,9.380027e-07,1.840897e-06,1.1906533e-13
326,0,0,1,0.99725586,5.1085098e-11,0.0027261674,7.893047e-06,1.01309115e-05,3.247487e-12
327,0,500,0,0.32358328,0.00016722537,0.5502788,0.025796415,0.1001251,4.9207276e-05
328,0,0,1,0.9996443,4.601246e-13,0.00035397545,8.8151506e-07,9.2337945e-07,1.527099e-14
329,0,0,1,0.98665464,1.1537798e-08,0.013236401,2.6836411e-05,8.210696e-05,3.987248e-10
330,0,0,1,0.95707166,4.6503693e-08,0.042717274,9.233757e-05,0.0001188043,4.229179e-09
331,0,0,1,0.98814243,4.6475317e-09,0.011770099,1.572554e-05,7.1719536e-05,1.3772229e-10
332,0,0,1,0.9901363,8.301815e-11,0.009848296,5.649818e-06,9.7942375e-06,4.277679e-12
333,0,0,1,0.974961,4.215493e-08,0.024721134,9.633651e-05,0.00022154831,3.2149075e-09
334,0,500,0,0.06522295,0.00016283558,0.8939451,0.014512644,0.026063703,9.272961e-05
335,0,0,1,0.99248123,7.189114e-09,0.0074776863,8.248034e-06,3.2802174e-05,1.6035108e-10
336,0,0,1,0.9958255,6.225811e-09,0.0040579434,3.6957947e-05,7.9695514e-05,2.6715494e-10
337,0,0,1,0.9951734,6.447928e-11,0.004811215,8.052018e-06,7.375746e-06,5.4798132e-12
338,0,500,0,0.19280773,0.00011197042,0.72725177,0.016124217,0.06367015,3.4178174e-05
339,0,500,0,0.030722909,5.259466e-08,0.9690718,8.292696e-05,0.00012232795,3.641262e-09
340,0,0,1,0.9993356,3.341646e-12,0.0006621024,4.784668e-07,1.775668e-06,3.6423216e-14
341,0,1500,0,0.23091753,0.00017349159,0.10793736,0.09884753,0.5620906,3.3484986e-05
342,0,0,1,0.9712425,1.2367671e-08,0.028600793,5.910263e-05,9.7566604e-05,1.0604827e-09
343,0,0,1,0.9959804,2.8003565e-13,0.0040194257,9.753092e-08,1.2872228e-07,3.7602965e-15
344,0,0,1,0.9985078,4.7556756e-13,0.0014915403,1.9332269e-07,3.1152788e-07,1.1574948e-14
345,0,0,1,0.98700804,1.9367478e-08,0.012691031,0.00015544942,0.0001455024,2.5642364e-09
346,0,0,1,0.98092365,6.5438535e-08,0.018711898,0.00013814203,0.00022631741,3.5857888e-09
347,0,0,1,0.99803084,1.5499014e-08,0.0010600927,0.0002768783,0.00063223706,6.229428e-10
348,0,500,0,0.10464654,4.4576813e-05,0.8742062,0.0081627155,0.012921987,1.8028688e-05
349,0,0,1,0.9992454,2.5264521e-14,0.00075444405,3.854552e-08,1.1966958e-07,3.240117e-16
350,0,0,1,0.9842917,7.0673616e-13,0.015707523,4.97152e-07,3.7956252e-07,2.2718603e-14
351,0,0,1,0.97769976,8.269935e-08,0.021624977,0.00021479803,0.00046034172,7.76857e-09
352,0,0,1,0.99839634,1.3322551e-09,0.0015564864,1.32443165e-05,3.39454e-05,3.0134794e-11
353,0,500,0,0.26007336,1.44145215e-05,0.717878,0.008098961,0.013929652,5.5450423e-06
354,0,0,1,0.9814092,1.02858715e-10,0.018582318,3.425026e-06,5.0780627e-06,4.8612386e-12
355,0,0,1,0.99775,4.416759e-09,0.0020059482,5.7294204e-05,0.00018678948,1.2753153e-10
356,0,0,1,0.9618954,1.2156132e-08,0.037802048,6.6157205e-05,0.00023648648,6.279568e-10
357,0,0,1,0.55574435,2.2231764e-06,0.4401214,0.0013212182,0.0028104493,3.3438485e-07
358,0,0,1,0.9923745,9.860216e-09,0.007255158,0.00015942132,0.00021095658,8.6310237e-10
359,0,0,1,0.9881462,2.719728e-12,0.011851841,3.9438765e-07,1.6564105e-06,5.2890902e-14
360,0,500,0,0.024944285,7.3358286e-05,0.94668514,0.010946929,0.017301235,4.9117963e-05
361,0,0,1,0.9999621,4.7317124e-15,3.772268e-05,1.5925771e-07,1.7536836e-07,5.5283405e-17
362,0,0,1,0.99933857,9.237539e-13,0.0006595637,7.592263e-07,1.1418626e-06,2.2663427e-14
363,0,0,1,0.9991974,3.1305743e-11,0.000783339,9.243114e-06,9.975268e-06,1.6547886e-12
364,0,0,1,0.99999034,2.71953e-16,9.628646e-06,1.6795465e-08,2.3375327e-08,2.0216904e-18
365,0,0,1,0.9889486,1.2038611e-09,0.011010645,8.573115e-06,3.2166034e-05,3.1131667e-11
366,0,0,1,0.6330108,4.669184e-09,0.3668711,3.677419e-05,8.132407e-05,4.1090248e-10
367,0,0,1,0.9999393,7.885041e-17,6.070053e-05,2.2879743e-09,2.373181e-08,1.9303361e-19
368,0,0,1,0.99998844,1.2688275e-17,1.1543779e-05,1.915133e-09,3.079057e-09,7.593144e-20
369,0,0,1,0.9951782,8.853436e-10,0.0047592823,1.2109133e-05,5.0472914e-05,2.518751e-11
370,0,0,1,0.9966878,1.8548184e-09,0.0032766485,7.5506246e-06,2.7971344e-05,2.7988976e-11
371,0,0,1,0.9920942,3.397209e-09,0.007702299,2.7021344e-05,0.00017661112,1.00725116e-10
372,0,0,1,0.9674287,1.4965375e-08,0.0324061,4.119527e-05,0.0001240865,7.842304e-10
373,0,0,1,0.997759,6.049932e-10,0.0022190008,5.1149427e-06,1.6914399e-05,9.889716e-12
374,0,0,1,0.99904376,2.9605235e-11,0.00094976457,1.7936231e-06,4.5867955e-06,4.7115377e-13
375,0,0,1,0.9995603,3.2731294e-14,0.00043960518,4.5993268e-08,9.648647e-08,3.2070827e-16
376,0,0,1,0.9869099,4.487245e-08,0.012396952,0.00013727939,0.0005558138,2.2375048e-09
377,0,0,1,0.9138333,9.454952e-10,0.08611786,1.9729998e-05,2.9108007e-05,6.862286e-11
378,0,0,1,0.68581784,2.2110974e-06,0.31106108,0.0015508125,0.0015675793,5.084142e-07
379,0,0,1,0.9579634,1.0626484e-08,0.041917987,5.9890895e-05,5.8661968e-05,1.2672198e-09
380,0,0,1,0.99923384,3.542114e-10,0.00070969324,1.0653218e-05,4.5870926e-05,6.0138973e-12
381,0,0,1,0.9585508,1.1873993e-07,0.040337604,0.00025324823,0.0008582885,1.047498e-08
382,0,0,1,0.9114123,7.3915745e-09,0.088428095,2.5602307e-05,0.00013394414,2.82618e-10
383,0,0,1,0.9293659,5.819262e-07,0.06987433,0.00014311759,0.0006160573,2.0521146e-08
384,0,0,1,0.99991107,2.6509301e-13,8.751656e-05,3.4434504e-07,1.0950718e-06,2.3315152e-15
385,0,0,1,0.9856011,2.3021728e-10,0.014391362,1.6427239e-06,5.917741e-06,2.6839538e-12
386,0,0,1,0.9909087,2.9016653e-10,0.009055547,9.186399e-06,2.6609781e-05,1.3153325e-11
387,0,500,0,0.07696557,5.3623946e-08,0.92264813,0.00017420425,0.00021211,1.0415223e-08
388,0,0,1,0.9940544,1.2846035e-13,0.005945253,2.0131843e-07,1.0749175e-07,3.88595e-15
389,0,0,1,0.98491967,1.684461e-10,0.01503451,5.232981e-06,4.050958e-05,4.5375296e-12
390,0,0,1,0.9994185,6.6655115e-10,0.00051084964,1.7775783e-05,5.2925046e-05,1.3223741e-11
391,0,0,1,0.7478228,1.1874829e-06,0.24682756,0.00082791905,0.0045204745,1.0965158e-07
392,0,0,1,0.8657399,3.424305e-10,0.13422415,1.12740245e-05,2.472802e-05,2.5581723e-11
393,0,0,1,0.9962351,8.225175e-11,0.0037490942,5.059882e-06,1.0684887e-05,3.4211182e-12
394,0,0,1,0.9928363,3.2665268e-10,0.0071374737,9.775195e-06,1.6505739e-05,1.8356566e-11
395,0,0,1,0.9350268,5.283837e-11,0.06496116,5.7122893e-06,6.324737e-06,3.708018e-12
396,0,500,0,0.15653037,2.9740697e-06,0.81649464,0.002907608,0.024063798,5.9558874e-07
397,0,0,1,0.9993498,2.7084193e-10,0.0005951232,1.8170287e-05,3.6826445e-05,8.006802e-12
398,0,0,1,0.9750733,1.3395612e-08,0.024734885,9.1228874e-05,0.00010050203,1.3288647e-09
399,0,0,1,0.9626473,7.476829e-08,0.036691103,0.00035781044,0.00030361072,1.40110545e-08
400,0,0,1,0.99374557,1.2229147e-09,0.0061933305,2.6472962e-05,3.471479e-05,9.4878196e-11
401,0,0,1,0.87976,8.642408e-09,0.119964406,9.798112e-05,0.00017756967,1.0736296e-09
402,0,500,0,0.23936208,5.887311e-09,0.76032156,0.00014646945,0.00016989814,1.0840464e-09
403,0,0,1,0.9989033,8.458891e-13,0.001095402,6.192324e-07,6.595342e-07,1.3847154e-14
404,0,0,1,0.9996934,5.8168834e-13,0.00030565096,4.1778068e-07,4.9228663e-07,1.3884062e-14
405,0,0,1,0.9982496,1.9729329e-10,0.0017262299,3.7190161e-06,2.0473988e-05,2.159612e-12
406,0,0,1,0.997767,2.1235473e-11,0.002226885,1.4337728e-06,4.807897e-06,4.0019154e-13
407,0,0,1,0.99191064,8.525117e-10,0.008064711,4.976149e-06,1.9770407e-05,1.4065449e-11
408,0,0,1,0.90523857,3.5348826e-06,0.09226074,0.00039513953,0.002101699,2.1895218e-07
409,0,0,1,0.9847895,8.5553815e-08,0.014465049,0.00016745011,0.00057793106,4.203992e-09
410,0,0,1,0.9976533,6.777467e-11,0.002319809,7.646314e-06,1.9250718e-05,2.2032515e-12
411,0,0,1,0.9689593,8.541987e-09,0.030804532,0.00011828866,0.00011796748,1.3554651e-09
412,0,0,1,0.9942179,1.5084704e-11,0.005773269,5.975464e-06,2.9506846e-06,1.2754979e-12
413,0,500,0,0.013778303,3.779682e-05,0.93790036,0.035403002,0.012830647,4.986707e-05
414,0,0,1,0.8629157,2.6175861e-09,0.13703518,1.0638724e-05,3.8500366e-05,8.743196e-11
415,0,0,1,0.91507083,1.9183411e-05,0.08377788,0.00023603822,0.0008954153,6.218194e-07
416,0,500,0,0.4818811,7.039232e-08,0.5178319,0.000109803084,0.00017709097,8.653148e-09
417,0,0,1,0.9984426,7.1190115e-10,0.0015176475,1.0262353e-05,2.9469353e-05,1.5536468e-11
418,0,0,1,0.9965863,4.0945016e-12,0.0034121298,2.908327e-07,1.2657678e-06,5.0702064e-14
419,0,0,1,0.85917884,6.735055e-09,0.1407549,1.764519e-05,4.863697e-05,2.4509567e-10
420,0,0,1,0.7130374,7.236656e-06,0.27746353,0.0029031334,0.006587223,1.5698516e-06
421,0,0,1,0.8708397,3.1029266e-08,0.12898456,4.5572262e-05,0.00013018359,1.4591155e-09
422,0,0,1,0.9901035,1.6181993e-07,0.008919531,0.00036696225,0.0006099364,1.4573005e-08
423,0,0,1,0.999668,5.2903654e-12,0.00032323852,1.4043833e-06,7.383524e-06,5.2656152e-14
424,0,0,1,0.91967785,3.5182566e-08,0.07955538,0.00020103017,0.0005657507,3.7076213e-09
425,0,0,1,0.9706965,4.305295e-09,0.029234264,3.7717844e-05,3.14441e-05,4.5779538e-10
426,0,0,1,0.99618065,1.7800122e-10,0.0038107124,1.5464072e-06,7.142806e-06,2.3760818e-12
427,0,0,1,0.9619089,9.144068e-09,0.037992068,3.7826278e-05,6.117717e-05,7.090218e-10
428,0,500,0,0.4713413,7.470228e-11,0.5286493,4.847613e-06,4.517498e-06,2.8992301e-12
429,0,0,1,0.9283273,8.891387e-09,0.071570404,3.755334e-05,6.4743566e-05,6.0744626e-10
430,0,0,1,0.8493938,8.4815954e-10,0.15056029,1.3851592e-05,3.2089716e-05,4.1981554e-11
431,0,0,1,0.9977093,2.8164388e-13,0.0022902286,2.3324374e-07,2.819054e-07,5.281885e-15
432,0,0,1,0.9996208,2.9876995e-15,0.00037910705,1.4094167e-08,7.607037e-08,1.9094905e-17
433,0,0,1,0.99606776,1.3874621e-09,0.0038651142,1.4344119e-05,5.2770953e-05,4.1176635e-11
434,0,0,1,0.73173046,1.7037513e-06,0.26402217,0.0020668448,0.0021785256,2.3848602e-07
435,0,0,1,0.9496742,5.582696e-07,0.049019814,0.00074252894,0.00056281517,9.635742e-08
436,0,0,1,0.9961726,5.064113e-13,0.0038272017,1.4518274e-07,1.6444426e-07,9.5006925e-15
437,0,500,0,0.30065134,6.520371e-05,0.63281685,0.01578006,0.050663963,2.2672275e-05
438,0,0,1,0.9127673,2.8444405e-11,0.08722662,3.55827e-06,2.5010809e-06,1.4044462e-12
439,0,0,1,0.9994486,7.958568e-11,0.0005255898,5.8410255e-06,2.005014e-05,1.1729817e-12
440,0,0,1,0.99636155,9.022301e-11,0.0036228802,4.1148287e-06,1.1404763e-05,3.3803617e-12
441,0,0,1,0.98406833,4.6832604e-08,0.015496116,0.00016164557,0.00027392717,3.482779e-09
442,0,0,1,0.57185525,1.2591527e-06,0.42670703,0.0004227606,0.0010136095,1.039802e-07
443,0,0,1,0.99922645,8.0980475e-13,0.0007714971,7.519479e-07,1.3016692e-06,2.1570854e-14
444,0,0,1,0.9871881,1.6398054e-09,0.012669437,2.3924285e-05,0.00011864345,5.823797e-11
445,0,500,0,0.37775472,4.1474584e-07,0.6188371,0.0011811828,0.0022264966,1.1089222e-07
446,0,0,1,0.99877876,8.87002e-11,0.0011989396,6.141873e-06,1.6103228e-05,2.247903e-12
447,0,0,1,0.9815529,7.9132013e-07,0.0095348405,0.0012231587,0.0076884427,3.0378406e-08
448,0,500,0,0.15067476,2.4493955e-08,0.8488103,9.931029e-05,0.00041571044,1.5162813e-09
449,0,0,1,0.7780699,7.827545e-06,0.21131739,0.0044518337,0.006150879,2.227436e-06
450,0,0,1,0.9691514,1.5542149e-08,0.030594464,0.000104184386,0.00014991853,1.4951408e-09
451,0,0,1,0.9999908,5.334019e-15,8.854852e-06,1.2654037e-07,2.1107519e-07,4.3699677e-17
452,0,0,1,0.99348176,3.6618739e-10,0.0065045347,4.9323817e-06,8.742976e-06,9.8549485e-12
453,0,500,0,0.12187825,9.462507e-06,0.86641324,0.0038097482,0.007885927,3.255536e-06
454,0,0,1,0.98967314,1.3044422e-10,0.010306677,6.2461927e-06,1.3904793e-05,5.9854656e-12
455,0,0,1,0.57122314,1.87606e-05,0.41405004,0.005100869,0.009600826,6.419577e-06
456,0,0,1,0.9990509,7.573275e-12,0.000945394,9.663436e-07,2.6955058e-06,1.5014547e-13
457,0,0,1,0.8679177,2.3200995e-08,0.13181388,5.739671e-05,0.00021095478,1.5385305e-09
458,0,0,1,0.98113716,1.6857132e-10,0.0188458,4.9853343e-06,1.2056383e-05,8.5568965e-12
459,0,0,1,0.8936385,4.3300528e-07,0.10581462,0.00017987067,0.00036658952,3.8941867e-08
460,0,0,1,0.801386,1.5685444e-07,0.19729017,0.0005514738,0.0007720989,3.1011435e-08
461,0,0,1,0.99412197,1.3156057e-09,0.0058000777,3.212358e-05,4.588239e-05,1.03409274e-10
462,0,0,1,0.37273508,9.672853e-05,0.21377335,0.20806575,0.2052523,7.680362e-05
463,0,0,1,0.9731993,9.428881e-09,0.026614148,0.00010256891,8.400261e-05,1.1606103e-09
464,0,0,1,0.99995065,1.9681344e-15,4.9291648e-05,4.1007464e-08,3.1565595e-08,3.4094866e-17
465,0,0,1,0.887657,3.6423543e-08,0.11217948,5.591365e-05,0.00010757625,2.282171e-09
466,0,0,1,0.9988412,5.7240546e-10,0.0011069098,1.8568486e-05,3.3341334e-05,2.0338157e-11
467,0,0,1,0.99081576,1.3240671e-10,0.009165649,3.4200239e-06,1.5150749e-05,1.5960501e-12
468,0,0,1,0.9998185,6.08655e-15,0.00018142085,7.1070524e-08,4.6971884e-08,1.7015913e-16
469,0,0,1,0.9688019,3.8446188e-07,0.03047562,0.0001655498,0.00055660063,2.196389e-08
470,0,0,1,0.9375996,9.1513164e-07,0.06068201,0.0005600518,0.0011573045,1.1798421e-07
471,0,0,1,0.94844866,1.1696517e-06,0.048939887,0.0007777482,0.001832382,1.3779281e-07
472,0,0,1,0.96139246,1.5125798e-07,0.037802458,0.00035685056,0.0004481419,2.2540736e-08
473,0,0,1,0.9870568,3.71202e-08,0.011749288,0.00030669395,0.00088722666,2.3007771e-09
474,0,0,1,0.9999213,5.4739623e-14,7.818939e-05,2.6964688e-07,2.9457598e-07,1.0421124e-15
475,0,0,1,0.9709014,6.260974e-09,0.02894427,6.4504726e-05,8.987183e-05,5.695342e-10
476,0,0,1,0.975568,4.8223807e-08,0.023839304,0.00024636046,0.00034634053,6.0954295e-09
477,0,0,1,0.9946911,1.3824666e-09,0.005151779,3.812002e-05,0.000119020086,6.1303275e-11
478,0,0,1,0.9944272,1.13930156e-07,0.0034370907,0.0011327623,0.0010027757,1.4725158e-08
479,0,0,1,0.8775555,3.9109967e-08,0.12164553,0.000544323,0.00025470176,1.0077565e-08
480,0,0,1,0.5299965,2.0826736e-05,0.44322097,0.0104979975,0.016256794,6.914913e-06
481,0,500,0,0.046092086,4.6884142e-07,0.9444774,0.0067217643,0.002707971,3.344612e-07
482,0,500,0,0.101337545,1.5922828e-05,0.8656914,0.007408246,0.025540417,6.5463164e-06
483,0,0,1,0.9994019,6.493915e-11,0.0005738332,1.6010174e-05,8.249343e-06,5.2700257e-12
484,0,0,1,0.67175806,3.4810532e-06,0.31886116,0.005899762,0.0034761769,1.3609424e-06
485,0,500,0,0.32192555,0.0001386837,0.52007484,0.055153627,0.10263336,7.3857496e-05
486,0,0,1,0.9999095,1.2731363e-14,9.018519e-05,1.16690224e-07,1.5217213e-07,2.3215257e-16
487,0,0,1,0.903133,7.946019e-06,0.076209605,0.009091427,0.011555884,2.1510211e-06
488,0,0,1,0.9975516,1.1366641e-10,0.0024227411,1.5712998e-05,9.938733e-06,9.887773e-12
489,0,0,1,0.99155444,1.9516723e-11,0.008437392,6.224918e-06,1.9086096e-06,2.0315392e-12
490,0,0,1,0.9999596,1.3207753e-15,4.038252e-05,2.869034e-08,4.4000434e-08,1.5076118e-17
491,0,500,0,0.0149957165,3.7321468e-05,0.62786674,0.07502994,0.2820321,3.811132e-05
492,0,0,1,0.8166393,2.940762e-05,0.15212332,0.015666349,0.015529816,1.1873392e-05
493,0,0,1,0.8329022,2.742085e-10,0.16706432,1.9410954e-05,1.410087e-05,2.4071196e-11
494,0,0,1,0.9247341,8.761473e-08,0.07391956,0.00089158426,0.00045456857,2.4379624e-08
495,0,0,1,0.99833447,4.0628736e-10,0.0015866314,5.34535e-05,2.5466423e-05,4.7651685e-11
496,0,0,1,0.9673529,3.46675e-07,0.030654378,0.0011117823,0.00088042155,7.584302e-08
497,0,0,1,0.8474043,1.4596784e-06,0.14824262,0.0021559198,0.0021954007,3.1869644e-07
498,0,0,1,0.70311725,4.884586e-06,0.28732818,0.003560721,0.0059876917,1.2861103e-06
499,0,0,1,0.9238097,1.3081698e-06,0.07202817,0.0018102025,0.0023504554,2.599145e-07
500,100,100,1,1.5022627e-05,0.9416834,1.6592778e-05,1.242933e-06,1.0025213e-05,0.05827372
501,100,100,1,9.632327e-06,0.99651355,4.703267e-06,5.2590343e-07,1.1943566e-05,0.0034596263
502,100,100,1,1.2095471e-05,0.51932037,1.0419244e-05,4.1232397e-06,1.26373925e-05,0.48064038
503,100,100,1,2.1231313e-05,0.74286425,2.7171558e-05,4.8414227e-06,2.10542e-05,0.25706136
504,100,100,1,4.6774385e-05,0.92310846,2.5879943e-05,4.7737312e-06,2.8758715e-05,0.076785415
505,100,100,1,9.781244e-05,0.8581145,0.00013667456,2.5247988e-05,0.00016224469,0.1414635
506,100,100,1,1.8289087e-06,0.9940012,1.1717434e-06,6.83761e-08,1.9091638e-06,0.0059938426
507,100,100,1,4.5328994e-05,0.9622441,5.423344e-05,4.102679e-06,3.4735294e-05,0.037617534
508,100,100,1,6.1509536e-06,0.99635494,2.909004e-06,3.456246e-07,8.52466e-06,0.0036271757
509,100,100,1,0.0001490289,0.949017,8.327251e-05,1.7276157e-05,0.00010244833,0.050630927
510,100,100,1,6.249984e-05,0.9220254,4.577634e-05,7.3836095e-06,4.1433246e-05,0.07781756
511,100,100,1,1.7937744e-05,0.98646694,1.1198572e-05,1.3096309e-06,1.767454e-05,0.013484985
512,100,100,1,2.3587228e-05,0.97559035,2.7381111e-05,2.9583025e-06,4.242674e-05,0.024313293
513,100,100,1,4.1468327e-05,0.8930676,3.6139118e-05,6.019396e-06,3.7891677e-05,0.10681086
514,100,100,1,1.4851563e-05,0.9987262,2.0838017e-06,2.3657097e-07,7.872688e-06,0.0012486518
515,100,100,1,6.588985e-06,0.9971808,3.7828843e-06,2.0292056e-07,4.4840513e-06,0.0028041576
516,100,100,1,1.1519135e-05,0.99234664,2.2076521e-05,5.4257583e-07,8.453676e-06,0.0076107476
517,100,100,1,8.008873e-05,0.58080274,0.00012000815,1.4057275e-05,3.839567e-05,0.41894466
518,100,100,1,3.742105e-05,0.9898317,1.3502369e-05,2.1566264e-06,3.1969877e-05,0.010083355
519,100,100,1,9.067702e-05,0.94418055,8.370665e-05,1.6033617e-05,0.00016042314,0.055468626
520,100,100,1,0.00013163644,0.9922578,3.7748225e-05,8.549877e-06,0.000130302,0.0074339956
521,100,2000,0,7.8091856e-05,0.12902291,0.00036985942,0.00019895674,0.0005256209,0.8698046
522,100,100,1,2.5437083e-05,0.9954673,1.5734619e-05,1.185953e-06,2.0752055e-05,0.0044695726
523,100,100,1,1.5061996e-05,0.5108604,1.6213871e-05,3.815936e-06,1.6788776e-05,0.4890878
524,100,100,1,3.6685866e-05,0.9725151,3.3072665e-05,4.9573077e-06,5.3593998e-05,0.027356656
525,100,100,1,4.800285e-05,0.95568377,1.5275036e-05,2.734258e-06,3.4767894e-05,0.04421547
526,100,100,1,7.834248e-05,0.9713795,0.000117325246,5.7082366e-06,5.166032e-05,0.028367503
527,100,100,1,5.5210658e-05,0.9879624,5.801963e-05,7.2797316e-06,0.00012173069,0.011795203
528,100,100,1,0.0004344807,0.58349776,0.00084148085,0.0001969656,0.00086248486,0.41416693
529,100,100,1,0.000114516166,0.9490466,9.166519e-05,1.267336e-05,0.0001253823,0.050609153
530,100,100,1,3.377094e-07,0.9996816,1.295954e-07,6.3823102e-09,4.3655274e-07,0.00031750547
531,100,100,1,6.1757506e-05,0.86910516,5.9068458e-05,1.5665695e-05,0.0001523222,0.13060607
532,100,2000,0,2.5842714e-05,0.07370802,9.3687515e-05,8.528807e-05,0.00014188033,0.9259453
533,100,2000,0,2.1560036e-06,0.02478565,7.300235e-06,5.6612867e-06,4.012984e-06,0.9751952
534,100,100,1,2.4059356e-05,0.89807665,1.7791492e-05,3.2440907e-06,2.3239292e-05,0.10185503
535,100,100,1,6.590002e-05,0.99408567,6.009296e-05,1.8781404e-06,4.0950068e-05,0.0057454826
536,100,100,1,9.5313066e-05,0.94826746,8.728412e-05,1.30656435e-05,0.00011877557,0.051418107
537,100,100,1,4.2072115e-06,0.99917763,5.049807e-07,4.9634043e-08,2.0915345e-06,0.0008155621
538,100,100,1,1.920683e-06,0.99969363,5.86276e-07,4.6937e-08,3.339667e-06,0.000300512
539,100,100,1,4.507282e-05,0.99569064,2.4500805e-05,3.007327e-06,8.2544306e-05,0.0041543823
540,100,100,1,0.00012365592,0.99740475,2.04441e-05,2.4153e-06,6.746988e-05,0.0023812742
541,100,100,1,7.396093e-07,0.9993963,2.0303752e-07,1.3282492e-08,6.584604e-07,0.0006019421
542,100,100,1,1.3916226e-05,0.9065559,1.49721645e-05,1.5453701e-06,1.0222045e-05,0.09340334
543,100,100,1,9.3079683e-07,0.99922335,2.543924e-07,2.5287614e-08,9.64516e-07,0.0007744456
544,100,100,1,0.00013554061,0.8553708,9.743863e-05,1.5810127e-05,5.9507114e-05,0.14432085
545,100,100,1,9.977344e-07,0.99833715,4.0304198e-07,4.4902222e-08,1.4128318e-06,0.001660137
546,100,100,1,7.751551e-05,0.9355348,6.360255e-05,1.0731744e-05,8.863142e-05,0.06422483
547,100,100,1,4.3479926e-05,0.9975661,1.9853267e-05,1.4338219e-06,3.2579777e-05,0.0023365777
548,100,100,1,1.8191498e-05,0.9964818,5.9859185e-06,7.6021246e-07,1.858766e-05,0.0034748353
549,100,100,1,0.00021247275,0.87638086,0.00028953695,2.8832028e-05,0.00016308525,0.12292525
550,100,100,1,7.096984e-05,0.60304785,6.334876e-05,2.186737e-05,7.383709e-05,0.3967222
551,100,100,1,2.6758102e-05,0.6180417,3.522056e-05,5.224739e-06,1.8048993e-05,0.38187304
552,100,100,1,1.5336242e-05,0.9989944,5.190155e-06,4.9273683e-07,1.9881922e-05,0.0009646717
553,100,100,1,4.5097954e-06,0.9994916,2.0347316e-06,5.146916e-08,2.3752445e-06,0.0004994892
554,100,100,1,1.2781063e-05,0.9113832,2.1240863e-05,2.2411568e-06,1.9285288e-05,0.088561065
555,100,2000,0,4.9380656e-06,0.11566939,2.5597381e-05,5.9661484e-06,1.2410946e-05,0.88428164
556,100,100,1,8.726454e-06,0.99636877,6.694571e-06,4.6884716e-07,1.5528662e-05,0.0035998381
557,100,2000,0,1.9564095e-05,0.4770333,2.5014271e-05,7.704009e-06,2.761844e-05,0.5228868
558,100,100,1,1.581472e-05,0.9811492,6.591996e-06,1.6163351e-06,2.4020255e-05,0.018802883
559,100,100,1,4.8529505e-06,0.99895346,1.7241116e-06,1.3707009e-07,5.199578e-06,0.0010346288
560,100,2000,0,2.9512223e-05,0.4826648,6.862623e-05,1.7836644e-05,6.702845e-05,0.5171522
561,100,2000,0,3.17939e-05,0.03885399,8.730395e-05,0.0001009262,0.000116048854,0.96080995
562,100,100,1,8.520124e-06,0.9923522,4.333188e-06,5.940185e-07,9.122462e-06,0.0076252227
563,100,100,1,2.3945799e-05,0.9922599,1.9472644e-05,1.8308239e-06,3.1142252e-05,0.007663752
564,100,100,1,7.4708637e-06,0.99927896,2.3030004e-06,1.7229712e-07,9.486238e-06,0.000701634
565,100,2000,0,3.963836e-05,0.19899903,4.7561225e-05,4.1892374e-05,9.3727635e-05,0.8007781
566,100,100,1,2.1546866e-05,0.9637924,1.4912146e-05,1.9793958e-06,1.5150807e-05,0.036153995
567,100,100,1,0.00014825344,0.9974209,0.00021816672,2.2787813e-06,4.234242e-05,0.0021681127
568,100,100,1,1.6651082e-06,0.9993591,4.947539e-07,6.829039e-08,4.7384015e-06,0.0006338853
569,100,100,1,6.312232e-06,0.99560404,3.2634382e-06,4.8079653e-07,1.1731791e-05,0.0043742326
570,100,100,1,1.3463479e-05,0.9484417,1.1656294e-05,2.4267115e-06,2.7020787e-05,0.05150384
571,100,100,1,0.00035633155,0.5197738,0.00020638293,0.00011206242,0.0003065668,0.47924486
572,100,100,1,1.1660711e-05,0.9826925,8.508668e-06,6.7627883e-07,7.598189e-06,0.017278925
573,100,100,1,5.4335015e-07,0.999681,3.9893737e-07,1.03157145e-08,6.3278407e-07,0.0003174968
574,100,100,1,6.9182047e-06,0.9925067,1.7813747e-05,2.998864e-07,4.339789e-06,0.007463793
575,100,100,1,4.6195596e-06,0.99889284,3.6051217e-06,2.8261957e-07,1.1131605e-05,0.0010876895
576,100,100,1,7.617837e-06,0.9908023,1.0579527e-05,6.067191e-07,9.574465e-06,0.009169367
577,100,100,1,4.19042e-06,0.9989857,1.4996162e-06,1.7053945e-07,8.096905e-06,0.0010003847
578,100,100,1,2.8300343e-05,0.981323,3.094597e-05,1.7702024e-06,2.337045e-05,0.018592495
579,100,100,1,0.0002403351,0.9868622,0.000105355924,1.2609615e-05,0.00013082704,0.012648676
580,100,100,1,7.985039e-05,0.9652321,8.506104e-05,1.46077755e-05,0.00013605358,0.034452476
581,100,100,1,3.830164e-05,0.9925714,4.515572e-05,1.2205296e-06,2.0220848e-05,0.0073236353
582,100,100,1,4.583271e-06,0.99879044,3.5777027e-06,2.2009773e-07,8.656262e-06,0.0011925268
583,100,100,1,0.00015514097,0.99831426,6.5622065e-05,2.9770945e-06,0.00010485596,0.0013571492
584,100,100,1,1.758588e-05,0.99422187,3.0963653e-05,7.1795597e-07,1.2435152e-05,0.005716503
585,100,100,1,3.7446569e-06,0.997232,4.129404e-06,1.7948145e-07,5.2676446e-06,0.002754634
586,100,100,1,7.378212e-05,0.9845515,4.5473364e-05,6.1051524e-06,9.0879745e-05,0.015232374
587,100,100,1,0.14546497,0.83990574,0.0035623757,0.00026288448,0.008374023,0.0024299987
588,100,100,1,1.5183103e-05,0.9988381,4.8667407e-05,7.528731e-07,1.9117811e-05,0.0010781044
589,100,100,1,4.3321204e-05,0.92736685,1.6894612e-05,4.1961393e-06,5.50797e-05,0.07251363
590,100,100,1,0.00018286458,0.97393566,0.00011612323,1.2203796e-05,9.3782415e-05,0.02565943
591,100,100,1,1.1079751e-05,0.9906413,3.3908514e-06,5.9120777e-07,1.1309362e-05,0.009332263
592,100,100,1,0.0033683986,0.97472125,0.00069398026,4.6967914e-05,0.0004734444,0.020695928
593,100,100,1,9.753796e-06,0.9851419,6.4391297e-06,8.4862745e-07,1.424081e-05,0.014826859
594,100,100,1,3.3225929e-06,0.9982735,9.258159e-07,4.3854417e-08,1.2992031e-06,0.0017209209
595,100,100,1,2.115752e-05,0.99700457,3.7749942e-06,9.728255e-07,2.886319e-05,0.0029405982
596,100,100,1,0.0060568666,0.93552977,0.0052301195,0.00058123714,0.0026151657,0.049986884
597,100,100,1,7.4277054e-06,0.9993142,3.4982554e-06,1.7404967e-07,8.14217e-06,0.0006667296
598,100,100,1,5.202469e-06,0.99516785,5.3949666e-06,3.9104606e-07,9.152352e-06,0.004812124
599,100,100,1,9.228509e-06,0.97118,1.401604e-05,6.2784204e-07,5.4065254e-06,0.028790697
600,100,100,1,8.021273e-05,0.94290435,0.00012800783,2.1324791e-05,0.00016002641,0.056705922
601,100,100,1,2.2596196e-06,0.9994677,4.3035578e-07,4.7426415e-08,4.2300853e-06,0.0005252814
602,100,100,1,0.00010883481,0.699025,5.2688232e-05,1.9981726e-05,6.122016e-05,0.30073228
603,100,100,1,5.6984923e-06,0.99885035,1.7135499e-06,2.476816e-07,1.0431381e-05,0.0011315828
604,100,100,1,1.7918856e-05,0.9959304,9.615606e-06,8.696513e-07,1.6571426e-05,0.0040246705
605,100,100,1,3.5610517e-06,0.9927947,1.2887906e-06,1.6945154e-07,3.45091e-06,0.0071968264
606,100,2000,0,7.543164e-05,0.4098145,0.00015147231,4.879475e-05,0.00017635443,0.5897334
607,100,100,1,2.5769961e-05,0.97717357,7.61572e-06,2.026804e-06,3.003287e-05,0.022761034
608,100,100,1,5.1663632e-05,0.9930848,1.9754565e-05,3.5768592e-06,9.137485e-05,0.006748871
609,100,100,1,0.0023002555,0.99723154,4.6541983e-05,1.0567161e-06,5.0950017e-05,0.00036943637
610,100,100,1,8.029286e-06,0.9913272,2.1802384e-06,3.2993805e-07,8.014979e-06,0.00865424
611,100,100,1,1.8032455e-06,0.9990784,5.1467146e-07,4.565399e-08,2.0446978e-06,0.00091735285
612,100,100,1,6.291883e-06,0.91857755,5.389961e-06,6.062371e-07,5.164754e-06,0.08140502
613,100,100,1,3.417433e-05,0.9399265,1.5921303e-05,2.9824826e-06,1.9791549e-05,0.06000054
614,100,100,1,5.5870345e-07,0.9995098,1.5988829e-07,5.247472e-09,3.3128265e-07,0.0004891019
615,100,100,1,5.431987e-07,0.9988716,1.8956034e-07,9.252333e-09,4.6410037e-07,0.0011270426
616,100,100,1,1.4239918e-05,0.9989768,1.3439238e-06,2.1601562e-07,8.38595e-06,0.0009990277
617,100,100,1,5.326189e-07,0.99923134,6.628689e-07,1.36340805e-08,6.049377e-07,0.00076692086
618,100,100,1,7.6028387e-06,0.9942842,3.8473027e-06,3.1058667e-07,6.5227605e-06,0.005697517
619,100,100,1,2.4091953e-05,0.98096496,2.417845e-05,1.79408e-06,2.1275413e-05,0.018963726
620,100,100,1,3.7266593e-05,0.9853579,2.1592616e-05,1.8272493e-06,2.3926525e-05,0.014557396
621,100,100,1,2.9621111e-05,0.987234,1.9130008e-05,2.8922068e-06,4.1021078e-05,0.012673119
622,100,100,1,0.00012758997,0.7305568,6.91821e-05,2.7311513e-05,0.00013708917,0.269082
623,100,100,1,9.265804e-06,0.996033,5.7756265e-06,4.6595008e-07,9.8353685e-06,0.003941525
624,100,100,1,3.9120787e-06,0.99935275,1.0855321e-06,5.6515756e-08,1.7287118e-06,0.00064040656
625,100,100,1,4.8491574e-06,0.9955735,4.524833e-06,1.6795863e-07,2.993317e-06,0.004413958
626,100,100,1,2.153494e-05,0.93829525,1.3836106e-05,2.3080902e-06,1.39910335e-05,0.06165294
627,100,100,1,4.1528663e-05,0.94317245,2.8581537e-05,4.297704e-06,3.2890406e-05,0.056720234
628,100,100,1,2.0101204e-05,0.84439623,2.073013e-05,3.368526e-06,1.3911937e-05,0.15554565
629,100,100,1,1.20812765e-05,0.99585706,4.037754e-06,6.7700216e-07,1.3755209e-05,0.0041123475
630,100,100,1,0.000110709436,0.88993526,0.000107247615,1.3261683e-05,9.6611315e-05,0.10973684
631,100,100,1,2.4914096e-05,0.94775385,2.851228e-05,3.0451783e-06,2.5491106e-05,0.052164182
632,100,100,1,1.256694e-05,0.9948349,3.510301e-06,4.810014e-07,9.031192e-06,0.0051394696
633,100,100,1,0.0018218311,0.9897377,0.00032514325,6.504874e-05,0.00079350034,0.007256806
634,100,100,1,1.3080644e-06,0.99954295,4.221048e-07,4.088042e-08,1.969541e-06,0.00045321722
635,100,100,1,1.9127034e-05,0.9809358,1.3175225e-05,1.1264999e-06,1.3247343e-05,0.019017424
636,100,100,1,0.00036803872,0.901919,0.00023423464,4.8982307e-05,0.00026634027,0.09716338
637,100,100,1,3.2166206e-06,0.97294813,1.970418e-06,1.8143452e-07,2.1078822e-06,0.027044306
638,100,100,1,2.684991e-05,0.99944645,2.073893e-06,4.4550285e-07,4.3444514e-05,0.0004807918
639,100,100,1,0.00010163358,0.92324674,8.637177e-05,1.8236013e-05,0.00015037926,0.07639663
640,100,100,1,0.00015801676,0.93921244,0.0001587475,4.2401534e-05,0.0002964674,0.060131837
641,100,100,1,2.7102562e-06,0.99727696,1.337276e-06,9.46977e-08,3.0681076e-06,0.002715756
642,100,2000,0,7.604888e-08,0.0015198495,5.0354356e-07,1.3673421e-06,1.0959506e-06,0.99847716
643,100,100,1,4.747009e-05,0.9927577,2.9716506e-05,2.6908208e-06,4.1573137e-05,0.0071208943
644,100,100,1,0.0013515793,0.9871552,8.8046996e-05,4.7932816e-05,0.0006380784,0.010719244
645,100,100,1,0.00012556658,0.99244434,3.0239331e-05,6.477161e-06,8.50749e-05,0.007308281
646,100,100,1,1.70911e-05,0.9227299,7.922422e-06,1.5168447e-06,1.6373911e-05,0.077227145
647,100,100,1,0.004522549,0.87171847,0.0010873751,0.0006815241,0.0028910823,0.119099
648,100,100,1,2.4854491e-05,0.97652787,2.0867876e-05,1.0108049e-06,1.0276932e-05,0.023415115
649,100,100,1,1.4742472e-05,0.99323165,6.1688174e-06,5.298987e-07,7.210139e-06,0.0067397193
650,100,100,1,3.632137e-05,0.9903728,2.8337981e-05,2.428859e-06,2.8865774e-05,0.009531191
651,100,100,1,1.1643765e-05,0.98594147,8.633532e-06,9.836235e-07,1.2879442e-05,0.014024383
652,100,2000,0,1.4703068e-05,0.17367151,3.210095e-05,1.2269595e-05,2.9246568e-05,0.8262401
653,100,100,1,0.00013102355,0.9706917,4.7714293e-05,1.5001344e-05,0.00016281406,0.028951759
654,100,100,1,3.7063248e-06,0.9914655,3.5799676e-06,1.4387629e-07,2.5061179e-06,0.008524739
655,100,100,1,8.468154e-07,0.99946684,2.8665062e-07,7.832748e-09,3.372671e-07,0.0005317435
656,100,100,1,0.00013241089,0.994356,2.5395917e-05,3.0050292e-06,4.003173e-05,0.005443227
657,100,100,1,2.1008038e-05,0.9532922,1.5233644e-05,2.5627758e-06,3.011542e-05,0.04663883
658,100,100,1,5.138917e-05,0.9899913,2.4208382e-05,5.286142e-06,9.925947e-05,0.009828662
659,100,100,1,3.823627e-05,0.99774253,1.0585697e-05,1.2295624e-06,3.1060736e-05,0.0021764815
660,100,100,1,0.00015011177,0.8548985,0.00045903388,2.534569e-05,0.00019282564,0.14427415
661,100,100,1,6.7363467e-06,0.9992207,3.4392247e-06,3.4042122e-07,1.7391692e-05,0.000751262
662,100,100,1,2.3696809e-07,0.99961984,2.7619643e-07,5.1096487e-09,2.6019055e-07,0.00037942117
663,100,100,1,5.574975e-07,0.9980147,5.086317e-07,5.793155e-09,1.3127907e-07,0.0019841436
664,100,100,1,2.2129973e-06,0.9985775,5.7847643e-07,4.733404e-08,1.6229407e-06,0.0014180131
665,100,100,1,1.4611505e-05,0.992182,6.8861023e-06,8.214227e-07,1.3113017e-05,0.0077824984
666,100,100,1,1.1248646e-05,0.99288803,5.9523977e-06,8.322141e-07,1.5640047e-05,0.0070784297
667,100,100,1,7.574913e-06,0.9947019,3.3024687e-06,5.606051e-07,1.4601347e-05,0.005271913
668,100,100,1,1.6899603e-05,0.9980324,3.0780016e-06,5.069066e-07,1.4588681e-05,0.0019324955
669,100,100,1,2.0350706e-05,0.988309,8.762276e-06,1.2464202e-06,1.6126593e-05,0.01164442
670,100,100,1,0.00012175973,0.99055314,2.191028e-05,4.708529e-06,7.008429e-05,0.009228278
671,100,100,1,0.00019700764,0.9088217,0.00016310916,1.9891904e-05,0.0001399256,0.09065825
672,100,100,1,3.5842953e-05,0.977257,9.184997e-05,3.1562095e-06,4.052779e-05,0.022571592
673,100,100,1,2.0972833e-05,0.57302463,2.3469069e-05,5.8444375e-06,2.6619366e-05,0.42689842
674,100,100,1,3.178836e-06,0.9977549,2.5267966e-06,9.4021026e-08,2.4778012e-06,0.002236807
675,100,100,1,0.00011518317,0.9033979,8.7805165e-05,1.9101153e-05,0.00015362976,0.09622639
676,100,2000,0,5.5154716e-05,0.38301042,7.391744e-05,3.9485472e-05,9.685624e-05,0.61672413
677,100,100,1,0.00034149585,0.86180717,0.0005138065,8.7456916e-05,0.0006477505,0.13660233
678,100,100,1,5.5153714e-06,0.9952996,2.8642255e-06,2.45599e-07,7.540625e-06,0.004684218
679,100,100,1,1.9657804e-05,0.98049736,1.4215092e-05,1.5708713e-06,1.5168065e-05,0.01945207
680,100,100,1,9.447704e-06,0.98302025,6.873744e-06,6.364086e-07,8.820812e-06,0.016954035
681,100,100,1,1.2059676e-05,0.9959972,4.1358862e-06,4.4060369e-07,7.736004e-06,0.003978362
682,100,100,1,3.3615108e-06,0.996869,1.1220525e-06,1.04012116e-07,1.9102436e-06,0.003124612
683,100,100,1,3.936986e-05,0.96896565,5.704409e-05,4.114541e-06,3.9691397e-05,0.030893944
684,100,100,1,2.4581741e-05,0.9936854,1.4840423e-05,1.8278673e-06,3.834141e-05,0.006234951
685,100,100,1,5.5859726e-07,0.9996315,2.1838297e-07,3.9144705e-09,2.6267983e-07,0.0003673658
686,100,100,1,8.493969e-05,0.71727365,0.00014490029,2.4602961e-05,0.00011233167,0.2823595
687,100,2000,0,8.934424e-05,0.4664593,0.00034174157,6.918066e-05,0.0003132443,0.5327271
688,100,100,1,6.6729604e-05,0.985269,3.0976204e-05,4.489694e-06,5.515421e-05,0.014573598
689,100,100,1,0.00075044384,0.9411863,0.00047993925,0.00011877778,0.0008792172,0.056585275
690,100,100,1,1.71101e-05,0.99958414,1.1994184e-06,3.1224698e-07,2.4407016e-05,0.0003727744
691,100,100,1,0.0002200214,0.9172522,6.9276124e-05,1.6910933e-05,0.00010924846,0.08233233
692,100,2000,0,0.0014528057,0.4379533,0.0027195204,0.0017270785,0.008086271,0.548061
693,100,100,1,6.176354e-06,0.99261636,2.770005e-06,2.1627811e-07,4.497959e-06,0.007370064
694,100,100,1,2.4198148e-06,0.99794835,8.7544333e-07,5.389467e-08,1.5538683e-06,0.0020469355
695,100,100,1,1.7095472e-05,0.99317896,3.0597123e-05,1.1258247e-06,1.9426729e-05,0.0067528207
696,100,100,1,2.2161232e-05,0.995652,8.963491e-06,8.906786e-07,1.6706112e-05,0.0042991615
697,100,100,1,0.00017773679,0.9940538,2.8670273e-05,1.3351595e-05,0.00027867386,0.0054476764
698,100,100,1,5.97142e-05,0.9963702,1.39384865e-05,2.0691311e-06,3.67405e-05,0.003517424
699,100,100,1,0.000104109764,0.87096715,5.3787575e-05,2.155141e-05,0.00013081162,0.12872244
700,100,100,1,2.016423e-05,0.9972053,5.6738977e-06,8.0993607e-07,2.3596238e-05,0.0027443722
701,100,100,1,5.6615645e-05,0.99764544,1.1444328e-05,1.1655749e-06,2.7256163e-05,0.0022581453
702,100,2000,0,1.8460481e-05,0.094243035,0.00019891077,5.0204675e-05,0.00010391229,0.90538543
703,100,100,1,1.8181075e-06,0.9943388,1.1515043e-06,8.7481396e-08,2.2836432e-06,0.005655833
704,100,100,1,6.895624e-05,0.98068297,0.00011781299,8.647899e-06,8.664265e-05,0.01903496
705,100,100,1,3.8006287e-06,0.9992686,1.3831973e-06,7.988594e-08,3.4122656e-06,0.0007225793
706,100,100,1,2.1520196e-05,0.976122,5.9773192e-05,1.1881175e-06,1.0325975e-05,0.023785116
707,100,100,1,0.0014238167,0.98864335,0.00021920312,5.0528095e-05,0.0010638733,0.008599182
708,100,100,1,0.016100755,0.93923473,0.0032078763,0.0004850602,0.004464101,0.036507443
709,100,100,1,0.00066175684,0.9845599,0.00031194853,0.00013331477,0.002528929,0.0118041765
710,100,100,1,2.483551e-05,0.99565035,1.0623236e-05,1.0605153e-06,1.8940333e-05,0.0042941123
711,100,100,1,7.733257e-05,0.7643192,0.00013000688,2.168129e-05,0.00010222123,0.23534949
712,100,100,1,1.13279375e-05,0.9967698,4.310073e-06,2.991421e-07,7.4097475e-06,0.0032069357
713,100,2000,0,1.3522521e-05,0.013771318,7.4838055e-05,0.0001080667,8.9868205e-05,0.9859424
714,100,100,1,0.344345,0.3612084,0.027980395,0.019548997,0.21208738,0.034829836
715,100,100,1,0.00013023267,0.9287484,0.00028658935,2.7081396e-05,0.00019766812,0.07061
716,100,100,1,0.0008015455,0.9852604,4.3783748e-05,9.855643e-06,0.00012310388,0.013761261
717,100,100,1,2.2293023e-05,0.99674207,1.1331545e-05,7.2702727e-07,1.951335e-05,0.0032041275
718,100,100,1,2.4775392e-05,0.979871,1.3913862e-05,1.6324818e-06,2.0228763e-05,0.020068463
719,100,100,1,6.725019e-06,0.99441355,7.673272e-06,5.642007e-07,1.3669254e-05,0.005557806
720,100,100,1,0.00018084211,0.8389257,0.00020763608,3.0242163e-05,0.00019218771,0.16046344
721,100,100,1,4.6362962e-05,0.9918527,3.5036737e-05,4.2283477e-06,7.618684e-05,0.007985578
722,100,100,1,4.4978522e-05,0.96066713,2.1671078e-05,2.6882642e-06,2.5985955e-05,0.03923759
723,100,100,1,4.1713927e-05,0.9882528,6.626228e-05,2.1618487e-06,2.3606362e-05,0.01161361
724,100,100,1,0.004541737,0.9267773,0.004984725,0.00024005142,0.0013476178,0.062108506
725,100,100,1,0.003423174,0.8169572,0.004033127,0.00046290434,0.0017045784,0.1734189
726,100,100,1,0.0029237615,0.9057845,0.0011514417,0.00025005048,0.001079298,0.08881089
727,100,100,1,2.7533742e-05,0.9828987,9.978167e-06,1.4732403e-06,1.5536994e-05,0.017046679
728,100,100,1,0.00033759887,0.9101854,0.0002731151,4.3295626e-05,0.00037912995,0.08878151
729,100,100,1,7.0522738e-06,0.9978672,1.7759562e-06,2.8011573e-07,9.681594e-06,0.002114085
730,100,100,1,9.085457e-06,0.9987931,2.7801564e-06,1.784814e-07,5.9514605e-06,0.0011890401
731,100,100,1,0.00012927545,0.9851195,6.0695904e-05,1.6071206e-05,0.00023377013,0.014440616
732,100,100,1,1.9758301e-05,0.5162863,2.9897401e-05,4.9366313e-06,1.2327575e-05,0.48364678
733,100,100,1,1.969455e-06,0.998538,9.0619346e-07,4.6627513e-08,1.8054114e-06,0.0014571983
734,100,100,1,1.27559915e-05,0.9982514,3.5519465e-06,3.6618064e-07,1.2693955e-05,0.0017192309
735,100,100,1,6.8235777e-06,0.9937177,2.595947e-06,3.0896666e-07,7.0953038e-06,0.0062653264
736,100,100,1,0.00021722274,0.96299034,6.6094326e-05,2.1337799e-05,0.00029684996,0.036408145
737,100,100,1,0.00019629093,0.8909574,0.00016695289,2.9602195e-05,0.00014101059,0.10850874
738,100,100,1,1.5960484e-05,0.9838622,7.3097863e-06,9.812983e-07,1.337137e-05,0.016100254
739,100,100,1,8.3677165e-05,0.99843496,1.7434939e-05,4.861154e-07,1.7633574e-05,0.0014459062
740,100,2000,0,0.0001658612,0.4659786,0.00042485903,6.322378e-05,0.00013296574,0.53323454
741,100,100,1,1.4610656e-07,0.9998752,7.875058e-08,2.231065e-09,2.3332602e-07,0.00012436112
742,100,100,1,6.5264365e-05,0.97922987,3.367313e-05,5.8927626e-06,7.433619e-05,0.02059102
743,100,100,1,2.8960032e-05,0.98524654,2.2337126e-05,2.25148e-06,3.2108976e-05,0.014667766
744,100,100,1,2.2706938e-05,0.9917568,1.9059695e-05,1.2735865e-06,1.9329345e-05,0.008180878
745,100,100,1,2.5101144e-05,0.99867994,3.0041176e-06,3.8127342e-07,1.2813517e-05,0.0012787753
746,100,100,1,0.00042202658,0.54587644,0.0003740068,9.438179e-05,0.00019208061,0.45304117
747,100,100,1,4.367104e-05,0.9629237,3.0246267e-05,3.644576e-06,3.08676e-05,0.03696791
748,100,100,1,0.0022298528,0.99084026,8.4682055e-05,4.126952e-05,0.0008629183,0.0059410427
749,100,100,1,0.00032423224,0.97637254,0.00024376056,2.2535793e-05,0.00016222926,0.02287461
750,100,100,1,0.00022580569,0.98915035,3.385249e-05,7.3968254e-06,0.00012729473,0.010455204
751,100,100,1,6.521648e-05,0.87980783,9.6711316e-05,1.4116757e-05,9.61707e-05,0.11991992
752,100,100,1,2.3475304e-05,0.9868291,2.1493679e-05,2.1607034e-06,3.5212317e-05,0.013088549
753,100,100,1,0.00031301382,0.93074816,0.00065014686,6.679899e-05,0.00058699667,0.06763489
754,100,100,1,0.00013305804,0.98125184,7.3601004e-05,1.1548377e-05,0.00016437998,0.018365724
755,100,100,1,3.0940875e-05,0.9567526,2.1011972e-05,3.1457255e-06,2.2485014e-05,0.04316983
756,100,2000,0,1.5417101e-05,0.12469081,4.75185e-05,1.9901934e-05,3.1158343e-05,0.8751952
757,100,100,1,1.21832e-05,0.9833272,7.482067e-06,7.9086806e-07,1.08165095e-05,0.016641451
758,100,100,1,3.415394e-06,0.99885786,2.2296936e-06,1.360437e-07,5.5744435e-06,0.0011307477
759,100,100,1,2.968061e-07,0.9998673,1.0773394e-07,3.4763907e-09,2.3965683e-07,0.00013209114
760,100,100,1,0.00010269907,0.98475814,0.00018301106,6.271283e-06,5.0108552e-05,0.014899781
761,100,100,1,0.00060013944,0.92932016,0.000943345,7.035075e-05,0.00040743098,0.068658605
762,100,2000,0,9.86477e-05,0.43562493,0.00021247729,6.315584e-05,0.00029106764,0.5637097
763,100,100,1,7.9782986e-08,0.9999871,3.6964989e-09,1.5378403e-10,4.2678618e-08,1.2757544e-05
764,100,100,1,7.1591458e-06,0.9971444,3.400012e-06,4.8240634e-07,1.24551125e-05,0.0028320914
765,100,100,1,5.3458334e-05,0.88587314,8.9063375e-05,6.5296417e-06,2.926123e-05,0.11394859
766,100,100,1,3.4046532e-06,0.95789367,3.6851823e-06,2.731113e-07,1.7609892e-06,0.04209735
767,100,100,1,2.0490721e-05,0.9979532,8.716583e-06,7.436901e-07,1.9712124e-05,0.0019971963
768,100,100,1,1.4936345e-06,0.99980634,1.9982396e-07,1.852556e-08,1.5513459e-06,0.00019031431
769,100,2000,0,1.1727144e-06,0.018152094,2.4452472e-06,2.3487428e-06,1.4477472e-06,0.98184055
770,100,100,1,1.3859145e-06,0.99406356,5.2121493e-07,5.290047e-08,9.64911e-07,0.0059335604
771,100,100,1,1.2419617e-06,0.9995466,5.1509096e-07,4.423499e-08,2.3098405e-06,0.00044940595
772,100,100,1,5.059666e-05,0.86474097,6.284246e-05,9.765265e-06,5.736229e-05,0.13507849
773,100,100,1,7.5406565e-06,0.9953388,4.956993e-06,6.944933e-07,2.0161857e-05,0.0046277884
774,100,100,1,0.00021231099,0.9340673,0.00021859843,3.2859618e-05,0.0002851341,0.0651838
775,100,100,1,1.8710718e-05,0.99651235,6.5297513e-06,9.600955e-07,1.9417235e-05,0.0034420781
776,100,100,1,4.64479e-06,0.9977174,5.280129e-06,1.6842355e-07,3.1974942e-06,0.0022694757
777,100,100,1,0.00029489907,0.90977454,0.00014603269,6.564594e-05,0.0006198093,0.089099124
778,100,100,1,2.2133163e-06,0.9989291,9.4892624e-07,1.1391019e-07,4.621089e-06,0.0010629543
779,100,100,1,5.6189037e-05,0.9618503,4.5571887e-05,6.0838993e-06,4.07814e-05,0.038001105
780,100,100,1,8.4720945e-05,0.89660496,6.6764675e-05,1.7359214e-05,0.00014540264,0.10308081
781,100,100,1,2.728336e-05,0.9271943,1.8942477e-05,2.077271e-06,1.2068173e-05,0.07274529
782,100,100,1,5.9083764e-08,0.99986494,1.36415546e-08,4.5992238e-10,4.2247173e-08,0.00013506989
783,100,100,1,1.0415115e-05,0.9976999,4.082272e-06,2.1210593e-07,6.7569545e-06,0.0022785703
784,100,100,1,1.0807977e-06,0.99981016,2.3585314e-07,2.3820434e-08,2.439951e-06,0.00018621016
785,100,100,1,2.1785267e-05,0.9938545,1.1686741e-05,2.1217375e-06,3.6579648e-05,0.0060732393
786,100,100,1,5.6606514e-06,0.9989625,2.2738284e-06,1.9216034e-07,7.7292725e-06,0.0010214649
787,100,100,1,5.0743052e-05,0.5187145,5.913242e-05,2.5228268e-05,0.00012804888,0.48102233
788,100,100,1,4.7000685e-06,0.9993511,1.0180132e-06,1.2306823e-07,5.589081e-06,0.000637508
789,100,100,1,4.3100652e-05,0.99413115,1.4528538e-05,2.805374e-06,4.6141795e-05,0.0057621226
790,100,100,1,4.050749e-06,0.99881625,1.623273e-06,1.6803455e-07,6.1457945e-06,0.0011717649
791,100,100,1,2.502397e-05,0.9782819,3.0491234e-05,2.7345632e-06,3.489369e-05,0.021625
792,100,100,1,2.4173347e-05,0.9942977,1.0230301e-05,2.2322824e-06,4.3944394e-05,0.005621705
793,100,100,1,2.5533258e-05,0.9916015,1.22694055e-05,1.2178134e-06,2.1820786e-05,0.008337525
794,100,100,1,6.5277786e-06,0.9977763,2.0482018e-06,2.4167008e-07,8.256333e-06,0.0022066538
795,100,100,1,1.6308165e-06,0.9918372,6.7724477e-07,4.004146e-08,7.945494e-07,0.008159622
796,100,100,1,4.160236e-06,0.999076,1.0334603e-06,8.634056e-08,3.889571e-06,0.00091471936
797,100,100,1,2.306636e-06,0.9933122,1.5905205e-06,3.7261792e-08,7.17828e-07,0.0066833496
798,100,100,1,9.538143e-05,0.66831654,0.00041679098,3.2984513e-05,0.00010844495,0.33102998
799,100,100,1,0.00010091258,0.86683273,0.00015043891,2.0502923e-05,0.00012540689,0.13276994
800,100,100,1,0.00021434296,0.9768629,0.0002020009,2.7571687e-05,0.00032994503,0.022363173
801,100,100,1,3.8671146e-06,0.9988232,2.0156606e-06,2.1835542e-07,1.1186901e-05,0.0011595007
802,100,100,1,9.693378e-06,0.9985398,4.8662914e-06,2.3529054e-07,7.122164e-06,0.0014382619
803,100,100,1,6.1711755e-05,0.90149593,0.00010405485,1.1199812e-05,7.702861e-05,0.09825016
804,100,100,1,2.1460542e-05,0.9869441,2.4896945e-05,1.4391784e-06,1.9149922e-05,0.012989036
805,100,100,1,5.851351e-05,0.9947772,6.611746e-05,1.2183609e-05,0.00030939007,0.0047765765
806,100,100,1,8.2000115e-05,0.8711487,0.000118988915,1.3125261e-05,8.829385e-05,0.12854892
807,100,100,1,0.00012709243,0.99789304,3.901906e-05,7.020521e-06,0.0002471446,0.0016866977
808,100,100,1,3.465476e-06,0.9989724,5.9477816e-07,4.7247838e-08,1.7822231e-06,0.0010217191
809,100,100,1,1.5272524e-05,0.9237676,7.959414e-06,2.3072757e-06,2.6124135e-05,0.076180704
810,100,100,1,4.1366966e-05,0.90624577,2.7128292e-05,5.699092e-06,5.1145387e-05,0.09362886
811,100,100,1,5.268971e-05,0.995637,1.2299827e-05,1.6197488e-06,2.9786726e-05,0.004266475
812,100,100,1,9.28281e-06,0.990635,5.925488e-06,4.377345e-07,7.205183e-06,0.009342043
813,100,100,1,1.7504533e-05,0.9972971,4.5582724e-06,8.936754e-07,3.5661396e-05,0.00264434
814,100,2000,0,3.7961447e-05,0.2707004,0.00011736362,2.2264492e-05,3.4547415e-05,0.7290875
815,100,100,1,8.202356e-06,0.9662163,8.1439985e-06,6.6456414e-07,7.1452077e-06,0.033759512
816,100,2000,0,3.6394245e-05,0.29557025,0.00013075273,1.9783529e-05,4.4156684e-05,0.7041987
817,100,100,1,7.66599e-07,0.9991493,3.4933396e-07,1.8424895e-08,9.678214e-07,0.0008487011
818,100,100,1,3.088209e-05,0.93996316,6.609128e-05,4.8928405e-06,4.031304e-05,0.05989451
819,100,100,1,3.4076693e-05,0.9802737,2.8019496e-05,2.1895598e-06,2.4109806e-05,0.019637836
820,100,100,1,1.9458144e-05,0.9940738,1.403152e-05,8.397269e-07,1.6086404e-05,0.0058758375
821,100,100,1,2.8343375e-05,0.9683885,3.6814847e-05,2.8546103e-06,3.2171753e-05,0.03151125
822,100,100,1,6.169523e-05,0.95964587,4.5875426e-05,5.4584166e-06,5.1941497e-05,0.040189166
823,100,100,1,0.0001318609,0.79494977,0.00011946054,3.3525346e-05,0.00014308385,0.20462225
824,100,100,1,5.6471986e-06,0.9995839,1.4035448e-06,8.420506e-08,4.253138e-06,0.00040461935
825,100,100,1,1.51158265e-05,0.9923745,1.2278724e-05,9.773058e-07,1.5257995e-05,0.007581849
826,100,100,1,0.00069291814,0.8934216,0.0004079935,0.00013862124,0.0006297409,0.10470898
827,100,100,1,9.47185e-05,0.9439334,7.467533e-05,1.843633e-05,0.00013006655,0.055748533
828,100,100,1,8.905472e-06,0.99900633,1.2966996e-06,1.758613e-07,6.703816e-06,0.0009766589
829,100,100,1,2.256381e-05,0.9939996,1.2044973e-05,1.8151801e-06,3.3982396e-05,0.005930005
830,100,100,1,1.4510519e-05,0.94738585,1.0874367e-05,1.2303548e-06,1.1541993e-05,0.05257616
831,100,2000,0,0.0001449293,0.2636489,0.00015765722,7.486393e-05,0.00013265159,0.735841
832,100,100,1,8.5095606e-05,0.9796529,5.4179425e-05,6.3041293e-06,5.0737704e-05,0.020150844
833,100,100,1,2.404265e-05,0.9907098,3.8190963e-05,5.049235e-06,8.796483e-05,0.009134958
834,100,100,1,0.0002272419,0.95380485,0.00012930059,2.9625762e-05,0.00018409087,0.04562475
835,100,100,1,3.755061e-06,0.99771273,1.1093907e-06,9.826084e-08,3.3504534e-06,0.002278934
836,100,100,1,1.37061525e-05,0.99463993,6.8323798e-06,2.0656552e-07,3.4422758e-06,0.005335777
837,100,100,1,6.161089e-05,0.8756457,9.80886e-05,1.3497754e-05,7.418337e-05,0.12410689
838,100,100,1,2.6791442e-06,0.99853826,2.1995709e-06,8.5029015e-08,2.7260023e-06,0.001454042
839,100,100,1,9.1187085e-06,0.9986927,8.388391e-07,1.3219244e-07,5.553403e-06,0.0012916267
840,100,100,1,1.1931995e-05,0.9982272,3.8965454e-06,9.872543e-07,3.6727834e-05,0.0017192335
841,100,100,1,4.9345283e-05,0.9296244,4.97807e-05,5.703242e-06,5.2118856e-05,0.07021879
842,100,100,1,1.2168503e-06,0.999524,7.976608e-07,2.1309164e-08,8.263442e-07,0.0004731026
843,100,2000,0,0.0015994494,0.35749742,0.0015326202,0.0005499414,0.00068877626,0.63813186
844,100,100,1,1.0576148e-05,0.9880725,7.997149e-06,4.522021e-07,7.2806815e-06,0.0119010685
845,100,2000,0,3.8914e-05,0.20238674,5.1642823e-05,3.7936363e-05,6.221097e-05,0.7974226
846,100,100,1,0.0006706497,0.9221562,0.0010666571,0.00016608769,0.0011756128,0.074764706
847,100,100,1,6.9725165e-06,0.99661344,4.3969494e-06,3.3878226e-07,7.241805e-06,0.0033674974
848,100,100,1,7.417874e-06,0.99664754,1.0226157e-05,2.930367e-07,6.3154807e-06,0.003328342
849,100,100,1,1.5427544e-05,0.99750745,1.0163305e-05,1.7829645e-06,4.9148948e-05,0.0024160927
850,100,100,1,2.1472482e-05,0.9965593,1.665362e-05,7.3096413e-07,1.7572725e-05,0.003384182
851,100,100,1,3.7907914e-05,0.80017596,4.8925293e-05,1.026106e-05,4.9491297e-05,0.19967736
852,100,100,1,1.5171804e-06,0.99914,6.45745e-07,4.024913e-08,1.5725273e-06,0.00085620984
853,100,100,1,3.0085606e-05,0.97835755,2.2098704e-05,2.8230686e-06,3.8788832e-05,0.021548672
854,100,100,1,1.3633888e-05,0.9972574,8.199221e-06,8.071931e-07,1.8401264e-05,0.0027015393
855,100,100,1,5.0558165e-06,0.9976452,3.2208613e-06,1.8349823e-07,4.771055e-06,0.0023414565
856,100,100,1,8.598003e-06,0.9993154,5.1324328e-06,2.524292e-07,1.3068059e-05,0.0006576384
857,100,100,1,2.9668354e-05,0.9971209,8.93368e-06,1.253771e-06,3.684481e-05,0.0028022116
858,100,100,1,1.8956503e-07,0.9989373,8.356981e-08,2.0881268e-09,1.3034357e-07,0.0010622396
859,100,100,1,3.129003e-05,0.988499,8.1578735e-05,1.0219963e-05,0.0002425818,0.011135263
860,100,100,1,1.8532159e-05,0.99205786,2.4009516e-05,1.1890169e-06,2.0996446e-05,0.007877404
861,100,100,1,1.8442883e-05,0.99105483,1.9314044e-05,1.9116837e-06,3.0913037e-05,0.008874654
862,100,100,1,2.246187e-06,0.9987521,9.49571e-07,8.852034e-08,3.6264535e-06,0.0012409422
863,100,100,1,1.3375136e-05,0.9995906,1.7379449e-06,3.4215049e-07,2.5026657e-05,0.0003689572
864,100,100,1,9.772388e-06,0.998104,5.1218567e-06,2.6727727e-07,6.6121015e-06,0.0018742267
865,100,100,1,0.0013623438,0.99623364,0.0002978578,9.475258e-06,0.00033164048,0.001764957
866,100,100,1,1.2343735e-06,0.998922,5.484001e-07,2.6553147e-08,1.781914e-06,0.0010744524
867,100,2000,0,8.01694e-05,0.09596079,7.8982805e-05,9.7562755e-05,0.00013450709,0.903648
868,100,100,1,4.881818e-06,0.9975491,2.096958e-06,1.4954624e-07,3.4558293e-06,0.0024403355
869,100,100,1,9.432592e-06,0.99625057,4.22296e-06,3.728148e-07,7.88694e-06,0.003727626
870,100,100,1,5.632066e-05,0.79638,0.00024419965,2.9619549e-05,0.00014912157,0.20314081
871,100,100,1,2.2752197e-06,0.9996729,9.791067e-07,2.1337355e-08,1.0928903e-06,0.00032278328
872,100,100,1,2.9607181e-06,0.99891055,1.9136262e-06,1.9129429e-07,7.649492e-06,0.0010766952
873,100,100,1,1.3040354e-05,0.99956375,5.5654923e-06,2.3910633e-07,1.2698381e-05,0.00040465538
874,100,100,1,1.6527536e-05,0.9978461,1.0044746e-05,4.637437e-07,1.2730243e-05,0.002114145
875,100,100,1,0.00027093888,0.67943245,0.0003163681,7.514279e-05,0.00022332482,0.31968176
876,100,100,1,2.6491164e-06,0.9997458,1.1989832e-06,3.8953974e-08,2.3965274e-06,0.00024797235
877,100,100,1,1.4771991e-05,0.99133766,1.4105389e-05,8.794229e-07,1.7478866e-05,0.008615199
878,100,100,1,0.0001645631,0.9842795,4.1778847e-05,8.5472175e-06,0.00010768635,0.015397749
879,100,100,1,9.7108845e-05,0.99108243,0.00012237977,6.691219e-06,9.147674e-05,0.008599906
880,100,100,1,2.1390648e-05,0.9756201,8.733836e-06,1.3769236e-06,2.0675898e-05,0.024327628
881,100,100,1,2.4404264e-06,0.9976521,1.263076e-06,6.530147e-08,2.418068e-06,0.0023415666
882,100,100,1,1.8512591e-06,0.99933976,3.5037758e-07,3.0213176e-08,1.5917796e-06,0.00065635465
883,100,100,1,3.6337258e-06,0.9989623,9.801796e-07,9.276539e-08,4.718374e-06,0.0010281447
884,100,100,1,1.3581662e-05,0.9992249,3.0587912e-06,1.6828197e-07,7.812275e-06,0.0007504206
885,100,100,1,5.8749436e-07,0.9995925,2.812453e-06,2.5710081e-08,9.962347e-07,0.00040316474
886,100,100,1,7.7914825e-05,0.9669066,3.8479557e-05,8.661158e-06,7.8065736e-05,0.032890312
887,100,100,1,4.7496624e-06,0.9996755,2.6065347e-06,7.056952e-08,4.0663226e-06,0.00031296292
888,100,100,1,2.8076968e-06,0.9981343,2.4244287e-06,7.865711e-08,2.2592194e-06,0.0018580625
889,100,100,1,1.8534585e-05,0.99448967,1.7041722e-05,1.2998946e-06,2.8862989e-05,0.0054446235
890,100,100,1,5.0248964e-06,0.99278146,4.3364066e-06,3.2457606e-07,5.9971294e-06,0.007202835
891,100,100,1,1.649248e-06,0.99663454,2.0144053e-06,7.288379e-08,1.7912852e-06,0.0033598633
892,100,100,1,4.028067e-06,0.99952054,7.6916314e-07,4.1073488e-08,1.9355118e-06,0.00047276926
893,100,100,1,0.0001311989,0.99277157,0.00014809049,9.9454965e-06,0.00016748777,0.006771773
894,100,100,1,6.328088e-06,0.99820673,1.805811e-06,3.5146036e-07,1.2062501e-05,0.0017727788
895,100,100,1,3.293816e-06,0.9990133,1.0326517e-06,1.514453e-07,6.822505e-06,0.000975384
896,100,100,1,4.7975336e-06,0.9689793,3.8240446e-06,2.2895806e-07,3.6758436e-06,0.031008089
897,100,100,1,5.9519094e-05,0.9872214,1.8158047e-05,3.5198395e-06,6.4217296e-05,0.012633155
898,100,100,1,0.00013931644,0.9591622,7.800744e-05,1.8651108e-05,0.00015974947,0.040442202
899,100,100,1,1.8966784e-05,0.5090046,3.6226178e-05,9.588112e-06,3.8498114e-05,0.49089223
900,100,100,1,6.1829696e-06,0.99832827,4.4244366e-06,1.7366948e-07,5.7261377e-06,0.0016552587
901,100,100,1,3.3246256e-06,0.99912435,7.4056817e-07,8.187939e-08,3.7521274e-06,0.00086765195
902,100,100,1,4.316216e-07,0.99762946,1.0734699e-06,1.3778408e-08,3.2884205e-07,0.002368605
903,100,100,1,3.092085e-05,0.9361962,3.513127e-05,4.0507766e-06,3.747494e-05,0.06369622
904,100,100,1,5.673182e-05,0.9812089,9.1789276e-05,6.895681e-06,7.580466e-05,0.018559879
905,100,100,1,2.3150224e-05,0.9936352,1.0008291e-05,1.5989947e-06,3.150725e-05,0.006298771
906,100,100,1,2.174658e-06,0.9994861,1.6011865e-06,6.777015e-08,3.4973027e-06,0.00050658564
907,100,100,1,5.759911e-05,0.821034,0.00015244042,1.1038419e-05,6.057274e-05,0.17868432
908,100,100,1,0.0003432658,0.9923292,3.052599e-05,8.365461e-06,0.00017073232,0.007117916
909,100,100,1,0.00014220271,0.6137062,0.00043717635,8.9661495e-05,0.00046639345,0.3851583
910,100,100,1,5.20404e-05,0.9708817,3.8215003e-05,5.5394685e-06,4.70432e-05,0.028975457
911,100,100,1,9.028358e-05,0.9937411,2.0783868e-05,5.070653e-06,9.00533e-05,0.0060527464
912,100,100,1,4.4580207e-05,0.97049695,3.5146717e-05,4.05262e-06,3.9312567e-05,0.029379904
913,100,100,1,5.1179536e-06,0.97253734,6.1903324e-06,3.9237023e-07,4.514098e-06,0.027446577
914,100,100,1,0.00031042093,0.99077505,0.000101663725,2.8443626e-05,0.00056527567,0.008219087
915,100,100,1,4.5197008e-05,0.5604961,0.0003038287,2.4527437e-05,8.7373286e-05,0.43904296
916,100,100,1,7.3401325e-06,0.9969856,4.1025664e-06,2.4078847e-07,5.984309e-06,0.002996644
917,100,100,1,3.4954874e-06,0.99736136,2.284797e-06,2.093753e-07,6.7046535e-06,0.0026260621
918,100,100,1,3.5728586e-05,0.5641088,8.8243934e-05,1.2205385e-05,3.9401722e-05,0.4357156
919,100,100,1,5.4662883e-06,0.9995807,1.7433924e-06,9.26972e-08,6.092981e-06,0.00040580772
920,100,100,1,3.445906e-05,0.7817722,3.3027074e-05,8.474373e-06,4.6005065e-05,0.2181058
921,100,100,1,7.959838e-06,0.99959975,2.2255117e-06,1.0795809e-07,6.918028e-06,0.0003829687
922,100,100,1,9.1465785e-07,0.9993143,1.6400163e-07,1.3022331e-08,8.084138e-07,0.0006837607
923,100,2000,0,2.7464643e-05,0.104375094,6.6764966e-05,3.1595515e-05,4.6370526e-05,0.8954527
924,100,100,1,8.646837e-05,0.97366726,3.8638533e-05,1.0199035e-05,0.00020769861,0.02598979
925,100,100,1,5.94968e-06,0.99856395,3.858578e-06,1.9112763e-07,5.6284366e-06,0.0014204864
926,100,100,1,3.2761796e-05,0.99721223,1.1465625e-05,1.2649537e-06,3.8023056e-05,0.00270426
927,100,100,1,2.955818e-05,0.962605,1.3759772e-05,2.611817e-06,2.5341615e-05,0.03732358
928,100,100,1,5.688818e-05,0.62577546,0.00015143368,1.9166164e-05,6.92066e-05,0.37392783
929,100,2000,0,7.97976e-07,0.0028415753,6.128657e-06,1.3050438e-05,4.8871793e-06,0.9971335
930,100,100,1,1.9934794e-05,0.98016167,2.201223e-05,1.7434734e-06,1.7369852e-05,0.019777196
931,100,100,1,9.579551e-07,0.9995159,1.1441584e-06,1.3425707e-08,8.1473524e-07,0.00048119103
932,100,100,1,3.8476305e-06,0.9993268,1.6595726e-06,4.8088918e-08,2.1970568e-06,0.00066553545
933,100,100,1,1.6391023e-05,0.99870586,2.0213388e-06,2.754131e-07,1.2595329e-05,0.00126279
934,100,100,1,5.800242e-06,0.9977448,1.1309007e-05,1.5506791e-07,4.0958703e-06,0.002233914
935,100,100,1,5.6451234e-05,0.99309045,2.7020711e-05,3.4871136e-06,6.839452e-05,0.006754241
936,100,100,1,1.2577213e-05,0.99747485,4.3944506e-06,5.194539e-07,1.2542645e-05,0.0024951322
937,100,100,1,6.76707e-05,0.92398435,0.000107984735,1.644031e-05,0.00014215038,0.07568147
938,100,100,1,0.00023828517,0.98424155,6.2093444e-05,8.803516e-06,8.630866e-05,0.015362928
939,100,100,1,1.0243504e-05,0.9948378,1.0995767e-05,8.1625706e-07,1.7196313e-05,0.0051228763
940,100,100,1,0.0063525066,0.91942483,0.0030593364,0.0004287664,0.0029702499,0.06776418
941,100,100,1,2.5052916e-06,0.9982494,1.2086065e-06,1.6113185e-07,6.548786e-06,0.0017403103
942,100,100,1,9.268711e-06,0.97797686,1.6603697e-05,6.740292e-07,1.0638108e-05,0.021986024
943,100,100,1,0.00010808772,0.6559161,0.0002225747,3.8079856e-05,0.00015339686,0.34356174
944,100,100,1,0.00021671358,0.97941005,0.00015846489,3.7453694e-05,0.00042775564,0.019749552
945,100,100,1,0.000441165,0.98117346,0.00033946283,1.5677333e-05,0.00024232014,0.017787965
946,100,100,1,1.8706834e-05,0.99833614,4.264686e-06,4.92764e-07,2.0304742e-05,0.0016201279
947,100,100,1,0.00022843076,0.9928852,5.326658e-05,1.884552e-05,0.00045656576,0.0063577467
948,100,100,1,0.00031076392,0.9958079,7.458284e-05,7.15253e-06,0.0001549207,0.0036447584
949,100,100,1,1.3009823e-05,0.9972083,3.6204715e-06,2.8873797e-07,7.517583e-06,0.002767394
950,100,100,1,5.2904807e-06,0.99478036,3.735091e-06,1.0098855e-07,2.5315176e-06,0.005208045
951,100,100,1,2.0556081e-05,0.9952106,2.9876848e-05,2.1061512e-06,3.309211e-05,0.00470373
952,100,100,1,5.389987e-05,0.945993,8.131127e-05,7.965409e-06,8.3282794e-05,0.053780444
953,100,100,1,2.0326517e-08,0.9999585,2.929916e-09,5.6470384e-11,1.186004e-08,4.1505962e-05
954,100,100,1,4.380444e-05,0.96041375,3.8486458e-05,6.9222688e-06,7.7233395e-05,0.03941982
955,100,100,1,3.057597e-05,0.9960406,6.0360067e-06,6.7384343e-07,1.4886226e-05,0.003907142
956,100,100,1,4.525536e-06,0.9997284,7.377533e-07,7.3991465e-08,4.9908435e-06,0.00026120356
957,100,2000,0,0.00010296092,0.41590688,0.00018855327,3.82325e-05,7.461342e-05,0.58368874
958,100,100,1,7.903384e-06,0.9988182,1.2205313e-06,2.3964273e-07,8.592669e-06,0.0011638871
959,100,100,1,1.6425764e-05,0.99785197,6.137578e-06,8.1559807e-07,2.102679e-05,0.0021035867
960,100,100,1,8.494525e-06,0.9966815,2.5572629e-06,3.0152947e-07,7.3696283e-06,0.0032997483
961,100,2000,0,2.1333784e-05,0.025363436,0.000115514486,8.909956e-05,8.770715e-05,0.97432286
962,100,100,1,2.6477695e-05,0.99753076,5.1603774e-06,6.784958e-07,1.8920555e-05,0.0024180391
963,100,100,1,7.585067e-06,0.9971511,8.847298e-06,7.672702e-07,2.456128e-05,0.0028072526
964,100,2000,0,2.6587488e-05,0.40459237,2.6132535e-05,1.442628e-05,4.0381252e-05,0.59530014
965,100,100,1,3.470816e-05,0.940702,2.6333506e-05,4.0970117e-06,4.5122717e-05,0.059187595
966,100,100,1,5.8301168e-05,0.93336475,2.1036836e-05,7.783392e-06,6.689045e-05,0.066481255
967,100,100,1,5.329119e-05,0.9908216,7.3561416e-05,2.7190417e-06,4.9474005e-05,0.008999337
968,100,100,1,6.9635604e-07,0.99933606,3.107479e-07,1.8081488e-08,8.452991e-07,0.0006620535
969,100,100,1,2.4192923e-05,0.62417024,3.8430324e-05,1.1955357e-05,6.1046296e-05,0.37569425
970,100,2000,0,2.142937e-06,0.027187178,7.826939e-06,7.798922e-06,8.518543e-06,0.97278655
971,100,100,1,0.00025452193,0.9863219,0.00026823385,2.1399084e-05,0.00029705366,0.012836862
972,100,100,1,4.1444586e-05,0.54016113,9.6740354e-05,1.4344791e-05,4.73243e-05,0.459639
973,100,100,1,2.3108424e-08,0.99997735,2.320359e-09,8.448539e-11,2.4716648e-08,2.2598355e-05
974,100,2000,0,0.00018552734,0.49659947,0.002584785,0.00019723063,0.0007808375,0.49965215
975,100,100,1,9.7762306e-05,0.87339556,4.7588823e-05,1.5254768e-05,9.230271e-05,0.12635145
976,100,100,1,0.0001754306,0.9799064,6.269086e-05,1.3000697e-05,0.00018271705,0.019659765
977,100,100,1,6.163421e-05,0.98304075,2.404149e-05,3.3170597e-06,4.0054045e-05,0.016830254
978,100,100,1,0.000109604705,0.50311416,0.00012448536,3.829641e-05,9.529399e-05,0.4965181
979,100,100,1,1.339793e-05,0.9944688,8.422589e-06,5.6600516e-07,1.1696586e-05,0.005497024
980,100,2000,0,4.4706318e-05,0.42596057,5.0810337e-05,1.891386e-05,5.628452e-05,0.5738687
981,100,2000,0,1.036847e-06,0.048626646,1.591207e-06,1.3944586e-06,1.9712675e-06,0.95136744
982,100,1500,0,0.17379943,0.34138182,0.033547007,0.027423285,0.40096167,0.02288681
983,100,100,1,0.00075587764,0.99328554,0.00020648864,1.8450737e-05,0.00033394265,0.005399668
984,100,100,1,7.405159e-05,0.87529474,6.310033e-05,1.6167622e-05,9.353404e-05,0.12445831
985,100,100,1,0.004722996,0.7705402,0.009244303,0.0015290072,0.0073407115,0.20662273
986,100,100,1,2.5066513e-05,0.99335045,1.795562e-05,2.0383468e-06,2.7628572e-05,0.0065768375
987,100,100,1,0.00039955095,0.96418643,0.00021913482,5.7907673e-05,0.0004943142,0.03464255
988,100,2000,0,3.5143057e-05,0.13767889,4.3726355e-05,3.4299745e-05,4.4705404e-05,0.86216325
989,100,2000,0,1.0334189e-05,0.24966903,1.6729393e-05,5.748897e-06,1.3003627e-05,0.75028515
990,100,100,1,3.687538e-08,0.9999151,1.4175298e-08,2.250583e-10,2.3922198e-08,8.489269e-05
991,100,100,1,3.95473e-06,0.996494,1.735493e-06,1.6413094e-07,4.093011e-06,0.0034961235
992,100,100,1,7.5519038e-06,0.98477805,7.723247e-06,6.68217e-07,9.089983e-06,0.015196952
993,100,2000,0,3.4240893e-06,0.025737163,1.3337767e-05,1.1388309e-05,1.2219281e-05,0.9742225
994,100,100,1,2.3448814e-05,0.996311,4.9781916e-06,6.3934567e-07,1.4630032e-05,0.0036454333
995,100,100,1,1.527488e-05,0.99524033,7.4651343e-06,6.694349e-07,1.3192432e-05,0.0047230176
996,100,100,1,1.6266338e-06,0.99916565,8.7215193e-07,6.4877725e-08,3.5180924e-06,0.00082812685
997,100,100,1,3.3087792e-05,0.93420535,1.8077262e-05,3.7572645e-06,3.2664964e-05,0.06570712
998,100,100,1,3.3851797e-05,0.57395905,3.8932052e-05,1.0448334e-05,3.3233217e-05,0.42592448
999,100,100,1,1.4812165e-05,0.97949094,1.5683021e-05,1.3662983e-06,1.5663603e-05,0.020461507
1000,1000,1000,1,0.0005813383,2.2345646e-05,0.08489158,0.579054,0.33537492,7.5882184e-05
1001,1000,1000,1,0.0005192535,1.1227984e-06,0.008162092,0.9134488,0.07785914,9.548519e-06
1002,1000,1500,0,0.091767974,0.0003464317,0.25549525,0.25126144,0.4008478,0.00028106768
1003,1000,1500,0,2.2293514e-05,1.6341593e-07,0.0019185963,0.18909267,0.80896574,5.706061e-07
1004,1000,1000,1,5.907671e-06,2.829524e-08,0.0016800355,0.6819024,0.31641126,4.3707385e-07
1005,1000,1000,1,0.00061808905,1.6091786e-05,0.14548,0.70435816,0.1494277,9.988003e-05
1006,1000,1500,0,0.17192252,0.00011385808,0.037790257,0.33682337,0.45330626,4.37294e-05
1007,1000,1500,0,6.8498804e-05,5.5766277e-06,0.035684567,0.37420937,0.5900092,2.2784025e-05
1008,1000,1000,1,0.002989035,6.280083e-05,0.068473175,0.7070551,0.22126874,0.00015102897
1009,1000,1000,1,0.022258691,3.07538e-05,0.13283314,0.7499037,0.09489205,8.157425e-05
1010,1000,1500,0,3.87639e-06,4.9414986e-08,0.0017522863,0.25508142,0.7431619,4.6848504e-07
1011,1000,1000,1,0.109153345,9.465496e-05,0.02539479,0.44955215,0.4157705,3.458561e-05
1012,1000,1000,1,0.00033555197,1.6592154e-05,0.2581502,0.39993677,0.34148982,7.116559e-05
1013,1000,1500,0,0.00052387203,1.7764258e-05,0.03177218,0.32943413,0.6382092,4.2849868e-05
1014,1000,1000,1,0.012809267,8.4264066e-05,0.08100948,0.644464,0.2615387,9.427052e-05
1015,1000,1500,0,0.0027112851,1.1568352e-06,0.00444965,0.28891388,0.7039235,5.247553e-07
1016,1000,1000,1,0.0056812842,0.00026480676,0.059666064,0.5414976,0.39239037,0.00049994036
1017,1000,1500,0,7.2550397e-06,7.449909e-08,0.0018705232,0.20845386,0.789668,2.72667e-07
1018,1000,1500,0,0.058052965,0.00010162795,0.077407405,0.14325252,0.7211569,2.8563449e-05
1019,1000,1000,1,0.005371377,1.6941422e-05,0.024326166,0.6879787,0.28227177,3.5126715e-05
1020,1000,1500,0,0.07902789,6.62619e-05,0.03421433,0.1827171,0.7039579,1.654413e-05
1021,1000,1500,0,0.005659824,0.00029662016,0.27242306,0.31425473,0.40683636,0.00052937143
1022,1000,1500,0,0.0009685433,2.1783288e-05,0.06553881,0.27545762,0.6579785,3.4777375e-05
1023,1000,1500,0,0.0001396199,5.841167e-06,0.019676737,0.28071716,0.69943804,2.260971e-05
1024,1000,500,0,0.0008046932,4.8972415e-05,0.8091238,0.12443396,0.06529629,0.00029225188
1025,1000,1500,0,0.0054165157,0.00047617656,0.26741,0.2948718,0.43097585,0.0008496977
1026,1000,500,0,0.0030374373,8.9121524e-05,0.5950798,0.14838539,0.2532624,0.00014588906
1027,1000,1500,0,0.055126276,0.0011109262,0.050197344,0.43248945,0.46012282,0.00095313514
1028,1000,1500,0,0.00026162923,2.202178e-06,0.023644974,0.32957387,0.64650506,1.2256609e-05
1029,1000,1000,1,0.0046004048,3.7073885e-05,0.18434982,0.5786225,0.23229866,9.161386e-05
1030,1000,1000,1,0.002283597,2.7573438e-05,0.11642149,0.46370822,0.4174939,6.518176e-05
1031,1000,1000,1,8.461652e-05,5.6278714e-07,0.46950582,0.49129748,0.03910355,7.975058e-06
1032,1000,500,0,0.0061817565,1.930089e-05,0.6817734,0.25334045,0.05865192,3.3132463e-05
1033,1000,1500,0,1.7825565e-06,2.0434323e-08,0.0017256977,0.4909264,0.5073455,5.6637504e-07
1034,1000,1000,1,1.0186264e-05,2.547665e-07,0.0047681774,0.73314816,0.2620456,2.7595237e-05
1035,1000,1500,0,0.026827142,7.224174e-05,0.15996179,0.085444994,0.7276677,2.6134796e-05
1036,1000,1000,1,0.0029045166,0.00014898967,0.15585814,0.55143386,0.2892859,0.00036862466
1037,1000,1500,0,0.00023779596,1.4816742e-06,0.0026088287,0.091674194,0.9054772,5.585317e-07
1038,1000,1500,0,0.011837668,0.00023551936,0.03431821,0.15992193,0.793593,9.3644274e-05
1039,1000,1500,0,0.001071544,3.146487e-05,0.015769668,0.16716786,0.8159313,2.810499e-05
1040,1000,1500,0,0.0018851239,1.3078772e-05,0.0073886863,0.13572095,0.85498655,5.6036765e-06
1041,1000,1500,0,0.029469939,5.244905e-05,0.122611396,0.10564101,0.74220604,1.9167974e-05
1042,1000,1500,0,0.001433662,3.0590505e-05,0.005572717,0.17005122,0.82290256,9.228555e-06
1043,1000,1500,0,0.03583513,7.413291e-05,0.01093823,0.08188929,0.8712596,3.565098e-06
1044,1000,0,0,0.96023995,5.3352733e-06,0.012159378,0.004759606,0.022835381,2.5018457e-07
1045,1000,1500,0,0.013185532,0.00013093454,0.2779118,0.34432912,0.3642912,0.00015149469
1046,1000,500,0,0.0056490153,3.5773405e-06,0.9687737,0.010120118,0.015449647,3.9157953e-06
1047,1000,500,0,0.046121366,1.8071583e-05,0.87327707,0.059627492,0.020934751,2.128492e-05
1048,1000,500,0,0.047553815,0.00018562771,0.80704135,0.054995127,0.09007763,0.00014650832
1049,1000,1500,0,0.03558493,2.3793138e-05,0.08246948,0.22683907,0.65507096,1.1827861e-05
1050,1000,1500,0,4.588124e-05,1.9168024e-06,0.08942097,0.34337863,0.5671443,8.416303e-06
1051,1000,0,0,0.6263559,3.926221e-06,0.0027219374,0.2839566,0.086960346,1.3392466e-06
1052,1000,1500,0,9.860951e-05,2.739088e-06,0.056543082,0.1991107,0.74423873,6.0938664e-06
1053,1000,1500,0,0.0046714614,0.00014348188,0.16319862,0.35677707,0.47495785,0.00025144778
1054,1000,500,0,0.0006229047,1.4062208e-05,0.74232966,0.20859298,0.048419926,2.0448064e-05
1055,1000,1500,0,5.6652687e-05,1.9959325e-06,0.01829329,0.3492428,0.63239896,6.3477623e-06
1056,1000,1000,1,0.0050176783,3.3193177e-05,0.027489504,0.5527353,0.41467577,4.8528622e-05
1057,1000,1500,0,0.00051240786,5.1085326e-06,0.11050617,0.16157,0.7274007,5.517628e-06
1058,1000,1000,1,0.17821532,0.0001460258,0.29846513,0.4557862,0.06712742,0.00025989572
1059,1000,1000,1,0.0011982316,1.157817e-05,0.013773751,0.5491791,0.4358162,2.1221678e-05
1060,1000,1000,1,0.0003734358,2.8946683e-05,0.26507455,0.5396598,0.1947404,0.00012287233
1061,1000,1000,1,6.7201277e-06,6.100979e-08,0.006761928,0.5918337,0.40139702,5.467436e-07
1062,1000,1500,0,0.0032277023,0.00010394835,0.09035942,0.29542255,0.61073947,0.00014692207
1063,1000,1500,0,0.0017461237,2.3855804e-05,0.13412736,0.28991,0.5741625,3.0156101e-05
1064,1000,1000,1,0.00028629994,1.38684e-05,0.09039436,0.7041773,0.2050663,6.186225e-05
1065,1000,1500,0,0.0066832677,2.275888e-05,0.011718347,0.2132823,0.7682838,9.558769e-06
1066,1000,1500,0,2.4565677e-05,2.585417e-07,0.004827946,0.1761054,0.81904113,6.79905e-07
1067,1000,1500,0,4.6713413e-07,1.7055316e-09,0.0003666608,0.20913544,0.7904975,1.2262812e-08
1068,1000,1000,1,0.00050996384,1.6796459e-05,0.016159054,0.6752121,0.30774054,0.00036154714
1069,1000,1500,0,0.008316029,2.6816399e-05,0.14803286,0.13694806,0.7066569,1.9338166e-05
1070,1000,1000,1,0.027585471,0.00060327665,0.110270865,0.45955116,0.40175852,0.00023074684
1071,1000,1500,0,3.0436444e-05,3.35411e-07,0.0056102276,0.1962487,0.7981095,7.9735383e-07
1072,1000,1500,0,0.0020320266,0.0001766813,0.073347904,0.29439858,0.62976396,0.00028089702
1073,1000,1500,0,0.0025511407,0.0003143507,0.19282621,0.24865289,0.5552373,0.0004181782
1074,1000,0,0,0.41016883,4.6301644e-05,0.12539302,0.4084438,0.05588235,6.574486e-05
1075,1000,1500,0,0.005724245,1.5239474e-05,0.17125504,0.2666815,0.5562993,2.457898e-05
1076,1000,1500,0,0.002295387,8.8874285e-06,0.006356277,0.49031776,0.5010107,1.09049015e-05
1077,1000,1500,0,7.2201365e-06,2.6423322e-08,0.0005606018,0.27991533,0.71951616,7.0157137e-07
1078,1000,1500,0,0.095437,0.00017046087,0.34202716,0.13915467,0.42311138,9.925907e-05
1079,1000,1500,0,0.00032366306,9.441905e-06,0.034535456,0.33954063,0.62555707,3.3722463e-05
1080,1000,1000,1,0.00014702042,3.488052e-06,0.01922845,0.65093625,0.32966188,2.295708e-05
1081,1000,1500,0,0.0011186273,2.8278337e-05,0.038033072,0.37683153,0.5838869,0.00010147337
1082,1000,1000,1,0.00027601872,1.2245021e-06,0.4225669,0.5144922,0.0626549,8.753838e-06
1083,1000,500,0,0.0015421676,2.1584505e-05,0.5546197,0.3275068,0.116266765,4.288115e-05
1084,1000,1000,1,3.1775387e-06,2.5451962e-08,0.004945039,0.7876776,0.20737253,1.599183e-06
1085,1000,1500,0,0.0008698451,6.1272603e-06,0.009714569,0.26431048,0.72509533,3.730056e-06
1086,1000,1000,1,9.366671e-06,8.409937e-09,0.0002871598,0.5002264,0.49947703,1.0883293e-07
1087,1000,1500,0,1.7357821e-05,1.0933771e-07,0.0025780506,0.33227146,0.6651319,1.1157775e-06
1088,1000,1500,0,0.00010020772,1.8382904e-06,0.0073648505,0.4094738,0.58305234,7.0183096e-06
1089,1000,1500,0,0.12037915,0.00016227023,0.012534687,0.32265142,0.54422814,4.432398e-05
1090,1000,1500,0,0.00044541853,4.032638e-05,0.031440396,0.20583968,0.7621489,8.532805e-05
1091,1000,1500,0,0.00023149807,7.951548e-07,0.002099146,0.1161065,0.8815617,3.006754e-07
1092,1000,1500,0,0.001103185,4.604848e-05,0.018290734,0.21447109,0.7658228,0.00026609967
1093,1000,1500,0,0.02626272,9.707519e-05,0.011522288,0.18109423,0.7809859,3.78024e-05
1094,1000,1500,0,0.063219205,0.002053997,0.30039033,0.22661544,0.4045058,0.0032152983
1095,1000,1500,0,0.00021792835,3.1658786e-07,0.0015247092,0.08097118,0.9172857,1.4399274e-07
1096,1000,1500,0,0.0048805554,5.0972914e-05,0.04017205,0.31372198,0.6410544,0.000120067656
1097,1000,1000,1,0.0002522184,2.0618168e-05,0.29260522,0.4599384,0.2470341,0.000149436
1098,1000,1500,0,0.075581945,0.0018556712,0.31953707,0.17995399,0.42164916,0.0014221765
1099,1000,1000,1,0.0007517674,5.305617e-06,0.25107098,0.43859264,0.30956513,1.4243146e-05
1100,1000,500,0,0.017912243,2.5877365e-05,0.88079804,0.03674027,0.064515516,8.03062e-06
1101,1000,1500,0,0.00039162172,6.458161e-07,0.0036644982,0.09976139,0.8961816,3.4910406e-07
1102,1000,500,0,0.0155098,0.00019085476,0.4866604,0.120301954,0.3773041,3.2958586e-05
1103,1000,1500,0,6.2319987e-06,2.8215695e-07,0.015571564,0.24152906,0.74289006,2.8178656e-06
1104,1000,1000,1,0.000103583545,4.001284e-06,0.028521687,0.6135367,0.3578148,1.9245272e-05
1105,1000,1000,1,0.0005679628,5.5136315e-06,0.107841186,0.7198993,0.17166834,1.764564e-05
1106,1000,1500,0,0.0012035496,2.8122964e-05,0.025793355,0.28521457,0.68772835,3.1999967e-05
1107,1000,1500,0,0.0037732036,8.439363e-06,0.008049185,0.15430723,0.83385897,2.9679898e-06
1108,1000,1500,0,0.0005975759,2.1287533e-05,0.04704707,0.19747259,0.75481737,4.410509e-05
1109,1000,1000,1,0.00074414414,8.188611e-05,0.14397982,0.4871166,0.367783,0.00029447433
1110,1000,1000,1,0.003106541,9.112246e-06,0.018208098,0.5291308,0.4495339,1.1512346e-05
1111,1000,500,0,0.035209488,0.00014006428,0.8678438,0.06737129,0.028947458,0.0004878577
1112,1000,1500,0,0.00022080375,3.514795e-06,0.2777699,0.28472558,0.4372676,1.2603493e-05
1113,1000,500,0,0.0026965048,7.720585e-06,0.9365732,0.02990177,0.030811533,9.296051e-06
1114,1000,1000,1,1.1851841e-05,1.06771346e-07,0.001676164,0.6706015,0.32770708,3.3733447e-06
1115,1000,1000,1,0.00053604,7.0713054e-06,0.13089962,0.741941,0.12658106,3.5272064e-05
1116,1000,500,0,0.00068395503,1.7420247e-05,0.43409288,0.39708918,0.16806734,4.9122875e-05
1117,1000,1500,0,5.390728e-05,3.9184824e-06,0.017312981,0.23282312,0.749773,3.3027518e-05
1118,1000,1500,0,0.00019350718,2.1678628e-05,0.1706639,0.2328582,0.5961792,8.3577725e-05
1119,1000,500,0,0.0037279655,9.5143205e-06,0.94522125,0.031889565,0.019139767,1.18935695e-05
1120,1000,1000,1,0.0021723218,1.3753045e-05,0.066707864,0.5552371,0.37585735,1.1581379e-05
1121,1000,0,0,0.446839,0.00039833313,0.18716997,0.19355933,0.17192389,0.00010939023
1122,1000,500,0,0.017718894,1.7990176e-05,0.7003272,0.23704037,0.04485367,4.191283e-05
1123,1000,1000,1,0.0034994187,1.8593906e-05,0.107691266,0.6587638,0.22997072,5.6128978e-05
1124,1000,1500,0,5.0909224e-05,1.5425418e-06,0.06690787,0.44821426,0.48481846,6.885702e-06
1125,1000,1500,0,2.8055214e-07,9.085599e-09,0.0058256187,0.37399006,0.62018365,3.5046924e-07
1126,1000,500,0,0.022982439,1.4612568e-05,0.92581266,0.014507836,0.036671177,1.1210845e-05
1127,1000,1500,0,8.996489e-06,4.0461873e-07,0.036776192,0.19315621,0.7700557,2.4333126e-06
1128,1000,500,0,0.0034940678,3.2407148e-05,0.8579915,0.0887546,0.04966545,6.194378e-05
1129,1000,1000,1,0.0052364087,0.00012572079,0.030564958,0.6725411,0.2909519,0.0005799253
1130,1000,500,0,0.0013880343,1.055572e-05,0.91251725,0.04486325,0.041208174,1.277397e-05
1131,1000,1500,0,0.00065704837,5.3173e-05,0.10812665,0.26233914,0.62870985,0.000114101036
1132,1000,1500,0,0.00091025594,0.00015367354,0.12772165,0.28840762,0.5823819,0.00042488243
1133,1000,1500,0,0.01820713,5.1174527e-05,0.02674686,0.091107786,0.8638771,9.840296e-06
1134,1000,500,0,0.08429689,0.0002841677,0.73582804,0.014666943,0.16487399,4.9958933e-05
1135,1000,500,0,0.1341579,0.0006966172,0.7755927,0.033098925,0.05594787,0.00050602655
1136,1000,500,0,0.09763293,0.00026192915,0.85938287,0.016243804,0.026403487,7.496027e-05
1137,1000,1000,1,0.001417916,7.773566e-05,0.2706461,0.4016473,0.32603276,0.00017811205
1138,1000,1000,1,0.008779543,0.0004663603,0.07814987,0.4697261,0.4421843,0.00069393637
1139,1000,1000,1,0.00025219662,3.330591e-05,0.1667851,0.5565513,0.27603507,0.00034309272
1140,1000,1000,1,0.0003297635,2.0955226e-06,0.0126131,0.6915516,0.2954982,5.224824e-06
1141,1000,1500,0,3.609044e-05,4.321079e-07,0.0074479436,0.3278015,0.6647133,6.6366744e-07
1142,1000,500,0,0.0024487905,3.6565314e-05,0.5386145,0.24152176,0.21735245,2.5872496e-05
1143,1000,500,0,0.024838358,0.00019388083,0.8099154,0.13415873,0.030621935,0.00027169997
1144,1000,0,0,0.9590512,2.8833387e-07,0.037281647,0.0022997446,0.0013670623,8.309576e-08
1145,1000,1500,0,3.2700485e-05,2.3736998e-06,0.02074209,0.31915614,0.66004914,1.7550075e-05
1146,1000,1500,0,0.018809024,0.00023532046,0.030409932,0.15427127,0.7962236,5.0861247e-05
1147,1000,1500,0,0.012393217,7.522391e-05,0.18337494,0.14263268,0.66149527,2.8676483e-05
1148,1000,1500,0,0.00014475193,2.96653e-06,0.122028895,0.4079441,0.46986732,1.1939554e-05
1149,1000,1500,0,0.00017079609,1.6516868e-05,0.10425374,0.2576338,0.63787585,4.9161557e-05
1150,1000,1500,0,6.9721056e-05,7.639701e-07,0.0058064912,0.23387878,0.76024246,1.8222854e-06
1151,1000,500,0,0.0037011898,6.8594786e-06,0.9522559,0.01294411,0.03108961,2.3349733e-06
1152,1000,500,0,0.0008899048,2.2309989e-05,0.6005853,0.20696029,0.19148976,5.2494495e-05
1153,1000,500,0,0.00027303054,2.4354773e-05,0.43258086,0.30157447,0.26541373,0.00013357977
1154,1000,500,0,0.0010676149,3.405272e-05,0.75874555,0.110760435,0.12932953,6.289219e-05
1155,1000,1500,0,4.42638e-06,3.5322552e-07,0.07810623,0.32670817,0.5951767,4.101415e-06
1156,1000,1500,0,0.016656483,0.00016130476,0.082528986,0.3264646,0.57413334,5.5307348e-05
1157,1000,1500,0,0.0004067804,7.5459734e-06,0.038689706,0.16871767,0.79216737,1.0984207e-05
1158,1000,1500,0,0.0028982293,1.0546742e-05,0.37633607,0.058405504,0.56233764,1.1908132e-05
1159,1000,1500,0,0.18305291,0.00015149596,0.04957894,0.30544794,0.46170276,6.596956e-05
1160,1000,1500,0,0.00041375073,3.8377628e-05,0.032274842,0.26464528,0.7024988,0.00012899801
1161,1000,500,0,0.043973166,0.00031060452,0.56052434,0.23820223,0.15652183,0.00046790298
1162,1000,500,0,0.008001994,7.217984e-05,0.8257494,0.12216844,0.043911446,9.657321e-05
1163,1000,1500,0,0.0008886466,3.931556e-05,0.06272685,0.28134713,0.6549243,7.383904e-05
1164,1000,1500,0,0.000627968,2.8270932e-05,0.04866048,0.4353362,0.5152511,9.594171e-05
1165,1000,1500,0,2.0981042e-05,1.3867628e-06,0.024294654,0.3221367,0.65353674,9.493747e-06
1166,1000,1500,0,0.0006574405,3.7517766e-05,0.03464597,0.29407427,0.6704922,9.264348e-05
1167,1000,1500,0,0.0007671341,0.00018056644,0.14504382,0.23813228,0.61521065,0.0006655334
1168,1000,1000,1,0.0025841608,9.372482e-06,0.021999506,0.8641145,0.11124969,4.277273e-05
1169,1000,1000,1,0.0021753705,4.504741e-07,0.0034928478,0.979126,0.015193539,1.1768512e-05
1170,1000,1500,0,0.0042033345,1.8687995e-05,0.006134218,0.24211834,0.74751496,1.0406159e-05
1171,1000,1000,1,0.00022691647,7.224568e-05,0.0451074,0.5307333,0.42060322,0.0032569587
1172,1000,1500,0,0.011654807,0.0008335956,0.06909197,0.3957557,0.5213683,0.0012956408
1173,1000,1500,0,0.0074279583,0.0002536423,0.024373513,0.15101993,0.8168157,0.00010926094
1174,1000,1500,0,0.0014155048,5.98074e-05,0.01638551,0.26970232,0.71235514,8.171188e-05
1175,1000,1500,0,0.00014905827,5.710408e-06,0.01269013,0.23364317,0.7534984,1.3586018e-05
1176,1000,1500,0,0.0007385203,6.120415e-05,0.013726252,0.24274382,0.74229276,0.00043744303
1177,1000,1500,0,0.00018932222,5.3960403e-06,0.014742792,0.113919124,0.8711277,1.5681262e-05
1178,1000,1500,0,1.2401467e-05,1.9033605e-07,0.019309305,0.08126469,0.899413,4.5821866e-07
1179,1000,1500,0,0.0010089066,1.5516229e-05,0.09223583,0.24926218,0.6574464,3.1218944e-05
1180,1000,1500,0,0.0024198708,7.637461e-05,0.20236167,0.21526352,0.5797865,9.209251e-05
1181,1000,500,0,0.07667397,0.0003141565,0.5259273,0.12605867,0.27076003,0.00026586122
1182,1000,500,0,0.003907098,1.611804e-05,0.8450954,0.06891264,0.08204044,2.8273314e-05
1183,1000,500,0,0.07514737,3.8703653e-05,0.74670875,0.11580499,0.06225343,4.6764257e-05
1184,1000,1500,0,0.045471065,0.0006309814,0.24374323,0.22714241,0.4825754,0.00043694468
1185,1000,1500,0,0.00014051404,6.0711122e-06,0.09211595,0.3740618,0.53364766,2.8000293e-05
1186,1000,500,0,0.031186376,0.0001755662,0.5295463,0.17451768,0.2644242,0.00014991587
1187,1000,1000,1,0.00013816735,6.596242e-08,0.007823665,0.97135687,0.020679753,1.3783464e-06
1188,1000,1000,1,0.0007458072,8.6466466e-11,0.0028850778,0.9954976,0.0008714989,5.8403513e-09
1189,1000,1000,1,0.0005546523,1.0015483e-07,0.0018056114,0.98192155,0.015716355,1.6893538e-06
1190,1000,1000,1,2.0029809e-06,8.533736e-09,0.0032633222,0.94104177,0.05569193,1.0513396e-06
1191,1000,1000,1,9.055506e-06,4.5927496e-08,0.004209638,0.97028404,0.025490236,7.0052984e-06
1192,1000,1000,1,0.0012878833,1.3893362e-05,0.061939403,0.68435246,0.25233614,7.020755e-05
1193,1000,1000,1,1.8438546e-05,2.1775104e-08,0.0018958774,0.9710202,0.027064314,9.878598e-07
1194,1000,1000,1,2.9011007e-05,4.4433697e-09,0.001078859,0.9957658,0.0031257204,5.996151e-07
1195,1000,1000,1,2.8690245e-06,1.9887303e-09,0.0014458599,0.97786874,0.020682285,2.45615e-07
1196,1000,1000,1,0.00022662159,2.0972266e-06,0.0069288,0.8400801,0.15274644,1.5994738e-05
1197,1000,1000,1,0.00016508455,3.4279888e-06,0.14760695,0.61464566,0.23755763,2.121387e-05
1198,1000,1000,1,9.044572e-06,2.2313102e-09,0.00014628682,0.9900349,0.0098095,3.9281423e-07
1199,1000,1000,1,0.00084916304,1.2819343e-07,0.010138461,0.9716985,0.01731234,1.4068135e-06
1200,1000,1000,1,0.00033693135,1.124163e-10,5.8038626e-05,0.99870515,0.0008997591,6.7164816e-09
1201,1000,1000,1,2.4789028e-06,3.929211e-10,0.0032892944,0.9955024,0.0012053376,4.2978962e-07
1202,1000,1000,1,0.09138193,8.606748e-05,0.050776973,0.76210785,0.09547561,0.00017154982
1203,1000,1000,1,0.0020071813,5.328093e-05,0.3720514,0.47943586,0.14617917,0.00027305592
1204,1000,500,0,5.435633e-05,2.5119277e-06,0.51198024,0.26687557,0.22106923,1.8126286e-05
1205,1000,1000,1,0.00029634277,7.721298e-06,0.15948547,0.52148277,0.31869844,2.9259056e-05
1206,1000,1500,0,2.5234964e-05,6.749929e-07,0.021888155,0.2977139,0.68036884,3.2421171e-06
1207,1000,500,0,0.013666423,4.0773913e-05,0.811382,0.11515009,0.059697833,6.2937106e-05
1208,1000,500,0,0.0015595141,4.273152e-05,0.65978754,0.16425323,0.17429042,6.65351e-05
1209,1000,1500,0,6.671776e-05,7.0432725e-07,0.012746607,0.21682487,0.77035946,1.6090462e-06
1210,1000,1500,0,9.773403e-05,5.3483473e-06,0.24429135,0.3041819,0.45139194,3.1721243e-05
1211,1000,1500,0,0.07326811,6.335774e-07,0.13277623,0.28047827,0.5134763,4.1290775e-07
1212,1000,500,0,0.00074340025,2.3817202e-05,0.7157892,0.13779166,0.14560448,4.7477508e-05
1213,1000,1000,1,4.0183637e-05,4.8226457e-06,0.04107027,0.54783386,0.410894,0.00015689274
1214,1000,1000,1,0.0004467497,1.1203317e-05,0.10735133,0.7198835,0.17225051,5.6736375e-05
1215,1000,1500,0,1.8169927e-06,2.5381345e-08,0.0026286086,0.12357649,0.87379295,1.5349565e-07
1216,1000,500,0,0.0031122782,0.0003350133,0.48651198,0.28520966,0.22420141,0.00062973704
1217,1000,1500,0,0.0001422813,4.012813e-06,0.015561514,0.40803388,0.5762418,1.6567028e-05
1218,1000,1500,0,0.004357483,2.1043705e-05,0.01930035,0.18719785,0.78911084,1.2463417e-05
1219,1000,1500,0,0.0023597602,2.6257729e-05,0.018940048,0.37351567,0.6051042,5.4067757e-05
1220,1000,1500,0,0.00015642212,1.4542378e-05,0.038802125,0.19987738,0.7610614,8.815845e-05
1221,1000,1500,0,0.00014333974,1.4916897e-05,0.22611913,0.28360853,0.4900457,6.846575e-05
1222,1000,1500,0,1.0730126e-06,8.5704606e-08,0.020011557,0.24166541,0.73831964,2.25066e-06
1223,1000,1500,0,1.7072476e-06,4.6980777e-08,0.0039024134,0.17391287,0.8221824,5.666058e-07
1224,1000,1500,0,0.0037628808,1.6992657e-05,0.010678427,0.2451068,0.7404237,1.1186584e-05
1225,1000,1000,1,0.00059714913,2.2034728e-05,0.013727818,0.60837984,0.37714967,0.00012347172
1226,1000,1000,1,0.0069977897,0.0011652721,0.2175704,0.38817412,0.38447312,0.0016192726
1227,1000,1500,0,0.0033937092,0.00027376364,0.09344067,0.26471785,0.6379514,0.00022257834
1228,1000,1500,0,0.0035400295,3.3520162e-05,0.09011793,0.39453518,0.51175064,2.2713602e-05
1229,1000,1500,0,0.0017661761,2.4197443e-05,0.012717965,0.25896853,0.726484,3.9137085e-05
1230,1000,1500,0,0.017133448,0.0023182598,0.18403831,0.3290667,0.4647519,0.0026915069
1231,1000,1500,0,1.1578323e-05,5.209165e-07,0.021505147,0.17046255,0.80801797,2.2693362e-06
1232,1000,1500,0,0.00042757308,3.8641065e-06,0.017908344,0.27465492,0.70699626,9.083046e-06
1233,1000,500,0,0.08182592,0.00078637595,0.56293094,0.07649335,0.2774707,0.0004926666
1234,1000,1500,0,0.0062936237,1.24538365e-05,0.032621555,0.07707904,0.8839912,2.1327062e-06
1235,1000,1500,0,6.4801476e-05,7.1385847e-07,0.003328916,0.09090597,0.9056987,8.533799e-07
1236,1000,1500,0,0.0065667196,0.00042807564,0.026577728,0.22516696,0.7405558,0.0007047874
1237,1000,1500,0,0.00014551832,1.5550542e-06,0.0072345855,0.107598044,0.88501894,1.3301515e-06
1238,1000,1500,0,0.003400408,5.2669053e-05,0.048377234,0.20829226,0.7398105,6.686398e-05
1239,1000,1500,0,7.629903e-05,1.0706838e-05,0.07953617,0.2635118,0.6568036,6.142e-05
1240,1000,1500,0,2.8605431e-05,1.1307669e-06,0.006481205,0.20512651,0.7883569,5.6738036e-06
1241,1000,1500,0,6.947993e-05,8.034897e-06,0.012659604,0.28760722,0.6994345,0.0002211277
1242,1000,1500,0,0.0014406032,4.444061e-05,0.016131299,0.21517666,0.76716524,4.1782183e-05
1243,1000,1500,0,2.3295617e-05,1.1858277e-06,0.0071216845,0.46796337,0.52483624,5.415882e-05
1244,1000,1500,0,0.004267275,0.00018258017,0.07381083,0.37586448,0.54563063,0.000244226
1245,1000,1000,1,0.019263057,0.0017932563,0.33201966,0.403699,0.24085711,0.0023679112
1246,1000,1500,0,4.2823503e-05,4.4661917e-07,0.003973556,0.24549615,0.75048584,1.1240326e-06
1247,1000,1500,0,1.2342939e-05,2.3332666e-07,0.0029783032,0.39541253,0.6015891,7.5421594e-06
1248,1000,1500,0,0.0012291978,6.272404e-05,0.045325898,0.21570061,0.7375842,9.745586e-05
1249,1000,1500,0,0.000792393,0.000117534095,0.060051415,0.4163857,0.52215016,0.0005027581
1250,1000,1500,0,0.00786462,0.00084321835,0.26498926,0.2845275,0.44038334,0.0013919992
1251,1000,1000,1,0.009065903,6.740603e-05,0.052520815,0.8593987,0.078432575,0.0005145838
1252,1000,1500,0,0.0017836349,0.00014904639,0.116305366,0.31858534,0.56284165,0.00033502674
1253,1000,500,0,0.0019076314,2.9621599e-05,0.6507533,0.26116478,0.086053856,9.073056e-05
1254,1000,1500,0,0.0019459911,0.00043999916,0.18069412,0.33684054,0.47908834,0.0009909767
1255,1000,1500,0,0.13905057,0.00064094615,0.023586974,0.28178284,0.5547411,0.00019759171
1256,1000,1000,1,6.3371176e-06,5.5525543e-08,0.0068415427,0.8548007,0.13834621,5.1991574e-06
1257,1000,1500,0,0.015226338,0.00023472797,0.12940904,0.14928882,0.7057094,0.00013166317
1258,1000,1500,0,0.111532755,0.00017752999,0.20134093,0.22456144,0.4622675,0.000119808064
1259,1000,1000,1,0.0049566193,4.9450417e-05,0.053831276,0.731424,0.20955004,0.00018869436
1260,1000,1000,1,0.004960834,1.42862045e-05,0.013814253,0.89707965,0.08402986,0.00010108082
1261,1000,1000,1,8.6412976e-05,1.4081738e-06,0.047420815,0.8076221,0.14485686,1.2445954e-05
1262,1000,1000,1,1.5814438e-05,1.0465681e-07,0.0024614923,0.9603957,0.03710897,1.788572e-05
1263,1000,1000,1,0.000147969,2.8368538e-07,0.010450202,0.96620655,0.02318821,6.755099e-06
1264,1000,1000,1,0.01509119,3.0848269e-06,0.0061196685,0.88619035,0.09258967,6.0048897e-06
1265,1000,1000,1,5.072724e-06,3.2867835e-08,0.0050299494,0.90462196,0.090341575,1.5532775e-06
1266,1000,1000,1,0.001118029,4.8775362e-08,0.020517258,0.9428182,0.035545755,7.2719695e-07
1267,1000,1000,1,2.8091761e-05,5.94998e-11,0.0007038765,0.9987987,0.0004692098,3.2851442e-08
1268,1000,1000,1,0.0012355843,8.510355e-08,0.00038141297,0.9053385,0.093043715,6.4242994e-07
1269,1000,1000,1,5.5229517e-05,8.524316e-11,3.656692e-05,0.9954169,0.004491288,3.543477e-09
1270,1000,1000,1,4.4300314e-06,1.8018541e-08,0.0016666908,0.9729884,0.025338262,2.1085727e-06
1271,1000,1000,1,0.004268728,1.7718814e-06,0.01189803,0.88336647,0.10045974,5.2652745e-06
1272,1000,1000,1,0.02345222,1.2992908e-07,0.0049916157,0.96403706,0.0075179585,1.0663673e-06
1273,1000,1000,1,4.782094e-08,2.4498775e-12,2.5605606e-05,0.9986261,0.0013483374,3.7544376e-09
1274,1000,1000,1,0.0010964891,3.06305e-05,0.023461053,0.5143812,0.4609229,0.00010781011
1275,1000,1000,1,1.4320042e-05,1.12300017e-10,0.00024412389,0.9981346,0.0016069418,1.3313961e-08
1276,1000,1000,1,8.541521e-05,4.8030177e-08,0.006251936,0.95357925,0.04008253,7.787719e-07
1277,1000,1000,1,0.0010395613,5.314164e-06,0.08551908,0.8084859,0.10492705,2.3055494e-05
1278,1000,1000,1,0.009086364,3.0923907e-06,0.003201,0.9339562,0.053742953,1.0472244e-05
1279,1000,1000,1,0.017683133,2.94109e-10,0.0001669318,0.9813022,0.0008477577,5.7478644e-09
1280,1000,1000,1,3.0261779e-06,6.331322e-10,0.00037636978,0.9935794,0.006041132,1.14398496e-07
1281,1000,1000,1,3.820374e-05,1.016506e-06,0.05790302,0.8771284,0.06489782,3.1606265e-05
1282,1000,1000,1,1.4125477e-05,1.36261225e-08,0.00035601648,0.8781862,0.121443234,3.034027e-07
1283,1000,1000,1,0.00016888385,1.6059638e-06,0.014075265,0.5652398,0.42049754,1.6993972e-05
1284,1000,1000,1,0.10055571,5.3307198e-05,0.1663722,0.56608474,0.16685562,7.8429395e-05
1285,1000,1000,1,0.0005399693,1.635946e-06,0.006888556,0.86990744,0.12264994,1.2472599e-05
1286,1000,1000,1,0.00018407406,4.3427536e-07,0.010196844,0.9631533,0.026456498,8.774818e-06
1287,1000,1000,1,0.00060463045,3.1670242e-09,0.00010126721,0.993361,0.0059330296,6.5738995e-08
1288,1000,0,0,0.57193387,1.4269289e-05,0.025877519,0.3657118,0.036442757,1.9888521e-05
1289,1000,500,0,0.0019599188,6.993096e-05,0.5310031,0.23526593,0.23152585,0.00017522741
1290,1000,1000,1,0.00043586447,1.599035e-06,0.0065041585,0.65567285,0.33737993,5.6968524e-06
1291,1000,1000,1,1.4766308e-05,3.1430034e-07,0.027709361,0.7640148,0.20825471,6.131234e-06
1292,1000,1000,1,1.2355213e-05,1.28850886e-08,0.0027989743,0.9851268,0.012049737,1.2147909e-05
1293,1000,1000,1,9.3046065e-06,4.5331346e-11,9.173889e-05,0.99901056,0.00088847347,8.996878e-09
1294,1000,1000,1,0.00040269067,6.235989e-08,0.016639786,0.9783901,0.0045591076,8.297412e-06
1295,1000,1000,1,4.898326e-06,5.0085855e-09,0.0003598696,0.95953935,0.040095583,2.5907917e-07
1296,1000,1000,1,1.026138e-05,5.3694653e-09,0.00057439227,0.9739851,0.025430232,1.6678449e-07
1297,1000,1000,1,3.7940325e-05,3.8352474e-10,0.000103350285,0.9954848,0.0043738154,2.0364514e-08
1298,1000,1000,1,0.009057763,8.408308e-06,0.006246457,0.83586955,0.14880103,1.682965e-05
1299,1000,1000,1,0.0031922387,3.0820876e-05,0.035586942,0.49094763,0.47018242,5.993873e-05
1300,1000,1000,1,2.9314415e-07,9.5125186e-11,0.00016533757,0.98450696,0.015327436,1.768926e-08
1301,1000,1000,1,0.00012958165,1.3506642e-09,0.0006976393,0.9965661,0.0026065796,6.550193e-08
1302,1000,1000,1,0.00019977949,1.2673289e-06,0.034230534,0.8884392,0.077102154,2.7028964e-05
1303,1000,1000,1,0.00012949258,1.6436361e-06,0.022625275,0.9199483,0.05724244,5.2884283e-05
1304,1000,1000,1,2.0306274e-07,5.0811477e-11,8.15287e-05,0.99715555,0.0027625056,1.1096613e-07
1305,1000,1000,1,0.007133342,1.14454015e-05,0.006983142,0.6376249,0.34823,1.7145441e-05
1306,1000,1000,1,0.00018193501,1.5447393e-05,0.027720371,0.6207284,0.35095027,0.00040363526
1307,1000,1500,0,0.0039768005,2.1683767e-05,0.011613023,0.18272312,0.8016506,1.4836441e-05
1308,1000,1500,0,0.0006313818,1.849381e-05,0.010122998,0.21624602,0.77293295,4.819375e-05
1309,1000,1000,1,0.00051647273,7.1245067e-06,0.0060841553,0.72131824,0.27195916,0.00011489689
1310,1000,1500,0,0.00013625914,2.419404e-06,0.0026890321,0.12444558,0.87271917,7.5936646e-06
1311,1000,1000,1,0.05232068,0.00011564343,0.06292689,0.73028046,0.1540034,0.00035294524
1312,1000,0,0,0.60561526,0.00047988698,0.08033846,0.09119843,0.22226542,0.00010249922
1313,1000,1000,1,1.446785e-07,1.58789e-11,0.00080042554,0.9976432,0.001556158,2.1445656e-08
1314,1000,1000,1,1.8455821e-06,8.15727e-11,0.000149436,0.99637693,0.003471785,1.458097e-08
1315,1000,1000,1,5.27322e-07,1.055929e-09,0.0013966042,0.94588697,0.052715793,6.688284e-08
1316,1000,1000,1,0.0066007134,1.03358715e-07,0.0006125846,0.9616483,0.031137696,5.6959846e-07
1317,1000,1000,1,6.907771e-07,1.4358588e-09,0.00036122545,0.7266487,0.27298936,7.174958e-08
1318,1000,1000,1,3.6458664e-07,8.3707095e-12,7.225553e-05,0.99895954,0.00096777326,6.515421e-09
1319,1000,1000,1,1.6794062e-05,4.840658e-10,0.0015877645,0.99664366,0.0017517272,7.030345e-08
1320,1000,1500,0,0.053570457,5.170333e-05,0.15184993,0.3511983,0.44327024,5.941433e-05
1321,1000,1000,1,7.812232e-06,2.0406378e-10,0.00010050999,0.99894315,0.0009483485,9.2479894e-08
1322,1000,1000,1,0.024801001,3.1231593e-08,0.00078691496,0.9676945,0.00671723,3.4050157e-07
1323,1000,1000,1,0.00048629477,8.49507e-07,0.007671108,0.9662406,0.025571933,2.9242019e-05
1324,1000,1000,1,2.1371654e-05,3.4891773e-11,0.00013453692,0.9984863,0.001357809,3.2425802e-09
1325,1000,1000,1,0.102511965,1.2484803e-10,5.1219075e-05,0.896689,0.00074782036,1.0711463e-09
1326,1000,1000,1,0.0023941908,2.2120003e-12,2.1150776e-05,0.9974208,0.00016384294,1.2472894e-10
1327,1000,1000,1,0.4691347,1.2493253e-09,0.000724816,0.528995,0.0011454684,4.7173687e-09
1328,1000,1000,1,1.5603468e-05,7.296836e-11,0.00012868614,0.9995086,0.0003469389,6.3169665e-08
1329,1000,1000,1,4.279521e-05,2.2992372e-09,0.0009538604,0.99478513,0.0042182067,1.7592033e-07
1330,1000,1000,1,6.7128865e-05,6.969048e-11,6.3158506e-05,0.9993954,0.0004742403,1.3053951e-08
1331,1000,1000,1,0.00017787225,1.3495682e-06,0.005415462,0.8544902,0.13990003,1.50266815e-05
1332,1000,1000,1,1.1275983e-05,4.6125233e-08,0.0010407615,0.89433897,0.10460714,1.8133356e-06
1333,1000,1000,1,0.0078125615,0.00012449097,0.33010155,0.48074892,0.18091267,0.00029989137
1334,1000,1000,1,0.0021979853,1.1097568e-05,0.21351926,0.7632018,0.020845866,0.000224019
1335,1000,1000,1,0.0010635518,2.7570466e-05,0.050869707,0.7687243,0.17917515,0.00013971426
1336,1000,1000,1,6.1027262e-05,1.1076552e-10,0.000104009065,0.9992768,0.00055822736,1.619303e-08
1337,1000,1000,1,0.0019211001,1.2116133e-05,0.01726033,0.74386567,0.23689066,5.0059793e-05
1338,1000,1000,1,0.003521546,3.0238174e-05,0.015350221,0.7605655,0.22040854,0.0001238972
1339,1000,1500,0,0.0091464175,0.00022735879,0.05419582,0.3200406,0.61616623,0.00022359434
1340,1000,1000,1,0.006482441,5.860936e-06,0.007470243,0.947275,0.03869036,7.608374e-05
1341,1000,1000,1,0.0019425303,1.0576114e-05,0.036029644,0.92021984,0.041689474,0.00010798115
1342,1000,1000,1,0.0002462711,1.0879677e-07,0.0018188203,0.982252,0.015679061,3.6931017e-06
1343,1000,1500,0,0.0025252923,7.76977e-06,0.007928718,0.22683169,0.76270103,5.4684883e-06
1344,1000,1500,0,0.005289284,8.4804946e-05,0.019305935,0.3311885,0.64401805,0.00011345115
1345,1000,1000,1,5.217114e-05,7.0882606e-07,0.39946756,0.48894665,0.11152364,9.32638e-06
1346,1000,1000,1,8.5103384e-05,4.335082e-08,0.0017077341,0.984815,0.01339082,1.2581195e-06
1347,1000,1000,1,5.8340105e-05,1.0627511e-07,0.0011005289,0.91338915,0.08545015,1.7006921e-06
1348,1000,500,0,0.0005554268,2.2513446e-05,0.6755333,0.19799963,0.12581371,7.544502e-05
1349,1000,1000,1,1.1684584e-05,3.9872132e-09,0.0008973131,0.99557376,0.0035160575,1.1885141e-06
1350,1000,1000,1,0.0016613435,6.3018916e-07,0.02747165,0.96203065,0.008811603,2.4186216e-05
1351,1000,1000,1,0.22069325,6.2913597e-10,0.00024169574,0.777541,0.0015241301,2.6285045e-09
1352,1000,1000,1,0.0012183596,4.2611878e-06,0.07384036,0.8848519,0.040047858,3.736083e-05
1353,1000,1000,1,0.00068147515,9.679449e-07,0.0060630767,0.8787047,0.11454392,5.787759e-06
1354,1000,0,0,0.9930992,7.2438915e-08,0.0011669922,0.0039338656,0.0017998109,9.81323e-09
1355,1000,1000,1,2.6188065e-06,3.5452055e-10,0.00091052934,0.99778324,0.001303284,3.096502e-07
1356,1000,1000,1,0.0013275233,8.318546e-09,0.00037301626,0.9965707,0.0017283096,4.9506554e-07
1357,1000,1500,0,6.0638064e-05,3.2735202e-06,0.019772133,0.44833645,0.5317902,3.7329144e-05
1358,1000,1000,1,0.0011315839,3.4205189e-06,0.0065157665,0.81316394,0.17916775,1.7593415e-05
1359,1000,1000,1,0.00021647707,3.654352e-06,0.0091599645,0.72313106,0.2674618,2.7028029e-05
1360,1000,1000,1,0.00017836606,3.2461703e-06,0.012947932,0.67440754,0.31244138,2.1520644e-05
1361,1000,1000,1,7.003711e-06,3.268332e-08,0.0011153944,0.96409243,0.034778066,7.180391e-06
1362,1000,1000,1,0.0014926268,8.1230055e-06,0.018438958,0.75193304,0.22808583,4.131703e-05
1363,1000,1000,1,3.0966378e-06,1.4470768e-07,0.0031281617,0.74468094,0.25213015,5.7509584e-05
1364,1000,1000,1,0.0011235827,1.7814871e-07,0.0013589414,0.98212886,0.01538546,2.9896655e-06
1365,1000,1000,1,2.1713454e-06,2.1675796e-10,9.9964076e-05,0.99759907,0.0022986368,8.569944e-08
1366,1000,1000,1,0.0012646727,2.3257562e-05,0.026023202,0.5375749,0.43505815,5.5733923e-05
1367,1000,1000,1,0.000325552,6.350305e-08,0.0017241183,0.9713912,0.02655721,1.8117919e-06
1368,1000,1000,1,3.7287086e-06,1.1851942e-08,0.0006795832,0.6886922,0.31062403,3.8090795e-07
1369,1000,1000,1,0.004168757,2.3155872e-06,0.035285875,0.9430304,0.01748203,3.0671064e-05
1370,1000,1000,1,0.00012140414,5.4582964e-05,0.04090051,0.6021594,0.34918422,0.007579826
1371,1000,1500,0,0.03295378,7.123742e-05,0.0321025,0.27674773,0.65809494,2.9797535e-05
1372,1000,1500,0,0.0032908665,6.6996704e-06,0.0042735334,0.42110178,0.57131934,7.759874e-06
1373,1000,1000,1,0.0025874896,8.376089e-05,0.18431957,0.65504986,0.1573611,0.0005981188
1374,1000,1000,1,0.0034202316,1.6014945e-05,0.011020203,0.6213727,0.3641356,3.520757e-05
1375,1000,1000,1,0.0006507109,4.5367717e-05,0.10048817,0.74681544,0.15143646,0.0005638325
1376,1000,1000,1,0.0001992917,1.1823271e-06,0.0041352464,0.57212716,0.42353085,6.290335e-06
1377,1000,1000,1,0.028256154,0.00012623183,0.032915857,0.589174,0.34932286,0.00020490093
1378,1000,1000,1,2.7882485e-05,2.427295e-06,0.004153258,0.5885573,0.4067191,0.0005400802
1379,1000,1500,0,8.3607887e-07,2.3597703e-08,0.0029168846,0.41847837,0.57860225,1.6883974e-06
1380,1000,1000,1,6.981455e-07,3.6145331e-09,0.003244461,0.91990155,0.07685292,3.46927e-07
1381,1000,500,0,0.14770702,0.00028244357,0.705074,0.04856504,0.098177694,0.00019379468
1382,1000,1000,1,0.07247015,0.00015569184,0.058063667,0.57204866,0.29707715,0.00018464404
1383,1000,1500,0,0.00033498142,4.9860273e-06,0.008881904,0.27779877,0.7129678,1.1549977e-05
1384,1000,1000,1,0.013158914,0.00026580415,0.050174475,0.6337221,0.3022829,0.00039577292
1385,1000,1000,1,0.056682065,0.00013721762,0.14452286,0.51710755,0.2813226,0.00022772659
1386,1000,1000,1,1.2299864e-05,1.640382e-08,0.001001741,0.95015407,0.048831113,7.393549e-07
1387,1000,1000,1,2.2848686e-05,2.0574399e-07,0.015772602,0.9622777,0.021891315,3.5286826e-05
1388,1000,1000,1,9.353491e-06,4.002321e-10,0.00010983076,0.9981293,0.0017512527,1.9367819e-07
1389,1000,1000,1,0.00033283522,1.2693504e-06,0.008141464,0.9030449,0.08846773,1.1716895e-05
1390,1000,1000,1,4.2810592e-07,4.28394e-10,0.00056833914,0.9938263,0.00560448,3.9408735e-07
1391,1000,1000,1,0.000831758,1.828825e-07,0.001461297,0.96910894,0.02859583,1.9333797e-06
1392,1000,1000,1,0.0073996508,0.000101359066,0.03511657,0.5213012,0.43591288,0.00016826844
1393,1000,1000,1,5.662961e-05,4.064062e-08,0.0005510757,0.9811819,0.018208813,1.5714808e-06
1394,1000,1000,1,0.00025684072,7.319687e-07,0.0022098916,0.92270195,0.07482235,8.291623e-06
1395,1000,1000,1,1.2580368e-06,3.5695153e-13,6.16089e-06,0.9998172,0.00017549495,2.6471889e-10
1396,1000,1000,1,1.2149645e-05,2.7237643e-08,0.0015408106,0.9597803,0.038665406,1.4046287e-06
1397,1000,1000,1,0.00021033951,5.5274745e-09,0.0010247679,0.9857927,0.01297207,1.2180048e-07
1398,1000,1000,1,0.03501355,1.6088168e-05,0.3052298,0.6033971,0.056293983,4.9408853e-05
1399,1000,1000,1,1.44496635e-05,9.677956e-11,0.0012378691,0.99814093,0.0006066838,4.2265086e-08
1400,1000,1000,1,1.4236103e-05,1.48989105e-08,0.001511292,0.979328,0.019145938,6.3109127e-07
1401,1000,1000,1,0.0015691034,1.588392e-08,0.0009113714,0.991459,0.0060600806,2.972403e-07
1402,1000,1000,1,2.9332537e-07,1.545934e-11,4.5757806e-05,0.9965643,0.0033896174,6.008924e-09
1403,1000,1000,1,1.218596e-06,2.057494e-10,0.00031303556,0.99742943,0.0022561797,1.5464163e-07
1404,1000,1000,1,0.067337774,3.4011223e-06,0.053664513,0.84960145,0.029374857,1.8070607e-05
1405,1000,1000,1,0.004821745,3.935751e-12,2.6174928e-05,0.99501354,0.0001385104,2.3402924e-10
1406,1000,1000,1,9.099921e-06,1.7007328e-09,0.00030672827,0.9964384,0.0032449155,8.725504e-07
1407,1000,1000,1,9.941631e-05,5.3596077e-06,0.08384055,0.57017463,0.34584042,3.957345e-05
1408,1000,1000,1,0.0024080568,3.705121e-05,0.025402248,0.5181975,0.45387298,8.2206716e-05
1409,1000,1000,1,1.42477775e-05,6.655422e-09,0.0011033543,0.9427258,0.056156315,1.9915112e-07
1410,1000,1000,1,0.00040906577,3.3477885e-08,0.00037701207,0.97563654,0.0235767,5.400801e-07
1411,1000,1000,1,0.004516924,1.236163e-06,0.0021035806,0.89677227,0.09660184,4.1482895e-06
1412,1000,1000,1,0.0029481368,2.0241443e-05,0.009938582,0.6112918,0.37576166,3.957742e-05
1413,1000,500,0,0.3702529,2.0214515e-05,0.5650383,0.045367815,0.019302169,1.8537345e-05
1414,1000,1000,1,3.786384e-05,1.868269e-07,0.0011220563,0.9365271,0.06229397,1.8823423e-05
1415,1000,1000,1,0.002078859,5.3855274e-06,0.012869339,0.92592597,0.059053972,6.6499626e-05
1416,1000,1000,1,0.021638773,1.1676723e-05,0.19126964,0.6488694,0.1381705,4.0099007e-05
1417,1000,1000,1,9.618484e-05,1.2764677e-08,0.006517832,0.98533255,0.008052986,4.6082346e-07
1418,1000,500,0,0.18446295,0.0021624316,0.64566845,0.046919182,0.11934362,0.0014433393
1419,1000,1500,0,0.00070922775,1.0307773e-05,0.015033774,0.1725247,0.81171006,1.1895716e-05
1420,1000,1000,1,0.0015529469,4.0008686e-06,0.025360303,0.8815278,0.09153999,1.5054577e-05
1421,1000,1000,1,0.00082537835,9.238661e-06,0.023312237,0.5752876,0.4005378,2.7803146e-05
1422,1000,1000,1,0.007420201,6.722927e-05,0.029347261,0.66555625,0.29747397,0.00013507307
1423,1000,1500,0,0.0003887735,2.2646807e-06,0.0036747428,0.36163044,0.6343002,3.533876e-06
1424,1000,1000,1,0.000556463,1.0259749e-05,0.008169217,0.63146937,0.35974282,5.177371e-05
1425,1000,1000,1,0.022450125,4.5154975e-06,0.003712295,0.85056525,0.12325684,1.097706e-05
1426,1000,1500,0,9.098817e-05,9.375606e-06,0.12696844,0.21015659,0.66273385,4.0748197e-05
1427,1000,1000,1,3.6787293e-05,1.6343851e-06,0.041627526,0.79562247,0.16262889,8.272264e-05
1428,1000,1000,1,0.00014728714,1.5769872e-09,0.00012698033,0.9958242,0.0039015447,5.6203966e-08
1429,1000,1500,0,0.0026749668,2.4137034e-05,0.006925154,0.42773232,0.5626091,3.4315002e-05
1430,1000,1000,1,0.0135550555,0.0004414242,0.03462349,0.68310565,0.26722673,0.0010476318
1431,1000,1000,1,3.4135368e-07,9.784577e-11,0.005144436,0.99192446,0.0029306135,6.9505006e-08
1432,1000,1000,1,0.0019737773,1.3183403e-06,0.0084016,0.9272209,0.062394615,7.885962e-06
1433,1000,1000,1,5.5271146e-05,1.2273915e-08,0.0025584553,0.9901613,0.0072242534,6.704636e-07
1434,1000,1000,1,0.0048708105,0.0002316074,0.05206346,0.6713489,0.27036142,0.0011238342
1435,1000,1000,1,4.9119175e-05,1.6819585e-10,6.1854385e-05,0.9979286,0.0019603844,8.41575e-09
1436,1000,1000,1,0.0013957672,2.0106972e-08,0.00051481364,0.99116933,0.0069195395,5.6539625e-07
1437,1000,1000,1,0.00066414283,2.689418e-06,0.17725457,0.6941991,0.12785353,2.6009955e-05
1438,1000,1000,1,4.7732706e-06,2.0903097e-09,0.00057677814,0.97086954,0.02854882,1.0638663e-07
1439,1000,1000,1,0.0029113106,3.9796352e-05,0.04261977,0.6268977,0.32745537,7.610475e-05
1440,1000,1000,1,0.0046023405,7.5534967e-06,0.0046326057,0.5298651,0.46087694,1.5544641e-05
1441,1000,1000,1,1.995654e-05,1.0679159e-08,0.0007514019,0.9710292,0.028198997,3.1778586e-07
1442,1000,1500,0,0.004191794,5.514356e-05,0.02405715,0.4119826,0.5596283,8.5042266e-05
1443,1000,1500,0,0.0005530847,1.9879468e-05,0.02819753,0.16883986,0.80235684,3.2805285e-05
1444,1000,1000,1,0.00024895303,1.4991011e-05,0.036919806,0.51566637,0.44706374,8.6153435e-05
1445,1000,1000,1,0.00016236148,1.7623836e-06,0.0062813815,0.50918293,0.48436517,6.4202777e-06
1446,1000,1500,0,7.2648563e-06,4.0257305e-07,0.004622739,0.45545393,0.53986984,4.5916397e-05
1447,1000,1500,0,1.3334261e-05,2.0143516e-06,0.031550568,0.359503,0.60888606,4.499867e-05
1448,1000,1000,1,0.00073425705,2.586123e-07,0.00083578465,0.96881324,0.029608026,8.417615e-06
1449,1000,1000,1,0.000706321,2.2500597e-06,0.0044914717,0.71664494,0.27814543,9.47954e-06
1450,1000,1000,1,0.0017215102,6.878213e-05,0.023716377,0.5873539,0.3869874,0.00015206667
1451,1000,1000,1,0.00018884859,2.2032382e-06,0.0061147595,0.65831494,0.33536482,1.4326132e-05
1452,1000,1000,1,0.0007690488,4.3273164e-07,0.0026266861,0.79521745,0.20138456,1.769551e-06
1453,1000,1000,1,0.0002442588,1.0951987e-06,0.0030697663,0.9221964,0.074445814,4.2813044e-05
1454,1000,1000,1,3.2836962e-07,3.0254185e-10,0.0009395696,0.9918516,0.007208205,1.8133049e-07
1455,1000,1000,1,0.0021287117,0.00012275472,0.06328302,0.59695023,0.33685413,0.00066106743
1456,1000,1000,1,0.0030656015,1.8713374e-05,0.033870425,0.875344,0.087617874,8.341286e-05
1457,1000,1500,0,0.00592134,0.00015909136,0.042613253,0.39818034,0.55290794,0.00021804956
1458,1000,1000,1,0.006577568,1.1971765e-06,0.0065614632,0.92616224,0.060693614,3.931591e-06
1459,1000,1000,1,0.061398186,4.2691718e-05,0.13708556,0.7097873,0.091568045,0.000118236116
1460,1000,1000,1,0.0003009954,6.1240744e-06,0.010213695,0.8909088,0.09842041,0.00015001037
1461,1000,1000,1,0.0038426798,2.1710465e-08,0.00031020906,0.96596485,0.029882073,8.729831e-08
1462,1000,1000,1,0.0002656856,4.3843875e-07,0.0045019994,0.8478132,0.14741617,2.4508245e-06
1463,1000,1000,1,0.00064408116,8.3928416e-07,0.0029346384,0.91813695,0.07827826,5.147234e-06
1464,1000,1000,1,0.12189297,4.8784783e-05,0.098260544,0.6680094,0.11170221,8.619952e-05
1465,1000,1000,1,0.007738989,1.470259e-05,0.01148087,0.90370333,0.07697925,8.289897e-05
1466,1000,1000,1,3.2964317e-07,1.535271e-11,0.00019943205,0.9992275,0.00057255273,7.1589284e-08
1467,1000,1000,1,0.00015338053,2.5460151e-08,0.0008546366,0.9769761,0.022015436,4.28794e-07
1468,1000,1000,1,0.00013504755,2.9490483e-08,0.0007781796,0.98403543,0.015050299,1.0642292e-06
1469,1000,1000,1,0.00033246915,2.0142416e-10,0.00011845263,0.9989316,0.0006174485,1.6968201e-08
1470,1000,1000,1,6.0145903e-05,1.7548875e-06,0.04697162,0.7821915,0.17073797,3.70351e-05
1471,1000,1000,1,4.5979064e-05,1.744121e-08,0.0026516581,0.98079234,0.01650922,7.430612e-07
1472,1000,1000,1,0.00033493823,3.759768e-07,0.00095522037,0.6925239,0.30618325,2.289232e-06
1473,1000,1000,1,4.3199136e-05,4.822379e-07,0.0066202204,0.75190115,0.24141605,1.8781919e-05
1474,1000,0,0,0.9626839,1.3419541e-06,0.002506168,0.024341185,0.010467109,2.810081e-07
1475,1000,1000,1,0.0406217,1.1531985e-06,0.0073354556,0.8468315,0.105208695,1.5558464e-06
1476,1000,1000,1,0.00012280172,9.3738987e-07,0.0026382643,0.8544375,0.14277568,2.4816174e-05
1477,1000,1000,1,0.00022406914,7.4888203e-06,0.022772431,0.5989586,0.37800163,3.574884e-05
1478,1000,1500,0,0.04608889,7.3209114e-05,0.030295175,0.10014601,0.8233824,1.4370241e-05
1479,1000,1000,1,0.0017636355,1.07711855e-07,0.00080547616,0.9765331,0.020896882,8.2671244e-07
1480,1000,1000,1,1.271761e-05,1.5758356e-07,0.012863252,0.9072063,0.079907544,1.0032471e-05
1481,1000,1000,1,0.00094464683,4.905607e-06,0.008126801,0.93220943,0.058640253,7.3901174e-05
1482,1000,1000,1,8.116e-05,6.2947834e-09,0.00096614094,0.9490865,0.049866118,1.002227e-07
1483,1000,1000,1,1.2738587e-05,3.4533474e-09,0.006232175,0.98468727,0.009067549,2.0364611e-07
1484,1000,1000,1,1.1524781e-05,2.190256e-11,1.1855006e-05,0.99951637,0.0004602763,6.7365176e-09
1485,1000,1000,1,2.6092255e-06,7.625484e-11,0.00034946195,0.99707425,0.0025737293,1.5098145e-08
1486,1000,1000,1,0.001285303,5.119959e-06,0.06971775,0.87497014,0.053980943,4.0806386e-05
1487,1000,1000,1,0.0012173045,8.703714e-09,0.0010883599,0.9956578,0.0020361464,4.145799e-07
1488,1000,1000,1,3.6801302e-05,3.156274e-07,0.008451378,0.7477042,0.24379846,8.784732e-06
1489,1000,1000,1,0.028497756,6.363383e-05,0.3087423,0.55215585,0.11034879,0.00019164216
1490,1000,1500,0,0.0017218877,7.010755e-05,0.086012155,0.38740787,0.5246378,0.0001502153
1491,1000,1000,1,0.0002843566,7.7061294e-08,0.00040246392,0.67320275,0.32610977,5.7028086e-07
1492,1000,1000,1,0.01567825,0.0001860278,0.044228945,0.48642263,0.45323217,0.0002520285
1493,1000,1000,1,0.007248083,4.7046115e-06,0.008568075,0.95426893,0.029869517,4.0678948e-05
1494,1000,1500,0,0.006161305,0.000116335425,0.041072667,0.36840332,0.58411616,0.00013029246
1495,1000,1500,0,0.0005239742,3.4862773e-05,0.043556657,0.28710154,0.6687014,8.158341e-05
1496,1000,1000,1,0.0003527291,9.584957e-06,0.030585362,0.6922118,0.276806,3.46076e-05
1497,1000,1000,1,0.00018928405,1.5684793e-06,0.011731112,0.9281995,0.059832726,4.5724602e-05
1498,1000,1000,1,4.7769292e-05,2.566469e-08,0.007663626,0.98499197,0.0072930255,3.6626423e-06
1499,1000,1000,1,0.00016384615,2.2742167e-06,0.008009192,0.6525778,0.33923703,9.870234e-06
1500,1500,1000,0,0.07383137,0.00077097706,0.26845244,0.39736474,0.25899974,0.0005807764
1501,1500,1500,1,0.0011028384,8.855506e-06,0.15773511,0.16055055,0.68059117,1.1529574e-05
1502,1500,500,0,0.28643906,9.076822e-06,0.44535306,0.07235437,0.19584066,3.7087152e-06
1503,1500,1500,1,0.00038535433,1.150455e-05,0.011930653,0.3120206,0.6756256,2.624492e-05
1504,1500,1500,1,0.00023987688,1.7218277e-05,0.0319811,0.25103414,0.71668637,4.1387306e-05
1505,1500,500,0,0.0076448615,0.0005459197,0.46157822,0.3252107,0.20447557,0.00054475473
1506,1500,500,0,0.020966494,0.00059375254,0.7977629,0.09851305,0.081480175,0.0006836755
1507,1500,1500,1,0.00076942536,2.5214918e-05,0.01380296,0.1050166,0.8803693,1.6489797e-05
1508,1500,500,0,0.11435102,6.220682e-05,0.79203683,0.022252377,0.07128186,1.5715392e-05
1509,1500,500,0,0.104050286,0.00049896643,0.7827627,0.013122034,0.099496804,6.9252565e-05
1510,1500,1500,1,0.0051256185,0.0008830749,0.2892133,0.27792636,0.42553884,0.0013128415
1511,1500,1500,1,0.0043971995,6.021392e-05,0.20323423,0.24401867,0.5482028,8.686215e-05
1512,1500,1000,0,0.0001807697,1.3408199e-05,0.09288529,0.49849162,0.4083929,3.5965793e-05
1513,1500,1500,1,0.035695925,8.427149e-06,0.05284965,0.059272222,0.8521727,1.1362652e-06
1514,1500,1500,1,0.020857222,0.00019194362,0.27235138,0.17339087,0.5330474,0.00016115911
1515,1500,0,0,0.5009483,0.00012984022,0.08719067,0.0524323,0.35928455,1.4338932e-05
1516,1500,1500,1,0.0007556906,1.6124919e-05,0.02398816,0.13056353,0.8446696,6.921656e-06
1517,1500,1500,1,0.0006473067,6.903274e-05,0.030666932,0.15529673,0.8130874,0.00023264316
1518,1500,500,0,0.0012429126,9.89903e-05,0.5391797,0.0933468,0.3659671,0.0001645314
1519,1500,500,0,0.017277764,5.527713e-05,0.86824924,0.02196173,0.09242073,3.515371e-05
1520,1500,1500,1,0.20324649,0.0008625537,0.07196422,0.05886297,0.6650045,5.931731e-05
1521,1500,1500,1,0.0004845166,1.1220251e-06,0.0020731662,0.093864374,0.9035765,3.200175e-07
1522,1500,1000,0,0.00015010906,7.4383e-06,0.15421437,0.47773015,0.36787796,1.9987245e-05
1523,1500,0,0,0.77819204,2.6045887e-05,0.044813033,0.056115624,0.120849065,4.177214e-06
1524,1500,1500,1,0.0009570242,9.620616e-07,0.006275295,0.09885572,0.8939106,4.421107e-07
1525,1500,1500,1,0.0025025657,1.3884049e-05,0.012440664,0.18034157,0.8046964,4.9456826e-06
1526,1500,1500,1,0.00034047084,3.0427739e-06,0.007968268,0.2324043,0.7592803,3.5849016e-06
1527,1500,1500,1,0.002262958,0.00017411567,0.2565321,0.27724463,0.4634092,0.00037699266
1528,1500,1500,1,2.0428857e-05,2.2435306e-06,0.041828554,0.3249611,0.63316655,2.104759e-05
1529,1500,1500,1,0.05771855,4.3731976e-05,0.019540522,0.42929053,0.49338758,1.9199224e-05
1530,1500,1500,1,0.0008859603,6.6506805e-06,0.0068075955,0.2533444,0.7389505,4.8914376e-06
1531,1500,1500,1,6.457474e-05,2.4971862e-06,0.010818425,0.4894801,0.4996131,2.1156562e-05
1532,1500,1500,1,0.0018251196,8.300959e-07,0.0033790246,0.052464172,0.9423307,1.5443759e-07
1533,1500,1500,1,3.499884e-05,1.4290432e-06,0.007389532,0.33261627,0.6599513,6.346553e-06
1534,1500,1000,0,0.00015263796,1.9967132e-05,0.07340475,0.51073515,0.41555142,0.00013608228
1535,1500,1500,1,0.008343034,7.736676e-05,0.09592353,0.1986348,0.696969,5.227942e-05
1536,1500,500,0,0.008539514,0.00012018549,0.83285964,0.10678625,0.051529445,0.00016498659
1537,1500,1500,1,0.00019290426,1.2757552e-06,0.0036582842,0.14660297,0.849543,1.6509405e-06
1538,1500,1500,1,0.00053828215,1.5023865e-06,0.0047196625,0.09260403,0.9021359,6.9641806e-07
1539,1500,1500,1,7.232739e-06,1.1462177e-07,0.0036222618,0.23898292,0.75738674,7.257112e-07
1540,1500,1500,1,0.00016949305,1.1130238e-05,0.036445513,0.2157503,0.747595,2.8557037e-05
1541,1500,1500,1,0.005745954,7.805279e-05,0.05654383,0.13709906,0.8005067,2.6416968e-05
1542,1500,500,0,0.0023037982,2.1855585e-05,0.47731122,0.33661678,0.18370087,4.547864e-05
1543,1500,0,0,0.4846234,0.0002248074,0.34455013,0.03354693,0.13700183,5.2897907e-05
1544,1500,1000,0,4.132726e-05,1.2801875e-06,0.006022195,0.8881235,0.105674826,0.00013688992
1545,1500,1000,0,6.2786574e-05,1.5713636e-06,0.07224498,0.63410234,0.29358256,5.778389e-06
1546,1500,1500,1,0.0017514816,3.7543834e-06,0.007153593,0.2808063,0.71028227,2.5972097e-06
1547,1500,1000,0,0.00013540131,4.9379314e-06,0.06892768,0.7196914,0.21117386,6.6680455e-05
1548,1500,500,0,5.3003474e-05,2.3572717e-07,0.9221158,0.06460432,0.013225513,1.2290567e-06
1549,1500,500,0,0.0016844547,1.3366777e-05,0.6775489,0.25072306,0.06998859,4.1706084e-05
1550,1500,1000,0,9.471126e-07,3.6362014e-08,0.004294931,0.5510479,0.44465214,3.9896386e-06
1551,1500,1000,0,0.034455642,7.749523e-05,0.022237828,0.47903013,0.46414262,5.6279383e-05
1552,1500,1500,1,0.00038683476,5.0844974e-06,0.0090673445,0.20333911,0.7871958,5.7777006e-06
1553,1500,1500,1,0.07344696,6.070605e-05,0.06443122,0.17810075,0.68394136,1.8999139e-05
1554,1500,1000,0,0.002474788,1.4126464e-05,0.0066985004,0.5000974,0.4906939,2.1305215e-05
1555,1500,0,0,0.99910945,3.643172e-10,0.0008187662,4.4257897e-05,2.745615e-05,3.309125e-11
1556,1500,1500,1,0.00013189454,3.0030225e-07,0.0012630905,0.18707122,0.81153333,2.1807213e-07
1557,1500,1500,1,2.891084e-05,3.633113e-07,0.0028566227,0.21100622,0.7861068,1.0424735e-06
1558,1500,1500,1,0.0011132683,3.5151534e-05,0.021228185,0.3137454,0.66382813,4.9853978e-05
1559,1500,1500,1,0.00040210897,3.348817e-05,0.3430857,0.17086749,0.4855176,9.358122e-05
1560,1500,1500,1,0.00048441323,1.9048291e-06,0.0052426364,0.20492667,0.78934354,8.4810017e-07
1561,1500,1500,1,0.0010519281,9.71771e-06,0.012580511,0.23405075,0.7522974,9.701375e-06
1562,1500,1500,1,0.00027656616,7.1914787e-06,0.020847745,0.17712234,0.8017348,1.1347184e-05
1563,1500,1500,1,6.591246e-05,6.937128e-07,0.0038098237,0.18415089,0.81197137,1.2883881e-06
1564,1500,0,0,0.4688557,0.0006134993,0.05296026,0.18050146,0.2969249,0.00014407077
1565,1500,1500,1,0.051034793,0.00027102968,0.2974869,0.12755851,0.52354616,0.00010259346
1566,1500,1500,1,0.00077093916,4.3060018e-06,0.004185468,0.1974184,0.7976174,3.5354092e-06
1567,1500,1500,1,1.3260653e-05,4.6256116e-07,0.026950227,0.4232482,0.54978305,4.756331e-06
1568,1500,1500,1,0.011859415,1.272239e-05,0.0051406664,0.14640494,0.83658063,1.6390998e-06
1569,1500,1500,1,0.06318347,8.227579e-05,0.016070534,0.09151643,0.829139,8.271325e-06
1570,1500,1500,1,2.0214531e-05,8.648604e-08,0.0008043593,0.25184327,0.74733144,6.549346e-07
1571,1500,1500,1,0.0003136784,3.0446958e-05,0.12130072,0.28661203,0.5916223,0.0001208773
1572,1500,0,0,0.69935805,3.1439522e-05,0.121532135,0.046044093,0.1330301,4.1902967e-06
1573,1500,1500,1,0.00032392237,2.730189e-05,0.04285336,0.18441267,0.7722935,8.924429e-05
1574,1500,1500,1,0.00047891904,1.2363203e-05,0.016623287,0.1769779,0.80588704,2.0493448e-05
1575,1500,1500,1,0.00030267672,2.423755e-05,0.027028363,0.31321856,0.6593334,9.275258e-05
1576,1500,1500,1,0.0037801645,0.00012450939,0.084070764,0.18585742,0.72597855,0.00018859869
1577,1500,1500,1,0.0075764745,0.00020896077,0.18487653,0.27129713,0.5358597,0.00018119489
1578,1500,1500,1,0.0045310818,6.7023466e-05,0.026588546,0.20788199,0.7609124,1.8929446e-05
1579,1500,1500,1,1.0845968e-05,1.1868953e-07,0.0033161058,0.15521212,0.84145963,1.0945737e-06
1580,1500,1500,1,0.002124082,6.714761e-05,0.05031542,0.18354534,0.7638937,5.4236243e-05
1581,1500,1500,1,8.276525e-05,3.2906657e-06,0.01254379,0.15520483,0.8321568,8.519862e-06
1582,1500,500,0,0.056548037,7.2411305e-05,0.88634187,0.013896893,0.043108627,3.2179516e-05
1583,1500,1500,1,0.025255604,8.430666e-05,0.036517933,0.059522793,0.8786092,1.0164529e-05
1584,1500,1500,1,0.0008953927,6.0676797e-05,0.055721734,0.22523093,0.71790045,0.0001908149
1585,1500,1500,1,0.0021553023,5.7425583e-05,0.020393932,0.25851592,0.71883446,4.2953292e-05
1586,1500,1500,1,0.0041082213,0.0004917577,0.11220175,0.3524843,0.53004766,0.00066639145
1587,1500,500,0,0.0023476044,0.00019472987,0.73864627,0.15316889,0.105136834,0.00050558266
1588,1500,500,0,0.008802422,1.3675968e-05,0.96881425,0.011291739,0.011064965,1.31028355e-05
1589,1500,1500,1,0.007887657,5.4843945e-06,0.005620821,0.1997529,0.78673136,1.7539512e-06
1590,1500,1500,1,7.724939e-05,1.6821772e-06,0.0067284633,0.20866963,0.78451985,3.1157551e-06
1591,1500,1500,1,0.0051778806,0.00022280886,0.13176978,0.27779648,0.584767,0.00026606082
1592,1500,1500,1,2.311077e-05,2.1219428e-07,0.0046191467,0.10729969,0.8880573,4.874517e-07
1593,1500,1500,1,0.007838598,0.00025213754,0.03279821,0.27844426,0.68046147,0.00020532522
1594,1500,500,0,0.21539968,0.0009434873,0.5934479,0.0863547,0.10308793,0.00076632225
1595,1500,1500,1,0.0002973842,3.3871787e-05,0.06837673,0.21823883,0.712916,0.00013721359
1596,1500,1500,1,0.04167246,0.00039833953,0.08154867,0.30465567,0.57147896,0.0002459356
1597,1500,1500,1,0.0002622455,1.6277883e-06,0.0075521627,0.14177853,0.8504039,1.4789271e-06
1598,1500,1500,1,2.1647568e-06,1.2212348e-07,0.010003669,0.16092546,0.8290669,1.6857275e-06
1599,1500,1500,1,0.0001361764,2.105361e-06,0.003395578,0.13963093,0.8568332,2.0544342e-06
1600,1500,1500,1,0.056823052,0.0011137371,0.15104964,0.16214176,0.6284543,0.00041751942
1601,1500,1500,1,8.364996e-06,1.8820072e-07,0.0067026215,0.34050834,0.65277976,7.036455e-07
1602,1500,1500,1,9.78916e-05,1.190403e-06,0.003977044,0.17345622,0.82246584,1.7811843e-06
1603,1500,1500,1,0.001999772,2.618467e-05,0.012366004,0.15338826,0.83220756,1.2180754e-05
1604,1500,1500,1,0.006144776,2.812948e-06,0.0018849416,0.1251341,0.866833,3.9912982e-07
1605,1500,1500,1,0.0015662662,2.4022389e-05,0.016481532,0.1401648,0.84171987,4.3419146e-05
1606,1500,1500,1,0.0001997949,2.557522e-06,0.0035364307,0.1694413,0.8268126,7.335237e-06
1607,1500,1500,1,0.03675338,6.309024e-05,0.037297197,0.11227284,0.8136022,1.1288332e-05
1608,1500,1500,1,0.0009193471,1.3475877e-05,0.020751266,0.22604923,0.7522495,1.7244756e-05
1609,1500,1500,1,0.18348485,0.00012641726,0.12302973,0.25784466,0.43545634,5.798727e-05
1610,1500,1500,1,6.31512e-05,3.4203904e-06,0.057587992,0.27206087,0.67027074,1.3834521e-05
1611,1500,1500,1,0.14410636,1.8549652e-05,0.27246448,0.21692784,0.3664704,1.23019045e-05
1612,1500,1500,1,6.0552175e-06,8.316845e-08,0.00467383,0.26441878,0.7309008,4.6227598e-07
1613,1500,1500,1,0.0020259304,1.8822957e-05,0.015789948,0.3251017,0.65704846,1.5081978e-05
1614,1500,1500,1,0.32799834,8.0775906e-05,0.056584746,0.13760422,0.47771916,1.2722949e-05
1615,1500,1500,1,0.00017048042,1.9002345e-06,0.0054696677,0.26358798,0.73076713,2.869156e-06
1616,1500,1500,1,5.9347403e-06,2.968726e-07,0.059567872,0.27292216,0.6675018,1.9644672e-06
1617,1500,1500,1,1.3156146e-06,3.835624e-08,0.003105914,0.09800619,0.8988859,6.552749e-07
1618,1500,1500,1,0.00040029336,1.315125e-06,0.0035292497,0.14301912,0.8530492,7.669198e-07
1619,1500,1000,0,0.107603975,0.00019310873,0.19385442,0.42841804,0.2697048,0.00022561458
1620,1500,1500,1,3.7978447e-05,1.549016e-06,0.009544791,0.19361323,0.79679435,8.074242e-06
1621,1500,1500,1,0.00036533247,1.4972231e-05,0.009204415,0.39992318,0.5903392,0.00015295156
1622,1500,1500,1,0.010533807,4.856346e-05,0.008799428,0.13359067,0.847016,1.16323545e-05
1623,1500,1500,1,0.00016071598,1.9795793e-06,0.0048321355,0.082444794,0.9125579,2.472033e-06
1624,1500,1500,1,0.055069607,0.0008299558,0.051832914,0.14681989,0.74526286,0.00018480963
1625,1500,1500,1,0.014970182,6.465358e-05,0.1389208,0.18745996,0.65852475,5.9584614e-05
1626,1500,1500,1,0.00080950715,4.1770995e-06,0.0032435858,0.12542428,0.8705164,2.0242946e-06
1627,1500,1500,1,0.0002084218,2.8704055e-06,0.0118364,0.15285067,0.8350977,3.965586e-06
1628,1500,500,0,0.0018879293,2.1808852e-05,0.8194142,0.086742334,0.091885544,4.8122474e-05
1629,1500,1500,1,1.2440343e-05,4.9749858e-08,0.00127993,0.24010846,0.7585989,2.2237518e-07
1630,1500,1500,1,0.00071810634,1.9918503e-05,0.010217271,0.18990438,0.79912585,1.4435239e-05
1631,1500,1500,1,0.0015307912,7.5045005e-05,0.018328397,0.25470027,0.72514766,0.00021781695
1632,1500,1500,1,0.012951841,7.311019e-05,0.019162137,0.45528492,0.5124936,3.4355515e-05
1633,1500,1500,1,0.0011731074,8.12742e-06,0.012484289,0.15809368,0.8282367,4.1678118e-06
1634,1500,1500,1,2.178836e-05,1.9915242e-07,0.0012054374,0.23484953,0.76392174,1.2301452e-06
1635,1500,1500,1,0.060376067,0.0007124675,0.104869306,0.26628894,0.56741166,0.00034151325
1636,1500,1000,0,0.061396804,0.00016523039,0.03058784,0.5048613,0.40287358,0.0001152567
1637,1500,1500,1,6.800175e-05,6.0630015e-07,0.012564114,0.105326034,0.88204056,6.402328e-07
1638,1500,1500,1,8.4626954e-05,1.1220689e-05,0.1895015,0.28422275,0.5261352,4.4674063e-05
1639,1500,500,0,0.0025695043,0.00016908618,0.64840704,0.14133944,0.20717962,0.0003352904
1640,1500,1000,0,6.985924e-05,4.7085446e-06,0.12450592,0.59960884,0.27578348,2.7131591e-05
1641,1500,1500,1,0.00014125313,2.2307593e-06,0.0070979204,0.15736584,0.83538926,3.4718005e-06
1642,1500,500,0,0.04071338,0.0016089551,0.56747276,0.11368117,0.27523792,0.0012857992
1643,1500,1500,1,0.0024944085,1.5204558e-05,0.019691313,0.060414657,0.9173818,2.6134046e-06
1644,1500,1500,1,1.8647857e-05,1.586605e-07,0.0014586595,0.14161341,0.8569087,3.87466e-07
1645,1500,1500,1,0.019315196,0.00020175982,0.07563442,0.2362396,0.6685428,6.619826e-05
1646,1500,1500,1,0.0009841413,7.142283e-05,0.10910966,0.3250849,0.564608,0.00014197585
1647,1500,1500,1,0.027230104,7.952252e-05,0.08769875,0.1664428,0.71851116,3.771393e-05
1648,1500,1000,0,0.00013608336,1.0374345e-05,0.08679643,0.48879552,0.42419052,7.1107796e-05
1649,1500,1500,1,0.0019284867,0.0002783367,0.1843434,0.2778789,0.53482634,0.00074455614
1650,1500,1500,1,0.008155927,0.000704632,0.098404594,0.16099086,0.7311515,0.0005925397
1651,1500,1500,1,0.0020514778,0.00014760083,0.12003716,0.15004466,0.7272014,0.00051760965
1652,1500,500,0,0.010524506,3.6579262e-05,0.8003137,0.07522634,0.11388849,1.0384753e-05
1653,1500,1500,1,0.0062704575,5.4164066e-06,0.24037811,0.15464294,0.5986974,5.6976924e-06
1654,1500,1500,1,0.00030405133,1.6884855e-05,0.18224609,0.2637332,0.55366063,3.9163035e-05
1655,1500,1500,1,0.0043483907,2.4030656e-05,0.03532482,0.26968783,0.6905946,2.037523e-05
1656,1500,1500,1,0.0003752851,6.3924103e-06,0.016376527,0.31216893,0.67105746,1.5433465e-05
1657,1500,1500,1,0.00070366386,1.893659e-05,0.21650043,0.178624,0.6041302,2.283448e-05
1658,1500,1500,1,0.003282597,5.2778698e-05,0.008362443,0.06395433,0.92434406,3.859051e-06
1659,1500,1500,1,0.0014905551,1.8697407e-05,0.05013082,0.07955554,0.8687929,1.1497429e-05
1660,1500,1500,1,0.000105235275,1.3933679e-05,0.12402884,0.20627248,0.66951036,6.92168e-05
1661,1500,1500,1,0.0002593606,1.3117978e-05,0.06396339,0.16091636,0.7748201,2.7732172e-05
1662,1500,1500,1,4.64775e-05,3.4361761e-07,0.001921396,0.089228,0.9088033,3.897658e-07
1663,1500,1500,1,0.0047479863,6.952893e-05,0.033585537,0.13344388,0.8280991,5.402817e-05
1664,1500,1500,1,0.00027399338,2.207997e-06,0.0028330637,0.12557548,0.87131375,1.4769251e-06
1665,1500,1500,1,0.46998665,2.1619412e-06,0.02086121,0.026615664,0.48253426,8.050347e-08
1666,1500,1500,1,0.0036957841,4.0268224e-05,0.009159933,0.07649606,0.91060024,7.685164e-06
1667,1500,1500,1,0.0033602475,0.002037994,0.033382118,0.14296639,0.8088784,0.009374844
1668,1500,1000,0,0.0038873057,1.996553e-05,0.3243589,0.5334515,0.13822544,5.6832363e-05
1669,1500,1500,1,0.0012740457,5.8166124e-06,0.00685426,0.2509767,0.74088514,4.092053e-06
1670,1500,1500,1,0.050008524,0.0005647068,0.290461,0.18166883,0.47684416,0.00045283925
1671,1500,1500,1,0.00019081403,2.9769544e-06,0.0036045262,0.17710078,0.8190914,9.576061e-06
1672,1500,500,0,0.023970367,0.00017205422,0.83258575,0.048415795,0.09469197,0.0001640931
1673,1500,1500,1,9.795842e-05,2.0975506e-06,0.007949095,0.16884036,0.8231097,7.83985e-07
1674,1500,1500,1,0.012950061,0.00038125555,0.011460455,0.092303,0.8828699,3.5386853e-05
1675,1500,1500,1,0.005687637,0.001216144,0.08283372,0.3734576,0.5341423,0.0026625672
1676,1500,1500,1,0.08100134,0.00034567737,0.060818397,0.18726884,0.6705009,6.49012e-05
1677,1500,1500,1,0.29143938,0.00021537613,0.17114827,0.06534759,0.47182098,2.8413537e-05
1678,1500,1500,1,0.003971579,0.00042599623,0.04532644,0.21776448,0.73172987,0.00078165444
1679,1500,1500,1,0.00039198194,5.731116e-06,0.011895483,0.08710682,0.900597,3.0127703e-06
1680,1500,1500,1,0.04882512,0.00010736005,0.043517895,0.08311878,0.8244246,6.16763e-06
1681,1500,1500,1,0.0006250578,4.716294e-06,0.0029883152,0.13067962,0.8656994,2.873526e-06
1682,1500,1500,1,0.00039304091,7.5874345e-06,0.0074231643,0.10205857,0.8901106,6.9635253e-06
1683,1500,1500,1,1.0750672e-05,2.2946349e-08,0.0006622318,0.09335373,0.9059733,4.8243813e-08
1684,1500,1500,1,0.007371122,5.9284004e-05,0.011999845,0.19906145,0.78148997,1.8343588e-05
1685,1500,1500,1,0.0005385856,2.1772936e-05,0.379514,0.096608706,0.52328086,3.6139118e-05
1686,1500,1500,1,3.0076339e-05,2.0479818e-06,0.031512845,0.1736392,0.794806,9.835536e-06
1687,1500,1000,0,0.00018772436,2.8283478e-07,0.0007795379,0.5138875,0.48514336,1.590848e-06
1688,1500,1000,0,0.0009178726,9.055907e-05,0.03913499,0.60249114,0.3564657,0.0008996992
1689,1500,1500,1,0.016721489,3.029775e-05,0.017524863,0.0820388,0.8836801,4.560964e-06
1690,1500,1500,1,0.016554205,9.6978554e-05,0.026285555,0.13585559,0.8211773,3.0327597e-05
1691,1500,1500,1,0.0029298093,7.606119e-05,0.11216905,0.103471525,0.78128326,7.032236e-05
1692,1500,1500,1,3.3707398e-05,9.2536675e-07,0.013878921,0.23417185,0.751912,2.5746658e-06
1693,1500,1000,0,0.0014932298,4.6784385e-06,0.04910999,0.62707597,0.3222959,2.0278456e-05
1694,1500,1000,0,0.006173394,1.382944e-05,0.008235581,0.7755946,0.209953,2.9573792e-05
1695,1500,1500,1,0.00012195662,5.068849e-06,0.04353899,0.36128172,0.5950225,2.9810266e-05
1696,1500,0,0,0.44521138,0.00015026292,0.25374466,0.17729935,0.12350677,8.759306e-05
1697,1500,1500,1,0.00035652405,7.659799e-06,0.044267643,0.24323814,0.71211576,1.4219824e-05
1698,1500,1500,1,0.00012767709,1.0250683e-06,0.010864866,0.37619904,0.61280483,2.6001426e-06
1699,1500,1000,0,0.0036341082,1.9176528e-05,0.025909288,0.54034287,0.43007457,1.994228e-05
1700,1500,1500,1,0.00018108916,5.3048126e-07,0.003889408,0.23530221,0.76062626,4.829672e-07
1701,1500,1500,1,7.561849e-06,4.5397192e-07,0.013964816,0.15836163,0.8276623,3.2237158e-06
1702,1500,1500,1,7.5432813e-06,2.4950523e-07,0.003023918,0.4110929,0.5858537,2.1642627e-05
1703,1500,1500,1,0.00038879286,1.9529227e-05,0.02950896,0.40736613,0.5626679,4.8769107e-05
1704,1500,1500,1,0.0004692882,2.158638e-06,0.0051615033,0.21930982,0.77505517,1.9974536e-06
1705,1500,1500,1,0.0015275185,6.099937e-05,0.042707294,0.2195261,0.73609406,8.4096886e-05
1706,1500,1500,1,6.0574424e-05,2.5758727e-06,0.13429348,0.12478432,0.74085104,8.040407e-06
1707,1500,1500,1,2.97693e-05,1.4152869e-06,0.012857197,0.38022807,0.6068694,1.4177922e-05
1708,1500,1500,1,0.0003193532,1.9520618e-05,0.02079732,0.21825926,0.76055425,5.0261697e-05
1709,1500,1500,1,0.00020054336,5.5727423e-06,0.0069019017,0.25073686,0.74213445,2.0610252e-05
1710,1500,1500,1,2.0802556e-06,3.625177e-08,0.011676944,0.20009272,0.788228,2.81938e-07
1711,1500,1500,1,7.710447e-05,7.3732376e-06,0.18687682,0.18987459,0.6231315,3.26375e-05
1712,1500,1500,1,0.005595154,0.000107720356,0.091887735,0.13801096,0.76430064,9.77533e-05
1713,1500,1500,1,0.010225972,8.304741e-05,0.20910631,0.1085523,0.67197883,5.360369e-05
1714,1500,1500,1,0.007889616,0.00018925013,0.02579863,0.17702258,0.7890098,9.012407e-05
1715,1500,1500,1,0.00058162445,0.00017673045,0.080953255,0.23874608,0.67839485,0.001147455
1716,1500,1000,0,2.9220379e-05,9.746899e-07,0.21543492,0.5601238,0.22440018,1.0914359e-05
1717,1500,1000,0,4.550552e-05,2.0827338e-06,0.06335861,0.6174172,0.31915465,2.1906744e-05
1718,1500,1500,1,0.00015308507,1.2396059e-06,0.012498309,0.4329806,0.55436236,4.3587506e-06
1719,1500,500,0,0.003719248,9.746511e-05,0.69539165,0.13283773,0.16779345,0.00016049172
1720,1500,1000,0,1.8982353e-05,1.12452994e-07,0.01687605,0.636446,0.34665626,2.683552e-06
1721,1500,1000,0,0.0002185064,1.266258e-05,0.36080742,0.39356142,0.24533637,6.368509e-05
1722,1500,1500,1,0.004590785,0.00014587876,0.27700275,0.28932577,0.42861867,0.0003162231
1723,1500,1000,0,0.0327378,5.3155807e-05,0.03912838,0.6178974,0.31012067,6.254701e-05
1724,1500,1500,1,7.72244e-06,1.6162008e-07,0.013592731,0.26700696,0.7193917,6.4414604e-07
1725,1500,1000,0,0.0016377372,1.362055e-06,0.006800258,0.6869403,0.30461782,2.5318532e-06
1726,1500,1500,1,0.000138088,7.4135514e-06,0.045981012,0.16201697,0.791837,1.9493438e-05
1727,1500,1500,1,0.0004968167,6.693785e-06,0.019631665,0.34353188,0.63632184,1.1049645e-05
1728,1500,1500,1,1.3249048e-05,2.4401123e-07,0.004706868,0.33153704,0.66374063,2.0010243e-06
1729,1500,1500,1,0.00037860425,1.0817663e-05,0.022411285,0.4346889,0.5424867,2.3716399e-05
1730,1500,1000,0,0.0004680043,1.4432328e-05,0.019707676,0.5219743,0.45779726,3.8230686e-05
1731,1500,500,0,0.016510956,0.00051878276,0.7139998,0.100406885,0.16797017,0.0005934193
1732,1500,500,0,0.00018390095,8.669894e-06,0.6860784,0.15982918,0.15386595,3.3898883e-05
1733,1500,500,0,0.015096041,0.0011222049,0.6366504,0.12761772,0.2182019,0.001311674
1734,1500,1500,1,0.00014076171,9.472523e-06,0.013084398,0.21867353,0.7680413,5.0568826e-05
1735,1500,500,0,0.016532352,2.7172462e-05,0.45061284,0.13246468,0.40033296,2.9959914e-05
1736,1500,1500,1,0.0014364407,9.833834e-05,0.16254318,0.15040442,0.6853728,0.00014478876
1737,1500,1500,1,0.024600802,0.00032468452,0.11512908,0.093399964,0.7664448,0.00010071565
1738,1500,1500,1,0.0079953605,0.00069982436,0.1994844,0.10820105,0.683483,0.00013630962
1739,1500,1500,1,0.0025210488,0.00026459058,0.060146797,0.21711789,0.719156,0.0007936109
1740,1500,1000,0,0.00079667213,0.0011602194,0.027656373,0.43011704,0.39725703,0.14301267
1741,1500,1500,1,0.0111834025,0.00060239295,0.055267803,0.19791235,0.7346649,0.00036910613
1742,1500,1500,1,0.024533303,0.044510342,0.1270073,0.124583036,0.6103213,0.06904478
1743,1500,1500,1,0.056144435,0.0001475801,0.061171185,0.11494255,0.76755977,3.4495613e-05
1744,1500,1500,1,0.0032876146,0.00019070861,0.0788601,0.34610286,0.5713244,0.00023429992
1745,1500,1500,1,0.0006014163,1.2239855e-06,0.0018781422,0.106170185,0.8913488,3.5086705e-07
1746,1500,1500,1,8.402262e-06,2.848424e-07,0.0076971296,0.17719927,0.8150929,1.9901095e-06
1747,1500,1500,1,2.4199952e-07,3.6177927e-09,0.0005654358,0.19510578,0.8043284,1.3849801e-07
1748,1500,1500,1,0.23175886,2.0194557e-05,0.09724357,0.09154348,0.57943064,3.251999e-06
1749,1500,1500,1,0.00012054627,8.24201e-07,0.0026844821,0.1562269,0.8409662,1.0061888e-06
1750,1500,500,0,0.25847945,0.00018385769,0.41051635,0.05387795,0.27689424,4.8167407e-05
1751,1500,1500,1,0.0007012481,4.8605125e-06,0.0065257065,0.116497174,0.8762681,2.9073171e-06
1752,1500,1500,1,0.0014945314,3.7957514e-05,0.03593073,0.21031831,0.75218344,3.5008743e-05
1753,1500,1500,1,0.002717494,7.969848e-05,0.028849235,0.16338061,0.80491203,6.0911392e-05
1754,1500,1500,1,0.0013917404,1.8962104e-05,0.027533755,0.23227587,0.7387585,2.1144559e-05
1755,1500,1500,1,0.00038979057,1.1582174e-06,0.0025898693,0.3027711,0.6942473,8.5510806e-07
1756,1500,1500,1,0.000333127,3.5086578e-05,0.12178886,0.2374552,0.6402634,0.00012435275
1757,1500,1500,1,0.00041319273,3.4062774e-05,0.061698757,0.1843849,0.7533915,7.755325e-05
1758,1500,1500,1,0.004899619,0.00017469762,0.0625865,0.3393468,0.5926785,0.00031386252
1759,1500,0,0,0.6002679,4.2823016e-05,0.041288584,0.032575503,0.32582286,2.3556927e-06
1760,1500,1500,1,0.00050017145,1.5966327e-05,0.014356109,0.1784938,0.8066091,2.4884468e-05
1761,1500,1500,1,0.0009109223,8.8201034e-07,0.0015725913,0.08810386,0.9094116,1.432456e-07
1762,1500,500,0,0.00035100253,1.0195563e-05,0.73348933,0.062090274,0.20403598,2.3247245e-05
1763,1500,1500,1,0.053404223,6.259334e-05,0.038502764,0.075625524,0.8323972,7.6054866e-06
1764,1500,1500,1,0.0018395302,1.553603e-05,0.007211024,0.21712457,0.7737938,1.5554266e-05
1765,1500,1500,1,0.00041623978,1.4888829e-05,0.02408092,0.190339,0.7851181,3.081406e-05
1766,1500,1500,1,0.0041245143,0.0003477465,0.13618031,0.29311794,0.5654561,0.00077341765
1767,1500,1500,1,0.0014528073,5.5306296e-05,0.22225493,0.0951747,0.6810165,4.5805948e-05
1768,1500,1500,1,0.017261257,0.0003678285,0.061645336,0.1315704,0.7890311,0.00012405128
1769,1500,500,0,0.010079212,0.000161978,0.59667486,0.10913936,0.28378192,0.00016275377
1770,1500,500,0,0.010048845,0.00021712387,0.72988373,0.12551439,0.13407566,0.00026018883
1771,1500,1500,1,0.037690137,0.00035094042,0.23873876,0.27542076,0.44745824,0.0003411219
1772,1500,1500,1,0.0035986356,0.00010590715,0.2923773,0.31063375,0.3931809,0.00010358047
1773,1500,1500,1,6.1876664e-05,2.1665255e-06,0.05564405,0.33711454,0.6071668,1.055921e-05
1774,1500,500,0,0.0380986,0.0017836193,0.5191495,0.2020182,0.23756213,0.0013879584
1775,1500,500,0,0.00496238,0.00016259964,0.48856482,0.23222227,0.27381676,0.0002712162
1776,1500,1500,1,0.0009858994,6.57034e-06,0.012596066,0.07685724,0.9095516,2.6553764e-06
1777,1500,1500,1,0.0011652464,1.5134767e-05,0.012946502,0.31855997,0.6672795,3.367714e-05
1778,1500,1500,1,0.03096901,3.6133697e-05,0.09921299,0.1825165,0.68724746,1.7822635e-05
1779,1500,1500,1,0.02250505,0.0002250461,0.099412695,0.24467286,0.6330476,0.00013674752
1780,1500,0,0,0.48862362,6.943801e-05,0.20537871,0.15398099,0.15192355,2.3737877e-05
1781,1500,1500,1,0.023757493,0.00023437876,0.08979525,0.26231217,0.6237406,0.00016002714
1782,1500,1500,1,0.0017909936,8.4004e-05,0.29530352,0.18120229,0.52149826,0.00012090072
1783,1500,1000,0,0.033292968,0.00025952348,0.05242549,0.5713742,0.342272,0.00037580603
1784,1500,1000,0,5.008822e-05,1.7685782e-08,0.00031754244,0.6276303,0.37200195,1.04095605e-07
1785,1500,1500,1,0.0040555336,0.00029847416,0.06857312,0.42762965,0.49892318,0.00052006607
1786,1500,1000,0,9.359094e-06,1.7134734e-09,0.00010693137,0.97395563,0.025927726,2.7522103e-07
1787,1500,1500,1,0.00035071926,6.1439977e-07,0.0021669415,0.27265757,0.7248236,6.3929525e-07
1788,1500,500,0,0.14202268,0.0017086035,0.4542605,0.18322968,0.21750149,0.00127706
1789,1500,1000,0,7.5076234e-05,1.0507824e-07,0.0007206442,0.66420054,0.33500108,2.5658726e-06
1790,1500,1500,1,0.0013261988,5.04464e-05,0.029699158,0.4500702,0.5187401,0.000113934955
1791,1500,1000,0,0.0001651162,1.7808917e-06,0.008820045,0.630367,0.36063343,1.2624121e-05
1792,1500,1500,1,1.8594455e-05,9.51383e-07,0.022013666,0.39073315,0.58722067,1.3032948e-05
1793,1500,1500,1,0.0003613234,1.7983144e-05,0.052841783,0.25276694,0.6939712,4.077413e-05
1794,1500,1500,1,0.001840706,9.365517e-05,0.057791308,0.26144856,0.6787132,0.000112504385
1795,1500,1000,0,5.217324e-05,4.943862e-07,0.026559703,0.80600166,0.16737838,7.5663097e-06
1796,1500,500,0,0.2295526,0.00091594044,0.33319366,0.22328538,0.21264723,0.0004051943
1797,1500,1000,0,0.0076919417,7.165405e-05,0.10518663,0.6432426,0.24366558,0.00014157673
1798,1500,1500,1,0.00011626314,3.9123943e-06,0.011198045,0.28162354,0.707037,2.1321455e-05
1799,1500,1000,0,0.008527029,0.00025678,0.055480327,0.4725775,0.46278548,0.00037293954
1800,1500,0,0,0.9791574,1.990623e-06,0.013954428,0.002826374,0.004059524,2.5092984e-07
1801,1500,1000,0,0.04256044,5.1264567e-05,0.012810638,0.5198306,0.42471373,3.3344495e-05
1802,1500,1000,0,0.0003783623,1.1271948e-06,0.020239096,0.8948033,0.08456658,1.1632027e-05
1803,1500,1500,1,0.0074840854,7.0810274e-05,0.015993586,0.34074226,0.6356479,6.131187e-05
1804,1500,1500,1,7.0420785e-05,2.8161596e-06,0.006512933,0.24670988,0.7466858,1.8133513e-05
1805,1500,1500,1,0.0003555912,2.5363188e-06,0.004946231,0.101531655,0.89316124,2.7658064e-06
1806,1500,1500,1,0.002171683,6.726183e-05,0.055878688,0.25320917,0.6886197,5.3548538e-05
1807,1500,1500,1,0.004098063,2.81921e-05,0.06468653,0.18175879,0.7494057,2.2812072e-05
1808,1500,1500,1,0.0007632077,3.403451e-05,0.09917953,0.10761483,0.7923668,4.158986e-05
1809,1500,1500,1,0.0012122915,3.267131e-05,0.011894987,0.18012908,0.80667555,5.5358196e-05
1810,1500,1500,1,0.002621087,6.653112e-05,0.012659051,0.13615507,0.84845436,4.386837e-05
1811,1500,1500,1,4.3891764e-06,1.0172852e-07,0.0033198535,0.40082538,0.5958477,2.660348e-06
1812,1500,1500,1,1.1603414e-05,6.7272555e-07,0.047640547,0.31824037,0.6341026,4.2030233e-06
1813,1500,1500,1,0.00036396232,9.273783e-06,0.024911255,0.21577561,0.7589234,1.6493488e-05
1814,1500,1500,1,0.00013136354,4.606145e-06,0.020812087,0.40050703,0.5785178,2.711665e-05
1815,1500,1500,1,0.00028128407,1.3233514e-05,0.13458425,0.24705292,0.6180238,4.4538658e-05
1816,1500,1500,1,0.0028048665,3.2910605e-06,0.05865304,0.2229695,0.7155647,4.6411387e-06
1817,1500,500,0,0.011185963,9.494955e-05,0.6604444,0.0793015,0.2488658,0.00010739798
1818,1500,1500,1,1.6462129e-05,4.6991823e-07,0.01080082,0.17028,0.8189005,1.8000841e-06
1819,1500,1500,1,0.02150723,7.4190466e-05,0.06965514,0.38574705,0.52293795,7.843597e-05
1820,1500,500,0,0.003930576,6.528268e-05,0.88242096,0.06084595,0.052644644,9.2536284e-05
1821,1500,500,0,0.00994294,0.00026738612,0.5116174,0.113959156,0.36394516,0.00026792774
1822,1500,1500,1,0.007653879,0.00048698296,0.088748485,0.4038611,0.49847272,0.00077678694
1823,1500,1500,1,3.858974e-06,1.6673692e-08,0.0007198349,0.16301979,0.8362564,7.709131e-08
1824,1500,1500,1,5.2580184e-05,7.7902655e-07,0.055990554,0.14183971,0.80211467,1.7363751e-06
1825,1500,1500,1,0.00039035146,1.6375445e-05,0.038238768,0.42493272,0.53638005,4.1760253e-05
1826,1500,1500,1,0.29542366,0.000100373785,0.21067375,0.18763104,0.30611607,5.5075823e-05
1827,1500,1500,1,0.0027614178,2.0740521e-05,0.010776579,0.33727017,0.64914626,2.482057e-05
1828,1500,1000,0,0.043340288,0.00039559463,0.06496212,0.45857084,0.43246195,0.0002691438
1829,1500,500,0,0.01952649,1.8542334e-05,0.71247333,0.12431622,0.14363454,3.0939293e-05
1830,1500,500,0,0.00057174126,1.3969827e-05,0.44554955,0.41450843,0.13929112,6.510991e-05
1831,1500,1500,1,8.788167e-05,1.8553998e-06,0.0068314667,0.13005456,0.86302143,2.8250056e-06
1832,1500,1500,1,0.0003158625,3.9190334e-07,0.000926797,0.097014904,0.901742,1.3989906e-07
1833,1500,1500,1,0.0013545632,3.8536496e-06,0.002302452,0.18200299,0.81433505,1.0601874e-06
1834,1500,1500,1,0.0025445856,8.1479164e-05,0.024535501,0.32248673,0.6502483,0.000103430066
1835,1500,1500,1,5.3536645e-05,1.2921731e-06,0.006747605,0.34853813,0.64465296,6.4501046e-06
1836,1500,1500,1,3.111173e-05,8.152567e-07,0.015944753,0.13145623,0.85256517,1.9036028e-06
1837,1500,1500,1,0.0039319512,3.0115878e-05,0.007766339,0.137077,0.8511827,1.1840349e-05
1838,1500,1500,1,0.00033480398,4.2831063e-05,0.059065267,0.16201565,0.77834016,0.00020129276
1839,1500,0,0,0.8637725,0.004098615,0.064856224,0.01143501,0.055469304,0.00036845362
1840,1500,1500,1,0.0006396432,1.4755259e-05,0.030026471,0.16002952,0.8092688,2.083033e-05
1841,1500,1500,1,0.00018569667,7.7521545e-06,0.04197059,0.29232073,0.6654904,2.4813306e-05
1842,1500,1500,1,1.3520033e-05,6.2186274e-07,0.015688889,0.1606736,0.8236208,2.6862203e-06
1843,1500,1500,1,0.0006156752,3.2078726e-05,0.090901434,0.2150382,0.6933402,7.237503e-05
1844,1500,500,0,0.077294715,3.1835623e-06,0.8365742,0.0057217465,0.08040552,5.6782824e-07
1845,1500,1500,1,0.002499674,4.263948e-05,0.08900459,0.24241233,0.66598916,5.160519e-05
1846,1500,1000,0,0.0049544754,6.753816e-05,0.046520527,0.6322372,0.31608126,0.0001390067
1847,1500,1500,1,0.000643158,3.5402492e-05,0.18625194,0.09615162,0.71687084,4.706512e-05
1848,1500,500,0,0.0077533564,9.668394e-05,0.865206,0.051973525,0.07487102,9.9440906e-05
1849,1500,500,0,0.34421518,0.0008607316,0.37424365,0.069800474,0.2105924,0.00028755862
1850,1500,1500,1,0.020361576,0.00021426806,0.10293939,0.064437546,0.81201905,2.8184846e-05
1851,1500,1500,1,0.0022655202,0.000171722,0.22369778,0.26417288,0.50942403,0.0002680302
1852,1500,1500,1,0.01052543,0.0006982287,0.11544854,0.36619562,0.50469524,0.0024369871
1853,1500,1500,1,0.28181732,3.2691616e-05,0.015700666,0.043807786,0.6586403,1.2701993e-06
1854,1500,0,0,0.43997616,8.929817e-05,0.31266552,0.021685751,0.22557208,1.1140847e-05
1855,1500,0,0,0.5098009,0.006261297,0.019395845,0.03677902,0.42750776,0.00025513902
1856,1500,1500,1,0.026056515,0.00019561358,0.42722595,0.067218676,0.4792221,8.114603e-05
1857,1500,500,0,0.0024077226,5.187277e-05,0.90989214,0.04021848,0.04734915,8.059598e-05
1858,1500,500,0,0.016848914,0.0010531032,0.602273,0.1712038,0.20731936,0.0013018433
1859,1500,1500,1,0.00019113765,2.21189e-06,0.008313872,0.24493839,0.7465504,3.9607435e-06
1860,1500,1500,1,0.00024918048,2.2876532e-06,0.021722693,0.09075443,0.8872696,1.812384e-06
1861,1500,1500,1,0.0185006,1.4617268e-06,0.37307414,0.028824933,0.5795985,3.8413708e-07
1862,1500,1500,1,5.9468755e-05,5.2187197e-06,0.22733672,0.18464325,0.5879353,2.0033005e-05
1863,1500,1000,0,0.004848477,2.7278988e-06,0.010361089,0.67309177,0.31168953,6.3867187e-06
1864,1500,500,0,0.0037399621,0.00020798392,0.69453025,0.16625366,0.13490382,0.0003642946
1865,1500,1500,1,0.001362916,4.5600314e-05,0.029343726,0.19957364,0.7696262,4.793497e-05
1866,1500,1500,1,0.0034771555,8.2325496e-05,0.36568642,0.14745022,0.48319376,0.00011011894
1867,1500,1000,0,0.0002030567,1.1155195e-05,0.09750162,0.45319402,0.4490556,3.450909e-05
1868,1500,1500,1,0.00096039334,1.957735e-06,0.0028422833,0.315096,0.6810966,2.7902006e-06
1869,1500,1500,1,1.9318897e-05,1.4318812e-06,0.022719037,0.2092385,0.76801205,9.597737e-06
1870,1500,500,0,0.0006924668,5.6952595e-05,0.4565764,0.16176967,0.3807599,0.00014469436
1871,1500,1500,1,0.0016811775,8.152831e-06,0.024421044,0.09998573,0.8738978,6.0656816e-06
1872,1500,0,0,0.8197155,0.00012521347,0.041055053,0.036252942,0.10283575,1.5527045e-05
1873,1500,1500,1,0.006015838,2.9423889e-05,0.017705474,0.41075462,0.5654667,2.792373e-05
1874,1500,1000,0,0.00037645677,1.2861707e-05,0.10084505,0.5885401,0.31018266,4.302456e-05
1875,1500,1500,1,0.0008102297,1.7552324e-05,0.027542476,0.19657509,0.77503234,2.240141e-05
1876,1500,1500,1,0.00072828494,2.491257e-05,0.055209216,0.136314,0.8076894,3.417885e-05
1877,1500,500,0,0.00036376185,1.0565805e-06,0.9676303,0.021660252,0.010342179,2.3117445e-06
1878,1500,500,0,0.00082437065,1.9436387e-05,0.5249387,0.15917227,0.31500325,4.1995932e-05
1879,1500,1500,1,1.4064649e-05,2.805601e-07,0.0022930969,0.13439094,0.8632989,2.7017932e-06
1880,1500,1500,1,0.02005764,5.326338e-06,0.004933027,0.13186888,0.8431342,9.030829e-07
1881,1500,1000,0,0.04856722,0.00090227433,0.30457914,0.382481,0.26248085,0.0009894973
1882,1500,1500,1,1.33413405e-05,1.2483305e-06,0.016092986,0.2903471,0.69351506,3.0193502e-05
1883,1500,1000,0,0.00058212894,1.0831035e-05,0.018807575,0.52706707,0.45349312,3.9182487e-05
1884,1500,1000,0,0.00021137316,8.219164e-07,0.0057257176,0.7451396,0.24891904,3.4968627e-06
1885,1500,1500,1,9.800757e-07,2.684236e-08,0.0050053773,0.4470643,0.5479277,1.6438431e-06
1886,1500,1000,0,0.00038416692,6.051516e-06,0.005950775,0.49888894,0.4947262,4.390222e-05
1887,1500,1500,1,0.00036807757,2.3393857e-05,0.09972953,0.4367182,0.4630602,0.00010063007
1888,1500,1500,1,0.00020189463,9.843984e-06,0.05539928,0.282614,0.66175324,2.1796408e-05
1889,1500,1500,1,0.00027212908,2.143425e-05,0.10544439,0.28411415,0.6100579,8.9987865e-05
1890,1500,1000,0,7.9586396e-05,9.463343e-06,0.2651828,0.40398332,0.33066702,7.7820296e-05
1891,1500,1500,1,0.000262759,7.1959057e-06,0.019170633,0.108059235,0.8724907,9.452365e-06
1892,1500,1500,1,0.0019748283,6.7264395e-05,0.041611973,0.2089469,0.74731416,8.4879626e-05
1893,1500,1500,1,0.00047253654,1.2392677e-05,0.00898413,0.14178765,0.8487277,1.5605705e-05
1894,1500,1500,1,0.006780829,0.00015310393,0.06402357,0.13274889,0.7962177,7.595931e-05
1895,1500,1500,1,0.0038308124,4.596168e-05,0.014536681,0.3181865,0.66334844,5.164615e-05
1896,1500,1500,1,0.00011176207,2.4295918e-05,0.12446419,0.21213935,0.6631214,0.00013898035
1897,1500,1500,1,0.0032663774,0.00021843328,0.07614462,0.18873823,0.7313907,0.000241661
1898,1500,1500,1,0.0008987015,0.0001211515,0.30792263,0.29649946,0.3941076,0.00045041516
1899,1500,1500,1,1.7203194e-05,3.327694e-06,0.008110924,0.20793934,0.78362226,0.0003069266
1900,1500,1500,1,0.029987833,0.0067880135,0.14397193,0.15796633,0.65673584,0.0045500956
1901,1500,1500,1,0.027945142,0.00016335855,0.1753403,0.067336455,0.72917306,4.1740033e-05
1902,1500,1500,1,0.00070230337,0.00016700124,0.053935047,0.21567652,0.7289263,0.0005927609
1903,1500,1000,0,5.8375237e-05,1.5707818e-06,0.0145011,0.72495794,0.26045147,2.9587645e-05
1904,1500,1500,1,0.06953966,0.0001592805,0.17359233,0.13338192,0.6232621,6.468871e-05
1905,1500,1500,1,1.4914701e-05,4.3454344e-07,0.016805062,0.19123897,0.791939,1.6376712e-06
1906,1500,1500,1,0.00036381825,1.5012063e-05,0.04066111,0.28839308,0.6705323,3.4606976e-05
1907,1500,1500,1,0.001055133,1.8145609e-05,0.03907804,0.25260204,0.7072043,4.2418393e-05
1908,1500,1500,1,0.0031935016,2.4698775e-05,0.05765295,0.35319415,0.585894,4.069127e-05
1909,1500,1500,1,0.00010728239,3.3898993e-06,0.0073474534,0.19765073,0.7948758,1.539675e-05
1910,1500,500,0,0.05249159,0.00034341047,0.38022846,0.3018424,0.26417562,0.0009184853
1911,1500,1500,1,0.016182289,0.0010048711,0.28637725,0.121511295,0.5744513,0.00047293762
1912,1500,500,0,0.0019219774,2.7952936e-05,0.894025,0.048771884,0.055218156,3.507007e-05
1913,1500,1500,1,0.00026415163,4.3214466e-05,0.05649201,0.253139,0.6897333,0.00032833611
1914,1500,1500,1,0.0033306577,0.00056658714,0.12988234,0.2958899,0.5692723,0.0010581547
1915,1500,500,0,0.0012214137,0.00014495727,0.46487856,0.3143168,0.21848261,0.00095565483
1916,1500,1500,1,0.014443282,0.00013944114,0.1455336,0.07688981,0.76292837,6.551724e-05
1917,1500,1500,1,1.145213e-08,2.3035111e-10,0.0010003026,0.25641716,0.74258244,5.1219075e-08
1918,1500,1500,1,0.00062386383,3.914417e-06,0.0092782825,0.40145102,0.58863527,7.681816e-06
1919,1500,1500,1,0.0034780782,6.732927e-05,0.05582035,0.17201664,0.7685594,5.831015e-05
1920,1500,500,0,0.0020138507,5.0449384e-05,0.4846117,0.22290264,0.29032043,0.00010102582
1921,1500,1500,1,0.008104688,9.940693e-05,0.019484224,0.34762073,0.62460214,8.871782e-05
1922,1500,1500,1,8.712351e-05,1.482538e-06,0.0147961015,0.43957,0.54553634,8.8238e-06
1923,1500,1500,1,1.717207e-05,2.032853e-07,0.0040550577,0.106454596,0.8894725,4.1042014e-07
1924,1500,1500,1,0.00088178116,1.2652216e-06,0.003470917,0.108799376,0.886846,6.336805e-07
1925,1500,1000,0,0.00030487348,2.5581054e-05,0.13768609,0.44497174,0.41692898,8.2769664e-05
1926,1500,1500,1,0.0014128089,5.0944636e-05,0.24372125,0.29264385,0.46204036,0.0001307948
1927,1500,1500,1,0.001624013,8.446813e-05,0.09712728,0.29840127,0.60250765,0.0002553092
1928,1500,1500,1,0.0445138,0.00082770723,0.28724375,0.20954335,0.45717075,0.0007006168
1929,1500,1500,1,2.0883013e-05,1.347225e-07,0.0057568285,0.17777811,0.8164437,3.0265537e-07
1930,1500,1500,1,0.00013779187,5.4809575e-06,0.08674293,0.22087862,0.69222176,1.3381132e-05
1931,1500,1500,1,0.007923943,5.6006465e-05,0.23428907,0.21860142,0.5390504,7.9143654e-05
1932,1500,1500,1,0.0004877268,1.7504512e-05,0.026689172,0.16146892,0.81130475,3.1934393e-05
1933,1500,1500,1,4.0094424e-06,4.112504e-08,0.0025042975,0.1182401,0.8792513,1.7376703e-07
1934,1500,1500,1,0.00016317035,9.015029e-06,0.016392881,0.16375591,0.8196306,4.8389298e-05
1935,1500,1500,1,0.0025301431,0.00023681238,0.06743943,0.30723137,0.6220529,0.0005093743
1936,1500,1500,1,0.0035382914,1.5990514e-05,0.005246904,0.12696888,0.8642256,4.33617e-06
1937,1500,1500,1,0.011188643,0.00011602747,0.28272006,0.17817181,0.52770126,0.000102248094
1938,1500,1500,1,0.0013041991,7.807792e-06,0.01553279,0.13088006,0.85227156,3.5915482e-06
1939,1500,1500,1,0.0037015863,4.1581312e-05,0.03960839,0.19016339,0.7664681,1.6868633e-05
1940,1500,1500,1,0.00035247597,7.592373e-06,0.2056008,0.18833512,0.6056919,1.2058107e-05
1941,1500,1500,1,0.00052487734,9.372583e-06,0.015102021,0.10817724,0.87617785,8.65418e-06
1942,1500,1500,1,3.2499305e-05,8.6874576e-07,0.051205136,0.101252615,0.8475045,4.3746627e-06
1943,1500,1500,1,6.0299535e-05,1.5193618e-06,0.018760188,0.1639144,0.8172592,4.4558765e-06
1944,1500,1500,1,0.00018630302,1.2059122e-06,0.011482472,0.16384007,0.8244881,1.8437131e-06
1945,1500,1500,1,1.7973957e-07,3.2138812e-09,0.0017626211,0.204921,0.7933161,6.978488e-08
1946,1500,1500,1,3.7611005e-07,1.1005701e-08,0.004795516,0.07230438,0.9228995,1.9296928e-07
1947,1500,1500,1,0.00088217657,2.3733974e-05,0.0126537215,0.19809602,0.78829855,4.5828823e-05
1948,1500,1500,1,0.00044446983,6.546377e-05,0.11448549,0.2271965,0.65756613,0.00024192603
1949,1500,1500,1,0.0013503219,1.0611926e-05,0.04957044,0.35117406,0.5978687,2.5975169e-05
1950,1500,1500,1,0.00041034265,5.446197e-06,0.0155114075,0.18707645,0.7969891,7.2792177e-06
1951,1500,1500,1,0.002083252,4.7442612e-05,0.03951888,0.41544336,0.54268724,0.00021983904
1952,1500,1500,1,0.025774619,8.28395e-06,0.01391215,0.22442637,0.7358752,3.324457e-06
1953,1500,1500,1,0.00025840505,5.743923e-06,0.012307829,0.19244403,0.7949708,1.331076e-05
1954,1500,1500,1,3.762204e-06,2.459372e-07,0.025636612,0.2385427,0.7358137,2.9719902e-06
1955,1500,1000,0,4.5249726e-06,5.31716e-07,0.008834043,0.7351684,0.25575724,0.00023530188
1956,1500,1500,1,0.0014898635,1.8163817e-05,0.023279678,0.34091684,0.6342699,2.5628846e-05
1957,1500,1000,0,0.0010587614,2.7110258e-05,0.020689903,0.60319304,0.37490988,0.00012132538
1958,1500,1500,1,0.007861888,0.0004444638,0.21756603,0.2492385,0.5242476,0.0006415664
1959,1500,1500,1,0.00027083888,9.541286e-06,0.040585104,0.21223745,0.74687475,2.2326592e-05
1960,1500,1500,1,0.00026150627,1.6360491e-05,0.08577083,0.39693606,0.5169452,7.0087364e-05
1961,1500,1000,0,0.00311101,3.7710033e-06,0.19052334,0.4528855,0.35346198,1.4382139e-05
1962,1500,500,0,0.036460776,0.0011563865,0.5878886,0.16587457,0.20721792,0.0014016905
1963,1500,1500,1,0.0037152772,1.9643818e-05,0.0506337,0.29616496,0.6494388,2.7643424e-05
1964,1500,1500,1,0.017220747,6.152328e-05,0.21276627,0.27321312,0.49660888,0.00012951967
1965,1500,0,0,0.60904425,2.8237795e-05,0.018542487,0.08891455,0.28346685,3.6462236e-06
1966,1500,1500,1,0.0015759192,6.4940614e-05,0.017402582,0.29845932,0.6823897,0.00010750074
1967,1500,1500,1,0.002999453,5.522887e-05,0.058780216,0.102560036,0.83555907,4.592199e-05
1968,1500,1500,1,4.9973372e-05,3.7864663e-06,0.037093453,0.270477,0.69235617,1.9606317e-05
1969,1500,1500,1,0.0045498097,0.00089108944,0.10280899,0.38492677,0.50352347,0.0032999364
1970,1500,1500,1,0.0005804875,9.883742e-05,0.09968228,0.19597684,0.7032969,0.00036471372
1971,1500,1500,1,0.00011587766,3.697773e-06,0.015415268,0.34256554,0.6418632,3.6425266e-05
1972,1500,1500,1,0.0062287035,0.00026754505,0.35461068,0.16865565,0.47000986,0.00022756614
1973,1500,1500,1,0.0021392677,0.00012759463,0.35772192,0.1456689,0.49415928,0.00018294332
1974,1500,1500,1,6.696469e-05,8.072659e-06,0.06458437,0.25569966,0.6795829,5.8010784e-05
1975,1500,500,0,0.008305079,0.0006512688,0.46296555,0.20838486,0.31756914,0.0021241596
1976,1500,500,0,0.1780201,0.00023390609,0.6264316,0.047082268,0.148129,0.0001032229
1977,1500,500,0,0.003916759,4.9681134e-05,0.48972705,0.13111459,0.37509152,0.0001003112
1978,1500,0,0,0.90676117,5.161432e-07,0.08895756,0.0018518816,0.002428789,1.15697276e-07
1979,1500,1500,1,0.005528864,0.00071726204,0.1662663,0.22191934,0.6044888,0.0010793894
1980,1500,1500,1,0.00069843384,1.7603155e-05,0.11721429,0.11483337,0.7672116,2.466001e-05
1981,1500,1500,1,0.004826914,0.00014089455,0.040558968,0.42851475,0.5255921,0.00036631647
1982,1500,1500,1,0.0014297623,0.00012026098,0.1669862,0.2458703,0.58526355,0.0003299001
1983,1500,1500,1,0.00045565868,7.324124e-06,0.02648466,0.091622606,0.8814229,6.9796297e-06
1984,1500,500,0,0.004130709,0.00041815493,0.5437773,0.27481538,0.17597415,0.0008844121
1985,1500,500,0,0.023106989,1.8322791e-05,0.9601867,0.0039357794,0.01274922,2.9160037e-06
1986,1500,1500,1,0.016466225,0.0007533481,0.02147277,0.4507861,0.50519943,0.0053221
1987,1500,500,0,0.0023426586,1.002964e-06,0.9881372,0.0037274358,0.0057908795,7.8392253e-07
1988,1500,1500,1,2.1200614e-05,5.973875e-07,0.44048575,0.08949339,0.4699971,1.9631002e-06
1989,1500,1500,1,0.0025267343,4.6209338e-05,0.073300995,0.18299192,0.7410857,4.8402362e-05
1990,1500,1500,1,0.0008955239,8.184498e-05,0.06957018,0.14815141,0.78116626,0.0001347288
1991,1500,500,0,7.813701e-05,3.0287129e-06,0.6958471,0.11662128,0.18743315,1.7353706e-05
1992,1500,500,0,0.0023801452,7.2990275e-05,0.6070551,0.16083317,0.22955823,0.00010027735
1993,1500,500,0,0.00063424814,3.7194874e-05,0.567495,0.21487045,0.21684791,0.00011515474
1994,1500,500,0,0.008565427,0.00029217853,0.67856723,0.11798121,0.1941392,0.0004547708
1995,1500,1500,1,0.0014678934,5.079831e-06,0.012375912,0.22440816,0.7617405,2.4329033e-06
1996,1500,1500,1,3.4662266e-06,1.0417524e-07,0.010032411,0.156966,0.83299726,7.570087e-07
1997,1500,1500,1,8.340796e-06,2.3022406e-07,0.006835576,0.13172416,0.86143035,1.3682779e-06
1998,1500,1500,1,0.014825216,7.150157e-05,0.027367998,0.29401582,0.6636925,2.708518e-05
1999,1500,1500,1,0.00076876936,2.3622382e-05,0.018438652,0.4229686,0.5576659,0.00013438895
2000,2000,2000,1,3.241881e-07,0.003379434,2.782715e-06,3.8796225e-06,1.6618982e-06,0.9966119
2001,2000,2000,1,2.780718e-07,0.0030029283,2.0866012e-06,2.6733503e-06,9.3626386e-07,0.99699104
2002,2000,2000,1,8.795964e-08,0.0007277588,9.485728e-07,2.8802583e-06,6.985132e-07,0.99926764
2003,2000,2000,1,1.7036982e-06,0.0020687226,1.3287922e-05,2.4608884e-05,5.7418824e-06,0.9978859
2004,2000,2000,1,2.3760087e-07,0.00049932307,3.3244328e-06,1.6182727e-05,3.9136885e-06,0.9994771
2005,2000,2000,1,1.0938512e-06,0.041911,3.834215e-06,2.0932787e-06,2.363602e-06,0.95807964
2006,2000,2000,1,1.3608018e-06,0.0013890116,1.1248167e-05,3.1548818e-05,6.58004e-06,0.99856025
2007,2000,2000,1,1.37975485e-05,0.35098037,1.5530586e-05,1.0261783e-05,4.2907013e-05,0.64893717
2008,2000,2000,1,2.8864258e-06,0.002313032,2.67253e-05,7.333631e-05,2.8433366e-05,0.9975556
2009,2000,2000,1,0.00014937445,0.19228247,0.0003242754,0.00012830435,0.00028115613,0.80683446
2010,2000,2000,1,2.4658138e-06,0.025709337,9.627103e-06,7.733885e-06,7.261668e-06,0.97426355
2011,2000,2000,1,5.060313e-06,0.016623173,1.6364156e-05,2.0296866e-05,1.6160759e-05,0.9833189
2012,2000,2000,1,1.4322224e-05,0.49570948,2.270662e-05,4.7075846e-06,1.2214878e-05,0.5042366
2013,2000,2000,1,1.6112607e-07,0.0021345932,1.1279828e-06,2.0232212e-06,6.231113e-07,0.99786144
2014,2000,100,0,3.2533015e-05,0.625942,6.10611e-05,1.3901007e-05,4.8687638e-05,0.3739019
2015,2000,2000,1,3.9658528e-07,0.0012065722,2.810523e-06,7.765122e-06,1.6418387e-06,0.9987808
2016,2000,2000,1,3.24428e-07,0.0025525822,1.7246327e-06,4.1548888e-06,1.427855e-06,0.99743974
2017,2000,2000,1,8.417473e-08,0.0006350429,9.5234174e-07,2.4062706e-06,4.2057636e-07,0.9993611
2018,2000,2000,1,4.5433944e-06,0.06442642,1.2696207e-05,8.003587e-06,1.0291993e-05,0.9355381
2019,2000,2000,1,1.2839945e-06,0.00090613833,1.1722683e-05,4.970862e-05,8.179788e-06,0.99902296
2020,2000,2000,1,4.1759773e-07,0.0038583893,1.628438e-06,4.0164905e-06,1.7537411e-06,0.9961338
2021,2000,2000,1,1.6378126e-05,0.049152814,0.000106669526,5.4647146e-05,8.6966196e-05,0.95058244
2022,2000,2000,1,1.0550136e-06,0.012090049,2.9791265e-06,5.2652176e-06,4.865102e-06,0.9878957
2023,2000,2000,1,1.4514603e-07,0.001074235,1.3647965e-06,3.937256e-06,1.2890272e-06,0.998919
2024,2000,2000,1,5.9545937e-06,0.011756801,2.1412909e-05,3.656244e-05,2.4997487e-05,0.9881543
2025,2000,2000,1,2.2654943e-07,0.0011060932,2.2330455e-06,5.4877223e-06,1.3932457e-06,0.9988846
2026,2000,2000,1,1.4672864e-06,0.009899625,5.4019056e-06,6.435511e-06,2.7601318e-06,0.9900843
2027,2000,2000,1,1.4722293e-06,0.013486573,9.041086e-06,7.86957e-06,6.020462e-06,0.986489
2028,2000,2000,1,1.5158705e-06,0.01268691,5.005076e-06,7.2659086e-06,5.538065e-06,0.9872938
2029,2000,2000,1,2.7709166e-06,0.01336366,5.784588e-06,1.2682375e-05,9.67357e-06,0.98660547
2030,2000,2000,1,1.2186062e-05,0.03570153,5.3530486e-05,2.6714024e-05,2.1038264e-05,0.964185
2031,2000,2000,1,5.8609647e-08,9.533425e-05,9.522812e-07,1.254205e-05,1.5710888e-06,0.9998895
2032,2000,2000,1,2.885237e-06,0.0022539434,1.5846423e-05,7.237721e-05,4.2277683e-05,0.9976127
2033,2000,2000,1,5.0042365e-07,0.0017172555,3.2760406e-06,8.703635e-06,2.735246e-06,0.99826753
2034,2000,2000,1,1.1121828e-07,0.0009673084,8.360501e-07,2.3429322e-06,5.72337e-07,0.9990288
2035,2000,2000,1,5.221334e-06,0.0044262395,3.0900836e-05,7.07813e-05,2.8111395e-05,0.99543875
2036,2000,2000,1,2.9715196e-07,0.0017332798,2.4710803e-06,5.0388167e-06,1.5210647e-06,0.99825734
2037,2000,2000,1,2.757117e-07,0.0007268856,3.4602003e-06,1.199645e-05,4.416978e-06,0.999253
2038,2000,2000,1,8.7178285e-07,0.0018306539,7.063216e-06,1.3114054e-05,3.4149975e-06,0.99814487
2039,2000,2000,1,4.0159757e-06,0.0017086342,4.2085685e-05,0.00013031601,2.9203433e-05,0.99808574
2040,2000,2000,1,1.2914073e-07,0.00039071485,1.8994037e-06,8.629389e-06,2.270221e-06,0.9995964
2041,2000,100,0,4.1675277e-05,0.89232177,7.814369e-05,1.2009693e-05,0.00010728979,0.107439004
2042,2000,2000,1,1.2421068e-06,0.024787685,6.493605e-06,4.461785e-06,5.255944e-06,0.9751949
2043,2000,2000,1,1.0996538e-07,0.002122456,4.647933e-07,1.2225614e-06,4.859254e-07,0.9978752
2044,2000,2000,1,3.3216174e-06,0.006159973,2.7817476e-05,3.320672e-05,1.494113e-05,0.99376076
2045,2000,2000,1,6.4710855e-07,0.014133087,3.9654574e-06,2.3398006e-06,1.4750409e-06,0.9858585
2046,2000,2000,1,6.7652985e-07,0.019722423,2.0273467e-06,1.6495011e-06,1.0824152e-06,0.9802721
2047,2000,100,0,0.00018500285,0.8592494,0.0001696966,3.14748e-05,0.0001477731,0.14021662
2048,2000,2000,1,1.5601593e-07,0.00095247704,1.7676418e-06,4.571545e-06,1.2173447e-06,0.9990398
2049,2000,2000,1,1.1383723e-06,0.0009659192,1.8295363e-05,7.391716e-05,2.722639e-05,0.9989135
2050,2000,2000,1,6.1511532e-06,0.015019379,2.8117927e-05,3.1354684e-05,2.330978e-05,0.98489165
2051,2000,2000,1,1.2291929e-05,0.12834504,4.3824817e-05,1.2337943e-05,1.9196508e-05,0.8715673
2052,2000,2000,1,1.8542802e-07,0.00084740046,1.8443976e-06,5.546991e-06,1.1605721e-06,0.99914384
2053,2000,2000,1,1.5320363e-06,0.0023101545,2.7850718e-05,5.1160376e-05,2.3485536e-05,0.9975858
2054,2000,100,0,0.023102485,0.5670902,0.14562973,0.006354147,0.021590156,0.23623322
2055,2000,2000,1,2.148815e-06,0.011919565,1.4239018e-05,1.4552865e-05,1.6188375e-05,0.9880333
2056,2000,2000,1,3.1219957e-07,0.0009946751,2.2895301e-06,7.3186056e-06,1.4084889e-06,0.99899405
2057,2000,2000,1,8.836613e-07,0.003191158,4.6853734e-06,8.160183e-06,2.1257208e-06,0.996793
2058,2000,2000,1,3.838277e-07,0.0030818714,2.331607e-06,5.3456492e-06,2.5867676e-06,0.99690753
2059,2000,2000,1,1.665834e-05,0.010818339,5.9166956e-05,9.185516e-05,5.143466e-05,0.9889626
2060,2000,2000,1,3.0131257e-06,0.02162863,7.313099e-06,8.185246e-06,7.1845066e-06,0.9783457
2061,2000,2000,1,0.00017306837,0.18985213,0.00046299578,0.00022373443,0.00050729874,0.8087808
2062,2000,100,0,8.6501306e-05,0.9790598,5.2413987e-05,1.0045649e-05,0.00015024802,0.020641096
2063,2000,2000,1,4.0885944e-08,0.0005948219,2.9089094e-07,1.1286867e-06,2.8222092e-07,0.9994035
2064,2000,2000,1,2.7437393e-06,0.03361749,8.42221e-06,7.334152e-06,7.0304327e-06,0.966357
2065,2000,100,0,0.001378835,0.9648323,0.0002877102,5.693015e-05,0.0005263798,0.032917865
2066,2000,100,0,3.151386e-05,0.5154813,2.5305682e-05,9.3256485e-06,3.086727e-05,0.48442167
2067,2000,2000,1,2.9680845e-07,0.00069173775,2.8858024e-06,1.1012926e-05,2.2303389e-06,0.9992918
2068,2000,2000,1,1.2430318e-06,0.0017950996,1.0680166e-05,3.5653862e-05,1.2978259e-05,0.9981444
2069,2000,2000,1,3.299507e-07,0.0017525707,2.3699743e-06,5.9844124e-06,1.8962832e-06,0.9982368
2070,2000,2000,1,6.2481007e-07,0.0034983205,3.4360723e-06,6.253863e-06,2.3894245e-06,0.99648905
2071,2000,2000,1,2.7445944e-06,0.0066412133,8.9017685e-06,2.0347981e-05,9.220349e-06,0.9933176
2072,2000,2000,1,4.7055437e-06,0.033105806,2.132055e-05,1.3821144e-05,1.4794955e-05,0.9668395
2073,2000,2000,1,3.2090857e-06,0.03000187,1.0125836e-05,9.448908e-06,1.2437898e-05,0.96996295
2074,2000,2000,1,1.0320277e-07,0.0019460971,7.8829027e-07,1.2841595e-06,4.541013e-07,0.9980513
2075,2000,2000,1,2.7457892e-07,0.0007453008,2.3561686e-06,9.376335e-06,2.1321257e-06,0.99924064
2076,2000,2000,1,7.6093255e-07,0.005154272,3.5392272e-06,6.2051668e-06,2.8947056e-06,0.9948323
2077,2000,2000,1,5.2009117e-08,0.00030742763,6.288553e-07,2.5206273e-06,3.4534688e-07,0.9996891
2078,2000,2000,1,1.8413881e-06,0.0024197104,1.1252053e-05,3.269412e-05,8.620076e-06,0.9975259
2079,2000,2000,1,4.102665e-08,0.0002588037,5.467852e-07,2.7210997e-06,4.4058197e-07,0.99973744
2080,2000,100,0,1.3957448e-05,0.610452,9.256207e-06,2.279112e-06,9.7924785e-06,0.3895127
2081,2000,2000,1,5.646292e-07,0.0029032228,4.078277e-06,6.208023e-06,1.9787703e-06,0.99708396
2082,2000,2000,1,1.2632976e-06,0.08623178,4.9199616e-06,1.8463568e-06,3.4016616e-06,0.9137568
2083,2000,2000,1,6.613121e-07,0.002110955,4.7143117e-06,7.861034e-06,2.0719156e-06,0.9978738
2084,2000,2000,1,2.8982464e-07,0.0004459304,3.7511732e-06,1.7324419e-05,3.0937163e-06,0.9995296
2085,2000,2000,1,3.55566e-07,0.00057009887,3.6106119e-06,1.9045769e-05,3.6676456e-06,0.99940324
2086,2000,2000,1,8.4890394e-07,0.00084896554,9.886798e-06,2.9989062e-05,5.5808273e-06,0.9991047
2087,2000,2000,1,2.2077154e-07,0.0009884039,1.731578e-06,5.324224e-06,1.1792963e-06,0.9990031
2088,2000,2000,1,0.00017998193,0.46812853,0.00025364364,0.000109715795,0.00048162308,0.53084654
2089,2000,2000,1,1.1424887e-06,0.013581146,5.571182e-06,5.0665226e-06,3.8301605e-06,0.9864032
2090,2000,2000,1,1.5520282e-06,0.0011697557,1.2963199e-05,6.325406e-05,1.528155e-05,0.99873716
2091,2000,2000,1,1.0471094e-07,0.0006060012,8.362297e-07,3.2523308e-06,5.7458703e-07,0.9993892
2092,2000,2000,1,2.225101e-07,0.0026954056,1.5165589e-06,2.7977708e-06,8.486623e-07,0.99729925
2093,2000,2000,1,8.482858e-06,0.04233098,1.6357531e-05,2.0618525e-05,2.0724785e-05,0.9576028
2094,2000,2000,1,1.6054086e-05,0.026970988,6.992257e-05,5.352648e-05,4.3936983e-05,0.97284555
2095,2000,2000,1,2.4550314e-05,0.36007392,7.409899e-05,1.5380112e-05,4.9898616e-05,0.63976216
2096,2000,2000,1,3.7540852e-07,0.0035812976,3.6241101e-06,4.591382e-06,1.9336921e-06,0.99640816
2097,2000,2000,1,4.0778293e-08,0.00049570587,4.6505235e-07,1.3117999e-06,2.4077113e-07,0.9995022
2098,2000,2000,1,3.8761462e-07,0.0019883276,2.8236527e-06,6.1578507e-06,2.080568e-06,0.9980002
2099,2000,2000,1,1.1318788e-07,0.00081887504,9.721929e-07,2.8601273e-06,6.1391967e-07,0.99917656
2100,2000,2000,1,1.1449034e-06,0.0023766782,8.022577e-06,1.7558754e-05,5.6817566e-06,0.9975909
2101,2000,2000,1,1.2603738e-06,0.005072745,1.0323721e-05,1.3741215e-05,6.780988e-06,0.99489516
2102,2000,2000,1,1.316306e-06,0.0033610745,1.7128545e-05,1.8812312e-05,8.479025e-06,0.9965932
2103,2000,2000,1,6.3532394e-07,0.0032698861,3.6855447e-06,6.586863e-06,2.1239662e-06,0.99671704
2104,2000,2000,1,4.3145466e-08,0.00066667155,5.4097217e-07,1.4132635e-06,4.0519996e-07,0.999331
2105,2000,2000,1,1.1166368e-06,0.005644517,7.1629433e-06,8.759791e-06,3.9465626e-06,0.9943346
2106,2000,2000,1,6.6220764e-07,0.00062358193,1.1422651e-05,3.9846167e-05,9.73937e-06,0.9993148
2107,2000,2000,1,2.6074393e-05,0.023441082,7.1451635e-05,0.00014146103,0.00019360191,0.9761263
2108,2000,2000,1,4.863951e-06,0.006026708,0.000111658126,0.00010037723,7.423875e-05,0.99368215
2109,2000,2000,1,1.9861088e-07,0.0032149754,1.3326152e-06,2.000271e-06,8.0961587e-07,0.99678063
2110,2000,2000,1,1.2682265e-05,0.45358336,3.347899e-05,8.878803e-06,3.293164e-05,0.5463287
2111,2000,2000,1,5.307015e-06,0.017929029,1.4855232e-05,1.4982913e-05,7.924702e-06,0.9820279
2112,2000,2000,1,2.6988687e-06,0.023547286,1.0698182e-05,5.4916645e-06,3.2552928e-06,0.9764306
2113,2000,2000,1,4.8874767e-06,0.0066662575,2.3213652e-05,3.569943e-05,1.6588974e-05,0.9932534
2114,2000,2000,1,8.9735785e-08,0.0005002846,1.03922e-06,4.390557e-06,1.0448177e-06,0.9994931
2115,2000,2000,1,1.9716645e-05,0.08963125,2.1457661e-05,3.491366e-05,6.79674e-05,0.9102247
2116,2000,2000,1,2.4532568e-05,0.08932998,2.3652125e-05,2.0201795e-05,2.0036385e-05,0.9105816
2117,2000,2000,1,5.0905226e-05,0.013330825,0.0003093478,0.0005617598,0.00030689535,0.9854403
2118,2000,2000,1,8.975074e-08,0.00029782654,1.1088514e-06,6.0950088e-06,9.740515e-07,0.999694
2119,2000,100,0,0.00052093144,0.82186294,0.0005496395,5.9723232e-05,0.00023187688,0.17677483
2120,2000,2000,1,3.7485372e-06,0.013142351,8.094293e-06,1.7643919e-05,1.5075015e-05,0.98681307
2121,2000,2000,1,1.968446e-07,0.0029015872,1.155815e-06,1.8546474e-06,6.747663e-07,0.9970945
2122,2000,2000,1,3.4835352e-07,0.0009748351,3.758865e-06,1.1935149e-05,2.8423694e-06,0.99900633
2123,2000,2000,1,1.3985569e-07,0.0022497177,1.0517205e-06,1.9313386e-06,9.762305e-07,0.99774617
2124,2000,2000,1,1.8384565e-06,0.0009162438,1.376568e-05,8.0384794e-05,1.3656927e-05,0.9989741
2125,2000,2000,1,3.876725e-06,0.011129367,1.07967435e-05,1.62343e-05,1.5833662e-05,0.98882383
2126,2000,2000,1,3.2707085e-06,0.013472484,1.8118784e-05,1.7280378e-05,1.0718718e-05,0.9864782
2127,2000,2000,1,4.3651e-06,0.007842003,1.8234774e-05,3.0210931e-05,1.4090447e-05,0.99209106
2128,2000,2000,1,1.6607818e-07,0.0006239516,1.6414245e-06,5.916129e-06,1.1467693e-06,0.9993672
2129,2000,2000,1,1.7524684e-06,0.01091235,9.1448655e-06,9.51665e-06,4.839173e-06,0.98906237
2130,2000,2000,1,9.269088e-06,0.0022876905,9.434887e-05,0.0003021425,8.3962135e-05,0.99722254
2131,2000,2000,1,2.2519544e-05,0.2774713,2.0413629e-05,1.4538599e-05,4.0244246e-05,0.722431
2132,2000,2000,1,9.939671e-08,0.0002823986,1.9619188e-06,8.726015e-06,1.7983707e-06,0.999705
2133,2000,2000,1,5.127859e-07,0.005952916,1.8760437e-06,3.066285e-06,1.8015859e-06,0.9940399
2134,2000,2000,1,4.225974e-06,0.009003684,2.2721833e-05,3.5315417e-05,2.1848893e-05,0.9909122
2135,2000,2000,1,3.5526355e-07,0.002201624,3.0174085e-06,4.7240715e-06,1.4582317e-06,0.9977888
2136,2000,2000,1,4.0129953e-07,0.0008057543,3.8127362e-06,1.169992e-05,2.0630955e-06,0.9991762
2137,2000,2000,1,4.312038e-05,0.43164143,3.9178667e-05,2.1731226e-05,7.2023766e-05,0.5681825
2138,2000,2000,1,1.0767224e-06,0.0025333741,5.9105646e-06,1.3142983e-05,3.245893e-06,0.9974432
2139,2000,2000,1,4.460115e-07,0.0008704483,2.5087443e-06,1.314715e-05,2.8534e-06,0.9991105
2140,2000,2000,1,9.697202e-07,0.0012290727,8.300118e-06,2.5117786e-05,5.179731e-06,0.9987313
2141,2000,2000,1,0.0003545887,0.05462052,0.000640982,0.000874603,0.0006749532,0.9428343
2142,2000,2000,1,2.4462418e-06,0.006759068,2.9741246e-05,3.9853483e-05,4.9927912e-05,0.993119
2143,2000,2000,1,2.385143e-06,0.011294821,1.2564536e-05,1.4832014e-05,1.714897e-05,0.98865825
2144,2000,2000,1,7.250167e-08,0.000734235,5.35343e-07,1.7248517e-06,3.1976273e-07,0.9992631
2145,2000,2000,1,3.2533342e-07,0.00051894836,3.5672444e-06,1.7850261e-05,3.4927207e-06,0.99945587
2146,2000,2000,1,2.5584365e-08,0.00040189872,3.297683e-07,1.0927537e-06,2.2710947e-07,0.9995964
2147,2000,2000,1,1.7265882e-07,0.0011017503,1.0204328e-06,3.3221131e-06,7.325899e-07,0.9988931
2148,2000,2000,1,3.440506e-05,0.21858877,7.307471e-05,3.394992e-05,6.4385524e-05,0.7812054
2149,2000,2000,1,6.9669677e-06,0.0057860105,3.5297933e-05,5.5742094e-05,1.8817092e-05,0.9940971
2150,2000,2000,1,6.9081075e-06,0.019688906,3.1510222e-05,1.93601e-05,1.1526494e-05,0.9802418
2151,2000,100,0,8.036967e-05,0.5339416,0.00012610255,2.1741436e-05,6.0035585e-05,0.46577013
2152,2000,2000,1,1.9472316e-05,0.021163998,6.931322e-05,6.783982e-05,4.2136806e-05,0.9786372
2153,2000,2000,1,1.2729201e-07,0.00060515315,1.2083375e-06,4.840888e-06,1.2862073e-06,0.9993874
2154,2000,2000,1,3.3144212e-07,0.0005928057,3.6277572e-06,1.8022156e-05,5.329626e-06,0.9993799
2155,2000,2000,1,1.5707091e-07,0.0018304931,1.0893569e-06,2.2365332e-06,8.7760986e-07,0.9981652
2156,2000,2000,1,5.3022995e-07,0.0013916943,3.2381242e-06,1.0276458e-05,2.882751e-06,0.99859136
2157,2000,2000,1,4.4040766e-07,0.000449813,5.722028e-06,2.5534193e-05,4.038686e-06,0.99951446
2158,2000,2000,1,4.6472456e-07,0.0011316047,3.0717665e-06,1.4710629e-05,4.784034e-06,0.99884534
2159,2000,2000,1,1.4955414e-07,0.00094379095,1.7034862e-06,4.3471177e-06,1.0086115e-06,0.999049
2160,2000,2000,1,0.0005370409,0.1521608,0.0007663915,0.0007357839,0.0012732303,0.8445267
2161,2000,2000,1,3.532989e-06,0.0026888475,3.238606e-05,6.163797e-05,1.9709754e-05,0.9971938
2162,2000,2000,1,8.200175e-07,0.012976054,2.518181e-06,3.2118764e-06,1.8463772e-06,0.9870156
2163,2000,2000,1,1.7424866e-06,0.011341304,4.835078e-06,7.746154e-06,6.997259e-06,0.9886374
2164,2000,2000,1,1.9290461e-07,0.0014764052,1.258772e-06,3.1713867e-06,7.927325e-07,0.99851817
2165,2000,2000,1,7.519191e-07,0.0013781821,6.589662e-06,2.0739772e-05,5.631638e-06,0.998588
2166,2000,2000,1,1.0533918e-06,0.0013031058,2.0926185e-05,4.3288295e-05,1.33890535e-05,0.99861825
2167,2000,2000,1,1.1014519e-05,0.08105015,1.7798558e-05,1.1189862e-05,1.047108e-05,0.9188993
2168,2000,2000,1,2.7235856e-06,0.03857087,1.241942e-05,5.7339553e-06,5.422094e-06,0.96140283
2169,2000,2000,1,1.9197201e-05,0.04130436,6.115888e-05,5.4042775e-05,6.216686e-05,0.95849913
2170,2000,2000,1,6.983392e-06,0.02458139,2.4895528e-05,1.440374e-05,8.917391e-06,0.9753634
2171,2000,2000,1,7.151296e-06,0.0019290214,6.981557e-05,0.00025440534,7.628827e-05,0.9976634
2172,2000,2000,1,3.763924e-07,0.003062691,1.5081836e-06,3.83851e-06,1.1849593e-06,0.9969304
2173,2000,2000,1,8.571684e-07,0.010373767,4.5371457e-06,4.139945e-06,2.5410143e-06,0.9896142
2174,2000,2000,1,1.9365903e-07,0.0019001807,1.515795e-06,2.7908466e-06,8.8517453e-07,0.9980944
2175,2000,2000,1,6.5952713e-06,0.070434794,1.0983667e-05,9.069528e-06,1.2544555e-05,0.92952603
2176,2000,2000,1,5.0089943e-07,0.009899091,2.7845201e-06,2.3548046e-06,1.9590125e-06,0.9900933
2177,2000,2000,1,6.527376e-08,0.00068864314,7.572008e-07,2.0265775e-06,5.558767e-07,0.999308
2178,2000,2000,1,2.5454761e-07,0.00046086096,3.1714073e-06,1.39204985e-05,2.4809096e-06,0.99951935
2179,2000,2000,1,1.1476153e-06,0.0062984787,8.58494e-06,1.0154202e-05,5.9041754e-06,0.99367577
2180,2000,2000,1,1.5221557e-08,0.00015867365,2.3881387e-07,1.1390086e-06,1.570484e-07,0.9998398
2181,2000,2000,1,2.446089e-06,0.004676876,1.0940019e-05,1.6896985e-05,4.9627183e-06,0.9952879
2182,2000,2000,1,1.9785386e-06,0.0014276883,1.639435e-05,7.611691e-05,2.7258862e-05,0.9984505
2183,2000,2000,1,1.8936136e-07,0.0017360462,1.5236529e-06,3.1921595e-06,1.0109637e-06,0.99825805
2184,2000,100,0,4.383029e-05,0.8599669,3.0826286e-05,6.133524e-06,3.3783064e-05,0.1399184
2185,2000,2000,1,3.291088e-07,0.00065774197,2.328874e-06,1.4155887e-05,3.7037103e-06,0.9993217
2186,2000,2000,1,4.990153e-08,0.00031379325,6.701259e-07,2.5449344e-06,4.0407693e-07,0.99968255
2187,2000,2000,1,1.0105771e-07,0.0006816305,1.0216985e-06,2.8119052e-06,4.943099e-07,0.99931395
2188,2000,2000,1,1.4046375e-07,0.0023293921,1.1807007e-06,2.093931e-06,8.409432e-07,0.99766636
2189,2000,2000,1,3.0090476e-07,0.0031736298,1.344055e-06,2.3727928e-06,7.8951e-07,0.9968215
2190,2000,100,0,3.3397235e-05,0.8983248,2.3700057e-05,4.152294e-06,2.3597306e-05,0.10159041
2191,2000,2000,1,4.6123605e-06,0.11146815,1.0857179e-05,5.403443e-06,1.0681457e-05,0.88850033
2192,2000,2000,1,3.3880008e-06,0.0062345844,1.098151e-05,2.8682642e-05,1.617213e-05,0.99370617
2193,2000,2000,1,1.3006745e-06,0.0013275729,1.3526031e-05,4.6789915e-05,1.5539234e-05,0.9985953
2194,2000,2000,1,9.536617e-05,0.4466733,0.00013272912,3.3100863e-05,9.200685e-05,0.5529735
2195,2000,2000,1,9.062768e-07,0.0071416544,6.1562555e-06,6.1499823e-06,3.238789e-06,0.99284196
2196,2000,2000,1,5.973983e-07,0.005085533,5.569249e-06,5.9892395e-06,3.8699914e-06,0.9948985
2197,2000,2000,1,2.0321659e-06,0.031919997,7.812095e-06,4.983155e-06,4.56967e-06,0.9680606
2198,2000,2000,1,5.8441515e-07,0.0021870434,4.386899e-06,1.0867779e-05,4.971757e-06,0.9977921
2199,2000,2000,1,4.027799e-08,9.355411e-05,9.05907e-07,6.457487e-06,6.5814186e-07,0.9998983
2200,2000,2000,1,2.800809e-06,0.008440094,1.7820817e-05,2.0919682e-05,1.1565999e-05,0.9915069
2201,2000,2000,1,7.624225e-06,0.008682722,6.2674895e-05,8.562125e-05,4.446062e-05,0.9911169
2202,2000,2000,1,5.739418e-07,0.00035728025,1.1640381e-05,6.5688335e-05,1.3659668e-05,0.9995511
2203,2000,2000,1,7.89219e-08,0.00029280194,9.188676e-07,5.0437475e-06,7.788711e-07,0.9997004
2204,2000,2000,1,2.0743748e-07,0.0013755665,1.4546007e-06,3.895049e-06,1.1892365e-06,0.99861765
2205,2000,2000,1,5.967935e-08,0.00018500362,8.1475486e-07,6.2631593e-06,9.468301e-07,0.99980694
2206,2000,2000,1,3.77481e-06,0.004741426,1.7439586e-05,4.5626988e-05,1.8878947e-05,0.9951729
2207,2000,2000,1,1.2923951e-05,0.28859657,2.0343186e-05,6.798263e-06,1.4259824e-05,0.71134907
2208,2000,2000,1,5.258069e-07,0.006458974,1.3009019e-06,2.5590628e-06,1.3579485e-06,0.9935353
2209,2000,2000,1,2.3741609e-06,0.0022640277,2.0265457e-05,5.9824564e-05,2.323189e-05,0.99763024
2210,2000,2000,1,8.42406e-06,0.07374095,2.214345e-05,1.2201992e-05,1.4276039e-05,0.926202
2211,2000,2000,1,5.867175e-06,0.082779385,1.7036855e-05,9.907994e-06,1.4337745e-05,0.91717345
2212,2000,2000,1,5.778031e-07,0.0014016342,4.194067e-06,1.3687285e-05,3.5994863e-06,0.9985763
2213,2000,2000,1,1.7374326e-06,0.010673312,6.008368e-06,9.652657e-06,5.7293387e-06,0.9893036
2214,2000,100,0,0.00023501809,0.8153051,0.00020725129,6.917226e-05,0.0004296231,0.18375392
2215,2000,2000,1,1.243637e-07,0.0010109311,1.0855551e-06,2.8912104e-06,6.90724e-07,0.9989843
2216,2000,2000,1,2.5369837e-07,0.0015569949,1.6788864e-06,4.1599387e-06,9.960695e-07,0.9984359
2217,2000,2000,1,5.0661138e-06,0.06389692,1.8205435e-05,7.6304195e-06,7.919291e-06,0.93606424
2218,2000,2000,1,4.072986e-06,0.013766172,1.667033e-05,1.8851086e-05,1.1406828e-05,0.9861828
2219,2000,2000,1,1.0349266e-07,0.0007268558,9.544867e-07,3.362098e-06,9.125817e-07,0.99926776
2220,2000,2000,1,1.4899241e-07,0.00061072444,1.8091232e-06,5.390326e-06,1.1623249e-06,0.9993807
2221,2000,2000,1,2.9313912e-07,0.0013516839,2.2533607e-06,5.2654077e-06,1.2380921e-06,0.9986393
2222,2000,2000,1,3.858363e-06,0.022636468,1.0391683e-05,1.0005848e-05,7.0500573e-06,0.9773323
2223,2000,2000,1,2.1486686e-07,0.00066141225,1.9342665e-06,8.363546e-06,1.7465046e-06,0.99932635
2224,2000,2000,1,9.1970554e-07,0.0020084444,6.1886385e-06,1.6359609e-05,5.374532e-06,0.9979627
2225,2000,2000,1,2.2766578e-07,0.0022103637,9.799345e-07,2.8842862e-06,1.2252337e-06,0.9977843
2226,2000,2000,1,5.0903395e-07,0.006202945,2.0122259e-06,3.524064e-06,1.8446673e-06,0.99378914
2227,2000,2000,1,1.4468067e-06,0.0013159345,8.472312e-06,2.8905131e-05,4.3056593e-06,0.99864095
2228,2000,2000,1,2.1387027e-07,0.0013463101,2.2306995e-06,5.221037e-06,1.6666745e-06,0.9986444
2229,2000,2000,1,2.946722e-05,0.17457923,8.005943e-05,2.3212748e-05,3.4297907e-05,0.82525367
2230,2000,2000,1,9.858915e-06,0.12249511,2.1519481e-05,7.4628806e-06,8.143777e-06,0.8774579
2231,2000,100,0,1.4953581e-07,0.99919134,1.1350823e-07,3.915158e-09,2.2504035e-07,0.0008081448
2232,2000,2000,1,1.9211268e-06,0.047258254,1.1748435e-05,4.2385905e-06,4.0111954e-06,0.95271987
2233,2000,2000,1,3.98571e-06,0.008352109,1.8015091e-05,3.3119566e-05,2.055862e-05,0.99157226
2234,2000,2000,1,2.5631282e-06,0.0031569817,3.119461e-05,4.697617e-05,1.8696026e-05,0.99674356
2235,2000,2000,1,1.6988619e-07,0.00064655027,2.225884e-06,7.5365124e-06,1.7514236e-06,0.9993418
2236,2000,100,0,0.0016644294,0.9440019,0.0010514623,0.000116904426,0.00058925326,0.052576065
2237,2000,2000,1,4.6624e-07,0.0005599509,7.4624086e-06,2.865767e-05,5.653583e-06,0.99939775
2238,2000,2000,1,6.9763394e-07,0.0006546391,1.0980731e-05,5.933738e-05,1.8760742e-05,0.9992556
2239,2000,2000,1,9.5432114e-08,0.0017683279,5.5791793e-07,1.3582078e-06,4.2867302e-07,0.9982292
2240,2000,2000,1,8.9269975e-08,0.0005113132,7.2906494e-07,3.020611e-06,5.520265e-07,0.9994843
2241,2000,2000,1,0.00021093886,0.068447895,0.00047158034,0.00085393665,0.0011225536,0.9288931
2242,2000,2000,1,2.8046338e-07,0.0017589458,2.2933111e-06,4.8245925e-06,1.4176095e-06,0.9982323
2243,2000,2000,1,3.490764e-08,0.00028413674,5.304919e-07,2.122101e-06,3.8033824e-07,0.99971277
2244,2000,2000,1,2.3742894e-06,0.024878591,9.324805e-06,6.1831247e-06,4.399978e-06,0.9750991
2245,2000,2000,1,2.6594432e-07,0.0016035315,2.5014137e-06,5.587744e-06,1.8900471e-06,0.99838626
2246,2000,2000,1,1.5132208e-07,0.0034982732,1.045329e-06,1.2913729e-06,4.338207e-07,0.9964988
2247,2000,2000,1,5.605637e-08,0.0008779168,5.325118e-07,1.1764081e-06,2.539618e-07,0.99912006
2248,2000,2000,1,4.7678193e-07,0.001194189,4.393534e-06,1.1650431e-05,2.5156185e-06,0.99878675
2249,2000,2000,1,9.208599e-07,0.0026664524,5.069553e-06,1.1436536e-05,2.855779e-06,0.9973132
2250,2000,100,0,1.9176085e-05,0.60568225,4.7580907e-05,6.5979425e-06,2.7542443e-05,0.39421684
2251,2000,2000,1,1.14994485e-07,0.0004986159,1.1807529e-06,4.284161e-06,6.658357e-07,0.99949515
2252,2000,2000,1,1.1608944e-06,0.011624206,4.959055e-06,5.182039e-06,2.55225e-06,0.9883619
2253,2000,2000,1,9.249807e-08,0.0006159579,9.442012e-07,2.984031e-06,5.2709714e-07,0.9993795
2254,2000,100,0,6.6618363e-06,0.70192486,1.3917044e-05,2.330596e-06,1.2552646e-05,0.29803967
2255,2000,2000,1,3.912136e-08,0.000488564,4.581672e-07,1.2669116e-06,2.4460974e-07,0.99950945
2256,2000,2000,1,5.026072e-06,0.07557786,9.544743e-06,4.718308e-06,4.8642037e-06,0.92439795
2257,2000,2000,1,3.9394433e-07,0.031287618,1.1999515e-06,8.6182916e-07,8.5503837e-07,0.9687091
2258,2000,100,0,4.782496e-06,0.9645199,5.6123317e-06,8.217364e-07,1.2542879e-05,0.03545632
2259,2000,2000,1,4.9165063e-08,0.00016286981,1.0166309e-06,6.1017286e-06,1.0723783e-06,0.9998288
2260,2000,2000,1,1.31878e-05,0.35828033,1.0682902e-05,4.762559e-06,1.0995201e-05,0.64168006
2261,2000,2000,1,3.872166e-06,0.009667695,1.5882284e-05,2.4831506e-05,1.4239804e-05,0.99027354
2262,2000,2000,1,2.2754573e-05,0.005495758,0.00019633608,0.00053956005,0.00037258718,0.99337304
2263,2000,2000,1,3.777034e-08,3.888739e-05,1.6509613e-06,2.9794535e-05,4.166375e-06,0.9999255
2264,2000,100,0,5.0336363e-05,0.8524732,5.1174608e-05,8.78615e-06,5.6996654e-05,0.14735955
2265,2000,100,0,2.64264e-05,0.5548504,9.152752e-05,2.3215523e-05,0.000107262764,0.44490105
2266,2000,2000,1,3.6290053e-06,0.0053348523,3.402394e-05,4.5034478e-05,2.2405327e-05,0.99456006
2267,2000,2000,1,5.810567e-07,0.0026511406,3.6759589e-06,9.154327e-06,3.0647836e-06,0.99733245
2268,2000,2000,1,1.0017791e-05,0.0064174365,6.884501e-05,0.000110180314,5.4991502e-05,0.9933385
2269,2000,2000,1,6.8166435e-07,0.0036851342,3.0354886e-06,6.565309e-06,2.6275327e-06,0.9963019
2270,2000,2000,1,1.2511135e-06,0.0032961732,1.1102592e-05,1.6409522e-05,5.65783e-06,0.9966695
2271,2000,2000,1,2.5805218e-07,0.00040592643,3.4460745e-06,1.2852386e-05,1.8708237e-06,0.9995757
2272,2000,2000,1,2.4988738e-06,0.029641466,4.309924e-06,4.898468e-06,5.440586e-06,0.9703414
2273,2000,100,0,0.00019554219,0.9091121,0.00013131223,3.4542576e-05,0.00022690928,0.090299554
2274,2000,2000,1,2.1744852e-07,0.0006388493,2.4091598e-06,7.9558595e-06,1.6281305e-06,0.99934894
2275,2000,2000,1,1.6995342e-06,0.0027442568,1.1172151e-05,2.3019084e-05,6.522552e-06,0.9972133
2276,2000,2000,1,1.847402e-07,0.00054801616,1.6535914e-06,6.919379e-06,9.619426e-07,0.9994423
2277,2000,2000,1,4.109683e-06,0.016157802,2.6346566e-05,2.0361185e-05,1.5122563e-05,0.9837763
2278,2000,2000,1,8.05613e-05,0.028743291,0.00026512984,0.00073503685,0.0008182657,0.96935767
2279,2000,2000,1,1.0666433e-07,0.00039649024,1.4235236e-06,6.343365e-06,1.454656e-06,0.99959415
2280,2000,2000,1,2.682831e-07,0.013163638,4.4952066e-07,8.292461e-07,9.164223e-07,0.9868339
2281,2000,2000,1,6.091727e-08,0.00028853712,6.0189103e-07,2.7739902e-06,3.6593227e-07,0.99970764
2282,2000,2000,1,5.804288e-08,0.00029848496,5.965647e-07,2.8928443e-06,4.0328877e-07,0.99969757
2283,2000,2000,1,1.5966012e-05,0.07186065,4.6838417e-05,2.2207323e-05,2.274482e-05,0.9280316
2284,2000,2000,1,1.661681e-07,0.00048474176,2.6843302e-06,8.532247e-06,1.6831816e-06,0.9995022
2285,2000,2000,1,1.8753104e-05,0.2506727,3.1914315e-05,1.1499271e-05,2.1742842e-05,0.74924344
2286,2000,2000,1,4.332474e-08,0.0012809121,5.158473e-07,9.1308766e-07,3.2834748e-07,0.9987173
2287,2000,2000,1,2.3762983e-07,0.00056577334,3.2461676e-06,9.666612e-06,1.4488216e-06,0.9994197
2288,2000,2000,1,2.69385e-07,0.0011212929,1.7965589e-06,6.0758025e-06,1.2953648e-06,0.99886924
2289,2000,2000,1,2.7965118e-06,0.062801205,1.0627889e-05,5.5033533e-06,7.2483926e-06,0.93717265
2290,2000,2000,1,1.2733708e-05,0.02816612,4.7134567e-05,5.206694e-05,4.9590974e-05,0.97167236
2291,2000,2000,1,6.2828553e-07,0.0011508693,6.768454e-06,1.4415441e-05,2.9761907e-06,0.9988243
2292,2000,2000,1,5.101184e-07,0.00044709252,7.6127158e-06,4.8916525e-05,1.1844756e-05,0.99948394
2293,2000,2000,1,1.5160983e-07,0.00020384968,2.6062999e-06,2.1135314e-05,3.7115908e-06,0.99976856
2294,2000,2000,1,1.1086655e-05,0.012289107,5.40732e-05,6.600919e-05,4.7264075e-05,0.98753244
2295,2000,2000,1,1.982756e-06,0.005378758,7.330998e-06,1.6379126e-05,7.5839694e-06,0.994588
2296,2000,2000,1,3.8950926e-05,0.47931683,0.000100634934,2.9268816e-05,0.00014046633,0.52037376
2297,2000,2000,1,8.627117e-08,0.0028720584,7.5809925e-07,9.354048e-07,6.014e-07,0.99712557
2298,2000,2000,1,1.9145555e-05,0.24133788,4.1632546e-05,1.25569195e-05,3.0123661e-05,0.75855863
2299,2000,2000,1,0.00013142051,0.28454465,7.494767e-05,0.00013225662,0.00043349588,0.71468323
2300,2000,2000,1,4.8108626e-07,0.0030654501,3.1926322e-06,5.454493e-06,1.8401095e-06,0.9969235
2301,2000,2000,1,4.5170013e-06,0.009239718,2.0885487e-05,3.5541576e-05,2.0807178e-05,0.9906785
2302,2000,2000,1,9.164268e-08,0.00029573415,9.406082e-07,8.515579e-06,2.3645691e-06,0.9996923
2303,2000,2000,1,4.3081542e-07,0.00043854464,3.6160045e-06,2.853086e-05,4.687332e-06,0.99952424
2304,2000,2000,1,4.0105743e-07,0.0031651491,2.512015e-06,4.122296e-06,1.310566e-06,0.9968265
2305,2000,2000,1,5.2227974e-06,0.06774255,2.4031606e-05,8.65633e-06,1.3811171e-05,0.93220574
2306,2000,2000,1,3.2218393e-06,0.014959202,1.6534128e-05,1.2942856e-05,8.006263e-06,0.985
2307,2000,2000,1,1.5628807e-06,0.010130187,8.400085e-06,7.825127e-06,3.9387005e-06,0.9898481
2308,2000,2000,1,1.644651e-07,0.0009664548,1.4281762e-06,3.6284641e-06,7.540414e-07,0.9990276
2309,2000,2000,1,9.916406e-07,0.004440258,4.068806e-06,9.193511e-06,3.578774e-06,0.9955419
2310,2000,2000,1,4.3423796e-07,0.00093051424,3.9563374e-06,1.3917704e-05,3.1355041e-06,0.99904805
2311,2000,2000,1,1.4409541e-07,0.0003871288,1.50304e-06,9.409656e-06,2.0197165e-06,0.99959975
2312,2000,2000,1,7.110036e-07,0.0010697118,9.799437e-06,2.903239e-05,9.466434e-06,0.9988813
2313,2000,2000,1,1.0045602e-06,0.004050979,5.934363e-06,1.0226266e-05,4.263027e-06,0.9959275
2314,2000,2000,1,6.597858e-07,0.0029336167,4.142167e-06,7.1226914e-06,2.2063787e-06,0.9970522
2315,2000,2000,1,5.5014584e-07,0.0020008187,5.048608e-06,7.74782e-06,2.009665e-06,0.9979838
2316,2000,2000,1,3.4980608e-06,0.0024874897,2.3420196e-05,6.748437e-05,1.9046825e-05,0.9973991
2317,2000,2000,1,3.535147e-07,0.0070165615,1.8283389e-06,2.0062669e-06,9.672793e-07,0.9929783
2318,2000,2000,1,4.487473e-06,0.0029935907,3.5276178e-05,0.000107719476,4.530398e-05,0.9968136
2319,2000,100,0,9.600125e-06,0.6591614,8.033484e-06,2.030691e-06,9.887943e-06,0.34080905
2320,2000,2000,1,2.0896569e-07,0.0002111836,4.38984e-06,3.8030288e-05,8.239991e-06,0.9997379
2321,2000,2000,1,2.3451298e-06,0.011285232,7.939679e-06,1.6238764e-05,1.3084038e-05,0.9886751
2322,2000,2000,1,3.329914e-07,0.0017283146,1.7691525e-06,4.979796e-06,1.2097593e-06,0.9982634
2323,2000,2000,1,8.77169e-07,0.0024193167,8.912718e-06,1.5825848e-05,7.3433253e-06,0.9975477
2324,2000,2000,1,4.8378723e-07,0.0008929532,3.3315807e-06,2.1005315e-05,8.042463e-06,0.9990741
2325,2000,2000,1,1.0323706e-06,0.0019053533,5.254824e-06,2.0413307e-05,5.4345405e-06,0.99806255
2326,2000,2000,1,1.9892248e-07,0.0005599302,1.9715408e-06,9.854049e-06,2.296331e-06,0.99942577
2327,2000,2000,1,1.7724837e-07,0.00019299534,2.8913128e-06,2.575827e-05,3.6435156e-06,0.9997745
2328,2000,2000,1,1.8276032e-06,0.0015214619,1.2914498e-05,4.4160184e-05,8.9257555e-06,0.9984107
2329,2000,2000,1,1.6653197e-06,0.0016212113,8.66552e-06,4.0818006e-05,1.43915595e-05,0.9983133
2330,2000,2000,1,3.2065673e-05,0.036026403,0.00010270687,8.5812266e-05,7.982336e-05,0.9636731
2331,2000,100,0,0.0002837172,0.7194985,0.000232237,7.069217e-05,0.0003425483,0.27957228
2332,2000,2000,1,8.9926095e-07,0.0028344444,4.79655e-06,9.760693e-06,2.9106754e-06,0.99714714
2333,2000,2000,1,2.6985035e-07,0.0005758982,3.8276935e-06,1.4114809e-05,3.3734398e-06,0.9994025
2334,2000,2000,1,4.806812e-06,0.038805883,1.0032637e-05,1.09208595e-05,1.3925988e-05,0.96115446
2335,2000,2000,1,1.5083867e-06,0.0018300868,1.4376342e-05,5.6450204e-05,2.1556269e-05,0.99807596
2336,2000,2000,1,4.20944e-08,0.0003510789,6.99575e-07,2.6139426e-06,6.601371e-07,0.9996449
2337,2000,2000,1,4.4794533e-07,0.0042369785,1.5897739e-06,3.32082e-06,1.5709768e-06,0.9957561
2338,2000,2000,1,1.7260869e-06,0.008904051,6.1828937e-06,1.0949877e-05,7.479953e-06,0.99106956
2339,2000,2000,1,8.5713896e-07,0.00048252687,1.43375555e-05,0.00010517612,2.8544895e-05,0.9993686
2340,2000,2000,1,3.1230218e-07,0.00034714013,4.4838134e-06,2.3791303e-05,3.5470832e-06,0.9996207
2341,2000,2000,1,6.141075e-07,0.0034486095,3.9827705e-06,7.217818e-06,3.132846e-06,0.9965365
2342,2000,2000,1,0.000114011986,0.10231846,0.00019469926,0.0002295571,0.00035954622,0.8967837
2343,2000,2000,1,2.1056614e-07,0.0004794315,1.8521703e-06,9.401604e-06,1.5247297e-06,0.99950755
2344,2000,2000,1,3.6706988e-06,0.0015764235,3.4219684e-05,0.000175642,6.0753417e-05,0.9981493
2345,2000,2000,1,2.005476e-06,0.0055243955,1.568291e-05,1.8075381e-05,9.200097e-06,0.9944306
2346,2000,2000,1,1.1816536e-05,0.45332903,2.6452633e-05,4.3975015e-06,1.3013062e-05,0.5466153
2347,2000,2000,1,2.4795034e-07,0.0003930886,2.3920597e-06,1.5778234e-05,2.4401977e-06,0.99958605
2348,2000,2000,1,3.7374545e-07,0.0019565446,4.265249e-06,1.13446185e-05,6.041687e-06,0.9980215
2349,2000,2000,1,2.042264e-06,0.00409012,1.3067355e-05,2.9925483e-05,1.398244e-05,0.9958509
2350,2000,2000,1,5.5343406e-07,0.0013011496,4.6766263e-06,1.4339644e-05,3.6290128e-06,0.99867564
2351,2000,2000,1,1.7613114e-05,0.18849373,4.857565e-05,1.6115619e-05,3.452192e-05,0.81138945
2352,2000,2000,1,5.006836e-07,0.0012341031,4.314971e-06,1.0863271e-05,2.2567954e-06,0.99874794
2353,2000,2000,1,1.1975507e-07,0.0023864526,8.970186e-07,1.4385864e-06,6.457102e-07,0.99761045
2354,2000,2000,1,3.2856635e-06,0.010877818,1.972775e-05,1.8438082e-05,1.0455089e-05,0.9890703
2355,2000,2000,1,7.165838e-07,0.0045984257,3.846878e-06,7.1025343e-06,2.939148e-06,0.995387
2356,2000,2000,1,1.1371137e-06,0.0021172545,8.371699e-06,1.5757456e-05,3.6543786e-06,0.9978538
2357,2000,2000,1,1.5445131e-07,0.0003886837,1.7617417e-06,1.0429441e-05,2.4793462e-06,0.99959654
2358,2000,100,0,3.1424475e-05,0.5680576,3.3651097e-05,9.0342955e-06,5.6670207e-05,0.43181163
2359,2000,2000,1,8.76908e-07,0.00463671,5.298741e-06,6.99957e-06,3.2167802e-06,0.99534684
2360,2000,2000,1,3.2431808e-07,0.0013231017,2.5745294e-06,6.613846e-06,2.0332861e-06,0.99866533
2361,2000,2000,1,1.874229e-06,0.0031203018,1.090566e-05,2.2234035e-05,5.95288e-06,0.9968387
2362,2000,2000,1,4.4398416e-07,0.0017274375,3.354254e-06,7.059726e-06,1.8562467e-06,0.99825984
2363,2000,2000,1,1.745016e-07,0.0031030364,1.2504252e-06,1.9267632e-06,8.032526e-07,0.9968928
2364,2000,2000,1,1.4646476e-07,0.002522279,1.1646988e-06,1.8427306e-06,7.9429725e-07,0.9974738
2365,2000,2000,1,2.9258442e-06,0.033231,1.2655297e-05,8.454124e-06,9.227132e-06,0.9667358
2366,2000,2000,1,3.6503894e-07,0.0017161227,2.071219e-06,8.18726e-06,3.2243881e-06,0.99827003
2367,2000,2000,1,1.0501519e-05,0.025469325,4.473148e-05,3.2985252e-05,2.2394759e-05,0.9744201
2368,2000,2000,1,1.6925136e-06,0.016362688,5.672464e-06,7.532329e-06,7.812852e-06,0.9836146
2369,2000,2000,1,4.3347626e-07,0.002112636,2.9739829e-06,6.641288e-06,2.403568e-06,0.997875
2370,2000,2000,1,1.7524827e-07,0.0001273932,3.3536473e-06,3.6797483e-05,3.9495053e-06,0.99982834
2371,2000,2000,1,6.338987e-08,0.00044479864,7.5599104e-07,2.4800474e-06,4.6590714e-07,0.99955136
2372,2000,2000,1,3.4056316e-07,0.0007674462,3.446741e-06,9.879595e-06,1.8275134e-06,0.99921703
2373,2000,2000,1,6.224967e-07,0.0010562218,5.9032236e-06,2.089221e-05,6.444881e-06,0.99890995
2374,2000,2000,1,4.621541e-07,0.0025280933,3.983115e-06,7.560823e-06,3.4591912e-06,0.9974565
2375,2000,2000,1,1.2677005e-07,0.00079600286,1.2355497e-06,3.6388913e-06,8.815974e-07,0.99919814
2376,2000,2000,1,8.48109e-05,0.29625666,0.00012858894,5.4153537e-05,9.909887e-05,0.7033767
2377,2000,2000,1,4.517518e-06,0.0039005568,2.0535796e-05,5.1473256e-05,1.3994303e-05,0.9960089
2378,2000,2000,1,3.6774742e-07,0.0022898824,3.1050522e-06,6.2001536e-06,2.1300716e-06,0.99769837
2379,2000,2000,1,4.5804174e-07,0.0020951352,4.4594217e-06,7.794693e-06,2.9268203e-06,0.9978892
2380,2000,2000,1,1.1072296e-05,0.19159058,1.9648276e-05,7.962999e-06,2.4626604e-05,0.80834603
2381,2000,100,0,3.952842e-05,0.80931664,4.8704507e-05,9.134851e-06,5.1960113e-05,0.19053395
2382,2000,2000,1,5.171899e-06,0.013159289,2.5890093e-05,4.558462e-05,8.406906e-05,0.98668
2383,2000,2000,1,6.2634375e-05,0.15818185,0.00031411453,0.00011206964,0.00026444352,0.8410649
2384,2000,2000,1,6.219683e-07,0.004592381,3.6324043e-06,5.2967175e-06,2.3178407e-06,0.9953957
2385,2000,2000,1,1.6103498e-07,0.00059334305,1.6072237e-06,6.1693495e-06,1.1168697e-06,0.99939764
2386,2000,2000,1,1.4609573e-07,0.0004749566,1.8141335e-06,6.104277e-06,1.0253237e-06,0.999516
2387,2000,2000,1,3.3865335e-06,0.00470082,3.0281182e-05,4.575476e-05,2.289485e-05,0.9951969
2388,2000,2000,1,7.687878e-05,0.046781674,0.0004402444,0.00019332819,0.00016725942,0.95234054
2389,2000,2000,1,2.6017437e-05,0.2346923,2.5538779e-05,2.0496615e-05,4.6622346e-05,0.765189
2390,2000,2000,1,3.0595186e-06,0.059009608,1.223742e-05,6.020222e-06,8.168783e-06,0.9409609
2391,2000,2000,1,1.5158662e-07,0.00027198056,1.7679438e-06,1.0841078e-05,1.5004101e-06,0.9997137
2392,2000,2000,1,9.519171e-08,0.0010388953,5.349611e-07,2.0121292e-06,5.896791e-07,0.9989579
2393,2000,2000,1,5.282564e-06,0.17660448,1.0353012e-05,4.615719e-06,1.0261126e-05,0.823365
2394,2000,2000,1,9.717765e-08,0.00061293127,9.629042e-07,3.470201e-06,7.686941e-07,0.9993818
2395,2000,2000,1,1.051048e-05,0.05239552,7.947998e-05,4.27654e-05,5.2266507e-05,0.94741946
2396,2000,2000,1,8.185203e-06,0.003079535,7.0864626e-05,0.0002349826,9.6634976e-05,0.99650985
2397,2000,2000,1,1.9080342e-05,0.23606867,2.7895918e-05,1.6482027e-05,3.0067558e-05,0.7638378
2398,2000,2000,1,3.698855e-07,0.0045910417,3.0248239e-06,3.5414432e-06,1.951266e-06,0.99540013
2399,2000,2000,1,2.7286004e-07,0.0010008266,1.8775219e-06,7.2333887e-06,1.6204139e-06,0.9989882
2400,2000,2000,1,5.921299e-07,0.0018786865,4.4567705e-06,1.1791198e-05,3.69364e-06,0.9981008
2401,2000,2000,1,6.8716133e-07,0.0039496953,4.61932e-06,8.148287e-06,3.924323e-06,0.9960329
2402,2000,2000,1,1.0401045e-06,0.0031376497,7.773382e-06,1.2469269e-05,3.6307752e-06,0.9968374
2403,2000,2000,1,3.5120706e-07,0.001586188,3.1705517e-06,7.736311e-06,2.5215966e-06,0.99840003
2404,2000,2000,1,1.0090114e-06,0.007283739,4.170968e-06,5.2111354e-06,2.3407051e-06,0.99270356
2405,2000,2000,1,1.2860919e-06,0.005131919,5.5702812e-06,8.209308e-06,3.501499e-06,0.9948495
2406,2000,2000,1,1.0190429e-06,0.006949106,4.4254357e-06,6.353918e-06,2.93452e-06,0.9930361
2407,2000,2000,1,2.8012857e-07,0.0004239605,3.6572937e-06,1.4036991e-05,2.0403659e-06,0.999556
2408,2000,2000,1,2.1501085e-06,0.010464467,1.3986548e-05,1.4362005e-05,1.2074153e-05,0.989493
2409,2000,2000,1,4.909239e-08,0.00013852402,1.3914206e-06,6.6378498e-06,8.847571e-07,0.99985254
2410,2000,2000,1,9.4155446e-08,0.00043735438,8.8782855e-07,4.1063e-06,6.4097e-07,0.99955684
2411,2000,2000,1,4.1634138e-07,0.0031480435,4.4983485e-06,5.897964e-06,2.5916727e-06,0.99683857
2412,2000,2000,1,2.8592212e-06,0.008589043,1.6826563e-05,2.0609416e-05,1.15165985e-05,0.9913591
2413,2000,2000,1,7.495888e-08,0.00042612362,7.536923e-07,3.1972636e-06,6.048169e-07,0.99956924
2414,2000,2000,1,9.555507e-07,0.014444922,4.6009736e-06,3.901393e-06,2.585724e-06,0.985543
2415,2000,2000,1,7.408034e-07,0.008371491,9.188108e-06,5.747211e-06,3.6158888e-06,0.99160916
2416,2000,2000,1,6.171241e-06,0.004239267,5.261427e-05,9.627996e-05,4.3154683e-05,0.99556255
2417,2000,2000,1,3.395668e-06,0.013595005,1.3582633e-05,2.7110362e-05,3.7709215e-05,0.98632324
2418,2000,2000,1,7.189676e-08,0.00041901594,9.0943547e-07,3.1261893e-06,5.4835124e-07,0.9995763
2419,2000,2000,1,3.0570695e-07,0.0019913907,2.1091446e-06,3.912239e-06,1.052485e-06,0.9980013
2420,2000,2000,1,8.156498e-06,0.08438777,2.1171645e-05,1.1207626e-05,1.2668501e-05,0.915559
2421,2000,2000,1,1.2494837e-05,0.15182684,3.3944674e-05,1.2741421e-05,2.3360199e-05,0.84809065
2422,2000,2000,1,4.4673902e-07,0.0038003342,3.1897678e-06,4.6931823e-06,1.7478934e-06,0.99618965
2423,2000,100,0,6.170824e-05,0.71307695,0.00012352136,1.2647921e-05,6.135335e-05,0.2866638
2424,2000,2000,1,3.766716e-07,0.0014164597,3.7177501e-06,8.249353e-06,2.676812e-06,0.99856853
2425,2000,2000,1,1.7305513e-06,0.0040222467,1.1792914e-05,2.1257552e-05,9.531667e-06,0.9959335
2426,2000,2000,1,4.192578e-06,0.008279209,2.4762117e-05,3.0729145e-05,1.461765e-05,0.99164647
2427,2000,2000,1,0.00018383186,0.37799686,8.8265755e-05,8.139841e-05,0.00026938348,0.6213803
2428,2000,2000,1,1.1250402e-06,0.012634526,5.5604232e-06,4.293731e-06,2.4684796e-06,0.987352
2429,2000,2000,1,3.130637e-07,0.0026656708,1.8805871e-06,3.931527e-06,1.5758362e-06,0.9973266
2430,2000,2000,1,2.7630988e-06,0.015323185,6.2717827e-06,6.812119e-06,3.6239219e-06,0.98465735
2431,2000,2000,1,7.15263e-07,0.005667988,3.2724665e-06,3.8229177e-06,1.3361623e-06,0.9943229
2432,2000,2000,1,8.665437e-08,0.0005322232,8.1998473e-07,3.1730194e-06,6.576866e-07,0.999463
2433,2000,2000,1,4.1264316e-06,0.0858899,1.30336275e-05,5.657963e-06,9.403971e-06,0.9140779
2434,2000,2000,1,3.7044365e-06,0.079667136,2.9846726e-05,6.4949936e-06,1.0236416e-05,0.9202826
2435,2000,2000,1,1.4703046e-07,0.0005968787,2.8767697e-06,7.953113e-06,2.3387972e-06,0.99938977
2436,2000,2000,1,4.8926876e-07,0.003711366,3.902389e-06,5.337933e-06,2.137835e-06,0.9962768
2437,2000,100,0,8.635432e-05,0.77215236,9.68398e-05,2.2555956e-05,9.7001095e-05,0.22754487
2438,2000,2000,1,6.957644e-08,0.00040991735,5.564833e-07,4.5551997e-06,1.7285367e-06,0.9995832
2439,2000,2000,1,9.244747e-06,0.0024434465,9.21762e-05,0.0002894571,8.58049e-05,0.9970798
2440,2000,2000,1,1.5908434e-05,0.010783194,8.927266e-05,0.00014330704,0.00010280081,0.98886544
2441,2000,2000,1,1.209984e-06,0.002871219,1.1408162e-05,2.6959851e-05,1.2479901e-05,0.99707675
2442,2000,2000,1,5.5304304e-06,0.010751167,2.7202734e-05,3.249658e-05,1.5727002e-05,0.9891678
2443,2000,2000,1,1.9619424e-07,0.00037975455,1.9914107e-06,1.3978712e-05,2.8620907e-06,0.9996012
2444,2000,2000,1,0.00011464239,0.027438747,0.00024001501,0.00039718865,0.00021411524,0.9715953
2445,2000,2000,1,2.7374635e-05,0.060492806,2.389289e-05,3.487323e-05,3.4897817e-05,0.9393862
2446,2000,2000,1,1.6482282e-07,0.00038633266,2.5427823e-06,1.2666472e-05,2.5221018e-06,0.9995958
2447,2000,2000,1,0.00016271457,0.27695912,0.0003582965,0.0001080581,0.00022564732,0.7221862
2448,2000,2000,1,1.7171052e-06,0.01792716,1.01857695e-05,9.451811e-06,1.0683648e-05,0.98204076
2449,2000,2000,1,2.621596e-07,0.0011635893,3.7979514e-06,7.3218393e-06,2.304176e-06,0.99882275
2450,2000,2000,1,3.3497388e-06,0.0029465577,2.4050752e-05,4.8584643e-05,1.8590901e-05,0.99695885
2451,2000,2000,1,4.2930705e-07,0.0017353799,2.9815678e-06,8.182522e-06,3.0680155e-06,0.99824995
2452,2000,2000,1,2.1248489e-07,0.0009047737,1.5421153e-06,5.2806095e-06,1.1863872e-06,0.999087
2453,2000,2000,1,7.701082e-07,0.0010773939,7.395969e-06,2.5722291e-05,6.0597395e-06,0.9988827
2454,2000,2000,1,8.335501e-07,0.0046027303,2.380767e-06,5.680467e-06,2.2067181e-06,0.9953862
2455,2000,2000,1,2.5062036e-06,0.007000996,8.9073565e-06,1.5536023e-05,5.862655e-06,0.9929662
2456,2000,2000,1,4.2781082e-07,0.0006103748,5.3172525e-06,1.9731306e-05,3.512777e-06,0.9993606
2457,2000,2000,1,1.2532392e-07,0.004298922,6.5919215e-07,8.52366e-07,4.6178482e-07,0.99569905
2458,2000,2000,1,1.2256512e-06,0.003270731,5.4441266e-06,1.4649503e-05,5.6341414e-06,0.99670225
2459,2000,2000,1,3.358318e-06,0.0025811445,1.4072337e-05,5.4073655e-05,1.5601916e-05,0.99733174
2460,2000,2000,1,5.0975705e-06,0.047021076,2.987133e-05,1.4541154e-05,2.1277992e-05,0.95290816
2461,2000,2000,1,1.2127874e-05,0.017742636,5.8828708e-05,4.5752313e-05,2.3888684e-05,0.98211676
2462,2000,2000,1,3.0937954e-05,0.29355532,4.5888195e-05,1.7531063e-05,3.494894e-05,0.70631534
2463,2000,2000,1,3.8518482e-07,0.0012687774,2.787437e-06,8.61544e-06,2.1278431e-06,0.9987173
2464,2000,2000,1,6.7009178e-06,0.03518829,3.2385648e-05,2.0807402e-05,2.1550772e-05,0.9647303
2465,2000,2000,1,1.3371e-06,0.008471459,9.400728e-06,1.1148236e-05,6.7812816e-06,0.99149984
2466,2000,2000,1,1.248571e-06,0.0039438196,1.0258049e-05,1.3728541e-05,5.7736092e-06,0.9960252
2467,2000,2000,1,7.080977e-08,0.0005741943,9.788998e-07,3.4840712e-06,1.5603024e-06,0.9994197
2468,2000,2000,1,6.982875e-07,0.0069267573,4.6933033e-06,5.343084e-06,3.0134609e-06,0.9930595
2469,2000,2000,1,3.2792676e-07,0.0033828532,2.2677564e-06,3.175438e-06,1.0240575e-06,0.99661034
2470,2000,2000,1,2.0124971e-06,0.022190852,8.2372035e-06,5.285684e-06,3.8683984e-06,0.97778976
2471,2000,2000,1,1.5914355e-07,0.0016807164,8.6562034e-07,2.0862851e-06,4.8820175e-07,0.9983157
2472,2000,2000,1,6.2253403e-06,0.084189065,1.5466918e-05,6.964189e-06,8.782428e-06,0.9157735
2473,2000,2000,1,1.9991903e-06,0.026689261,7.803915e-06,5.1816546e-06,4.450639e-06,0.97329134
2474,2000,2000,1,1.9684132e-06,0.031072348,4.6587124e-06,5.65563e-06,5.550241e-06,0.9689098
2475,2000,2000,1,1.9300734e-07,0.0016764308,1.3046827e-06,3.4866503e-06,1.1639544e-06,0.9983175
2476,2000,2000,1,2.110227e-07,0.00051620806,1.727152e-06,9.499482e-06,1.9007771e-06,0.9994704
2477,2000,2000,1,1.3310435e-07,0.0006782095,1.0827858e-06,4.12204e-06,9.266249e-07,0.9993155
2478,2000,2000,1,1.8513622e-07,0.004806967,1.2645203e-06,1.380207e-06,8.512604e-07,0.9951893
2479,2000,2000,1,4.400524e-06,0.06767177,1.6908072e-05,7.035607e-06,8.762419e-06,0.9322911
2480,2000,2000,1,9.622771e-07,0.001284806,7.4367695e-06,2.4382298e-05,5.826709e-06,0.9986766
2481,2000,2000,1,1.5707831e-06,0.0064921426,7.277094e-06,1.2289686e-05,7.495166e-06,0.99347925
2482,2000,2000,1,1.5996264e-06,0.0018546202,1.1625878e-05,2.9968653e-05,6.8555014e-06,0.99809533
2483,2000,2000,1,0.00024398405,0.05123751,0.0006588999,0.0006256347,0.0005845571,0.94664943
2484,2000,2000,1,2.804445e-07,0.00019746316,6.1746946e-06,3.487337e-05,4.1550843e-06,0.9997571
2485,2000,2000,1,6.3925004e-06,0.037516635,1.3830839e-05,2.1581645e-05,2.495803e-05,0.9624166
2486,2000,2000,1,5.540269e-05,0.007954341,0.0003122022,0.0008927946,0.00053656584,0.99024874
2487,2000,2000,1,2.7146115e-07,0.0011262756,3.319666e-06,9.431251e-06,4.5024135e-06,0.9988562
2488,2000,2000,1,9.127479e-08,0.00018764836,1.4677969e-06,7.1933923e-06,6.3069643e-07,0.999803
2489,2000,2000,1,3.07969e-06,0.07066399,4.439883e-06,3.3159479e-06,4.455522e-06,0.9293207
2490,2000,2000,1,8.1766683e-07,0.0093912585,3.989772e-06,5.173267e-06,3.8296803e-06,0.990595
2491,2000,2000,1,9.3517923e-07,0.0025215477,5.4513807e-06,1.377021e-05,5.4402303e-06,0.9974528
2492,2000,2000,1,3.5580968e-06,0.04344823,7.5196003e-06,7.773956e-06,9.4070965e-06,0.95652354
2493,2000,2000,1,3.3734925e-06,0.0996089,7.735416e-06,4.920265e-06,7.470365e-06,0.9003676
2494,2000,2000,1,2.909535e-07,0.00030356154,3.5376636e-06,2.2083928e-05,2.5812808e-06,0.999668
2495,2000,2000,1,1.7456192e-07,0.00035580504,2.6950274e-06,1.1272951e-05,1.7524555e-06,0.9996283
2496,2000,2000,1,5.296044e-07,0.002232053,2.8965308e-06,7.134859e-06,2.520318e-06,0.9977549
2497,2000,2000,1,5.981822e-07,0.002412557,3.9594543e-06,7.82973e-06,1.9589077e-06,0.9975731
2498,2000,2000,1,2.208772e-06,0.00535061,8.247831e-06,1.6048109e-05,4.906061e-06,0.994618
2499,2000,100,0,0.00095765496,0.83380485,0.0001625332,0.00015226513,0.0005520829,0.16437057
2500,500,0,0,0.7656904,0.00022627125,0.176964,0.013576167,0.0435395,3.7141353e-06
2501,500,500,1,0.3334624,9.957772e-05,0.6333477,0.013957682,0.019107131,2.5499055e-05
2502,500,500,1,0.0008257807,9.028731e-07,0.9877417,0.0069380053,0.0044925506,1.0818392e-06
2503,500,500,1,0.003340128,8.922541e-05,0.63248336,0.08912751,0.2748284,0.00013139035
2504,500,500,1,0.0063554943,8.6915327e-07,0.99174994,0.0009667497,0.000926593,4.0853809e-07
2505,500,500,1,0.22157411,0.007770002,0.7144742,0.0063965055,0.049446918,0.00033831026
2506,500,500,1,0.08127963,5.4620527e-06,0.9157016,0.0005013319,0.0025115672,3.272737e-07
2507,500,500,1,0.14174953,1.0477333e-06,0.8568487,0.00035244483,0.0010482466,1.1036164e-07
2508,500,1500,0,0.00045136243,0.00010810881,0.36941856,0.11198031,0.5176365,0.00040518676
2509,500,500,1,0.17189822,0.00052596285,0.60200727,0.06230692,0.16301341,0.00024826938
2510,500,500,1,0.012390877,6.352816e-05,0.92781085,0.019681403,0.040016755,3.6650526e-05
2511,500,1500,0,0.00805975,7.674168e-05,0.31957987,0.07312506,0.59910524,5.3326286e-05
2512,500,500,1,0.011660753,8.423948e-07,0.9822922,0.0019058934,0.0041399626,3.5632524e-07
2513,500,500,1,0.0029351253,1.0167535e-06,0.99339664,0.0020749834,0.0015918016,4.0031756e-07
2514,500,500,1,0.023874626,5.521323e-06,0.9608605,0.008566474,0.0066889017,3.998102e-06
2515,500,500,1,0.00045630836,8.9655055e-07,0.97159785,0.022143682,0.00580043,8.4342497e-07
2516,500,500,1,0.0001195346,3.534317e-06,0.5263108,0.23125997,0.24229276,1.3397859e-05
2517,500,500,1,0.0053990083,0.0021826753,0.66259074,0.124705896,0.19803225,0.007089394
2518,500,1500,0,0.013576907,0.00089392794,0.44196722,0.059510775,0.48389578,0.000155434
2519,500,500,1,0.25531816,0.00047990106,0.7091001,0.009838497,0.025173182,9.0133944e-05
2520,500,500,1,0.011638095,4.0491213e-07,0.9877279,0.00023891151,0.0003947032,3.8209816e-08
2521,500,500,1,0.011772745,0.00010861428,0.92050266,0.024373138,0.04313665,0.00010619612
2522,500,500,1,0.12418185,2.914237e-06,0.8719099,0.0008027501,0.003102265,2.9285167e-07
2523,500,500,1,0.039288115,3.6386416e-05,0.94382614,0.009349075,0.0074853175,1.4951765e-05
2524,500,500,1,0.016370267,1.2404834e-05,0.96833795,0.006203293,0.009070107,6.165343e-06
2525,500,500,1,0.15466633,0.000111855225,0.8270822,0.0060053845,0.012110593,2.3561051e-05
2526,500,500,1,0.016125014,5.097148e-06,0.9809194,0.0013265137,0.0016219511,1.9783524e-06
2527,500,0,0,0.4063457,0.0028325936,0.13497713,0.07248844,0.3829175,0.00043855247
2528,500,1500,0,0.003183535,0.0006502443,0.18626964,0.27501562,0.53285944,0.00202149
2529,500,500,1,0.0034031346,0.00015534119,0.8102398,0.056890126,0.12912185,0.00018973793
2530,500,0,0,0.8894082,1.4239685e-06,0.10853916,0.0012358982,0.00081507117,2.7663842e-07
2531,500,500,1,0.033668727,0.00023317042,0.95459795,0.003611426,0.007850743,3.7934577e-05
2532,500,500,1,0.28243306,1.6725144e-05,0.71237445,0.0006736387,0.0045015523,6.5970744e-07
2533,500,500,1,0.38872272,1.0335123e-05,0.5940033,0.003729787,0.013531158,2.7162673e-06
2534,500,500,1,0.24842572,6.671219e-09,0.7512367,0.00019033848,0.00014730285,1.7449048e-09
2535,500,500,1,0.006446975,1.7336571e-06,0.9811488,0.006482845,0.0059184525,1.2952408e-06
2536,500,500,1,0.0018491717,2.9262206e-05,0.8499444,0.06817174,0.07997092,3.4529323e-05
2537,500,500,1,0.0005807456,1.0119339e-06,0.97658336,0.010888685,0.01194494,1.3210348e-06
2538,500,500,1,0.00045272752,2.7109289e-05,0.6684259,0.1502022,0.18080147,9.058674e-05
2539,500,0,0,0.5135771,5.3289955e-07,0.48406684,0.000829841,0.0015254928,1.0957285e-07
2540,500,1500,0,0.0015734074,0.00011676882,0.1267639,0.3405451,0.53071654,0.0002843054
2541,500,500,1,0.06845621,2.2999549e-07,0.9304521,0.00042275144,0.0006687009,4.6417743e-08
2542,500,500,1,0.004213584,7.40088e-06,0.8137123,0.023909753,0.15815078,6.228814e-06
2543,500,0,0,0.5710154,4.7063116e-07,0.42166984,0.0054752636,0.0018389119,1.2512024e-07
2544,500,500,1,0.0019128778,2.8475955e-07,0.99598855,0.0015561407,0.0005420696,9.025752e-08
2545,500,500,1,0.041241206,5.783252e-06,0.76382166,0.022688566,0.17224081,1.9800445e-06
2546,500,0,0,0.81924766,4.2161776e-08,0.18009995,0.0003300293,0.0003223476,8.521523e-09
2547,500,500,1,0.025275948,3.8602957e-06,0.95579016,0.011100134,0.00782741,2.5240643e-06
2548,500,500,1,0.019469922,2.0014446e-05,0.96158534,0.009879059,0.009033116,1.2615394e-05
2549,500,0,0,0.9998565,2.235663e-12,0.00013290485,5.1788597e-06,5.511175e-06,8.254589e-14
2550,500,500,1,0.00069716305,3.397554e-05,0.59240556,0.23901787,0.16772866,0.00011676024
2551,500,0,0,0.8311212,1.272968e-07,0.1648419,0.0010825725,0.002954228,2.1277e-08
2552,500,500,1,0.0073375427,1.0808466e-05,0.97007823,0.012961664,0.009607114,4.6053665e-06
2553,500,500,1,0.020860225,6.6328073e-07,0.9764523,0.0010969755,0.0015895567,2.1490408e-07
2554,500,500,1,0.0012411562,8.715386e-08,0.99293125,0.0048643798,0.00096305803,1.106825e-07
2555,500,500,1,0.028259754,1.8730088e-05,0.93511593,0.010834151,0.025760226,1.1251968e-05
2556,500,0,0,0.98548037,3.6201098e-11,0.014510926,4.9081114e-06,3.8053677e-06,3.2744148e-12
2557,500,500,1,0.008959326,2.9752426e-05,0.959158,0.014784926,0.017049834,1.8081419e-05
2558,500,500,1,0.0032085022,6.412636e-05,0.6825676,0.17045933,0.14354905,0.00015132363
2559,500,500,1,0.04883587,7.591905e-06,0.9231801,0.021945754,0.0060245735,6.202996e-06
2560,500,500,1,0.003948294,1.0707425e-06,0.9906058,0.0029082692,0.0025358777,6.561367e-07
2561,500,1500,0,4.5719662e-05,1.0664043e-06,0.3137047,0.12409039,0.5621556,2.570815e-06
2562,500,500,1,0.00031890336,8.8812485e-06,0.84710693,0.08758472,0.064948164,3.2447e-05
2563,500,500,1,0.0015459269,1.311281e-06,0.9869971,0.007023892,0.0044309017,8.6492037e-07
2564,500,500,1,0.012562711,1.6044393e-06,0.9835345,0.0025348854,0.0013656332,5.699631e-07
2565,500,500,1,0.050766703,6.547222e-05,0.71297246,0.14046158,0.09565748,7.628192e-05
2566,500,500,1,0.0017397442,1.4088648e-05,0.90306985,0.06030323,0.03485027,2.2805585e-05
2567,500,500,1,0.1500938,1.6193923e-08,0.84939283,0.0003511099,0.00016218715,4.5637605e-09
2568,500,1500,0,0.23458247,0.0016674738,0.19799203,0.26092324,0.3034387,0.0013961521
2569,500,500,1,0.35539618,6.1300416e-05,0.61506784,0.010095932,0.019359488,1.9296978e-05
2570,500,500,1,0.07925791,5.0212122e-05,0.8583105,0.03339316,0.028953768,3.4261127e-05
2571,500,500,1,0.009671765,1.18741376e-07,0.9887227,0.0012549774,0.000350443,3.4518692e-08
2572,500,500,1,0.001245036,1.715543e-05,0.8953828,0.042308535,0.061017524,2.8941522e-05
2573,500,500,1,0.016981969,3.6232428e-05,0.8935157,0.031750906,0.057681415,3.3743716e-05
2574,500,500,1,0.0058363834,0.00037957882,0.6147225,0.18243103,0.19589274,0.00073777704
2575,500,500,1,0.0029224984,2.4576423e-07,0.99441165,0.0015702278,0.0010952045,1.351945e-07
2576,500,500,1,0.005234274,0.00016231184,0.7872323,0.09043323,0.116739996,0.00019782373
2577,500,500,1,0.0039742747,1.5043794e-06,0.9742664,0.005341355,0.016415184,1.2556382e-06
2578,500,500,1,0.0036002428,4.7846486e-05,0.908018,0.034229428,0.054050025,5.4508746e-05
2579,500,500,1,0.1448886,0.000119360324,0.84789103,0.0016759505,0.0054160324,8.987722e-06
2580,500,500,1,0.13546279,4.4068912e-08,0.86407554,0.00017119695,0.0002903974,4.9811026e-09
2581,500,500,1,0.18091822,0.0010111965,0.6034095,0.07683274,0.1373089,0.00051931967
2582,500,500,1,0.33343843,3.668513e-05,0.6544718,0.0071760695,0.004863334,1.3727228e-05
2583,500,500,1,0.11326771,9.29298e-08,0.88647157,0.00014344447,0.00011724456,8.107271e-09
2584,500,0,0,0.99231756,2.5965166e-09,0.0076096756,1.3863733e-05,5.893725e-05,3.852807e-11
2585,500,0,0,0.71427774,5.0434556e-07,0.28289238,0.00064919563,0.0021800387,6.894674e-08
2586,500,500,1,0.028127877,1.7818056e-06,0.96648014,0.0017541831,0.0036354524,5.013061e-07
2587,500,500,1,0.039703235,5.881976e-10,0.960288,2.5224736e-06,6.2695053e-06,1.0186576e-11
2588,500,500,1,0.031873602,2.0942773e-06,0.9632175,0.0018099096,0.0030964185,4.5744724e-07
2589,500,500,1,0.026980598,0.00024086809,0.8366224,0.07503847,0.060865242,0.0002523965
2590,500,500,1,0.08544921,0.0015094957,0.8730257,0.011642496,0.028005831,0.0003672005
2591,500,500,1,0.08603789,6.658236e-07,0.9114898,0.0014658748,0.0010055229,1.7399651e-07
2592,500,500,1,0.25547862,2.3586308e-05,0.729442,0.00483025,0.010220476,5.0328035e-06
2593,500,500,1,0.06627699,0.00010363169,0.89461184,0.012500876,0.02645411,5.259688e-05
2594,500,500,1,0.0076870117,1.8426529e-07,0.9908563,0.00046068832,0.0009958706,5.6755727e-08
2595,500,500,1,0.009283257,4.6803467e-05,0.90371656,0.022832628,0.06407897,4.1767482e-05
2596,500,500,1,0.061157446,0.00013740531,0.6024967,0.04412259,0.2920288,5.7019573e-05
2597,500,500,1,0.005428884,1.1933656e-06,0.9931437,0.0007782682,0.00064779125,1.5602251e-07
2598,500,500,1,0.013103541,1.0562621e-06,0.98424053,0.0010553831,0.0015992605,3.067388e-07
2599,500,500,1,0.18070418,1.8503962e-06,0.8142642,0.0025382424,0.002490908,6.333305e-07
2600,500,500,1,0.007626201,1.2475839e-05,0.9505744,0.015766894,0.026009565,1.0456801e-05
2601,500,500,1,0.007644651,5.2444197e-05,0.85442543,0.08207362,0.055755317,4.854812e-05
2602,500,500,1,0.00672761,2.8884948e-08,0.99261934,0.00051060686,0.0001425254,7.7910824e-09
2603,500,500,1,0.0035851202,7.033892e-05,0.90527475,0.036918275,0.054071955,7.956167e-05
2604,500,500,1,0.0010301578,2.420259e-06,0.91716594,0.016969116,0.06482938,3.0119347e-06
2605,500,500,1,0.017187925,2.5174481e-06,0.9747584,0.004292826,0.0037567972,1.6810554e-06
2606,500,500,1,0.0016524836,1.4003336e-05,0.96432567,0.018150488,0.015842155,1.51521945e-05
2607,500,500,1,0.0006074719,1.0278835e-07,0.9961921,0.0016459294,0.0015542575,8.705749e-08
2608,500,500,1,0.021130182,2.3763598e-05,0.92726195,0.008593618,0.04297539,1.5151951e-05
2609,500,500,1,0.0008703768,5.991678e-06,0.6947676,0.067380875,0.23696645,8.694749e-06
2610,500,500,1,0.008186496,0.00018982979,0.8290046,0.09486353,0.06756782,0.00018776499
2611,500,500,1,0.025759334,3.5500227e-05,0.92110103,0.019053467,0.034023426,2.7143069e-05
2612,500,0,0,0.8589734,1.8311737e-05,0.122389525,0.007922298,0.01069058,5.800152e-06
2613,500,500,1,0.002796564,5.5467734e-07,0.99005646,0.005638705,0.0015073186,3.3613344e-07
2614,500,500,1,0.0068770032,5.362661e-10,0.9929876,8.400991e-05,5.1402294e-05,1.7067149e-10
2615,500,500,1,0.042363174,3.8880902e-05,0.92670643,0.0111241145,0.019740406,2.711758e-05
2616,500,500,1,0.0215162,4.12959e-06,0.963168,0.005275918,0.010033641,2.056287e-06
2617,500,500,1,0.042131558,0.00013098435,0.8480408,0.043705884,0.065902464,8.8235785e-05
2618,500,500,1,0.00899674,5.3618824e-05,0.5116535,0.095758945,0.38348058,5.6615212e-05
2619,500,1500,0,0.0017618043,2.2911116e-05,0.41715252,0.1153354,0.46569604,3.132743e-05
2620,500,500,1,0.010101873,4.0288282e-06,0.9723655,0.012614716,0.004910379,3.468175e-06
2621,500,0,0,0.8951198,3.7818577e-08,0.10459468,0.00014054838,0.00014500089,5.3868834e-09
2622,500,500,1,0.0016661453,2.6881745e-08,0.9982064,7.331658e-05,5.4183616e-05,1.7603395e-09
2623,500,500,1,0.11226462,0.0032988566,0.59457505,0.067277305,0.2208312,0.0017529662
2624,500,500,1,0.006542099,7.647821e-06,0.98137397,0.0074518467,0.004619151,5.258712e-06
2625,500,500,1,0.0011497082,7.737547e-06,0.9808626,0.010944869,0.007029178,5.8199175e-06
2626,500,1500,0,0.019707099,0.0049786284,0.24454209,0.2002676,0.5260278,0.004476774
2627,500,500,1,0.012656956,1.3335206e-07,0.9866164,0.00035883317,0.00036766246,2.2471806e-08
2628,500,500,1,0.0028721804,2.3271449e-08,0.99681574,0.00015634028,0.00015571919,8.502326e-09
2629,500,500,1,0.017664557,0.00018133307,0.8673351,0.039166734,0.075488284,0.00016411493
2630,500,500,1,0.054294705,3.4938643e-07,0.9441473,0.00041900133,0.0011385533,6.098363e-08
2631,500,500,1,0.005535749,1.7228221e-07,0.9927603,0.0010115835,0.0006921448,6.4163984e-08
2632,500,500,1,0.008562813,4.786369e-06,0.97497207,0.006991124,0.009465867,3.3910676e-06
2633,500,500,1,0.0115387775,5.6111963e-07,0.98411524,0.0018508937,0.0024944316,1.5424362e-07
2634,500,500,1,0.07964354,2.677224e-05,0.8428219,0.05595223,0.021531336,2.4243676e-05
2635,500,500,1,0.0034879304,5.791036e-05,0.7340005,0.11853846,0.14381152,0.00010371855
2636,500,500,1,0.0006347952,3.0422154e-06,0.98714125,0.0078003407,0.0044171354,3.5157157e-06
2637,500,500,1,0.024485368,1.5426659e-06,0.96794885,0.0042031403,0.0033600456,1.0312775e-06
2638,500,500,1,0.033581752,6.8563427e-06,0.9212121,0.014808565,0.030386144,4.5390066e-06
2639,500,500,1,0.0010809134,8.02894e-05,0.4028782,0.26304665,0.33271563,0.00019837149
2640,500,500,1,0.00078535674,2.0346062e-05,0.5565231,0.32344764,0.11912026,0.00010324614
2641,500,500,1,0.004790051,1.8386497e-06,0.9809482,0.0044180425,0.009840589,1.3203648e-06
2642,500,500,1,0.027620152,0.00028121797,0.58901316,0.13543926,0.24724944,0.00039677837
2643,500,0,0,0.49214387,7.303776e-05,0.44160315,0.026781715,0.03936119,3.7120204e-05
2644,500,500,1,0.41966587,8.141124e-06,0.5204999,0.026298685,0.033523127,4.374251e-06
2645,500,500,1,0.032533858,0.0007411512,0.78745294,0.099611446,0.079069644,0.0005909029
2646,500,500,1,0.003646999,1.5542017e-07,0.9954137,0.0004419679,0.0004970209,5.1622685e-08
2647,500,500,1,0.0705,1.7176684e-05,0.90403366,0.011168224,0.014270304,1.0678131e-05
2648,500,500,1,0.008058666,3.9551796e-05,0.93825984,0.028470738,0.0251274,4.3736534e-05
2649,500,1000,0,6.014688e-05,3.932132e-06,0.22497845,0.5743839,0.2004982,7.54888e-05
2650,500,500,1,0.0008166097,1.5492782e-05,0.76388884,0.062095743,0.17315926,2.4048473e-05
2651,500,500,1,0.012288759,7.7141345e-07,0.9782404,0.0068347985,0.0026345218,6.829132e-07
2652,500,500,1,0.0008810286,1.5767638e-06,0.98061895,0.011976538,0.006519727,2.222029e-06
2653,500,1500,0,0.00062390283,3.594664e-05,0.28959423,0.1668043,0.5428925,4.905831e-05
2654,500,1000,0,0.019983154,0.00048587038,0.3332261,0.34540027,0.30017287,0.0007317858
2655,500,500,1,0.0015003122,2.3071412e-05,0.80100757,0.087994,0.10943968,3.5333633e-05
2656,500,1500,0,0.00773305,2.6712676e-05,0.08059815,0.25599572,0.6556192,2.7090393e-05
2657,500,500,1,0.012305528,3.4176606e-05,0.93046635,0.04218315,0.01497329,3.7496877e-05
2658,500,0,0,0.5925423,1.0667061e-06,0.40513986,0.0011574101,0.0011592881,1.3725224e-07
2659,500,500,1,0.038384363,0.0001454367,0.88199383,0.03386762,0.04548427,0.00012452833
2660,500,500,1,0.007322348,1.5650628e-06,0.9824421,0.006055519,0.004177314,1.2535235e-06
2661,500,1500,0,0.016440894,8.4889114e-05,0.16143318,0.22540043,0.5965648,7.574701e-05
2662,500,500,1,0.0023199972,4.9866134e-07,0.9912594,0.00407503,0.0023446644,5.1214465e-07
2663,500,500,1,0.00011627363,2.100045e-06,0.9031003,0.0833398,0.013401783,3.9643313e-05
2664,500,500,1,0.18247187,0.0006978449,0.72118956,0.04776198,0.047434654,0.00044408764
2665,500,0,0,0.71544653,3.2409745e-05,0.27117515,0.006289862,0.00704415,1.1790831e-05
2666,500,500,1,0.10087891,0.00013113636,0.86087006,0.026010953,0.012036137,7.281818e-05
2667,500,500,1,0.0006821574,1.6505118e-06,0.97182786,0.022408115,0.005078846,1.4015341e-06
2668,500,500,1,0.00032884523,5.194301e-06,0.8175764,0.12887202,0.053209007,8.54943e-06
2669,500,0,0,0.9354704,1.4734862e-06,0.062346596,0.00076219614,0.001419248,9.8463e-08
2670,500,500,1,0.07376221,8.7437984e-05,0.7570585,0.12465092,0.04432405,0.000116882264
2671,500,500,1,0.2036224,0.0028827859,0.57406986,0.075735666,0.14184947,0.0018397014
2672,500,500,1,0.39362192,0.00040959372,0.5912396,0.0054015815,0.009240039,8.731806e-05
2673,500,500,1,0.026334854,0.0007547295,0.53408945,0.14992388,0.28847706,0.00042004135
2674,500,500,1,0.056515966,0.08497598,0.7866256,0.013212201,0.054990362,0.0036799286
2675,500,0,0,0.4700313,0.0017008021,0.376829,0.026094949,0.12515795,0.00018602492
2676,500,500,1,0.015409995,6.971294e-05,0.95093495,0.0128515065,0.020696983,3.6809997e-05
2677,500,500,1,0.036453687,0.0013806397,0.70928854,0.09042027,0.16106783,0.0013889968
2678,500,500,1,0.06130974,0.00029944695,0.5454281,0.2787967,0.113734685,0.00043119822
2679,500,500,1,0.11536396,7.708246e-06,0.86827266,0.008241127,0.008109868,4.5380307e-06
2680,500,0,0,0.9510644,8.588438e-07,0.046754945,0.00076980726,0.0014098303,1.217477e-07
2681,500,500,1,0.001174747,2.8772247e-05,0.8837411,0.06474618,0.05027231,3.684648e-05
2682,500,500,1,0.014112102,6.807117e-07,0.9839048,0.0011044275,0.00087792537,1.4785441e-07
2683,500,500,1,0.07582968,0.000531805,0.6373781,0.08037718,0.20557493,0.0003082788
2684,500,500,1,0.003566372,3.328443e-05,0.3650539,0.30170688,0.32956123,7.834566e-05
2685,500,500,1,0.0031531702,6.6590787e-06,0.9645734,0.011828432,0.02043156,6.9037806e-06
2686,500,500,1,0.0015587102,1.4173678e-08,0.99780625,0.0004894672,0.00014564853,5.6347607e-09
2687,500,500,1,0.0023519255,1.332337e-06,0.98899627,0.0063087363,0.0023407405,1.0500946e-06
2688,500,500,1,0.010890105,7.646976e-05,0.8728809,0.0657038,0.050394766,5.39016e-05
2689,500,500,1,0.09154742,1.8909401e-06,0.9046462,0.0018002321,0.0020037987,4.1187133e-07
2690,500,500,1,0.0028214932,9.511594e-05,0.8485709,0.06611143,0.08228247,0.000118644944
2691,500,500,1,0.048528608,1.6454202e-05,0.93650156,0.004592811,0.010352681,7.7896e-06
2692,500,500,1,0.0508663,2.665877e-05,0.92950875,0.014560568,0.0050239014,1.3701665e-05
2693,500,500,1,0.04757801,1.1871834e-06,0.94678426,0.0034290024,0.00220702,5.3698363e-07
2694,500,500,1,0.015627163,1.8741497e-08,0.9840953,0.00016267935,0.00011483434,3.5544954e-09
2695,500,500,1,0.15817969,0.00013927501,0.71634275,0.026723772,0.09856063,5.3908643e-05
2696,500,500,1,0.004426021,5.8689908e-05,0.9760216,0.008862504,0.010591582,3.9505747e-05
2697,500,500,1,0.20915774,0.000403781,0.70566815,0.03265252,0.051954374,0.00016348578
2698,500,500,1,0.01449428,0.0005362332,0.82591915,0.08000755,0.0785031,0.0005397248
2699,500,500,1,0.0046595633,1.1192489e-05,0.9600924,0.012929093,0.022296514,1.12378175e-05
2700,500,500,1,0.001700566,1.4030613e-05,0.96104676,0.022221865,0.014993345,2.3456778e-05
2701,500,500,1,0.004781061,3.257071e-07,0.9940971,0.00055007765,0.00057145156,5.7447753e-08
2702,500,500,1,0.023278499,1.8526057e-07,0.97617346,0.00035565626,0.00019222112,2.6807196e-08
2703,500,500,1,0.0033822297,7.647488e-06,0.9859503,0.007334972,0.003321683,3.1850057e-06
2704,500,500,1,0.0027662423,1.3716658e-07,0.99615735,0.00066291395,0.0004134292,3.76721e-08
2705,500,500,1,0.015612281,2.0335743e-05,0.9612309,0.012019403,0.011101282,1.5865293e-05
2706,500,500,1,0.022810817,4.168251e-07,0.9758278,0.00085874234,0.0005020604,1.3028902e-07
2707,500,500,1,0.0011636837,1.1286383e-05,0.912587,0.047667857,0.03854975,2.0432908e-05
2708,500,1500,0,0.0013968751,0.000107194704,0.09856214,0.35714614,0.5426891,9.8601915e-05
2709,500,500,1,0.002114441,2.1029518e-06,0.98987,0.0037441778,0.0042682625,9.1455934e-07
2710,500,500,1,0.038368717,2.321712e-05,0.9398094,0.007278161,0.014511269,9.139804e-06
2711,500,500,1,0.0068671424,6.688619e-08,0.99252254,0.00029068324,0.0003195562,2.562996e-08
2712,500,500,1,0.0071047344,9.510662e-05,0.8447898,0.11105291,0.036815356,0.00014208735
2713,500,500,1,0.012659015,5.353086e-07,0.9847645,0.0014403301,0.0011354411,1.799531e-07
2714,500,500,1,0.009510947,5.5892664e-09,0.99040353,4.5166846e-05,4.024493e-05,1.1769582e-09
2715,500,500,1,0.0015195367,6.0644115e-11,0.99845874,1.48703575e-05,6.9057696e-06,1.1593885e-11
2716,500,500,1,0.0012873298,1.0367252e-05,0.9531349,0.020376448,0.025174743,1.6166761e-05
2717,500,500,1,0.0010361338,2.994225e-07,0.9954307,0.001501758,0.0020310977,1.5230798e-07
2718,500,500,1,0.0138121,0.00013137338,0.8569085,0.040645003,0.0883794,0.00012356236
2719,500,500,1,0.18111424,3.3123553e-05,0.8068811,0.0054342444,0.0065283678,8.963669e-06
2720,500,0,0,0.76292723,7.562002e-06,0.22362632,0.0019667472,0.011471291,8.0318694e-07
2721,500,500,1,0.23317955,4.2480482e-05,0.75476795,0.005189188,0.006808766,1.2025041e-05
2722,500,500,1,0.0037388408,2.124492e-06,0.99565554,0.00032331306,0.00027995626,2.7705946e-07
2723,500,500,1,0.019887445,0.00038994598,0.87950057,0.048355535,0.0513804,0.00048611642
2724,500,500,1,0.017934332,0.00019585005,0.8908939,0.02784139,0.063036695,9.7832664e-05
2725,500,500,1,0.014080714,5.0928606e-06,0.978124,0.004145103,0.003642172,2.9431171e-06
2726,500,0,0,0.96527237,2.9869645e-07,0.033702962,0.0004144847,0.00060981663,3.793337e-08
2727,500,500,1,0.0107947765,0.00025808145,0.6104228,0.07848061,0.29986978,0.0001739279
2728,500,500,1,0.04473017,0.0001626277,0.93526316,0.00925583,0.010495808,9.236636e-05
2729,500,500,1,0.14201696,5.3911307e-08,0.857729,9.127839e-05,0.00016268609,4.628406e-09
2730,500,500,1,0.005400936,2.340909e-05,0.948497,0.013807302,0.032247636,2.377009e-05
2731,500,500,1,0.006553606,4.4760956e-08,0.99256504,0.000730347,0.00015098118,1.2664117e-08
2732,500,500,1,0.08589913,0.00011332511,0.82260674,0.02755365,0.06376906,5.805301e-05
2733,500,500,1,0.038090177,9.733161e-06,0.95002484,0.0054557207,0.0064142514,5.3697927e-06
2734,500,1500,0,0.0128156,0.00034826167,0.25449765,0.22577095,0.50616765,0.0003998441
2735,500,500,1,0.0021475616,2.8376242e-05,0.95357436,0.022940412,0.021262737,4.650231e-05
2736,500,500,1,0.1350429,3.8517814e-07,0.86112124,0.0010201681,0.0028152193,7.604938e-08
2737,500,0,0,0.6818687,1.2732762e-08,0.31788245,0.0001102261,0.00013869796,1.5847319e-09
2738,500,500,1,0.0045416243,3.8730213e-06,0.98522687,0.003289228,0.006936764,1.6481372e-06
2739,500,500,1,0.020570718,5.126447e-07,0.9759149,0.0027884347,0.0007252338,2.7622846e-07
2740,500,500,1,0.094882086,9.1437e-09,0.90483,0.0002102116,7.777094e-05,2.4773827e-09
2741,500,500,1,0.158172,7.245692e-08,0.8406751,0.0005675468,0.000585232,1.7878028e-08
2742,500,0,0,0.87708914,4.1577774e-08,0.1222971,0.00012607759,0.00048761172,2.7060423e-09
2743,500,500,1,0.14072257,8.930497e-09,0.859136,7.377382e-05,6.7650515e-05,6.4826206e-10
2744,500,500,1,0.0042005065,3.889241e-06,0.9815974,0.0055861603,0.0086090835,2.9062803e-06
2745,500,500,1,0.015421761,0.00049684773,0.7725123,0.09785984,0.11310569,0.0006034674
2746,500,500,1,0.0018879864,1.7443492e-07,0.9967694,0.0010121742,0.00033029073,3.240911e-08
2747,500,500,1,0.00579626,1.8284866e-06,0.9888021,0.0025110976,0.0028880648,6.9277667e-07
2748,500,500,1,0.004782615,3.4541817e-08,0.99482924,0.00017220281,0.00021598206,8.225743e-09
2749,500,500,1,0.005158829,9.631528e-08,0.9942325,0.00030706398,0.00030153577,1.8041616e-08
2750,500,500,1,0.00067696226,4.130792e-07,0.99774086,0.0008865754,0.0006950818,6.632889e-08
2751,500,500,1,0.0570786,1.8913841e-08,0.9427005,8.5176434e-05,0.00013573423,2.3505622e-09
2752,500,1500,0,0.0026917476,0.00010350569,0.035096046,0.13909674,0.82293797,7.403499e-05
2753,500,500,1,0.011825489,0.00029928645,0.9418841,0.014256992,0.03171195,2.2091654e-05
2754,500,0,0,0.63472617,4.391144e-06,0.36119634,0.001748194,0.0023241052,8.205001e-07
2755,500,500,1,0.0074625984,2.6620943e-09,0.9924407,5.610531e-05,4.057855e-05,3.062654e-10
2756,500,500,1,0.0029725214,1.2820195e-06,0.99135804,0.0035143457,0.002153238,5.37674e-07
2757,500,500,1,0.006654318,4.697215e-06,0.97891515,0.008698501,0.005724601,2.660543e-06
2758,500,500,1,0.48752093,9.503039e-06,0.50688994,0.0019222222,0.0036560048,1.3667035e-06
2759,500,500,1,0.08887061,2.2280833e-06,0.910303,0.0003294232,0.0004946124,1.516749e-07
2760,500,500,1,0.4631995,6.609024e-08,0.53643364,0.00025084682,0.00011589839,5.8524035e-09
2761,500,500,1,0.13966838,0.00020645627,0.7739587,0.041729946,0.04433152,0.0001050094
2762,500,500,1,0.04798945,1.4086693e-09,0.95191497,4.936275e-05,4.6138262e-05,2.659863e-10
2763,500,0,0,0.71005803,3.0209346e-08,0.2898696,1.4625413e-05,5.7743822e-05,3.077519e-10
2764,500,500,1,0.20791166,7.3682277e-06,0.78767693,0.0016018843,0.0028008933,1.1767518e-06
2765,500,500,1,0.045785982,4.4831436e-10,0.95420444,5.7355383e-06,3.8565454e-06,1.1162571e-11
2766,500,500,1,0.019337362,5.6229236e-08,0.98008007,0.00021541874,0.0003670655,1.1597607e-08
2767,500,0,0,0.895226,3.0566072e-09,0.104703605,1.1191781e-05,5.911684e-05,5.6048673e-11
2768,500,500,1,0.075517856,0.00013521343,0.8716858,0.018431023,0.034151986,7.819174e-05
2769,500,500,1,0.01552426,0.00012240956,0.6299855,0.031768806,0.32256845,3.0550862e-05
2770,500,500,1,0.14161149,2.1856764e-07,0.8570297,0.00058499404,0.0007735466,5.6103318e-08
2771,500,500,1,0.1315254,9.08408e-06,0.85579556,0.005524127,0.007142703,3.1504414e-06
2772,500,500,1,0.08911198,2.2580643e-08,0.9106734,0.00012052111,9.410141e-05,3.864522e-09
2773,500,500,1,0.004457336,6.424917e-05,0.90251595,0.040391725,0.052458383,0.00011226379
2774,500,500,1,0.0401898,1.2233173e-06,0.9538252,0.0023184407,0.0036648738,5.7750043e-07
2775,500,500,1,0.017431537,0.0006768661,0.5320346,0.1565383,0.2923948,0.0009239098
2776,500,500,1,0.070322864,1.6533753e-06,0.92766404,0.00093050813,0.0010805768,3.9813833e-07
2777,500,0,0,0.8025844,1.3789268e-07,0.19681887,0.0001291545,0.0004674732,1.0067564e-08
2778,500,500,1,0.07040051,1.3452704e-06,0.927547,0.0010559196,0.0009948056,3.2008484e-07
2779,500,0,0,0.6868849,4.8031758e-08,0.31234413,0.00029187524,0.00047890042,6.7388704e-09
2780,500,500,1,0.099210985,4.4372308e-07,0.8980379,0.0008645628,0.001885987,1.1819042e-07
2781,500,500,1,0.06681252,1.2900109e-09,0.93316215,1.3901866e-05,1.1488476e-05,5.8044042e-11
2782,500,500,1,0.2007361,1.499413e-07,0.79848415,0.00024889136,0.00053068215,2.0340787e-08
2783,500,500,1,0.31830525,2.2028168e-08,0.68115,0.0002080599,0.00033669337,5.096189e-09
2784,500,500,1,0.030591436,1.2264191e-07,0.96854454,0.00029306393,0.00057084236,1.6795733e-08
2785,500,500,1,0.10220726,1.571691e-05,0.89128864,0.0017408737,0.0047440194,3.4513027e-06
2786,500,500,1,0.03127815,0.0004967023,0.8557847,0.06819027,0.04368445,0.00056563615
2787,500,500,1,0.042118426,2.8739819e-06,0.9574949,0.0001117702,0.00027204424,6.661814e-08
2788,500,500,1,0.0060415347,4.0885457e-06,0.9775048,0.010529496,0.0059166313,3.6394738e-06
2789,500,500,1,0.08228173,8.075221e-08,0.9170148,0.00036677666,0.00033665454,1.7890656e-08
2790,500,500,1,0.0028805167,5.315495e-07,0.99446714,0.0011965657,0.00145512,2.743352e-07
2791,500,0,0,0.86625373,6.224051e-11,0.13373189,9.260592e-06,5.0809817e-06,5.423019e-12
2792,500,500,1,0.00767074,6.386169e-05,0.84619945,0.07041822,0.07556384,8.394909e-05
2793,500,500,1,0.21477312,4.3949214e-05,0.7655741,0.007931395,0.011657996,1.9538833e-05
2794,500,500,1,0.009485353,9.916344e-05,0.8758825,0.029682273,0.08477617,7.439531e-05
2795,500,500,1,0.258321,2.0202926e-06,0.7015164,0.034801703,0.005356936,1.9300428e-06
2796,500,500,1,0.01420751,3.0128713e-05,0.9158789,0.04244078,0.027416948,2.574999e-05
2797,500,500,1,0.044924743,1.3333361e-06,0.947518,0.003899245,0.0036558683,7.691843e-07
2798,500,0,0,0.9872155,5.322045e-08,0.010080814,0.00024782828,0.0024559128,1.2438358e-09
2799,500,500,1,0.0009893795,2.484104e-07,0.9945292,0.0019765308,0.0025045488,8.954834e-08
2800,500,500,1,0.099125646,0.00031628116,0.8873964,0.0024672465,0.010662124,3.226546e-05
2801,500,500,1,0.35580185,3.3001006e-06,0.6422118,0.00018628009,0.0017966798,5.850307e-08
2802,500,500,1,0.3361412,1.6931771e-06,0.6625976,0.00061598,0.0006431625,3.5659878e-07
2803,500,500,1,0.1831253,3.638071e-07,0.8157085,0.0006476147,0.0005180468,9.25667e-08
2804,500,500,1,0.021436866,8.845444e-06,0.9782331,0.0001369247,0.00018392457,3.940927e-07
2805,500,0,0,0.59575015,6.2964595e-08,0.4040161,6.6590655e-05,0.00016707458,1.8492049e-09
2806,500,1500,0,0.07157273,0.00011354257,0.43682513,0.039369877,0.4520911,2.7597056e-05
2807,500,500,1,0.20413357,4.240673e-06,0.79156023,0.0019677924,0.0023327533,1.3948055e-06
2808,500,500,1,0.008221321,1.6641577e-10,0.9917762,1.6067116e-06,8.224135e-07,1.5262738e-12
2809,500,0,0,0.9510216,4.6799415e-11,0.048973702,1.6986693e-06,2.9342368e-06,1.5076537e-12
2810,500,500,1,0.12019621,8.952218e-09,0.87968355,5.0902756e-05,6.927998e-05,6.7014844e-10
2811,500,0,0,0.8255994,3.312293e-05,0.16858548,0.000436797,0.0053448197,4.2139382e-07
2812,500,500,1,0.20606264,5.0014437e-10,0.7939296,3.790661e-06,4.0414493e-06,1.0285861e-11
2813,500,500,1,0.0008568455,5.902789e-06,0.96624404,0.01624957,0.016637122,6.6038156e-06
2814,500,500,1,0.015278991,1.551536e-05,0.97822297,0.002837602,0.0036378524,7.1166714e-06
2815,500,500,1,0.0005938969,9.822815e-08,0.9986333,0.00033915663,0.00043350155,1.2475452e-08
2816,500,500,1,0.032448698,2.1062963e-08,0.9671844,0.00014684533,0.00021999402,5.180362e-09
2817,500,500,1,0.0028058644,1.040728e-05,0.95561475,0.023373324,0.018184152,1.1510089e-05
2818,500,500,1,0.004019875,3.4447778e-09,0.99589986,6.085602e-05,1.9295996e-05,2.5691654e-10
2819,500,500,1,0.00081489835,9.190422e-09,0.99848676,0.00026396237,0.00043430517,3.9040113e-09
2820,500,500,1,0.12022175,3.739417e-11,0.8797474,2.6404377e-05,4.4204317e-06,2.8018894e-12
2821,500,500,1,0.3713681,5.9562582e-05,0.5951751,0.0055923304,0.027800629,4.2444044e-06
2822,500,500,1,0.41068488,1.401836e-07,0.58741057,0.0007766537,0.0011276852,3.9890043e-08
2823,500,500,1,0.02678196,5.302491e-07,0.97162265,0.00078007614,0.000814679,1.4414566e-07
2824,500,500,1,0.29547653,6.1010983e-06,0.6931173,0.005734727,0.005663979,1.300268e-06
2825,500,500,1,0.0025385746,6.094754e-07,0.9901599,0.005020107,0.0022803147,5.013781e-07
2826,500,500,1,0.13180707,2.1278986e-08,0.8671666,0.0009029591,0.00012329694,6.24606e-09
2827,500,500,1,0.063554905,1.1671681e-05,0.91961837,0.0044632754,0.01234788,3.9959195e-06
2828,500,500,1,0.0068047065,6.513177e-05,0.93261564,0.041869342,0.0186036,4.161518e-05
2829,500,500,1,0.21856956,5.8264077e-10,0.7813587,5.8310034e-05,1.3454915e-05,7.4051015e-11
2830,500,500,1,0.015048214,2.7388072e-07,0.9835407,0.00086685683,0.0005439888,5.464486e-08
2831,500,500,1,0.04535009,4.45676e-07,0.95455694,2.5075733e-05,6.748087e-05,3.7559578e-09
2832,500,500,1,0.15926746,2.3753111e-08,0.8404375,0.0001766667,0.000118429816,3.9309067e-09
2833,500,500,1,0.004311441,1.3319601e-05,0.9349475,0.03449135,0.026227515,8.771914e-06
2834,500,500,1,0.020173186,4.9493234e-08,0.9788609,0.00035002257,0.0006158247,1.45696895e-08
2835,500,500,1,0.05373401,7.657609e-06,0.9304907,0.0078935,0.007869898,4.258774e-06
2836,500,500,1,0.0043970896,8.431348e-06,0.97109544,0.015178012,0.009313211,7.866492e-06
2837,500,500,1,0.12515354,3.82537e-06,0.8709111,0.0010840353,0.0028471951,3.534886e-07
2838,500,500,1,0.00032978723,6.679095e-09,0.99896324,0.0005552678,0.000151698,4.005285e-09
2839,500,500,1,0.0002580172,2.322513e-09,0.99915457,0.00050489063,8.25401e-05,1.7574637e-09
2840,500,500,1,0.017014818,3.3072777e-07,0.98096424,0.0015545934,0.00046585596,1.1421561e-07
2841,500,500,1,0.01715486,4.713413e-05,0.9482772,0.018754408,0.015738506,2.7888787e-05
2842,500,500,1,0.0038824885,5.1170508e-05,0.949971,0.030480511,0.015567983,4.6787372e-05
2843,500,0,0,0.83003545,5.6296363e-07,0.16639394,0.0023633975,0.0012064493,1.9900853e-07
2844,500,1500,0,0.011111085,0.00012402901,0.30135748,0.2853888,0.4018876,0.00013100875
2845,500,500,1,0.008884223,5.3730277e-05,0.8518827,0.07653548,0.06258792,5.5958793e-05
2846,500,500,1,0.0011131943,5.8300174e-07,0.9850846,0.01157033,0.0022305255,7.292285e-07
2847,500,500,1,0.006703217,2.7231797e-06,0.9873584,0.0037542966,0.0021792224,2.059343e-06
2848,500,500,1,0.018453129,4.7678935e-08,0.9797421,0.0015050294,0.0002997433,2.7746767e-08
2849,500,500,1,0.014213211,0.0004987182,0.37784207,0.3004377,0.30644763,0.0005607234
2850,500,1500,0,0.0006705094,7.3751995e-05,0.22379246,0.32764462,0.4477032,0.00011551544
2851,500,500,1,0.012208972,4.627376e-05,0.9471554,0.027891733,0.012661552,3.6034264e-05
2852,500,0,0,0.6299221,5.691946e-05,0.26605016,0.05252027,0.051439535,1.0984342e-05
2853,500,500,1,0.0016844269,7.8188445e-05,0.59447026,0.2987917,0.104642935,0.00033248207
2854,500,500,1,0.018296367,0.00046132584,0.568374,0.19344722,0.21898906,0.00043201132
2855,500,500,1,0.037585177,4.485094e-05,0.43599403,0.23646526,0.28986272,4.7890004e-05
2856,500,500,1,0.025102923,3.2635642e-05,0.93282574,0.013964544,0.028050764,2.3397071e-05
2857,500,500,1,0.023939257,1.574096e-05,0.8581837,0.014458782,0.10339984,2.7963024e-06
2858,500,500,1,0.012770303,0.00024849732,0.9311704,0.039107095,0.016597271,0.00010641623
2859,500,500,1,0.0056103324,0.00027756952,0.37138236,0.32451594,0.2977334,0.00048030983
2860,500,500,1,0.007064284,5.4069187e-06,0.9537048,0.01235038,0.026870357,4.676943e-06
2861,500,0,0,0.9491839,2.6609703e-06,0.04746985,0.0012175684,0.0021255184,3.814469e-07
2862,500,500,1,0.053294938,5.259987e-05,0.8227452,0.04545586,0.0784399,1.1563665e-05
2863,500,500,1,0.011236568,8.789048e-05,0.88482565,0.078236155,0.025499167,0.00011449882
2864,500,500,1,0.00017060325,1.3947495e-05,0.6000492,0.23818438,0.16145411,0.0001277808
2865,500,500,1,0.0013036253,5.676239e-07,0.9846941,0.0051093874,0.008891623,6.5758985e-07
2866,500,0,0,0.50058943,7.2361065e-05,0.16865207,0.18951268,0.14112489,4.849154e-05
2867,500,500,1,0.00389709,0.00037304056,0.5562823,0.13763751,0.30114564,0.000664354
2868,500,1500,0,0.0001442201,8.000381e-06,0.217132,0.14197144,0.6407185,2.5824142e-05
2869,500,500,1,0.0006134177,1.3920719e-05,0.90016735,0.064065896,0.035100628,3.880287e-05
2870,500,500,1,0.1990461,0.00020160028,0.74486345,0.028350199,0.027421301,0.0001174289
2871,500,500,1,0.0018484569,1.2594783e-05,0.90661174,0.047640566,0.04386661,1.9985517e-05
2872,500,1500,0,7.660813e-05,4.1493504e-06,0.049419202,0.42232114,0.5281444,3.4372548e-05
2873,500,500,1,3.165805e-05,8.1044993e-07,0.8430844,0.13029388,0.026583537,5.7631223e-06
2874,500,1500,0,0.00012788807,4.1753665e-06,0.045372628,0.39974958,0.5547293,1.6484973e-05
2875,500,500,1,0.044911075,0.00037549782,0.8862189,0.035757255,0.0325012,0.00023613217
2876,500,500,1,0.00039256702,1.2285116e-06,0.9416588,0.021049885,0.036895312,2.2239915e-06
2877,500,500,1,0.0034498875,0.00013402307,0.6707807,0.118313596,0.20705602,0.00026576052
2878,500,0,0,0.569295,0.00040747726,0.2955753,0.066449,0.068041235,0.00023205832
2879,500,1500,0,0.0010118611,3.2348395e-05,0.076482594,0.31285983,0.6095513,6.208366e-05
2880,500,0,0,0.5893097,2.0596553e-05,0.103540346,0.23565103,0.07146394,1.4400133e-05
2881,500,500,1,0.004220859,4.6094283e-06,0.9849473,0.0051280702,0.005697269,1.7791276e-06
2882,500,1500,0,0.17011955,0.0010291042,0.3333306,0.13125293,0.36371747,0.00055031
2883,500,500,1,0.09258502,9.4707975e-06,0.8884694,0.01158124,0.0073495656,5.3015974e-06
2884,500,500,1,0.34865558,0.00017825223,0.6102055,0.02546341,0.015407428,8.986863e-05
2885,500,1500,0,0.0014493976,0.00016422551,0.31127977,0.22753534,0.45919967,0.0003715927
2886,500,500,1,0.032923833,4.699509e-05,0.5992495,0.31389242,0.0537826,0.00010465128
2887,500,500,1,0.011836461,3.1491263e-06,0.920775,0.06126728,0.006112798,5.328515e-06
2888,500,500,1,0.024536854,2.088635e-06,0.956713,0.016077328,0.0026691423,1.6159958e-06
2889,500,500,1,0.031472884,0.002098055,0.71280867,0.16631955,0.08482093,0.002479909
2890,500,500,1,0.08601064,6.6611494e-05,0.85186934,0.043292053,0.018702747,5.862265e-05
2891,500,500,1,0.040170234,0.0014258334,0.60433584,0.11663672,0.2361885,0.0012428621
2892,500,0,0,0.64107174,4.0716557e-05,0.23739932,0.10027915,0.021176254,3.279702e-05
2893,500,500,1,0.032185137,0.0005070285,0.88734204,0.039568186,0.040023796,0.00037384668
2894,500,500,1,0.04632615,9.1964466e-05,0.5882472,0.22515948,0.14006026,0.000114958115
2895,500,0,0,0.83095264,8.853647e-05,0.10515802,0.045024086,0.018728923,4.773179e-05
2896,500,500,1,0.05591678,0.00010171618,0.848273,0.058260124,0.03738546,6.302356e-05
2897,500,1000,0,0.016229091,0.0002993506,0.32039717,0.3837001,0.27903137,0.0003429917
2898,500,500,1,0.025922643,5.477811e-05,0.8775292,0.061994016,0.03443221,6.716107e-05
2899,500,500,1,0.002610427,2.9767296e-05,0.93613434,0.040072825,0.021106344,4.6153673e-05
2900,500,500,1,0.0074356464,7.191414e-05,0.95165247,0.019120451,0.021655243,6.423929e-05
2901,500,1500,0,0.00024976765,2.7932541e-05,0.39857566,0.17208643,0.4289475,0.00011266974
2902,500,500,1,0.0011364464,1.5959616e-06,0.9472568,0.04675727,0.00484604,1.829608e-06
2903,500,500,1,0.006049212,4.245235e-05,0.9282728,0.05228527,0.013303114,4.7226014e-05
2904,500,1500,0,0.1107779,7.9211866e-05,0.2777653,0.14902987,0.46230412,4.3611028e-05
2905,500,500,1,0.007122903,0.00012657873,0.896587,0.06229592,0.0336766,0.00019107114
2906,500,500,1,0.00046998807,5.0637997e-08,0.9970113,0.0014694722,0.0010491232,3.261537e-08
2907,500,500,1,0.2587503,2.5595941e-06,0.73512936,0.0027544184,0.0033626931,6.608435e-07
2908,500,500,1,0.0083535975,2.3475542e-07,0.9905409,0.00044044928,0.00066462514,1.04625585e-07
2909,500,500,1,0.005562626,0.000109097375,0.8382051,0.046085797,0.10988343,0.0001539397
2910,500,500,1,0.12200679,5.6495446e-06,0.85026556,0.008895966,0.018822916,3.0930303e-06
2911,500,500,1,0.0031797553,9.244349e-07,0.99001825,0.0039687343,0.0028318912,4.2510277e-07
2912,500,500,1,0.016879948,9.615867e-07,0.97026706,0.00950946,0.0033415938,8.86812e-07
2913,500,500,1,0.078097425,0.0002653201,0.8678328,0.024700213,0.028929254,0.00017490407
2914,500,500,1,0.0006260675,4.2114035e-08,0.9984282,0.00038839824,0.0005573503,1.319331e-08
2915,500,500,1,0.001994055,1.3293894e-08,0.99759823,0.00026193127,0.0001457311,5.9401604e-09
2916,500,500,1,0.14244816,2.1289787e-05,0.84521997,0.0016894421,0.010619759,1.2972805e-06
2917,500,0,0,0.69416976,1.0528229e-07,0.30411106,0.0002664338,0.0014526392,9.275277e-09
2918,500,500,1,0.008554375,2.9101294e-08,0.9907075,0.00026964193,0.00046841553,1.0534926e-08
2919,500,500,1,0.11870053,7.671616e-05,0.8054482,0.012555511,0.0632027,1.6313139e-05
2920,500,500,1,0.010958456,5.82427e-06,0.97494054,0.004977923,0.009113664,3.6260928e-06
2921,500,500,1,0.003642376,7.4739305e-06,0.9637821,0.011778479,0.02078167,7.949192e-06
2922,500,500,1,0.39655104,6.721936e-05,0.56146425,0.009646311,0.03225452,1.6602295e-05
2923,500,500,1,0.0313662,6.269624e-06,0.9623083,0.002746334,0.0035699368,2.957925e-06
2924,500,500,1,0.47839975,2.7187316e-06,0.5188484,0.0012337689,0.0015148344,5.793606e-07
2925,500,1500,0,0.07722613,2.963285e-05,0.29844275,0.10175746,0.5225302,1.3849751e-05
2926,500,500,1,0.046121754,1.0550633e-09,0.953813,3.2822045e-05,3.245959e-05,1.2131475e-10
2927,500,0,0,0.8564224,0.0003104242,0.13098031,0.0015493983,0.010727493,9.900694e-06
2928,500,500,1,0.059703056,0.00025585372,0.92854464,0.004558544,0.0068403864,9.745328e-05
2929,500,500,1,0.009009602,4.5079636e-05,0.95291185,0.017697176,0.02029233,4.3896416e-05
2930,500,500,1,0.3758793,1.3167408e-07,0.62345815,0.00028218748,0.0003802653,2.0985176e-08
2931,500,500,1,0.13258305,4.8711428e-08,0.8667615,0.0003362623,0.0003191745,9.399457e-09
2932,500,500,1,0.4513586,1.59923e-05,0.5072204,0.008163716,0.03323752,3.755679e-06
2933,500,500,1,0.002316081,2.040078e-07,0.9965612,0.0004971881,0.0006252408,7.8113956e-08
2934,500,500,1,0.0073045017,2.6598857e-06,0.98382944,0.006599445,0.0022628268,1.193752e-06
2935,500,500,1,0.0040229405,8.970128e-08,0.99388015,0.00095290766,0.0011439467,5.7600985e-08
2936,500,500,1,0.0067034927,1.7953295e-06,0.9871193,0.0027541479,0.0034198817,1.4351587e-06
2937,500,500,1,0.05945665,8.1352855e-06,0.93452847,0.002422123,0.003580663,3.8874787e-06
2938,500,500,1,0.026903428,1.4069284e-05,0.92166483,0.027041264,0.024362141,1.4311641e-05
2939,500,500,1,0.046493936,4.172529e-06,0.93459606,0.0042297435,0.014674136,1.8556283e-06
2940,500,500,1,0.061119042,5.6518187e-05,0.8817403,0.013494492,0.043561175,2.851412e-05
2941,500,500,1,0.00018622894,5.831285e-06,0.8174105,0.079109386,0.10326921,1.8830386e-05
2942,500,500,1,0.0012378086,3.8098765e-06,0.9697742,0.0154173365,0.013561462,5.3822337e-06
2943,500,500,1,0.006072797,2.0187902e-07,0.98980486,0.0011180101,0.0030040515,9.064047e-08
2944,500,0,0,0.5919696,3.4454965e-07,0.40473875,0.0006851242,0.0026060687,5.8927064e-08
2945,500,0,0,0.5978399,6.603135e-05,0.38704392,0.0055233757,0.009520764,6.0680254e-06
2946,500,500,1,0.0007091992,7.0085383e-07,0.9938076,0.0035231067,0.001958966,4.3289592e-07
2947,500,500,1,0.00074282876,4.7173347e-05,0.5262131,0.14911252,0.32378235,0.00010201139
2948,500,500,1,0.01265245,2.2477268e-05,0.9654469,0.0111585045,0.010700912,1.886321e-05
2949,500,500,1,0.00050292467,1.7845085e-06,0.9699949,0.022651033,0.00684668,2.6129808e-06
2950,500,500,1,0.34332258,7.8479155e-07,0.65480876,0.0008265563,0.0010411411,2.4675563e-07
2951,500,0,0,0.6424538,3.320075e-05,0.34514862,0.004187849,0.008167766,8.684696e-06
2952,500,500,1,0.01012454,7.028463e-05,0.9379077,0.015191946,0.036649223,5.6305027e-05
2953,500,0,0,0.77749294,2.0514021e-06,0.21862338,0.0011091836,0.0027721568,3.17126e-07
2954,500,0,0,0.7353308,6.920839e-06,0.25985563,0.0011588092,0.0036469654,7.848185e-07
2955,500,500,1,0.27421337,2.4141109e-05,0.70496696,0.005877916,0.0149090355,8.542323e-06
2956,500,500,1,0.003450107,0.0001728472,0.61689675,0.090300865,0.28888804,0.00029140234
2957,500,500,1,0.068771765,0.00011818701,0.81032306,0.029982153,0.09073158,7.326091e-05
2958,500,500,1,0.35009733,2.5198133e-06,0.6423304,0.0012054881,0.0063638664,3.834743e-07
2959,500,500,1,0.002644836,1.0273535e-07,0.9954828,0.0009211685,0.00095098163,6.288116e-08
2960,500,500,1,0.0005119973,6.0622014e-09,0.9991204,0.00022751185,0.00014011172,1.926717e-09
2961,500,500,1,0.004173705,2.0693924e-05,0.9198972,0.053529568,0.022354716,2.41737e-05
2962,500,500,1,0.0719631,0.0012889556,0.6338203,0.06773943,0.22429621,0.00089198496
2963,500,500,1,0.25021553,5.205224e-05,0.72400045,0.012477715,0.013230902,2.3355542e-05
2964,500,500,1,0.0014412918,5.820841e-05,0.87748617,0.033570584,0.08735193,9.175371e-05
2965,500,1500,0,0.00041869513,8.628673e-05,0.27725458,0.23842351,0.48346835,0.0003485167
2966,500,500,1,0.016102396,4.431279e-05,0.95002115,0.0073912223,0.02641735,2.3528914e-05
2967,500,500,1,0.008970253,5.293246e-06,0.97013164,0.004857127,0.016031876,3.787237e-06
2968,500,1500,0,0.004838314,0.00027376716,0.074387,0.21953659,0.70062643,0.00033785202
2969,500,500,1,0.050458975,9.49006e-08,0.94873065,0.0003406044,0.00046971615,2.7670692e-08
2970,500,500,1,0.2438608,6.778912e-08,0.7549277,0.00025545325,0.0009559197,1.1921773e-08
2971,500,500,1,0.070480116,2.1942252e-07,0.92453945,0.0036428112,0.0013373187,1.4504603e-07
2972,500,0,0,0.7058204,1.5966309e-05,0.24935417,0.010892139,0.033913154,4.213024e-06
2973,500,500,1,0.1667959,2.6725023e-05,0.82525134,0.002550425,0.0053667203,8.914736e-06
2974,500,500,1,0.0108442865,0.00012181529,0.8676232,0.034875713,0.086421676,0.000113257636
2975,500,500,1,0.013899579,2.2915427e-05,0.9717399,0.0069755367,0.007343707,1.8283401e-05
2976,500,0,0,0.9277539,1.0826218e-09,0.072209425,1.8876292e-05,1.775861e-05,8.600365e-11
2977,500,500,1,0.26684213,3.1780098e-07,0.7324004,0.00030858238,0.00044847248,5.1672746e-08
2978,500,0,0,0.75312513,1.6912934e-07,0.2461387,0.00021257064,0.00052339624,9.499513e-09
2979,500,500,1,0.013554491,9.6710944e-05,0.95673066,0.012939677,0.016565526,0.00011290158
2980,500,500,1,0.005208467,1.3323105e-05,0.96699935,0.009705697,0.018060714,1.2457418e-05
2981,500,500,1,0.0040814956,8.959841e-07,0.98935246,0.0042936243,0.0022711107,4.6585913e-07
2982,500,0,0,0.79254013,1.9670214e-08,0.2072525,7.2737e-05,0.00013453767,1.4753674e-09
2983,500,500,1,0.110680535,1.0153618e-06,0.8858738,0.00092839747,0.0025161516,2.6010133e-07
2984,500,500,1,0.016126815,0.000100749385,0.91267484,0.03174671,0.03924199,0.000108990615
2985,500,500,1,0.30610734,5.124927e-07,0.6919237,0.00092170556,0.0010466554,1.3045782e-07
2986,500,500,1,0.15519358,1.9789571e-10,0.84477407,2.0913569e-05,1.1502086e-05,2.2675951e-11
2987,500,500,1,0.013316502,0.00030397502,0.87825197,0.0598618,0.047885887,0.0003798637
2988,500,0,0,0.8926226,1.6652915e-09,0.107276745,5.179264e-05,4.8826947e-05,2.2293829e-10
2989,500,0,0,0.92821944,9.876693e-06,0.06417171,0.0031401764,0.0044577755,1.0229447e-06
2990,500,0,0,0.6361823,2.5119402e-07,0.3621183,0.00083537016,0.0008638153,5.7160975e-08
2991,500,500,1,0.0007178815,5.9551594e-06,0.9185213,0.026057953,0.05468224,1.4633793e-05
2992,500,500,1,0.0024992647,1.7299182e-05,0.93191504,0.04032956,0.02521229,2.65674e-05
2993,500,500,1,0.016122023,8.053246e-07,0.98093903,0.00096102094,0.0019769578,1.8192415e-07
2994,500,500,1,0.43625125,1.0496902e-06,0.5593572,0.0021062412,0.0022840323,2.0957916e-07
2995,500,500,1,0.0009679037,5.4960524e-06,0.9676532,0.022256382,0.009107719,9.288792e-06
2996,500,500,1,0.00024202598,3.5968167e-06,0.93847114,0.040967293,0.02030673,9.056352e-06
2997,500,0,0,0.83087474,6.535154e-06,0.12874769,0.007241332,0.03312878,8.4996765e-07
2998,500,500,1,0.013793492,3.063055e-05,0.8217958,0.09916756,0.06516203,5.0432172e-05
2999,500,500,1,0.003475156,7.2658113e-06,0.9351352,0.04569233,0.015678095,1.1938377e-05
