Sample,True Label,Pred Label,Correct,Prob_0,Prob_100,Prob_500,Prob_1000,Prob_1500,Prob_2000
0,0,0,1,0.92973804,9.1567625e-09,0.068230905,0.00039294572,0.0016380673,1.3749273e-10
1,0,0,1,0.97604656,6.033063e-13,0.023952251,5.264296e-07,5.696677e-07,2.880219e-15
2,0,0,1,0.89229715,3.0319192e-08,0.10144847,0.0025808355,0.0036735088,1.3063085e-10
3,0,0,1,0.99388427,1.7518719e-09,0.0059773233,5.9516664e-05,7.8951954e-05,2.100788e-12
4,0,0,1,0.99428165,8.690872e-09,0.0018251196,0.0025953257,0.001297937,2.8163187e-13
5,0,0,1,0.6202251,9.761449e-06,0.17762344,0.037789527,0.16435221,1.0948446e-07
6,0,0,1,0.79544413,1.0173816e-06,0.20058617,0.0018516291,0.002117032,2.0840323e-08
7,0,500,0,0.075083345,2.9526642e-05,0.8903504,0.016726129,0.017802201,8.493785e-06
8,0,500,0,0.25964445,9.3053e-07,0.73359615,0.005612374,0.0011461325,3.1186733e-08
9,0,0,1,0.9879425,1.4998301e-11,0.012045736,3.0050808e-06,8.711409e-06,1.2742724e-13
10,0,0,1,0.959324,5.878123e-10,0.040549908,4.768999e-05,7.842971e-05,6.1669615e-12
11,0,0,1,0.93172425,2.9403768e-07,0.041839376,0.014530464,0.011905625,4.6191187e-10
12,0,0,1,0.8478596,8.3401517e-07,0.11362344,0.008222864,0.030293258,9.144022e-09
13,0,0,1,0.9853345,1.3568273e-08,0.013953234,0.00023163698,0.00048063538,6.150671e-11
14,0,1500,0,0.049130592,0.060089618,0.3474713,0.1701723,0.36187497,0.011261151
15,0,0,1,0.9858539,2.3142048e-08,0.009166057,0.0025465311,0.002433587,6.186698e-12
16,0,500,0,0.26787263,8.614775e-08,0.7135253,0.0039621997,0.014639746,3.8808783e-09
17,0,0,1,0.9160185,6.642306e-12,0.08392537,1.4824688e-05,4.1260075e-05,2.78808e-14
18,0,0,1,0.6466637,1.0912433e-08,0.3532476,8.152002e-05,7.137583e-06,9.423738e-12
19,0,0,1,0.87363726,9.385647e-07,0.09951249,0.007943785,0.018905545,5.2571187e-09
20,0,0,1,0.99633455,1.2088681e-09,0.003275009,0.00015393372,0.00023645538,2.2359476e-13
21,0,0,1,0.7580972,8.2041544e-07,0.18649197,0.014123786,0.041286275,1.0923532e-08
22,0,0,1,0.9892875,5.4610677e-10,0.010542405,9.6014955e-05,7.402449e-05,4.0513857e-13
23,0,0,1,0.96118826,1.9379513e-10,0.0386439,6.29435e-05,0.00010490309,1.3368923e-12
24,0,0,1,0.7871028,3.2031935e-09,0.21277674,5.2797786e-05,6.7612724e-05,1.5266766e-10
25,0,0,1,0.6934958,7.97515e-08,0.19178544,0.013371863,0.10134681,3.2411535e-10
26,0,500,0,0.07088887,9.28477e-05,0.5779292,0.26111484,0.08997356,6.3576624e-07
27,0,0,1,0.9973335,3.215534e-12,0.0026060268,1.0035095e-05,5.052659e-05,2.287112e-15
28,0,1500,0,0.25688586,0.00010077486,0.063328825,0.14087167,0.5388121,7.4770475e-07
29,0,1500,0,0.03161018,2.7734779e-05,0.051832717,0.20553225,0.710997,1.8955423e-07
30,0,0,1,0.8577476,1.6666026e-07,0.13864498,0.001281483,0.002325742,7.0921615e-09
31,0,0,1,0.9280226,2.9545952e-06,0.039971806,0.02330778,0.008694933,5.1296e-10
32,0,0,1,0.96863997,6.107133e-08,0.030350212,0.0006041409,0.00040558222,1.916093e-10
33,0,0,1,0.9556665,9.4134185e-09,0.04131035,0.0015124589,0.0015107773,8.829676e-12
34,0,0,1,0.6027724,1.5408162e-06,0.0014814883,0.090926275,0.30481833,5.0218038e-11
35,0,0,1,0.9857034,1.948422e-07,0.0066064056,0.0034378518,0.0042521553,1.1875423e-10
36,0,0,1,0.9594232,8.6611485e-10,0.037347797,0.00070563954,0.002523409,1.3292578e-12
37,0,0,1,0.9376737,2.248315e-08,0.051426273,0.00636268,0.004537304,7.656458e-12
38,0,0,1,0.99797803,8.194361e-12,0.00026718533,0.0017402413,1.4537333e-05,8.396975e-20
39,0,0,1,0.6130395,6.277729e-07,0.14418009,0.18784893,0.054930847,3.4027303e-10
40,0,0,1,0.9109026,9.355644e-09,0.079252385,0.0024636446,0.0073814327,2.0720734e-11
41,0,0,1,0.99934596,3.4271648e-15,6.283635e-06,0.0006470443,7.537985e-07,1.127371e-26
42,0,0,1,0.96914446,7.2212465e-08,0.01524905,0.006212321,0.009394013,1.2507907e-11
43,0,0,1,0.4758581,4.9615034e-07,0.061278462,0.09212945,0.37073353,3.5236974e-10
44,0,0,1,0.98831135,9.7028205e-11,0.01101449,0.00015856433,0.00051562,4.5777242e-14
45,0,0,1,0.5231568,1.4553856e-09,0.43848124,0.00303338,0.035328478,1.699658e-11
46,0,0,1,0.9902152,4.813711e-10,0.006379651,0.0019363044,0.0014688829,6.2008445e-15
47,0,0,1,0.9776004,5.012846e-09,0.019287663,0.00050636404,0.0026055945,8.699985e-12
48,0,0,1,0.94348943,1.6709566e-06,0.030616824,0.020466842,0.005425175,8.225363e-10
49,0,0,1,0.9542326,1.2936232e-07,0.013486803,0.019423423,0.012857071,6.3578695e-12
50,0,0,1,0.95854384,4.2534015e-11,0.04121916,5.139324e-05,0.00018561984,2.5877304e-13
51,0,0,1,0.9848402,1.5521296e-09,0.007577528,0.0029947788,0.004587468,6.6581025e-14
52,0,0,1,0.9915564,4.071885e-09,0.004471055,0.0014451805,0.0025274644,2.6263247e-13
53,0,0,1,0.76011103,1.9186666e-06,0.18747163,0.042903636,0.0095117865,1.3377504e-09
54,0,0,1,0.99611133,1.7551727e-11,0.0035920178,6.13958e-05,0.00023525067,5.0949633e-15
55,0,0,1,0.86947185,1.13734124e-07,0.06186775,0.014288439,0.054371886,1.3433916e-10
56,0,0,1,0.98373795,3.6344932e-08,0.0057343203,0.00649011,0.004037651,3.0990432e-12
57,0,1000,0,0.29195094,1.8414205e-07,0.13619784,0.32908845,0.24276258,4.061494e-11
58,0,0,1,0.9286049,9.348709e-07,0.004778637,0.046501864,0.020113813,1.963762e-11
59,0,0,1,0.8525902,2.4319226e-08,0.0029298062,0.080249906,0.06423016,1.431478e-13
60,0,0,1,0.9984522,6.251126e-11,0.00089272636,0.0004407409,0.00021439177,4.051183e-16
61,0,0,1,0.7723189,1.71794e-05,0.025737928,0.059232786,0.14269318,1.895536e-08
62,0,1500,0,0.13854544,0.00030076527,0.006947882,0.1691824,0.6850232,3.8924605e-07
63,0,1000,0,0.015908644,3.0529344e-07,5.651283e-06,0.983721,0.00036436052,3.3045909e-18
64,0,0,1,0.9301995,1.1919472e-10,9.232827e-05,0.06821908,0.0014890417,1.7781055e-20
65,0,0,1,0.98358744,3.254113e-11,0.0005445815,0.014769205,0.001098769,3.8787016e-19
66,0,1000,0,0.13958864,3.94994e-11,1.0931122e-05,0.85947233,0.000928053,3.5342198e-22
67,0,0,1,0.9881527,3.4690457e-09,0.0041242014,0.0062333266,0.0014897475,1.4060141e-14
68,0,1000,0,0.03264764,4.1922764e-11,9.897171e-07,0.9673098,4.1585186e-05,5.8405226e-24
69,0,0,1,0.5611781,1.9017211e-11,2.594267e-06,0.43860713,0.00021220082,2.4876972e-23
70,0,1000,0,0.44651082,3.0968526e-11,3.2343727e-05,0.5480352,0.005421597,2.2783658e-21
71,0,1000,0,0.22230345,9.163192e-09,0.00013895077,0.77650523,0.0010523401,7.1575845e-19
72,0,1000,0,0.01840554,1.2842834e-08,0.0021837184,0.9320856,0.04732512,3.0021937e-15
73,0,1000,0,0.01461249,7.930958e-10,7.10855e-05,0.9833602,0.0019562345,1.00905766e-19
74,0,1000,0,0.34681347,9.107275e-09,0.00037802794,0.6324474,0.020361088,1.8910287e-16
75,0,1000,0,0.12772788,1.5266265e-09,0.0008981605,0.75833744,0.11303654,7.644976e-17
76,0,0,1,0.87813336,2.4665214e-09,0.0029309783,0.10300439,0.015931344,1.1444589e-15
77,0,1000,0,0.091528304,9.987904e-08,0.007730685,0.74489063,0.15585034,4.565137e-13
78,0,0,1,0.87290806,7.2342554e-10,0.00038074364,0.10836086,0.0183503,2.819521e-17
79,0,0,1,0.9809529,1.8262351e-10,0.00078153727,0.007326636,0.010938938,3.739333e-16
80,0,0,1,0.9264659,4.9992877e-06,0.013837331,0.012404378,0.04728744,5.5458926e-09
81,0,0,1,0.9987349,6.2097677e-10,0.0007382086,0.00027804056,0.00024896217,1.5760757e-14
82,0,0,1,0.6810383,1.5687036e-05,0.12277588,0.108446255,0.087723814,1.6558328e-08
83,0,0,1,0.89751005,7.0748723e-07,0.04657376,0.01904921,0.036866315,1.3063194e-09
84,0,0,1,0.94832975,9.75757e-08,0.005751565,0.01093526,0.034983404,2.0893096e-11
85,0,0,1,0.9759536,4.738043e-10,0.0007555748,0.007204958,0.016085897,1.9735044e-15
86,0,0,1,0.9922375,2.7447337e-08,0.0062881773,0.00047635185,0.0009979784,2.9953755e-11
87,0,0,1,0.97757417,8.7194884e-08,0.0060183876,0.0058306493,0.010576665,1.2603186e-11
88,0,0,1,0.9489758,4.372479e-08,0.030762548,0.0018039093,0.01845776,1.4269182e-10
89,0,0,1,0.97109544,1.0283661e-09,0.02810148,0.00017662821,0.0006263447,3.0945097e-12
90,0,0,1,0.92329097,2.9542624e-10,0.07667516,1.20743825e-05,2.1811067e-05,1.03826826e-11
91,0,0,1,0.6881715,3.5874153e-05,0.18929544,0.02398724,0.098509386,6.217656e-07
92,0,0,1,0.86870337,3.2179685e-07,0.12783594,0.00082258275,0.0026378448,8.715378e-09
93,0,0,1,0.89332646,1.622892e-05,0.06611541,0.01759898,0.022942916,3.6516337e-08
94,0,500,0,0.23194514,3.5094683e-07,0.7611247,0.0036706855,0.0032591338,1.1939686e-08
95,0,0,1,0.98531806,6.449193e-08,0.008533843,0.0016176066,0.004530263,3.488622e-11
96,0,0,1,0.5977121,1.9296705e-11,0.40226582,3.54946e-06,1.8469025e-05,6.052298e-12
97,0,0,1,0.9114904,8.571236e-09,0.08845891,3.292408e-05,1.7780156e-05,9.7855314e-11
98,0,0,1,0.8867444,5.6885983e-06,0.0720761,0.017502636,0.023671234,2.6349566e-08
99,0,0,1,0.51773095,0.00065076596,0.102966145,0.15631601,0.22233193,4.2872284e-06
100,0,0,1,0.9367945,4.650475e-11,0.06304838,2.198211e-05,0.00013513016,1.0219046e-12
101,0,0,1,0.99929917,2.1387251e-13,0.00069972506,3.1170015e-07,7.2956976e-07,8.266514e-17
102,0,0,1,0.9759604,1.547733e-11,0.024000151,1.0176598e-05,2.9375888e-05,1.0499775e-13
103,0,0,1,0.97915125,1.4283654e-11,0.020789588,2.1447891e-05,3.7711496e-05,5.0673207e-14
104,0,1500,0,0.11057851,7.657093e-05,0.21948293,0.27043533,0.3994257,9.760525e-07
105,0,0,1,0.5235729,3.572815e-08,0.46665522,0.0041758358,0.0055960105,7.154095e-10
106,0,0,1,0.99936265,2.6800465e-14,0.0006313892,1.202718e-06,4.811014e-06,1.2159527e-18
107,0,0,1,0.9275993,7.84548e-09,0.05702006,0.0015804574,0.013800056,4.3960866e-11
108,0,0,1,0.95015955,1.24975434e-08,0.043560985,0.0010965349,0.005182866,1.7588804e-11
109,0,500,0,0.29016146,1.8617769e-06,0.557379,0.022067444,0.13039014,1.3993534e-07
110,0,0,1,0.90544164,4.9176403e-08,0.092043184,0.0007567253,0.0017583932,1.1110973e-09
111,0,0,1,0.99540895,1.0507597e-08,0.0034887749,0.00051698956,0.0005852095,2.9152353e-12
112,0,0,1,0.82523835,4.3683065e-07,0.17191625,0.0012569695,0.0015880547,2.9896597e-08
113,0,0,1,0.9995808,4.1147394e-12,0.00040618333,3.8235344e-06,9.220198e-06,3.6232123e-16
114,0,0,1,0.9764382,6.2391177e-12,0.023546994,1.8951666e-06,1.2927163e-05,1.2214352e-13
115,0,500,0,0.0017602617,5.0218954e-08,0.9887833,0.0035280942,0.0059281494,1.6910649e-07
116,0,0,1,0.85574603,2.415045e-09,0.14265937,0.00046515695,0.0011294269,5.079752e-11
117,0,0,1,0.9729757,5.397867e-11,0.027022004,5.298923e-07,1.7158625e-06,2.3155516e-12
118,0,0,1,0.9623492,2.9254631e-13,0.03765057,1.0898007e-07,1.08190974e-07,9.381761e-15
119,0,0,1,0.7861386,3.759456e-06,0.14087671,0.026609268,0.046371717,4.257028e-08
120,0,0,1,0.91326725,3.4870617e-08,0.08622396,0.00026705503,0.00024176898,7.425484e-10
121,0,0,1,0.98686767,1.6518079e-10,0.013039654,1.4833219e-05,7.787759e-05,1.3362657e-12
122,0,0,1,0.8870395,1.7308837e-06,0.10536087,0.0016509225,0.0059469044,1.0128148e-07
123,0,0,1,0.9656036,1.1052579e-07,0.0334518,0.00019948116,0.00074501964,2.7372749e-09
124,0,0,1,0.95820284,1.1202447e-10,0.041713748,1.506666e-05,6.833692e-05,2.8267109e-12
125,0,0,1,0.9998498,3.1955046e-16,0.0001494181,1.4630432e-07,6.0138797e-07,5.526949e-21
126,0,0,1,0.96164685,4.6577395e-12,0.03835243,2.8200137e-07,4.984482e-07,3.1467835e-13
127,0,0,1,0.8531502,3.702389e-08,0.14584304,0.00035978577,0.00064690365,1.0830873e-09
128,0,0,1,0.50713396,2.2021958e-08,0.49279296,2.7305534e-05,4.5813897e-05,9.1248324e-09
129,0,0,1,0.9965689,5.9613503e-12,0.0033786343,6.24705e-06,4.612011e-05,7.543305e-15
130,0,0,1,0.9971374,6.2512976e-14,0.0028620958,1.6186608e-07,3.7941166e-07,2.296732e-16
131,0,0,1,0.99328303,8.046936e-12,0.0067067062,2.074466e-06,8.120638e-06,3.854777e-14
132,0,0,1,0.8653353,3.7827146e-12,0.1346582,1.612969e-06,4.8998445e-06,5.3240707e-13
133,0,0,1,0.8615487,4.868896e-09,0.13805191,0.00014209466,0.0002571383,3.6975648e-10
134,0,0,1,0.8996905,6.6272385e-08,0.08716626,0.0014100933,0.0117329955,6.4200145e-10
135,0,0,1,0.9913182,7.1752817e-09,0.007800448,0.00023163026,0.0006497718,1.0160082e-11
136,0,0,1,0.9796942,1.122529e-11,0.020287069,2.33292e-06,1.630057e-05,2.7922442e-13
137,0,0,1,0.96469903,2.3457432e-09,0.027629364,0.0009357199,0.006735895,4.0701956e-12
138,0,0,1,0.9550021,6.92511e-11,0.044995643,8.037269e-07,1.4087817e-06,4.7744443e-12
139,0,0,1,0.97305715,8.994323e-14,0.026939088,4.33226e-07,3.2587004e-06,2.5216952e-15
140,0,0,1,0.9671223,2.07477e-08,0.031645115,0.0002035875,0.0010290049,2.4625513e-10
141,0,0,1,0.4125283,1.1082123e-05,0.35451075,0.06231803,0.17063142,3.5879958e-07
142,0,500,0,0.25675115,1.5206273e-07,0.7253671,0.0025440739,0.01533751,4.1612573e-08
143,0,0,1,0.8449309,1.0135157e-06,0.14845908,0.0016139749,0.0049951286,4.8223136e-08
144,0,0,1,0.98520744,5.0450203e-11,0.014662246,1.6835664e-05,0.00011347574,3.872473e-13
145,0,0,1,0.7384761,2.7760327e-09,0.2614673,4.4017765e-05,1.2632533e-05,7.439449e-11
146,0,1500,0,0.40184394,3.9635023e-07,0.0073013864,0.12555513,0.46529922,9.232272e-11
147,0,0,1,0.67996967,3.9788033e-06,0.0058263866,0.10881012,0.2053898,9.662688e-10
148,0,0,1,0.9027789,5.5390466e-08,0.00085173897,0.039210346,0.057158954,6.6226815e-13
149,0,0,1,0.96091497,8.526005e-09,0.0069722184,0.011438751,0.020674093,6.0579276e-13
150,0,0,1,0.98422766,1.6382161e-08,0.0008521261,0.004264775,0.010655316,5.1114636e-13
151,0,0,1,0.835819,1.2884927e-06,0.0023111796,0.10036798,0.06150052,9.0598695e-11
152,0,0,1,0.9971915,2.2212786e-08,0.00017745895,0.0014609011,0.0011702315,2.1134415e-13
153,0,0,1,0.98220164,4.9919873e-09,0.00048268924,0.0030722104,0.0142435245,8.9045734e-14
154,0,0,1,0.8972659,3.308879e-06,0.0026447,0.03778789,0.062298156,8.534179e-10
155,0,0,1,0.969914,3.2652406e-06,0.0010718878,0.009530232,0.019480564,2.806841e-10
156,0,0,1,0.98678744,3.38704e-08,0.00036923465,0.007537909,0.005305405,5.150637e-13
157,0,0,1,0.9777104,2.7397257e-07,0.0005828754,0.0067892345,0.014917199,1.3095071e-11
158,0,0,1,0.97229993,3.525719e-08,0.017426692,0.002908924,0.0073645418,3.7459435e-11
159,0,0,1,0.9748502,1.4516351e-07,0.0014050022,0.012389787,0.011355036,1.066524e-11
160,0,1500,0,0.3499654,9.875847e-06,0.018284412,0.0704868,0.56125355,1.6397403e-08
161,0,0,1,0.9880294,6.91104e-09,0.0016735012,0.001701042,0.008596071,8.8440925e-13
162,0,0,1,0.7782198,2.065794e-08,0.0074146087,0.14091948,0.07344608,1.6679564e-13
163,0,0,1,0.9767294,1.216951e-08,0.001626366,0.01832753,0.0033167505,7.494139e-14
164,0,0,1,0.60691524,2.244825e-06,0.011156685,0.23844661,0.14347917,5.908888e-11
165,0,0,1,0.9634101,1.40990455e-08,0.0022729875,0.027641647,0.0066754306,8.05639e-14
166,0,0,1,0.9790566,7.769886e-10,0.00011369337,0.007917938,0.012911855,3.534874e-16
167,0,0,1,0.77396977,1.8607166e-07,0.007999563,0.15068269,0.067347735,3.1873566e-12
168,0,0,1,0.97567606,1.1048761e-10,0.00021578217,0.008726866,0.015381402,6.442331e-17
169,0,0,1,0.5600898,1.00939246e-07,0.005837124,0.16452126,0.26955166,3.4254919e-12
170,0,0,1,0.9237191,1.0753178e-05,0.008303112,0.029803026,0.038164046,4.8131588e-09
171,0,0,1,0.9983735,6.451831e-11,0.00061434606,0.00035114936,0.00066102867,6.169859e-16
172,0,0,1,0.7949841,6.9689764e-07,0.0009100584,0.092390634,0.11171457,3.6643405e-12
173,0,1500,0,0.29764837,0.00037591124,0.012035204,0.19721504,0.49272496,5.9972757e-07
174,0,0,1,0.9686642,4.0717456e-08,0.008732964,0.007664752,0.014937997,6.5151365e-12
175,0,0,1,0.58754337,8.1641065e-06,0.092148304,0.111271724,0.20902838,1.043636e-08
176,0,0,1,0.8963632,1.3111943e-06,0.027517742,0.027485501,0.048632164,7.296277e-10
177,0,0,1,0.8906779,3.098317e-08,0.001986005,0.024376847,0.082959086,3.0893688e-13
178,0,0,1,0.87671506,1.1402954e-05,0.00407563,0.03590782,0.083290026,1.7143051e-09
179,0,0,1,0.8317342,1.1072171e-07,0.14259095,0.0051466986,0.020528099,6.2737293e-10
180,0,0,1,0.55654925,5.0507997e-06,0.40917328,0.011378486,0.022893693,2.526862e-07
181,0,0,1,0.6873358,0.0009011636,0.0975087,0.045430053,0.16880079,2.3520266e-05
182,0,1500,0,0.29565772,0.0006918523,0.036915824,0.13707517,0.5296528,6.630924e-06
183,0,0,1,0.96025574,1.3649154e-08,0.019605871,0.0032758585,0.01686256,7.1647376e-12
184,0,0,1,0.9989722,8.440554e-09,0.00048270405,0.0002390379,0.00030621444,2.5106474e-13
185,0,0,1,0.8215972,9.485984e-06,0.1010325,0.021976389,0.055384267,7.1240166e-08
186,0,0,1,0.9142888,1.0899188e-05,0.03480828,0.025718836,0.025173172,2.0482931e-08
187,0,0,1,0.44418046,0.00031144216,0.039078813,0.22912303,0.28730547,8.5148736e-07
188,0,1500,0,0.15895066,0.0008210901,0.2252045,0.25494853,0.36005142,2.3811835e-05
189,0,0,1,0.7530503,2.3699664e-05,0.016602995,0.044054415,0.1862686,2.7961763e-08
190,0,0,1,0.94174576,6.986229e-07,0.0065184003,0.016037688,0.035697404,3.3552192e-10
191,0,0,1,0.58523864,0.00015068626,0.021375803,0.074053556,0.31918082,5.725534e-07
192,0,0,1,0.524041,1.1855931e-05,0.0062471395,0.060626622,0.40907338,5.3702913e-09
193,0,0,1,0.871629,1.8401929e-06,0.029934138,0.065755054,0.032679956,2.537367e-10
194,0,0,1,0.999666,2.9082511e-12,0.00029469567,2.1044894e-05,1.8287332e-05,2.8219885e-17
195,0,1500,0,0.04811877,0.0020971117,0.12692158,0.331457,0.4913756,2.9827288e-05
196,0,0,1,0.88370746,2.576243e-06,0.024957512,0.057543848,0.033788648,9.828028e-10
197,0,0,1,0.6797322,4.669485e-05,0.06280679,0.17939673,0.07801749,1.9467825e-08
198,0,0,1,0.79276985,3.8256644e-06,0.1721808,0.021478051,0.013567453,9.871316e-09
199,0,0,1,0.98687917,1.6715997e-08,0.0075364425,0.0037450918,0.0018392616,6.4232983e-13
200,0,0,1,0.94869703,3.0006902e-08,0.0072487053,0.016367262,0.027686995,1.8536993e-12
201,0,0,1,0.75349504,1.1073995e-05,0.049354065,0.03766427,0.15947552,5.4939417e-08
202,0,0,1,0.78148675,3.8832138e-07,0.05985039,0.022905253,0.13575721,6.239315e-10
203,0,0,1,0.8158547,1.4917747e-05,0.11316665,0.035517734,0.03544598,4.73194e-08
204,0,0,1,0.96620286,1.0132511e-09,0.03368084,3.1362866e-05,8.503882e-05,2.4688768e-11
205,0,0,1,0.7931216,0.00010512355,0.040111076,0.026193123,0.14046854,6.08036e-07
206,0,0,1,0.9933076,2.9960232e-10,0.0063705533,9.1376955e-05,0.00023044928,2.4188613e-13
207,0,0,1,0.6358797,0.0010616961,0.081653856,0.114666596,0.16673319,4.9879286e-06
208,0,0,1,0.834575,0.00033257983,0.021186985,0.02780349,0.11610014,1.6838806e-06
209,0,1500,0,0.28830513,0.015811233,0.083255485,0.16570696,0.44631246,0.0006086787
210,0,0,1,0.9886525,2.3351848e-10,0.00082542317,0.007130548,0.0033914673,1.8359811e-16
211,0,0,1,0.8028182,4.104124e-06,0.021553533,0.12440174,0.051222406,1.3642146e-09
212,0,0,1,0.96359134,1.4232209e-08,0.0018264774,0.016067147,0.018514896,1.10878544e-13
213,0,0,1,0.814166,5.521529e-07,0.06530846,0.06032852,0.060196366,4.7116505e-10
214,0,0,1,0.94462496,3.6469825e-09,0.024552733,0.015966913,0.014855375,8.5928535e-13
215,0,0,1,0.74903023,6.921443e-08,0.06379879,0.1518072,0.03536372,5.285284e-13
216,0,0,1,0.93918514,8.644906e-08,0.008956777,0.03399003,0.01786801,5.872341e-12
217,0,1500,0,0.31574544,4.2407834e-08,0.014888882,0.22643593,0.44292977,5.40673e-13
218,0,1500,0,0.1586963,5.6523902e-05,0.04020869,0.1673375,0.63370097,6.4646485e-08
219,0,0,1,0.9244449,3.7283647e-07,0.0116905365,0.03288498,0.030979343,1.0362663e-10
220,0,0,1,0.9869081,5.1522575e-10,0.0013876819,0.0047358777,0.0069683967,9.63613e-15
221,0,0,1,0.9894935,5.6426743e-09,0.0084991995,0.0007135378,0.0012938842,4.783008e-12
222,0,1500,0,0.2616182,2.5944098e-07,0.106112055,0.08292864,0.5493409,6.368828e-10
223,0,0,1,0.98425364,5.585319e-08,0.002021992,0.0049516987,0.008772741,3.5516937e-12
224,0,1500,0,0.07714476,6.956335e-05,0.23664112,0.19874808,0.48739454,1.8905599e-06
225,0,0,1,0.9861427,3.7787423e-08,0.003468363,0.0029793885,0.007409512,7.881179e-12
226,0,0,1,0.8027255,1.0222671e-07,0.033457223,0.10205892,0.06175831,2.5682957e-11
227,0,0,1,0.8360581,3.918489e-08,0.029888488,0.10716671,0.026886715,1.6596822e-13
228,0,0,1,0.8323191,6.7878335e-07,0.026255101,0.05549704,0.085928,3.2113595e-10
229,0,0,1,0.9560955,1.8547784e-07,0.027355842,0.012928337,0.0036200576,8.427044e-12
230,0,0,1,0.96816874,1.8722368e-08,0.010240734,0.018734213,0.0028562297,2.2699423e-13
231,0,0,1,0.92065924,1.9367947e-08,0.01741105,0.014569847,0.04735994,3.7641e-12
232,0,1000,0,0.11986585,5.3891114e-07,0.0055340603,0.85027575,0.024323734,5.7051044e-13
233,0,0,1,0.96799356,6.7319917e-07,0.006614874,0.023561262,0.0018296486,4.4076822e-11
234,0,500,0,0.22554615,5.1893414e-05,0.44934475,0.19087079,0.1341862,2.243376e-07
235,0,0,1,0.98984325,5.9674393e-10,0.0057275766,0.0014384761,0.0029906614,3.1332497e-14
236,0,0,1,0.99538994,1.2027348e-11,0.0042063594,6.638939e-05,0.00033733374,1.1763017e-15
237,0,0,1,0.98132676,8.219457e-09,0.001252252,0.0061609712,0.0112599395,2.0582749e-13
238,0,0,1,0.8904297,3.934886e-08,0.07315972,0.006716699,0.029693948,9.718529e-11
239,0,0,1,0.95475924,1.2851798e-07,0.040857762,0.0025946498,0.0017882752,3.5966e-10
240,0,0,1,0.9980002,2.336923e-09,0.0016397628,0.0002197996,0.00014011087,8.695263e-14
241,0,0,1,0.9579549,1.4120887e-09,0.016973307,0.022551479,0.0025201996,1.2773847e-15
242,0,0,1,0.99937904,2.536081e-13,0.00058926875,1.7155144e-05,1.4553828e-05,1.2090854e-18
243,0,0,1,0.42684436,2.636343e-05,0.009560946,0.22401296,0.33955535,2.9557277e-09
244,0,1000,0,0.001417747,7.370677e-08,0.030122425,0.8879835,0.08047618,2.8648855e-13
245,0,0,1,0.958026,2.2403102e-08,0.014113126,0.015300615,0.0125603,1.2472699e-12
246,0,0,1,0.65459603,5.7470526e-08,0.016503273,0.11423705,0.21466361,5.64214e-13
247,0,0,1,0.9686762,3.0682679e-09,0.0027331861,0.012036432,0.016554175,1.8812292e-14
248,0,0,1,0.94626284,8.902952e-10,0.00037271244,0.051761203,0.0016032249,5.4834212e-18
249,0,0,1,0.81903565,1.1658795e-08,0.06417491,0.06605221,0.050737288,7.6956367e-13
250,0,0,1,0.82681984,1.3012495e-07,0.0056547862,0.14487688,0.022648467,7.383734e-14
251,0,0,1,0.9978301,1.966519e-13,7.8107616e-05,0.0009368455,0.0011549101,6.833962e-21
252,0,0,1,0.9468159,1.1589012e-09,0.0030200398,0.027171781,0.02299231,3.582896e-15
253,0,0,1,0.99632,4.91898e-12,0.00023744098,0.0024855793,0.00095693336,8.1933046e-19
254,0,0,1,0.6689813,3.595816e-08,0.21900277,0.015492954,0.096522994,1.0148492e-10
255,0,0,1,0.485809,1.9596554e-08,0.008502069,0.4159921,0.08969676,1.4862864e-13
256,0,0,1,0.78057873,8.6293674e-08,0.049939234,0.090276845,0.079205066,1.9646406e-11
257,0,0,1,0.43260852,0.00058080215,0.015265405,0.30216438,0.24938057,2.6886462e-07
258,0,1500,0,0.2301171,4.4969834e-06,0.09482188,0.22686118,0.4481954,6.78517e-09
259,0,0,1,0.99521446,1.4845244e-10,0.0022052731,0.001564877,0.0010154347,1.2855374e-15
260,0,0,1,0.994365,3.3468065e-11,0.000691771,0.0025724273,0.0023708902,2.780912e-17
261,0,0,1,0.9973501,8.787985e-11,0.002399554,0.00018412463,6.61749e-05,3.4141802e-15
262,0,0,1,0.9122732,1.5010576e-08,0.042824104,0.022783937,0.022118656,3.125323e-12
263,0,0,1,0.43892604,5.2161067e-08,0.008766512,0.34536588,0.20694147,2.908464e-13
264,0,0,1,0.93265593,2.6197532e-07,0.040731452,0.021218037,0.005394335,3.4084638e-11
265,0,0,1,0.9515688,1.4793743e-07,0.017567663,0.016769579,0.01409388,4.3363327e-11
266,0,0,1,0.99573934,3.3472511e-09,0.0040861727,0.00010875047,6.571136e-05,1.9459178e-12
267,0,0,1,0.99490696,1.10136525e-10,0.004538242,0.0002237341,0.00033116437,1.1854999e-14
268,0,0,1,0.47363093,1.17986914e-07,0.054725025,0.07876292,0.392881,7.2555226e-11
269,0,0,1,0.987895,2.08985e-08,0.008594226,0.0016604943,0.0018502321,3.0043194e-12
270,0,0,1,0.5198109,2.804982e-07,0.465663,0.011802589,0.0027231895,5.9707383e-10
271,0,0,1,0.46873066,4.5788596e-07,0.35893047,0.036360197,0.1359783,2.5973346e-09
272,0,0,1,0.7942968,8.597478e-08,0.20247826,0.00090714777,0.0023177227,2.3093316e-09
273,0,0,1,0.74900657,4.3451998e-08,0.21263564,0.018249303,0.02010844,9.7790345e-11
274,0,0,1,0.7047781,8.3233186e-07,0.009886779,0.26343143,0.021902928,4.5978065e-12
275,0,0,1,0.99683905,2.52518e-10,0.0031317463,1.2076248e-05,1.705553e-05,7.514418e-14
276,0,0,1,0.99934,3.080986e-11,0.0005260033,9.9478326e-05,3.451835e-05,3.1116033e-17
277,0,0,1,0.5863818,2.9405823e-05,0.20094788,0.058137245,0.15450339,2.2011638e-07
278,0,500,0,0.1439648,6.138581e-05,0.4839716,0.08176303,0.2902314,7.87288e-06
279,0,0,1,0.9739692,5.0980987e-07,0.017812459,0.006398847,0.0018190074,4.5597272e-11
280,0,0,1,0.99067676,1.3978048e-09,0.007761463,0.0006757319,0.00088595547,2.6283478e-13
281,0,0,1,0.8421,2.5754498e-06,0.033926357,0.11025034,0.013720571,4.966961e-10
282,0,500,0,0.41900125,2.7270228e-06,0.54071915,0.028507037,0.011769742,8.570084e-08
283,0,0,1,0.7975054,5.5233824e-07,0.199653,0.00206636,0.0007747033,2.0822348e-09
284,0,0,1,0.58724463,7.2041296e-08,0.4107317,0.0016269562,0.0003966198,2.1796077e-11
285,0,0,1,0.99588096,3.079621e-09,0.00087120367,0.0025860677,0.00066179625,1.2733195e-14
286,0,0,1,0.94135624,5.7754427e-08,0.053183723,0.0032765204,0.0021834744,7.658653e-11
287,0,0,1,0.8059112,2.8681638e-06,0.06922425,0.077146955,0.0477147,2.954969e-09
288,0,0,1,0.83629113,0.0004327709,0.06958955,0.05913013,0.034555208,1.1671099e-06
289,0,500,0,0.057465047,4.9931947e-05,0.9134348,0.0056533497,0.023223465,0.00017333498
290,0,0,1,0.9213713,8.903426e-10,0.07842571,5.4173295e-05,0.00014889569,2.6088362e-11
291,0,0,1,0.97241783,1.8360593e-08,0.008236212,0.0056516225,0.013694378,2.1198794e-12
292,0,0,1,0.9607328,3.3528114e-09,0.038733836,0.00012021167,0.00041306653,7.777749e-11
293,0,0,1,0.6305481,0.00025254788,0.06529405,0.09280926,0.21109468,1.3300248e-06
294,0,0,1,0.9928484,7.709072e-09,0.0018700026,0.0006953805,0.0045861495,1.7075353e-12
295,0,0,1,0.99804866,3.2672864e-15,0.0019501497,1.17296594e-07,1.0466792e-06,4.6419544e-18
296,0,0,1,0.9449037,1.5050453e-09,0.05467027,0.00012959112,0.0002965403,1.5074168e-11
297,0,0,1,0.805818,1.7024682e-11,0.1930658,9.7504904e-05,0.0010187125,4.4038425e-13
298,0,0,1,0.99969137,1.0188282e-17,0.00030871577,1.7241045e-09,1.0093667e-08,6.818274e-21
299,0,0,1,0.99515027,5.470191e-13,0.0048490777,1.0192046e-07,5.833027e-07,5.68007e-15
300,0,0,1,0.96788543,3.6650572e-08,0.03205816,1.948532e-05,3.6887533e-05,1.6529816e-09
301,0,0,1,0.854288,4.019787e-07,0.13304135,0.003888641,0.008781677,7.2225173e-09
302,0,0,1,0.99264,5.984782e-13,0.007359072,3.7403876e-07,5.7962046e-07,2.9236143e-15
303,0,0,1,0.9561375,1.515475e-08,0.042628985,0.00044698975,0.00078645855,1.6018807e-10
304,0,0,1,0.9989467,3.6831593e-15,0.0010433602,1.5617013e-06,8.356981e-06,2.0190402e-19
305,0,0,1,0.9850553,5.7848754e-10,0.014530612,7.670645e-05,0.00033733298,2.2555488e-12
306,0,0,1,0.7638315,3.285185e-09,0.23384869,0.000660706,0.0016591403,4.847023e-11
307,0,0,1,0.5682753,1.2738396e-06,0.08914011,0.062142693,0.2804406,1.41019e-09
308,0,0,1,0.9633969,1.0343049e-09,0.011181158,0.0013130659,0.024108902,3.9444237e-13
309,0,0,1,0.9967836,2.5555307e-17,0.003216325,1.9316821e-09,2.1052216e-08,2.5747953e-19
310,0,0,1,0.99062574,1.13683626e-13,0.009372296,7.9875946e-07,1.1420966e-06,3.18344e-16
311,0,500,0,0.006275897,6.0214347e-06,0.76431334,0.090398245,0.13900475,1.708789e-06
312,0,0,1,0.9662103,1.3917902e-09,0.033678863,9.1341295e-05,1.9505727e-05,1.2496128e-12
313,0,0,1,0.98968315,1.0945083e-11,0.010284925,9.775183e-06,2.210521e-05,2.5428537e-14
314,0,1500,0,0.17749272,5.134874e-05,0.3032986,0.14471559,0.37444106,7.031584e-07
315,0,0,1,0.8528228,5.8599753e-06,0.04923017,0.064088926,0.033852194,3.745135e-09
316,0,0,1,0.9974252,2.1356723e-16,0.002573031,1.209407e-07,1.711988e-06,1.6621636e-19
317,0,0,1,0.98775345,1.1415937e-10,0.0119766565,0.000110302455,0.00015953614,6.9177025e-14
318,0,0,1,0.9958235,1.4088739e-10,0.0038214135,0.000108386914,0.00024668546,4.0387954e-14
319,0,0,1,0.99571204,7.359637e-10,0.003230183,0.0002025136,0.0008552854,6.7657394e-14
320,0,0,1,0.9933509,4.5187667e-10,0.0050130947,0.00072441454,0.00091153866,1.144462e-14
321,0,0,1,0.9985941,5.55712e-17,0.0014009957,1.833978e-07,4.683738e-06,7.453387e-21
322,0,0,1,0.9961404,1.8625927e-09,0.0035479495,7.0837006e-05,0.0002406719,9.0490847e-13
323,0,0,1,0.9998815,4.024601e-14,9.462056e-05,2.6889725e-06,2.1152324e-05,1.6045522e-19
324,0,0,1,0.9962896,1.340804e-09,0.0031210124,0.0001459366,0.0004434438,3.6305982e-13
325,0,0,1,0.9795807,8.362632e-14,0.020397954,1.1464554e-06,2.017931e-05,7.8509705e-16
326,0,0,1,0.971762,2.739865e-10,0.027939362,8.7529705e-05,0.00021100865,1.8350657e-12
327,0,1500,0,0.17060536,7.0389004e-05,0.18535817,0.12235284,0.52161115,2.112086e-06
328,0,0,1,0.99514234,6.835269e-12,0.004799766,2.1731996e-05,3.6161266e-05,3.2323336e-15
329,0,0,1,0.9499864,4.0644857e-10,0.049078725,0.00011104145,0.00082376215,5.1196152e-12
330,0,0,1,0.9303261,7.820901e-09,0.068374,0.00035441486,0.0009454647,2.3315674e-10
331,0,0,1,0.8967625,8.24337e-09,0.10206236,0.00018127575,0.0009938218,4.9063664e-10
332,0,0,1,0.9803515,2.4905744e-12,0.0196328,3.8758526e-06,1.1815685e-05,9.164136e-15
333,0,0,1,0.8397671,3.9163896e-07,0.15437846,0.0014071246,0.004447034,2.7406266e-08
334,0,500,0,0.24152717,2.543869e-05,0.5246661,0.057765704,0.1760133,2.251516e-06
335,0,0,1,0.97208315,6.2103047e-09,0.027418949,6.7892826e-05,0.00042998025,9.526767e-11
336,0,0,1,0.98185205,1.5397851e-10,0.018064793,1.9288653e-05,6.3878506e-05,2.0915008e-12
337,0,0,1,0.9891896,4.956245e-10,0.0105161145,0.00010692915,0.00018723281,1.063683e-12
338,0,500,0,0.45135134,9.543877e-06,0.50809675,0.010199628,0.030341376,1.4416948e-06
339,0,500,0,0.4099167,2.4822469e-09,0.59002453,3.988747e-05,1.8888462e-05,1.08160356e-10
340,0,0,1,0.9892212,2.8741965e-11,0.010660857,1.2702837e-05,0.00010522303,1.321178e-13
341,0,0,1,0.624776,6.906728e-05,0.055241697,0.07107874,0.24883416,3.7999774e-07
342,0,0,1,0.89093214,5.012551e-08,0.10728212,0.00045876976,0.001326926,1.8769148e-09
343,0,0,1,0.962805,3.367904e-12,0.037194278,2.5658306e-07,4.1907475e-07,1.9073396e-13
344,0,0,1,0.94437516,1.0176503e-11,0.055616282,2.1109297e-06,6.4529486e-06,8.6905846e-13
345,0,0,1,0.9904648,3.0048113e-09,0.008778504,0.00043855785,0.0003181828,1.8899424e-12
346,0,0,1,0.99107516,2.8254483e-08,0.008211135,0.0003104344,0.0004031986,2.507778e-11
347,0,0,1,0.94079214,5.8879374e-07,0.022076169,0.019334974,0.017796095,2.2164416e-10
348,0,500,0,0.21426286,2.9575197e-06,0.76828027,0.006269932,0.011183422,6.759846e-07
349,0,0,1,0.98766255,1.5625789e-11,0.01230646,4.5991164e-06,2.6427373e-05,1.3242818e-13
350,0,0,1,0.88785493,1.8600249e-14,0.11214352,4.1745076e-07,1.1112865e-06,5.4202517e-16
351,0,0,1,0.9365291,8.2585905e-07,0.05411959,0.0030797713,0.0062707076,7.4451423e-09
352,0,0,1,0.98442024,1.7976594e-08,0.014312946,0.0005221205,0.000744754,3.6162292e-11
353,0,0,1,0.87944555,5.8311653e-06,0.10767683,0.0064936783,0.006378059,1.02601355e-07
354,0,0,1,0.972423,1.7042536e-09,0.027531626,1.5815389e-05,2.9562088e-05,4.2087816e-11
355,0,0,1,0.9970849,1.7417472e-11,0.002499698,5.4395754e-05,0.00036099178,4.1831294e-15
356,0,0,1,0.94752806,9.388965e-08,0.04532998,0.0018701783,0.005271676,3.0199826e-10
357,0,0,1,0.756054,4.5772243e-08,0.24153498,0.0005843856,0.0018265229,2.8783396e-09
358,0,0,1,0.9792954,1.06393054e-10,0.012974891,0.0016148298,0.0061149336,4.8517514e-15
359,0,0,1,0.97031116,4.7028728e-11,0.028404925,5.788999e-05,0.0012260589,1.956051e-13
360,0,500,0,0.038041916,3.0134192e-06,0.8779057,0.018582318,0.06546449,2.3956936e-06
361,0,0,1,0.9995203,1.5579366e-11,0.00027734414,8.846952e-05,0.00011389152,3.123702e-17
362,0,0,1,0.98456097,8.005528e-11,0.015376578,1.719247e-05,4.524682e-05,4.1651562e-13
363,0,0,1,0.9917646,1.4367839e-10,0.007104456,0.00043371238,0.000697287,2.3099464e-14
364,0,0,1,0.998874,1.7029081e-12,0.0011058113,4.2408697e-06,1.5869273e-05,2.9846005e-16
365,0,0,1,0.94241804,4.651259e-09,0.056386933,0.00021057215,0.0009844413,5.4462337e-11
366,0,0,1,0.91625404,2.502271e-10,0.08312849,8.131833e-05,0.0005362152,6.133479e-12
367,0,0,1,0.9986864,9.560628e-16,0.0013109749,1.4827195e-07,2.4575845e-06,3.5017973e-19
368,0,0,1,0.9995352,2.687042e-17,0.00046452234,3.049673e-08,2.1405778e-07,2.9767983e-21
369,0,0,1,0.99136144,1.250706e-10,0.008473274,2.0040081e-05,0.00014519908,7.0087425e-13
370,0,0,1,0.99935347,6.916905e-17,0.0006436337,1.1716165e-07,2.7395874e-06,1.20951456e-20
371,0,0,1,0.99712473,1.7680613e-12,0.0026887534,9.5635405e-06,0.00017703176,1.1753708e-15
372,0,0,1,0.9686339,1.218787e-08,0.030693328,0.000113636175,0.0005591502,2.3835647e-10
373,0,0,1,0.96814764,1.3859854e-07,0.031568695,9.9336714e-05,0.00018424251,3.9839914e-09
374,0,0,1,0.9951273,3.4782902e-10,0.0046452885,3.1781707e-05,0.0001955923,4.0604892e-13
375,0,0,1,0.99982387,3.29199e-17,0.00017609648,9.810577e-09,1.2344131e-07,5.2663572e-21
376,0,0,1,0.9878163,1.2731053e-11,0.011854767,2.612938e-05,0.00030270242,1.8747292e-14
377,0,0,1,0.98793143,6.075999e-11,0.012049732,5.8356495e-06,1.296868e-05,6.0752976e-13
378,0,500,0,0.27366805,7.975786e-08,0.7223395,0.0017024977,0.0022899301,9.686196e-09
379,0,0,1,0.86563116,4.7808877e-09,0.13234617,0.0005129333,0.0015097824,1.6892092e-10
380,0,0,1,0.97900575,7.728173e-10,0.020092279,0.00013492008,0.00076698844,3.869376e-12
381,0,0,1,0.93250644,1.0646204e-08,0.038830716,0.0034799357,0.0251828,2.5458873e-11
382,0,0,1,0.8407305,2.3935278e-09,0.14963563,0.00075188465,0.008882068,5.536443e-11
383,0,0,1,0.8331287,1.0196258e-07,0.16269232,0.00075897353,0.0034199,7.730616e-09
384,0,0,1,0.99997056,7.664647e-15,2.7336e-05,3.7127776e-07,1.8200319e-06,3.9575157e-20
385,0,0,1,0.95027137,7.9243497e-13,0.0496553,5.338737e-06,6.793006e-05,1.7346095e-14
386,0,0,1,0.9923379,7.9852115e-12,0.0071963663,4.6680838e-05,0.00041897106,5.3997385e-15
387,0,500,0,0.3492275,7.3176216e-09,0.65022624,0.00013074391,0.00041548148,3.5251315e-09
388,0,0,1,0.9046963,5.439519e-14,0.095303744,4.3030436e-08,3.9572747e-08,4.8644505e-15
389,0,0,1,0.96773696,9.0195316e-11,0.027833888,0.00022514658,0.004203984,2.369881e-13
390,0,0,1,0.9776184,3.7959513e-08,0.020151548,0.0007041174,0.0015258718,7.9900746e-11
391,0,0,1,0.54208916,5.1008666e-08,0.4479191,0.0014009204,0.008590697,5.5530425e-09
392,0,0,1,0.9146036,4.8619425e-10,0.08534933,2.2248763e-05,2.4850464e-05,7.0591436e-12
393,0,0,1,0.7970543,9.904558e-10,0.20179887,0.00025939677,0.0008874162,2.4169776e-11
394,0,0,1,0.8658541,4.9110366e-10,0.13334817,0.00011911171,0.0006786953,9.03575e-12
395,0,0,1,0.73122257,7.2246213e-13,0.26876622,2.646796e-06,8.636238e-06,7.6908294e-14
396,0,500,0,0.050091878,2.808338e-07,0.7353817,0.022847427,0.19167858,4.800616e-08
397,0,0,1,0.9875589,7.420632e-10,0.007322904,0.0012851967,0.0038329684,1.2749639e-13
398,0,500,0,0.2447592,5.3427613e-08,0.73092926,0.013478693,0.010832862,1.601942e-10
399,0,0,1,0.7254827,8.208248e-08,0.2507549,0.013413733,0.010348608,3.3247952e-10
400,0,0,1,0.9214577,5.1870774e-10,0.074204564,0.00049716164,0.0038405955,1.7942734e-12
401,0,0,1,0.8980107,3.4245264e-09,0.09755058,0.0011004388,0.0033382138,1.9837165e-11
402,0,0,1,0.86522526,3.7749386e-09,0.13413334,0.00033235736,0.00030914214,5.3565423e-11
403,0,0,1,0.993117,3.0773491e-12,0.006878559,1.6656354e-06,2.8817885e-06,9.411224e-15
404,0,0,1,0.99749494,2.8588893e-13,0.0025014665,7.836306e-07,2.759177e-06,5.641735e-16
405,0,0,1,0.93693924,1.0320236e-08,0.06271683,6.2691775e-05,0.00028126207,4.8340254e-10
406,0,0,1,0.96082264,3.1480818e-10,0.038645726,6.446463e-05,0.00046719005,5.0911957e-12
407,0,0,1,0.92943347,1.8436304e-09,0.07022944,5.9631522e-05,0.0002775093,8.806236e-11
408,0,0,1,0.7286815,2.5008455e-06,0.20433177,0.0070928894,0.05989112,1.2663489e-07
409,0,0,1,0.9631301,2.6911469e-08,0.0355844,0.0002566094,0.0010288054,5.560011e-10
410,0,0,1,0.996293,2.3973278e-12,0.003585319,1.5895886e-05,0.00010569718,4.4595745e-16
411,0,0,1,0.86428577,3.9455225e-10,0.1336372,0.0012378602,0.0008392084,2.649536e-13
412,0,0,1,0.95749456,5.185545e-11,0.042488765,1.0569312e-05,6.013953e-06,2.7691998e-13
413,0,500,0,0.245905,1.4342921e-05,0.59455657,0.13423334,0.025290815,2.0140497e-08
414,0,0,1,0.9398098,5.3977495e-12,0.06015848,2.3398386e-06,2.9391917e-05,4.4996065e-13
415,0,0,1,0.90814006,2.6151274e-06,0.08836837,0.000646942,0.0028416396,2.7542086e-07
416,0,0,1,0.94284457,1.3931618e-09,0.056835458,7.561633e-05,0.0002443142,4.322633e-11
417,0,0,1,0.9940124,3.7227124e-10,0.005788581,2.7109865e-05,0.00017186068,1.0942979e-12
418,0,0,1,0.84504247,1.9752728e-12,0.15482232,7.0166357e-06,0.00012818485,1.3496725e-13
419,0,0,1,0.8895583,2.4057865e-08,0.10966301,0.00013153514,0.00064720627,2.0277222e-09
420,0,0,1,0.5606386,1.9779905e-06,0.36708486,0.015726468,0.056548007,9.8399106e-08
421,0,0,1,0.72141635,2.8595748e-09,0.27594924,0.0003091748,0.0023252084,1.946715e-10
422,0,0,1,0.97259516,1.5692441e-09,0.026687363,0.00026623256,0.00045124852,2.4846453e-12
423,0,0,1,0.9946472,4.7594553e-11,0.0049105897,5.345238e-05,0.00038862615,2.6380902e-14
424,0,0,1,0.8358712,6.735758e-09,0.14892663,0.001831039,0.0133710755,8.007726e-11
425,0,0,1,0.96199125,4.6052122e-08,0.037675433,0.0001487136,0.00018453758,1.4346034e-09
426,0,0,1,0.98679125,1.3349958e-08,0.0130174905,4.2502725e-05,0.00014886197,1.7015571e-10
427,0,500,0,0.36487705,1.0062389e-07,0.6272409,0.001112651,0.0067693414,2.8767678e-08
428,0,500,0,0.46527067,3.4919873e-12,0.53471464,2.8863835e-06,1.1814664e-05,1.4680513e-12
429,0,0,1,0.5960123,6.2834347e-09,0.4033,0.00012752852,0.00056012627,9.547195e-10
430,0,0,1,0.96378076,2.2195791e-12,0.036149673,8.66532e-06,6.0913477e-05,1.9924981e-14
431,0,0,1,0.9166427,7.508081e-12,0.08334784,4.487914e-06,4.9873343e-06,5.265519e-14
432,0,0,1,0.9938737,6.819833e-14,0.006122243,2.6355505e-07,3.823844e-06,2.8179418e-16
433,0,0,1,0.9655565,2.5629285e-09,0.03418215,3.425381e-05,0.00022710093,7.0683855e-11
434,0,0,1,0.93089247,2.6569498e-07,0.0646336,0.0015226792,0.0029510295,4.593359e-09
435,0,0,1,0.9373089,6.2745066e-08,0.057338536,0.0026888533,0.0026637134,2.1846244e-10
436,0,0,1,0.991852,8.322999e-13,0.008137778,1.8133754e-06,8.558542e-06,4.2774575e-15
437,0,0,1,0.7543865,1.7452093e-06,0.2039999,0.013031192,0.02858071,4.3685542e-08
438,0,0,1,0.9585,2.1250739e-11,0.0414912,2.9223604e-06,5.7765865e-06,6.377195e-13
439,0,0,1,0.9974038,9.291093e-10,0.002281749,0.00011853016,0.00019583719,1.3380142e-13
440,0,0,1,0.98893833,1.651213e-09,0.010925529,3.4803175e-05,0.00010135949,1.0336881e-11
441,0,0,1,0.9532092,2.520918e-07,0.038878713,0.0025597392,0.005352093,5.0571825e-10
442,0,0,1,0.78315157,2.9731611e-08,0.21563087,0.00040573394,0.0008118615,2.473808e-09
443,0,0,1,0.99131787,1.7047047e-12,0.008417321,2.6170714e-05,0.0002387264,1.0887372e-15
444,0,0,1,0.89430577,4.1584965e-08,0.095403895,0.0019022881,0.008387934,2.2946986e-10
445,0,500,0,0.052147847,9.693433e-09,0.9129582,0.0063103093,0.028583562,1.3354405e-09
446,0,0,1,0.9223244,4.3491046e-09,0.0723553,0.00071080826,0.004609382,3.1114e-11
447,0,0,1,0.8858934,1.2719022e-06,0.040468547,0.016669255,0.056967545,2.590735e-09
448,0,500,0,0.36937207,4.847355e-08,0.6196006,0.0015521015,0.009475283,2.5309173e-09
449,0,0,1,0.8794629,4.907441e-07,0.09124588,0.0088561615,0.02043459,4.6272968e-09
450,0,0,1,0.96537703,2.0158584e-09,0.032071464,0.00063237804,0.0019190952,3.412786e-12
451,0,0,1,0.99954885,1.757852e-13,0.00042110516,4.3051655e-06,2.5774765e-05,6.0297897e-18
452,0,0,1,0.9942061,4.950815e-13,0.0057881516,1.0220256e-06,4.762186e-06,1.6321679e-15
453,0,500,0,0.32865506,5.614933e-06,0.64024186,0.011137964,0.019958604,8.043069e-07
454,0,0,1,0.97469974,3.992456e-11,0.025252996,7.2869434e-06,3.9912997e-05,7.7250353e-13
455,0,0,1,0.79332566,1.6604879e-06,0.185325,0.006625665,0.01472185,6.12933e-08
456,0,0,1,0.9877973,1.4223117e-11,0.012036175,1.6109943e-05,0.00015034899,5.816012e-14
457,0,0,1,0.858326,6.82398e-10,0.14077854,0.00011290037,0.0007825633,3.6457906e-11
458,0,0,1,0.85532504,5.556689e-09,0.14333974,0.00030818844,0.0010269808,1.8929558e-10
459,0,0,1,0.8913874,9.839684e-07,0.106021166,0.0009415578,0.0016489048,3.473403e-08
460,0,0,1,0.86462647,1.5358047e-08,0.13374436,0.00034826138,0.0012808649,6.8304185e-10
461,0,0,1,0.97468907,5.130844e-09,0.0214204,0.0011162072,0.002774251,6.8636967e-12
462,0,0,1,0.5561749,1.8068229e-06,0.053623617,0.16795059,0.22224906,1.5960284e-09
463,0,0,1,0.95148546,4.218994e-09,0.047759376,0.00033502554,0.00042014645,1.5036845e-11
464,0,0,1,0.98915327,5.180883e-12,0.010829804,6.482606e-06,1.0478847e-05,1.2496827e-14
465,0,0,1,0.8658259,2.265321e-08,0.13276388,0.0002939939,0.0011162399,1.8400207e-09
466,0,0,1,0.99930894,9.680298e-12,0.0006827206,2.310598e-06,6.122962e-06,3.913561e-15
467,0,0,1,0.65337396,1.8551552e-10,0.346497,2.4704923e-05,0.00010433827,1.759852e-11
468,0,0,1,0.99955124,2.449139e-14,0.00044804098,3.2524875e-07,3.465109e-07,2.5714775e-18
469,0,0,1,0.6897729,4.8943707e-07,0.29580462,0.0022742737,0.01214764,4.605127e-08
470,0,0,1,0.57188344,7.485866e-07,0.39729223,0.0071443305,0.023679055,3.6730764e-08
471,0,0,1,0.8669452,2.424171e-07,0.116691686,0.0035349978,0.012827896,3.1636842e-09
472,0,0,1,0.68392235,5.5320572e-05,0.22707756,0.03347291,0.055469897,1.9049581e-06
473,0,0,1,0.9381071,6.0091594e-07,0.03412349,0.006991593,0.02077735,5.146707e-10
474,0,0,1,0.9976267,4.2396958e-10,0.0021461511,8.872025e-05,0.00013846235,7.671519e-14
475,0,0,1,0.7760964,4.3398254e-09,0.22180669,0.00078238704,0.0013144888,8.702091e-11
476,0,0,1,0.95204085,2.9768072e-09,0.042353187,0.0012091277,0.004396809,6.5732593e-12
477,0,0,1,0.99077904,5.844054e-08,0.007788544,0.00051789236,0.0009145066,4.0397602e-11
478,0,0,1,0.98026776,2.6661684e-08,0.004050971,0.010074373,0.0056069233,3.7646844e-13
479,0,0,1,0.82068515,2.3449008e-06,0.1505343,0.02335707,0.0054209945,2.4916493e-09
480,0,0,1,0.91212684,3.551276e-08,0.02813434,0.033337686,0.026401017,1.2748516e-12
481,0,0,1,0.69078904,5.444835e-08,0.29089797,0.013383895,0.004928938,1.3575528e-10
482,0,500,0,0.12858997,9.973207e-07,0.5441201,0.07201662,0.25527242,1.768391e-08
483,0,0,1,0.9982595,5.097165e-11,0.0010899791,0.0005180438,0.0001325178,4.2929366e-16
484,0,500,0,0.3557622,1.3440396e-07,0.5710146,0.05103288,0.022190245,4.2688178e-10
485,0,1500,0,0.23613992,2.2925872e-06,0.11421638,0.3084485,0.34119293,1.6283666e-09
486,0,0,1,0.99977905,3.8626498e-14,0.00021253427,3.3004458e-06,5.0955887e-06,2.0857659e-19
487,0,0,1,0.68958795,3.3026317e-09,0.05290516,0.18008228,0.077424526,4.4223414e-14
488,0,0,1,0.9792747,2.8213163e-09,0.018010663,0.001399792,0.0013147774,4.395444e-13
489,0,0,1,0.9474511,4.2664636e-10,0.052452616,9.232853e-05,3.9570336e-06,4.7825337e-14
490,0,0,1,0.9995192,1.02620905e-14,0.000472655,2.4209676e-06,5.7334337e-06,5.9199785e-20
491,0,1500,0,0.028566262,3.8907305e-07,0.13627198,0.15357958,0.6815818,2.3904692e-09
492,0,0,1,0.6425048,2.8576892e-06,0.121904604,0.15295674,0.08263106,2.0313242e-09
493,0,500,0,0.41407147,4.888773e-09,0.58534634,0.000394004,0.00018822099,4.9221707e-11
494,0,0,1,0.95253825,1.8588032e-08,0.038680434,0.0053894916,0.0033919173,1.4179602e-11
495,0,0,1,0.99698764,2.5330582e-10,0.0021223852,0.0007823423,0.00010754488,9.314489e-16
496,0,0,1,0.9129304,9.0059126e-07,0.06790796,0.010527202,0.008633557,2.6087978e-09
497,0,0,1,0.93191284,1.2028792e-07,0.05964616,0.0047446913,0.003696116,1.660764e-10
498,0,0,1,0.42486107,7.995504e-06,0.25812602,0.0976808,0.21932413,2.1315943e-08
499,0,0,1,0.8395081,3.4427012e-06,0.09866597,0.03574883,0.026073556,3.3899719e-09
500,100,100,1,5.2581345e-07,0.9619294,2.5456376e-07,1.0041706e-06,8.340065e-06,0.038060468
501,100,100,1,7.8966195e-07,0.9978219,1.0650407e-07,1.665197e-06,8.197278e-06,0.0021672982
502,100,100,1,8.227755e-08,0.79649895,2.8330166e-07,1.0420521e-06,8.809844e-06,0.20349081
503,100,100,1,1.1083274e-07,0.7368743,2.2914345e-07,4.2157225e-07,3.2979403e-06,0.26312158
504,100,100,1,6.872754e-07,0.9741168,4.8053926e-07,3.1772324e-06,2.3561037e-05,0.025855323
505,100,100,1,4.9487613e-07,0.9674165,3.805247e-07,1.8273045e-06,1.1889074e-05,0.03256896
506,100,100,1,4.365429e-08,0.99592847,4.0007793e-09,3.8623146e-08,4.883971e-07,0.0040709996
507,100,100,1,7.8988995e-07,0.9676921,1.6309639e-06,9.598101e-06,4.4448818e-05,0.03225157
508,100,100,1,1.437294e-07,0.998609,1.0543809e-08,2.0788147e-07,1.46988e-06,0.0013891953
509,100,100,1,1.2753959e-05,0.95724887,8.527627e-06,4.718468e-05,0.00026201902,0.04242064
510,100,100,1,9.203375e-06,0.95691806,4.5037978e-06,2.3388595e-05,0.00015659179,0.042888194
511,100,100,1,1.6915757e-06,0.990317,5.3618663e-07,6.045899e-06,3.105327e-05,0.0096436925
512,100,100,1,8.9933917e-07,0.9967879,1.2182984e-07,1.8900903e-06,1.0494309e-05,0.0031986465
513,100,100,1,1.8582229e-07,0.67577296,3.9028723e-07,6.533675e-07,5.032827e-06,0.32422087
514,100,100,1,1.564691e-05,0.997592,4.3776254e-07,5.53772e-06,2.630811e-05,0.0023599647
515,100,100,1,9.34174e-07,0.9927129,7.902366e-08,6.012356e-07,4.7862723e-06,0.0072806682
516,100,100,1,6.5581787e-07,0.99371815,1.5107032e-07,5.414764e-07,2.5988813e-06,0.0062778653
517,100,100,1,2.2420338e-06,0.68619424,2.5765801e-05,9.2766655e-05,0.00047008402,0.3132149
518,100,100,1,9.762309e-08,0.9936999,2.6093158e-08,2.6043526e-07,2.102866e-06,0.0062975925
519,100,100,1,3.5088572e-06,0.9704732,1.9143044e-06,9.445966e-06,6.467754e-05,0.029447285
520,100,100,1,1.6538192e-05,0.98464936,2.3702032e-06,1.2487063e-05,8.2059116e-05,0.0152372075
521,100,100,1,8.97324e-06,0.5737496,0.000157434,0.00012164501,0.0005324253,0.42542994
522,100,100,1,2.708448e-06,0.99758136,6.623346e-08,7.1952167e-07,4.8219154e-06,0.0024101546
523,100,100,1,1.05628305e-05,0.89161175,1.368266e-05,3.4156663e-05,0.00024209719,0.10808775
524,100,100,1,1.7977682e-07,0.9342435,3.305514e-07,1.0739075e-06,7.652007e-06,0.06574716
525,100,100,1,8.621983e-06,0.9695063,4.646082e-06,2.0812884e-05,9.754752e-05,0.030362066
526,100,100,1,1.9908857e-06,0.9469139,1.7377139e-06,1.9658191e-06,8.8906945e-06,0.053071536
527,100,100,1,2.3984344e-07,0.99308217,1.6349756e-07,5.204616e-07,2.087202e-06,0.006914824
528,100,100,1,1.9229103e-05,0.6200865,8.316806e-05,0.0002330309,0.0014819305,0.37809625
529,100,100,1,8.3090725e-07,0.9017058,2.2157062e-06,8.084483e-06,5.0693045e-05,0.098232254
530,100,100,1,1.9914621e-08,0.9996338,4.734901e-10,1.0453973e-08,8.061139e-08,0.00036604574
531,100,100,1,2.5748202e-06,0.94217205,3.3582946e-06,1.8074956e-05,0.00013349038,0.05767041
532,100,100,1,1.4809386e-06,0.873774,6.971494e-06,2.3409584e-05,0.00011052292,0.12608354
533,100,2000,0,4.4103388e-09,0.022868184,1.7393239e-07,1.6493803e-07,1.3182622e-06,0.9771302
534,100,100,1,3.8545804e-06,0.9412766,2.841173e-06,1.3514233e-05,0.00010109542,0.058602277
535,100,100,1,1.4621268e-05,0.9762309,1.4110233e-05,3.4506127e-05,0.00012084515,0.023584949
536,100,100,1,4.5439475e-07,0.97049576,1.9105453e-07,8.573877e-07,8.753774e-06,0.029494023
537,100,100,1,4.000443e-07,0.99974054,5.182312e-09,1.505423e-07,8.1672255e-07,0.00025816678
538,100,100,1,4.6837326e-07,0.99923456,3.313713e-08,1.5058886e-07,7.939052e-07,0.00076397706
539,100,100,1,2.1445917e-06,0.99665195,3.3027968e-07,3.8301514e-06,2.0341615e-05,0.0033215045
540,100,100,1,0.00023242492,0.99051243,1.8959234e-05,0.00018245695,0.0010117013,0.00804204
541,100,100,1,6.056841e-07,0.99915314,1.6933e-08,4.091067e-07,2.5835066e-06,0.0008432851
542,100,100,1,2.3725875e-07,0.98724896,4.0236916e-08,2.198604e-07,2.0944692e-06,0.012748474
543,100,100,1,9.645027e-08,0.9991167,1.1372853e-08,3.079649e-07,1.4148416e-06,0.0008813306
544,100,100,1,2.1254589e-06,0.95019895,8.282258e-07,1.1400472e-06,7.022465e-06,0.049789913
545,100,100,1,4.7256075e-09,0.9984688,6.1018596e-10,1.141414e-08,9.7151485e-08,0.001531024
546,100,100,1,2.8760626e-06,0.9852874,1.4403913e-06,8.786696e-06,3.5269673e-05,0.014664255
547,100,100,1,8.1798156e-05,0.9971269,6.877957e-06,8.341307e-05,0.0002883582,0.0024126086
548,100,100,1,1.2967465e-06,0.99568117,2.5430344e-07,1.8337214e-06,7.706271e-06,0.004307783
549,100,100,1,5.0074254e-05,0.9724086,2.5164632e-05,0.00012120438,0.0004031467,0.026991732
550,100,100,1,1.5264319e-05,0.9333673,9.7151e-06,2.1403235e-05,0.00011990285,0.06646646
551,100,100,1,1.1659863e-06,0.889154,4.0708837e-06,7.4780246e-06,3.543613e-05,0.110797875
552,100,100,1,9.7150796e-08,0.9992772,7.44801e-09,6.4893385e-08,3.4460297e-07,0.00072226825
553,100,100,1,4.0536383e-07,0.9997161,4.0444363e-09,3.6745888e-08,1.9710087e-07,0.0002833219
554,100,100,1,1.0924966e-07,0.9858612,7.180939e-08,1.4179112e-07,7.674094e-07,0.014137621
555,100,100,1,2.8753288e-07,0.7948713,3.1933719e-06,1.0941769e-05,5.9389575e-05,0.2050549
556,100,100,1,2.622166e-06,0.9931478,1.0123609e-06,8.377282e-06,3.1749143e-05,0.0068084267
557,100,100,1,1.2324146e-05,0.9154901,1.2783031e-05,5.201303e-05,0.00033110607,0.08410172
558,100,100,1,3.6559447e-07,0.99317414,2.0480746e-07,2.5095294e-06,1.2117661e-05,0.0068107047
559,100,100,1,2.8589204e-07,0.9980223,1.8067848e-08,2.3259135e-07,1.5876888e-06,0.00197563
560,100,100,1,9.107369e-07,0.76752996,5.7377842e-06,1.953588e-05,0.0001120184,0.23233177
561,100,2000,0,2.3962518e-06,0.13766323,1.796142e-05,3.2186734e-05,0.00021571237,0.86206853
562,100,100,1,1.8363525e-07,0.99575245,2.6017512e-08,3.1865846e-07,2.0302577e-06,0.0042449813
563,100,100,1,1.4715087e-07,0.9968809,1.791791e-08,2.0315323e-07,1.3485081e-06,0.0031174682
564,100,100,1,2.4926227e-05,0.99911946,8.0821764e-07,1.23577365e-05,4.8634665e-05,0.00079384824
565,100,2000,0,5.139076e-07,0.22344537,1.0193665e-05,2.3166835e-05,0.00015250151,0.77636826
566,100,100,1,2.7411813e-06,0.98032135,1.2001036e-06,8.506046e-06,4.7598085e-05,0.019618677
567,100,100,1,3.6464828e-06,0.99419576,6.192718e-07,1.4317801e-07,6.024686e-07,0.0057992525
568,100,100,1,1.8291882e-07,0.99959546,5.6698446e-09,1.9922378e-07,1.3945205e-06,0.00040270248
569,100,100,1,1.289538e-07,0.99683577,2.7848694e-08,4.0814575e-07,2.5642946e-06,0.0031611167
570,100,100,1,4.015626e-08,0.993399,3.1214487e-08,3.4434956e-07,2.2946294e-06,0.006598432
571,100,100,1,0.00027108437,0.95913607,9.989408e-05,0.00047770812,0.0027276312,0.037287544
572,100,100,1,8.660954e-08,0.98845345,1.2014862e-08,6.7297236e-08,6.9710455e-07,0.011545584
573,100,100,1,2.9114652e-08,0.99971753,4.138038e-10,2.5561988e-09,2.3447393e-08,0.00028246382
574,100,100,1,1.2702816e-07,0.9921239,4.784814e-08,1.1705977e-07,7.164758e-07,0.007875168
575,100,100,1,1.2684151e-07,0.999647,1.2356757e-08,1.9502254e-07,5.4315706e-07,0.00035201802
576,100,100,1,6.064504e-08,0.9931694,2.3418595e-08,1.5582744e-07,8.194651e-07,0.00682944
577,100,100,1,1.388174e-07,0.9991148,5.984346e-09,7.467855e-08,5.5610747e-07,0.00088440295
578,100,100,1,1.7659694e-06,0.9897155,2.3896104e-07,6.534492e-07,5.4561838e-06,0.010276373
579,100,100,1,2.9448634e-06,0.9929617,2.1897007e-07,1.9896092e-06,1.4638503e-05,0.007018439
580,100,100,1,7.674424e-07,0.9939214,4.5112256e-07,6.5126933e-06,2.983041e-05,0.0060410816
581,100,100,1,6.6366856e-06,0.99453557,5.511797e-07,2.4024473e-06,1.1122245e-05,0.005443691
582,100,100,1,2.9117968e-08,0.99951494,1.5238911e-09,1.9210155e-08,1.1999776e-07,0.00048495742
583,100,100,1,0.00029713154,0.98906285,6.570106e-05,2.9492792e-05,0.00011063284,0.010434338
584,100,100,1,4.2430653e-07,0.99673223,4.399281e-08,1.855032e-07,8.5190476e-07,0.0032662847
585,100,100,1,1.2941865e-07,0.99869424,2.2859808e-08,4.4493072e-07,1.851839e-06,0.0013033001
586,100,100,1,1.2036175e-05,0.9790948,9.9293575e-06,2.5501951e-05,9.232316e-05,0.020765498
587,100,100,1,0.007782718,0.9724817,0.0004988457,0.0010745687,0.005350305,0.012811809
588,100,100,1,5.7125744e-06,0.99764806,2.542617e-06,5.5185325e-07,9.4272536e-07,0.0023421969
589,100,100,1,4.6720368e-05,0.9822844,2.3165168e-05,0.00020255268,0.00081576593,0.016627196
590,100,100,1,8.322682e-06,0.985881,1.5800222e-06,1.0754299e-05,6.108865e-05,0.014037177
591,100,100,1,1.085787e-06,0.99225605,1.4137413e-07,4.911465e-07,2.756892e-06,0.0077396086
592,100,100,1,0.0009800344,0.98474175,9.0632435e-05,0.00067885086,0.002393961,0.011114774
593,100,100,1,5.1124334e-07,0.98844725,1.3973977e-07,1.1199611e-06,8.962778e-06,0.011541992
594,100,100,1,1.5893019e-06,0.9961565,5.0395606e-08,4.866625e-07,4.0844357e-06,0.0038374865
595,100,100,1,1.3046019e-06,0.99635065,9.9362374e-08,8.27534e-07,4.9779105e-06,0.0036420822
596,100,100,1,8.131279e-05,0.97729117,4.6269564e-05,0.00039185458,0.0013000229,0.020889457
597,100,100,1,5.429607e-07,0.9998566,3.4565975e-09,7.1532774e-08,3.0761097e-07,0.00014231603
598,100,100,1,1.705087e-08,0.9975096,3.128361e-09,3.127861e-08,2.1495252e-07,0.0024901435
599,100,100,1,1.3266052e-07,0.96804774,8.727505e-08,3.7748924e-07,2.700851e-06,0.031949025
600,100,100,1,2.2353808e-07,0.9810955,3.2711614e-07,2.9725254e-06,1.8900333e-05,0.018882027
601,100,100,1,1.6853413e-07,0.9997396,3.1024932e-09,7.148894e-08,6.525766e-07,0.00025962
602,100,100,1,1.2692626e-05,0.5568573,2.4683304e-05,5.211133e-05,0.00029517518,0.44275808
603,100,100,1,9.2488285e-08,0.9995808,9.325947e-10,2.6428129e-08,3.0137417e-07,0.00041877374
604,100,100,1,1.3407993e-07,0.9911931,8.5636785e-08,5.6156426e-07,3.0466495e-06,0.008802979
605,100,100,1,5.083613e-08,0.99749136,9.215647e-09,1.734577e-07,1.2826254e-06,0.0025071702
606,100,100,1,4.0157793e-06,0.81231415,8.922643e-06,2.8516808e-05,0.0002018023,0.18744269
607,100,100,1,1.5556656e-06,0.95485985,7.964779e-07,3.7818988e-06,3.387292e-05,0.04510004
608,100,100,1,5.02394e-07,0.9962508,6.42006e-08,6.7862436e-07,5.694909e-06,0.0037422592
609,100,100,1,0.00048306407,0.99859756,2.5017714e-06,3.358826e-05,0.00016947556,0.0007137832
610,100,100,1,2.7459741e-06,0.9889846,2.9145494e-07,1.9456352e-06,1.7398508e-05,0.0109929405
611,100,100,1,1.15676066e-07,0.9983354,9.586988e-09,1.6314527e-07,1.2987051e-06,0.0016630054
612,100,100,1,5.031909e-07,0.9689562,1.586341e-07,6.9708864e-07,6.170344e-06,0.031036519
613,100,100,1,2.9555738e-06,0.99345595,1.2080754e-07,1.0534816e-06,1.0071703e-05,0.0065297736
614,100,100,1,5.5886716e-08,0.9992761,2.2717161e-09,2.4533575e-08,1.864364e-07,0.00072364364
615,100,100,1,5.371417e-08,0.9986131,2.1030708e-09,3.225985e-08,3.0082353e-07,0.0013865154
616,100,100,1,2.4295616e-05,0.99908864,2.2718577e-07,4.898252e-06,3.811048e-05,0.00084387424
617,100,100,1,3.9695713e-08,0.9996873,2.4571858e-09,3.6692093e-08,1.13182686e-07,0.0003125669
618,100,100,1,2.511267e-07,0.98712534,4.227748e-08,2.5249335e-07,2.2245251e-06,0.012871944
619,100,100,1,3.418317e-07,0.99283713,1.9591683e-07,1.4448875e-06,6.3526504e-06,0.0071545
620,100,100,1,3.292082e-07,0.9848357,4.750761e-08,2.3833181e-07,2.5434013e-06,0.015161122
621,100,100,1,2.9921299e-07,0.9952048,7.514667e-08,1.0148749e-06,6.2330278e-06,0.0047874013
622,100,100,1,5.3226075e-05,0.87716484,3.0496507e-05,0.00012008233,0.0009137765,0.1217176
623,100,100,1,7.2857288e-06,0.9963309,6.0140866e-07,7.4000814e-06,3.3983026e-05,0.0036199526
624,100,100,1,5.5509236e-07,0.9997955,3.960175e-09,1.2098661e-07,5.6720774e-07,0.00020321232
625,100,100,1,1.9827161e-07,0.99707186,1.36460665e-08,1.4193245e-07,8.589346e-07,0.0029268854
626,100,100,1,1.083587e-07,0.9897042,1.3422683e-08,8.8236256e-08,7.33206e-07,0.010294917
627,100,100,1,3.0230003e-06,0.9745806,6.399475e-07,3.112094e-06,2.2553224e-05,0.025390005
628,100,100,1,2.9973628e-06,0.9380644,6.734911e-07,2.485541e-06,1.995986e-05,0.06190953
629,100,100,1,2.9544893e-07,0.9923288,8.466594e-08,9.2260063e-07,7.158523e-06,0.0076627163
630,100,100,1,0.00020789728,0.86097556,0.00025918082,0.00052830396,0.0027497993,0.13527921
631,100,100,1,2.936189e-07,0.97792655,1.16130686e-07,6.2889194e-07,4.544305e-06,0.0220678
632,100,100,1,7.258898e-07,0.99303436,4.3020076e-08,3.6193057e-07,2.9009934e-06,0.006961624
633,100,100,1,7.48327e-05,0.99150944,7.0561405e-06,5.7691603e-05,0.00022179176,0.008129193
634,100,100,1,1.3589077e-07,0.9999136,1.05578e-09,3.260679e-08,1.6436091e-07,8.622259e-05
635,100,100,1,1.0113843e-06,0.97969073,3.221112e-07,1.7663817e-06,1.1494488e-05,0.020294659
636,100,100,1,4.146093e-05,0.8177346,5.3974363e-05,0.00018159162,0.001025997,0.18096231
637,100,100,1,3.1015954e-08,0.9806927,1.5720698e-08,8.90922e-08,1.0007506e-06,0.019306093
638,100,100,1,1.8470319e-05,0.9992229,4.8114487e-07,9.297473e-06,5.4907145e-05,0.00069392426
639,100,100,1,4.2642927e-07,0.99107903,1.2785182e-07,1.2002569e-06,9.639614e-06,0.008909535
640,100,100,1,1.0286478e-05,0.9843705,5.6775916e-06,5.168932e-05,0.00026113796,0.015300793
641,100,100,1,1.9734304e-07,0.9928926,6.097187e-08,4.656541e-07,3.0967865e-06,0.0071035307
642,100,2000,0,6.1646654e-07,0.12656604,1.0639733e-05,1.4708689e-05,9.60392e-05,0.8733119
643,100,100,1,1.069112e-06,0.9841209,8.5652624e-07,3.961852e-06,1.6794338e-05,0.015856426
644,100,100,1,0.0021056177,0.96567786,0.00032555434,0.002788131,0.010798197,0.018304668
645,100,100,1,1.676535e-06,0.99323374,4.5168017e-07,5.6048675e-06,3.2990178e-05,0.006725553
646,100,100,1,3.1777838e-06,0.93905306,3.9224756e-06,1.4799118e-05,9.502545e-05,0.060830098
647,100,100,1,0.00082262163,0.88157356,0.0005922235,0.0022571615,0.010970072,0.10378426
648,100,100,1,7.124617e-06,0.95505595,5.7586635e-06,2.4374263e-05,0.00013001585,0.044776723
649,100,100,1,1.0018264e-06,0.99736804,4.3843148e-08,5.7093456e-07,3.098452e-06,0.0026273623
650,100,100,1,5.469326e-07,0.9932435,1.5208728e-07,1.6067825e-06,6.847225e-06,0.0067471922
651,100,100,1,6.9318396e-08,0.9968015,7.0665327e-09,9.613541e-08,7.138732e-07,0.00319754
652,100,100,1,6.8374875e-06,0.8180769,1.2988098e-05,3.8742623e-05,0.00026020105,0.18160442
653,100,100,1,5.48067e-06,0.9810431,1.2343515e-06,7.709285e-06,5.5501663e-05,0.018886851
654,100,100,1,1.7108029e-07,0.99266,3.369352e-08,1.897736e-07,1.26093e-06,0.007338363
655,100,100,1,9.194092e-07,0.9993343,1.0367158e-08,1.7808117e-07,1.2904082e-06,0.000663317
656,100,100,1,3.7764432e-05,0.9857415,2.4929445e-06,1.1443019e-05,7.1111965e-05,0.014135784
657,100,100,1,1.3350935e-07,0.9573811,7.170072e-08,3.3021203e-07,3.5012026e-06,0.042614717
658,100,100,1,1.4705396e-06,0.9969938,3.3648905e-07,5.650476e-06,2.1823485e-05,0.0029768879
659,100,100,1,7.356412e-06,0.99885,5.3451834e-07,1.8569996e-05,7.08223e-05,0.0010526626
660,100,100,1,1.5873755e-05,0.79781014,0.00013259257,0.00019582832,0.00083264074,0.201013
661,100,100,1,5.385037e-07,0.99645543,2.5324752e-07,5.3733766e-07,2.3635735e-06,0.0035407718
662,100,100,1,2.3495794e-09,0.9997602,4.4160404e-11,4.582692e-10,4.1365755e-09,0.00023974857
663,100,100,1,1.4670773e-07,0.999281,4.1748565e-09,3.9226645e-08,1.7868426e-07,0.0007187882
664,100,100,1,8.139191e-07,0.9880861,1.4342336e-07,1.0010153e-06,8.225146e-06,0.011903712
665,100,100,1,1.1669792e-06,0.9933909,1.8889187e-07,1.795713e-06,1.3046765e-05,0.006592859
666,100,100,1,2.8021742e-07,0.997982,2.8584001e-08,3.9148563e-07,1.9840936e-06,0.0020153034
667,100,100,1,4.5066802e-08,0.9974733,5.561333e-09,7.5061536e-08,6.1617266e-07,0.0025259235
668,100,100,1,6.651142e-06,0.9958972,4.4945008e-07,5.8196483e-06,3.7869337e-05,0.00405208
669,100,100,1,2.717282e-07,0.98739237,4.6244896e-08,3.3351748e-07,3.6854462e-06,0.012603372
670,100,100,1,2.5417043e-05,0.9465796,1.08125505e-05,4.16635e-05,0.00028949755,0.053052984
671,100,100,1,4.9720547e-05,0.90925705,5.0141676e-05,0.00019694399,0.0012366242,0.08920942
672,100,100,1,8.584241e-07,0.98156273,5.542339e-07,1.1684335e-06,4.7344806e-06,0.018430041
673,100,100,1,3.9943967e-05,0.96448797,3.432624e-05,0.00017839062,0.0007508349,0.034508545
674,100,100,1,2.5918274e-07,0.9980306,1.1369681e-08,1.5999385e-07,1.406854e-06,0.0019675875
675,100,100,1,9.392287e-07,0.91770184,2.7313743e-06,8.982904e-06,5.4962606e-05,0.0822306
676,100,100,1,1.2461237e-06,0.6758325,6.1994897e-06,2.0333857e-05,0.00015184667,0.32398793
677,100,100,1,1.7627768e-06,0.96079016,1.2586721e-06,6.118751e-06,5.2983007e-05,0.039147783
678,100,100,1,1.4359396e-06,0.996438,9.750281e-08,1.0894901e-06,8.434811e-06,0.003551002
679,100,100,1,8.423324e-07,0.98568195,3.6154748e-07,3.134525e-06,1.8457502e-05,0.01429518
680,100,100,1,4.4043517e-08,0.9399523,3.1891826e-08,1.1239678e-07,1.231362e-06,0.06004638
681,100,100,1,6.380148e-07,0.994846,4.5516725e-08,4.5859565e-07,3.4491313e-06,0.0051494646
682,100,100,1,1.6499562e-06,0.9968419,5.9883675e-08,7.9940435e-07,5.873931e-06,0.003149695
683,100,100,1,2.2411172e-07,0.9937272,8.999971e-08,8.0901924e-07,3.7036016e-06,0.006267944
684,100,100,1,2.0175639e-08,0.9973277,2.610278e-09,3.153881e-08,3.378721e-07,0.0026719961
685,100,100,1,1.2728175e-07,0.999566,7.327109e-09,9.1196085e-08,3.2984698e-07,0.0004333688
686,100,100,1,1.2780944e-06,0.8098019,3.2403686e-06,1.0531266e-05,7.614163e-05,0.1901069
687,100,100,1,8.942895e-06,0.90263736,2.3891473e-05,5.214253e-05,0.00020090003,0.09707669
688,100,100,1,5.868661e-06,0.9917989,7.9368107e-07,6.8927448e-06,4.285306e-05,0.008144776
689,100,100,1,0.00011025755,0.95809877,4.5867953e-05,0.00025408415,0.0013051425,0.04018588
690,100,100,1,5.124507e-05,0.99797446,4.6473474e-06,4.5241475e-05,0.000109081935,0.0018153053
691,100,100,1,3.79727e-05,0.8816003,4.423116e-05,0.00017500823,0.0009992932,0.117143214
692,100,100,1,5.6578334e-05,0.55924517,0.00046352416,0.0015210594,0.012249029,0.42646456
693,100,100,1,6.706931e-07,0.9920431,1.6984288e-07,1.565016e-06,9.57466e-06,0.007944961
694,100,100,1,2.0145289e-07,0.9819666,3.6686632e-08,1.711743e-07,1.5128808e-06,0.018031463
695,100,100,1,3.739408e-07,0.9969494,4.8303953e-08,4.545175e-07,1.9918923e-06,0.0030478511
696,100,100,1,2.0709538e-06,0.9985184,8.0616104e-08,1.4107023e-06,8.731964e-06,0.0014693381
697,100,100,1,4.35137e-05,0.9956398,4.4759436e-06,8.0494596e-05,0.00033612634,0.003895484
698,100,100,1,6.5977714e-05,0.9976591,4.3478776e-06,6.561334e-05,0.00017770477,0.0020271947
699,100,100,1,2.1145354e-06,0.912111,2.8320394e-06,1.3214624e-05,0.000109982335,0.08776097
700,100,100,1,2.694057e-07,0.99628675,3.682527e-08,4.4425923e-07,3.1895768e-06,0.0037093647
701,100,100,1,0.00012047131,0.9978284,2.376089e-06,1.7504359e-05,6.2194435e-05,0.0019689682
702,100,100,1,2.6479182e-07,0.7400516,3.0318852e-06,8.733133e-06,4.5478435e-05,0.25989082
703,100,100,1,4.493015e-08,0.9953406,6.1551284e-09,4.3042416e-08,4.089749e-07,0.004659056
704,100,100,1,5.5224024e-07,0.94731385,1.469634e-06,1.2616047e-06,6.5540044e-06,0.05267631
705,100,100,1,3.4072626e-05,0.9774293,5.5789515e-05,1.4406112e-05,3.6267425e-05,0.022430215
706,100,100,1,3.3321378e-06,0.83379924,1.4515811e-05,2.9160233e-06,9.159636e-06,0.16617082
707,100,100,1,0.00042130376,0.95309377,0.00022077633,0.0003396369,0.001604863,0.04431972
708,100,100,1,0.053322982,0.8435753,0.007684936,0.014679824,0.041600797,0.039136108
709,100,100,1,1.5599917e-05,0.9959313,6.811051e-06,0.000114828035,0.00039383044,0.00353771
710,100,100,1,1.091068e-06,0.9970004,1.5985508e-07,2.6283394e-06,1.0693451e-05,0.002985081
711,100,100,1,6.0830064e-07,0.9820384,2.2250381e-07,1.426533e-06,9.1715465e-06,0.017950315
712,100,100,1,6.751297e-06,0.9932661,1.8451967e-06,1.2145001e-05,4.4716668e-05,0.0066683297
713,100,2000,0,6.4651744e-05,0.22879237,0.00057670637,0.001277209,0.00804416,0.7612449
714,100,100,1,0.15898204,0.7236066,0.028407088,0.018350538,0.047031887,0.023621883
715,100,100,1,1.6996221e-06,0.9728505,2.4199132e-06,1.1961672e-05,5.185557e-05,0.027081525
716,100,100,1,9.5796175e-05,0.98997074,1.5323425e-05,0.00012503975,0.00036362867,0.009429418
717,100,100,1,0.00021269961,0.97570443,4.8639507e-05,5.4384695e-05,0.0002677271,0.023712093
718,100,100,1,9.765744e-07,0.99482673,8.575781e-08,6.6407466e-07,5.056316e-06,0.00516632
719,100,100,1,7.814448e-08,0.99769634,3.3766817e-08,5.054256e-07,2.2166523e-06,0.0023008063
720,100,2000,0,2.1115537e-05,0.44744214,0.00020296797,0.00037013218,0.0020720689,0.5498915
721,100,100,1,3.2724683e-06,0.9978934,3.8943978e-07,3.3049735e-06,9.93572e-06,0.0020896422
722,100,100,1,5.202964e-06,0.97685975,9.375633e-07,5.0351387e-06,3.9218958e-05,0.023089876
723,100,100,1,1.4619401e-06,0.9732755,1.4865096e-06,4.9079645e-06,1.9544395e-05,0.026697136
724,100,100,1,6.760914e-05,0.90109044,0.00020365865,0.0002757197,0.00071183784,0.09765066
725,100,100,1,0.00042090035,0.85570693,0.0012276561,0.0054846304,0.021233603,0.115926206
726,100,100,1,1.4502822e-05,0.911382,5.524066e-06,2.0658126e-05,0.00017625645,0.08840109
727,100,100,1,1.1922201e-06,0.93611825,6.590208e-07,2.45524e-06,1.7068947e-05,0.063860364
728,100,100,1,2.2383198e-05,0.9680647,6.6676675e-06,2.8874774e-05,0.00027459234,0.031602804
729,100,100,1,1.2668936e-06,0.99672157,7.0738174e-08,8.358974e-07,6.68121e-06,0.0032694722
730,100,100,1,3.5777813e-07,0.99979454,3.495612e-09,1.1468105e-07,7.12684e-07,0.0002042473
731,100,100,1,4.478927e-07,0.99674594,1.0279803e-07,1.674725e-06,9.315983e-06,0.0032425183
732,100,100,1,5.2256473e-07,0.7614172,8.940067e-07,2.3977393e-06,2.0626418e-05,0.2385584
733,100,100,1,4.3706086e-06,0.9985775,1.2411488e-07,1.9454774e-06,1.1669392e-05,0.0014044323
734,100,100,1,5.784248e-07,0.99904174,3.8718245e-08,6.913457e-07,3.3219803e-06,0.00095361134
735,100,100,1,2.0827276e-06,0.9928377,7.7933396e-07,9.842355e-06,4.13053e-05,0.0071081663
736,100,100,1,6.3937027e-06,0.9631614,2.4407018e-06,1.0596931e-05,8.288222e-05,0.036736324
737,100,100,1,6.88546e-07,0.9169148,4.7577072e-07,1.7540349e-06,1.4056904e-05,0.08306822
738,100,100,1,2.0236315e-07,0.9896535,4.568192e-08,3.474868e-07,3.1677605e-06,0.010342747
739,100,100,1,1.19319075e-05,0.99767643,6.7263943e-07,4.8117263e-06,2.6376209e-05,0.0022797578
740,100,100,1,5.2748356e-07,0.55898696,2.1524665e-06,5.027366e-06,3.1969954e-05,0.4409734
741,100,100,1,1.1447957e-08,0.9999459,5.6587623e-11,1.9161073e-09,1.5785213e-08,5.4090306e-05
742,100,100,1,1.152707e-06,0.9916197,2.7024987e-07,1.8068923e-06,1.0088537e-05,0.008367038
743,100,100,1,8.280576e-08,0.9911249,2.2476067e-08,1.2811785e-07,1.1819806e-06,0.008873577
744,100,100,1,9.942485e-08,0.9861968,3.1806533e-08,1.73804e-07,1.7361605e-06,0.01380115
745,100,100,1,5.885892e-06,0.998089,1.759292e-07,5.6069086e-07,2.1271128e-06,0.0019022446
746,100,100,1,9.074508e-06,0.585363,1.3119762e-05,2.0173806e-05,0.000115273644,0.41447937
747,100,100,1,2.6141458e-06,0.89147955,9.378918e-06,3.427523e-05,0.00016816723,0.10830598
748,100,100,1,1.6775277e-05,0.99546236,1.8517034e-06,2.4930265e-05,9.906172e-05,0.0043949718
749,100,100,1,4.915454e-05,0.9853253,1.047711e-05,8.36229e-05,0.00035600876,0.0141755305
750,100,100,1,0.013169528,0.9008863,0.0011844597,0.005717443,0.050637122,0.028405163
751,100,100,1,1.4428404e-07,0.9689717,1.3545935e-07,6.342465e-07,5.715888e-06,0.031021785
752,100,100,1,1.252313e-07,0.9957207,3.9313512e-08,3.7593492e-07,2.103709e-06,0.004276776
753,100,100,1,2.1039052e-06,0.97813,2.7708484e-06,1.6697195e-05,8.071592e-05,0.021767778
754,100,100,1,7.984487e-06,0.9887629,9.661424e-06,6.5839675e-05,0.00015474015,0.010998739
755,100,100,1,4.304179e-08,0.9955273,7.498554e-09,7.228727e-08,4.975768e-07,0.0044720653
756,100,100,1,1.9704153e-07,0.71422315,7.2533345e-07,2.318748e-06,1.805286e-05,0.2857556
757,100,100,1,8.6757586e-07,0.9909305,2.3865644e-07,2.1185458e-06,1.297987e-05,0.009053334
758,100,100,1,2.1274756e-08,0.9989478,1.6936005e-09,2.6132533e-08,2.3405546e-07,0.0010519713
759,100,100,1,1.6316909e-06,0.9998776,1.0254431e-08,2.9373615e-07,8.713911e-07,0.000119729935
760,100,100,1,8.256376e-05,0.9170529,0.00030486388,0.000361459,0.0005967368,0.08160146
761,100,100,1,1.1600172e-05,0.8177258,4.749027e-05,9.71026e-05,0.00033009532,0.18178798
762,100,2000,0,3.448174e-06,0.17774706,2.4087465e-05,2.7672728e-05,0.00015297446,0.8220448
763,100,100,1,2.6991142e-06,0.9998437,4.32374e-08,1.0858157e-06,2.4403703e-06,0.00015001502
764,100,100,1,3.1190638e-07,0.9983614,1.7734413e-08,3.5786923e-07,2.4516098e-06,0.0016353929
765,100,100,1,9.3960455e-07,0.8851679,3.7862594e-06,1.1506814e-05,5.4478507e-05,0.114761405
766,100,100,1,2.6876332e-06,0.95969635,2.1166006e-06,1.0596021e-05,4.8957343e-05,0.04023922
767,100,100,1,1.119318e-06,0.9970625,1.878597e-07,1.511253e-06,5.2468563e-06,0.0029294451
768,100,100,1,4.734964e-06,0.99984145,2.172338e-08,1.0169065e-06,6.2310364e-06,0.00014645018
769,100,100,1,3.1671088e-06,0.8335429,3.889797e-06,1.2118581e-05,8.7047505e-05,0.16635087
770,100,100,1,4.410082e-09,0.9724587,2.1945339e-09,1.0273188e-08,1.2822339e-07,0.0275412
771,100,100,1,9.476888e-08,0.99991286,8.6303753e-10,6.027393e-08,3.1625888e-07,8.650718e-05
772,100,100,1,8.6207626e-07,0.87179506,1.7049831e-06,6.1189535e-06,4.5094697e-05,0.12815125
773,100,100,1,1.171555e-07,0.99911994,1.3848827e-08,3.1689476e-07,1.4217659e-06,0.00087819266
774,100,100,1,2.8833588e-06,0.942437,5.8250725e-06,2.4216271e-05,0.000137233,0.057392683
775,100,100,1,1.2068399e-07,0.998613,9.178603e-09,1.5965543e-07,1.1822009e-06,0.0013855947
776,100,100,1,1.8501021e-07,0.9761054,3.6467605e-07,8.02802e-07,2.9388643e-06,0.023890238
777,100,100,1,7.76777e-07,0.9475314,9.082794e-07,4.142046e-06,3.2790056e-05,0.05242998
778,100,100,1,3.6553365e-07,0.9996934,2.3425505e-08,1.1457724e-06,3.7759596e-06,0.0003013235
779,100,100,1,2.8706896e-07,0.9783584,2.8832062e-07,1.4940093e-06,8.708568e-06,0.021630919
780,100,100,1,9.1205575e-06,0.98107624,4.202955e-06,3.3143842e-05,0.00020240582,0.018674929
781,100,100,1,8.4642744e-07,0.92471766,7.8984095e-07,2.721618e-06,1.695574e-05,0.07526095
782,100,100,1,6.115601e-08,0.99993217,2.2697015e-10,1.5289922e-08,9.836735e-08,6.761054e-05
783,100,100,1,3.5440623e-06,0.99862075,7.87534e-08,9.0232993e-07,6.200017e-06,0.001368415
784,100,100,1,6.824533e-09,0.9999181,1.682819e-10,4.6765734e-09,3.4048032e-08,8.193409e-05
785,100,100,1,1.1095924e-07,0.99795747,1.6394765e-08,3.3415014e-07,2.1722126e-06,0.0020398938
786,100,100,1,7.3072664e-07,0.9991166,4.704754e-08,5.293258e-07,2.2416282e-06,0.0008799771
787,100,100,1,3.0327458e-06,0.6394491,1.50147625e-05,2.9455063e-05,0.00021857803,0.36028486
788,100,100,1,1.5763129e-07,0.9997851,2.9851124e-09,9.795244e-08,6.2483673e-07,0.00021401669
789,100,100,1,2.3632908e-06,0.9960133,7.278889e-07,1.1839318e-05,4.346622e-05,0.0039282884
790,100,100,1,2.8524946e-08,0.99961793,6.059516e-10,1.6520943e-08,1.2383325e-07,0.00038194927
791,100,100,1,4.5101146e-07,0.99301445,5.5936987e-08,5.002011e-07,3.9982883e-06,0.006980565
792,100,100,1,1.1198767e-07,0.99785656,8.0455145e-09,1.170193e-07,1.0631946e-06,0.0021420943
793,100,100,1,1.0999244e-06,0.9962535,9.898574e-08,9.595111e-07,6.1034025e-06,0.0037383223
794,100,100,1,1.4539879e-07,0.99673444,9.542303e-09,1.0182524e-07,9.940051e-07,0.0032643843
795,100,100,1,9.0704035e-08,0.96165377,2.8457034e-08,1.02740756e-07,1.0955022e-06,0.03834477
796,100,100,1,4.750591e-07,0.9996045,1.2610179e-08,3.0580932e-07,1.45733e-06,0.00039329458
797,100,100,1,1.3378475e-05,0.9873541,3.5749342e-06,2.6718892e-05,0.00010009189,0.012502149
798,100,2000,0,6.817482e-07,0.48014444,1.0534847e-05,2.1604932e-05,8.7123444e-05,0.5197356
799,100,100,1,6.2157415e-07,0.77080965,2.0051039e-06,5.755195e-06,4.528677e-05,0.22913662
800,100,100,1,8.905161e-06,0.96408916,4.9344435e-06,1.883395e-05,0.00011226586,0.03576599
801,100,100,1,4.376069e-08,0.9995963,1.7284644e-09,3.558058e-08,2.612152e-07,0.00040344932
802,100,100,1,2.2756802e-07,0.9992448,7.711614e-09,1.2113627e-07,5.8219865e-07,0.00075423025
803,100,100,1,5.9045914e-07,0.94028956,1.3308829e-06,5.651532e-06,2.7833205e-05,0.059675176
804,100,100,1,7.228007e-07,0.9864979,2.4087575e-07,7.625754e-07,4.461741e-06,0.013496016
805,100,100,1,5.312968e-07,0.9953347,7.6212905e-07,2.071889e-06,5.6911485e-06,0.0046564387
806,100,100,1,8.848484e-06,0.92599785,6.116465e-06,1.6511434e-05,9.5047915e-05,0.07387569
807,100,100,1,2.7230293e-05,0.99475753,2.0800782e-05,0.00016501563,0.00049449416,0.0045348564
808,100,100,1,1.4071929e-06,0.9994112,1.849593e-08,1.6975922e-07,1.1634362e-06,0.00058603165
809,100,100,1,3.3248585e-07,0.96463305,2.9369826e-07,1.5528772e-06,1.3799338e-05,0.035350848
810,100,100,1,1.3311785e-06,0.9258829,9.3120116e-07,3.9604533e-06,3.9090028e-05,0.0740719
811,100,100,1,1.698321e-06,0.99628097,1.6342463e-07,1.6196684e-06,8.9867735e-06,0.003706541
812,100,100,1,1.912929e-06,0.9934402,2.0874037e-07,1.5133958e-06,8.539616e-06,0.0065475604
813,100,100,1,5.666965e-07,0.9976234,4.283383e-08,5.729819e-07,4.089896e-06,0.0023714032
814,100,100,1,9.480934e-07,0.85087204,4.1787266e-06,1.5315103e-05,8.270183e-05,0.14902493
815,100,100,1,3.3433534e-07,0.9882903,1.0653265e-07,6.134268e-07,4.3968785e-06,0.011704281
816,100,100,1,1.3520473e-06,0.7995238,2.7550636e-06,4.430124e-06,2.4424451e-05,0.2004434
817,100,100,1,1.2682569e-08,0.99933785,4.1268994e-10,5.889624e-09,5.6753205e-08,0.00066212483
818,100,100,1,1.7102273e-07,0.95178926,3.6182283e-07,1.5518493e-06,9.109085e-06,0.048199546
819,100,100,1,3.846284e-07,0.9877073,1.05558875e-07,7.047289e-07,5.421009e-06,0.012286109
820,100,100,1,3.2362038e-07,0.9985128,1.8348544e-08,2.0934233e-07,1.1907298e-06,0.0014854367
821,100,100,1,4.4155206e-07,0.9943369,7.5000834e-08,8.01615e-07,5.2828345e-06,0.0056563583
822,100,100,1,6.0334974e-06,0.9680167,3.415239e-06,1.7325796e-05,0.00010254946,0.031854015
823,100,100,1,3.7737442e-07,0.5949852,1.8750044e-06,5.1852458e-06,3.7713377e-05,0.40496975
824,100,100,1,1.6560592e-06,0.9993143,3.8160533e-08,8.758121e-08,3.1757727e-07,0.00068352395
825,100,100,1,1.922971e-07,0.99468744,4.187246e-08,4.0259812e-07,2.3115902e-06,0.0053096963
826,100,100,1,3.590933e-05,0.8709262,8.078505e-05,0.0002667111,0.0014554671,0.12723486
827,100,100,1,5.3327412e-06,0.9787553,6.5201107e-06,6.690737e-05,0.00032266765,0.020843394
828,100,100,1,1.997271e-06,0.9983638,7.580984e-08,1.4345251e-06,9.63843e-06,0.0016230509
829,100,100,1,1.0050506e-06,0.9975776,7.033592e-08,1.0367577e-06,6.02705e-06,0.0024142275
830,100,100,1,3.0442797e-07,0.9704892,8.239831e-08,3.490217e-07,3.1431402e-06,0.029506799
831,100,2000,0,1.5805283e-05,0.2862202,6.581077e-05,0.00011549489,0.0007283665,0.7128543
832,100,100,1,1.3612806e-06,0.97701126,8.8473166e-07,5.6309555e-06,2.6430203e-05,0.022954347
833,100,100,1,4.00641e-07,0.998735,5.076349e-08,5.633598e-07,2.040715e-06,0.0012619752
834,100,100,1,4.5080446e-06,0.98423874,6.011053e-07,4.427087e-06,3.5830773e-05,0.015715936
835,100,100,1,8.160102e-07,0.99412537,1.4630591e-07,5.6828213e-07,3.6069355e-06,0.005869483
836,100,100,1,6.560502e-07,0.97422963,2.0283173e-07,4.4351262e-07,3.4282054e-06,0.025765564
837,100,100,1,5.5092653e-07,0.9704991,2.0163002e-07,1.1179934e-06,8.992865e-06,0.029489882
838,100,100,1,3.6529258e-08,0.9997447,1.6532771e-09,3.8790596e-08,1.5428458e-07,0.00025514013
839,100,100,1,4.6046414e-05,0.99860966,5.4735773e-07,1.1867782e-05,8.829514e-05,0.0012434162
840,100,100,1,1.4683557e-06,0.9996325,2.3928985e-08,9.706293e-07,5.4494258e-06,0.0003596232
841,100,100,1,3.915236e-06,0.8825508,1.4742629e-05,5.5268127e-05,0.00028280835,0.11709252
842,100,100,1,2.1512882e-07,0.9993241,5.098063e-09,5.8174894e-08,2.8340298e-07,0.000675451
843,100,100,1,0.0004471135,0.81594497,0.0004438452,0.0010602244,0.003968063,0.17813571
844,100,100,1,5.5292855e-07,0.9620686,6.3659223e-07,2.5865452e-06,1.739326e-05,0.037910096
845,100,100,1,1.3754776e-05,0.53039384,3.569361e-05,9.018078e-05,0.00067041116,0.46879607
846,100,100,1,4.3900795e-06,0.96716243,6.7601377e-06,4.5842808e-05,0.00019937054,0.032581102
847,100,100,1,1.8282545e-08,0.99687576,3.6541943e-09,4.108476e-08,3.1133237e-07,0.0031238494
848,100,100,1,1.2438974e-07,0.9952514,3.571399e-08,4.6993353e-08,1.6800423e-07,0.0047483817
849,100,100,1,4.7229975e-08,0.99903476,7.944333e-09,1.5415692e-07,8.08496e-07,0.0009643354
850,100,100,1,1.7737566e-06,0.997804,1.6168893e-07,1.0299694e-06,4.7184208e-06,0.0021883023
851,100,100,1,3.5526085e-08,0.9214728,6.9336025e-08,3.0954138e-07,2.9605865e-06,0.078523785
852,100,100,1,4.081498e-07,0.9993309,2.9954414e-08,3.8972823e-07,1.0054324e-06,0.0006674472
853,100,100,1,8.3619415e-07,0.9777594,7.710967e-07,4.893881e-06,3.1436302e-05,0.022202527
854,100,100,1,2.9095074e-07,0.9980411,2.1056431e-08,2.2298184e-07,1.1806779e-06,0.0019572997
855,100,100,1,4.4137155e-07,0.99854976,6.292241e-08,8.962292e-07,3.3313822e-06,0.0014452977
856,100,100,1,5.53365e-07,0.99934274,1.7444522e-08,1.0466914e-07,7.934522e-07,0.00065571
857,100,100,1,3.2435235e-06,0.9989513,2.745167e-07,6.571841e-06,2.1454405e-05,0.0010172073
858,100,100,1,7.181212e-08,0.9975278,6.3721446e-09,6.599624e-08,5.666535e-07,0.0024714337
859,100,100,1,3.3995873e-06,0.99644864,3.5373082e-06,4.355937e-06,8.909133e-06,0.003531063
860,100,100,1,6.905616e-06,0.97165924,6.5694317e-06,7.2750418e-06,1.9730176e-05,0.028300224
861,100,100,1,1.468827e-07,0.9985262,4.482994e-08,5.884341e-07,1.8569049e-06,0.0014711577
862,100,100,1,7.74363e-08,0.9991073,6.598155e-09,1.2568397e-07,6.829543e-07,0.00089173403
863,100,100,1,6.1421188e-06,0.998914,5.987173e-07,6.6727407e-06,3.0886386e-05,0.0010417269
864,100,100,1,3.78834e-07,0.9989814,1.25042465e-08,2.613442e-07,1.3574229e-06,0.001016702
865,100,100,1,0.0015068785,0.9915577,7.617907e-05,0.00030864385,0.0014193237,0.005131352
866,100,100,1,4.6628733e-07,0.99779725,4.3701014e-08,4.946473e-07,3.4804361e-06,0.0021983464
867,100,100,1,4.4559547e-05,0.50827837,0.00018614011,0.00029855006,0.0017229272,0.48946947
868,100,100,1,2.3356773e-08,0.9975552,3.5604688e-09,4.0860176e-08,2.516899e-07,0.0024446398
869,100,100,1,7.869806e-08,0.9986577,5.4348908e-09,7.983863e-08,5.8919335e-07,0.0013414347
870,100,100,1,6.7601763e-07,0.9434711,4.575868e-06,2.0542126e-05,6.7930785e-05,0.056435127
871,100,100,1,1.8314935e-07,0.99977916,4.991175e-09,1.0017531e-07,3.663499e-07,0.00022007487
872,100,100,1,4.8216446e-08,0.9998541,2.3712265e-09,1.1520376e-07,4.1968931e-07,0.0001452612
873,100,100,1,2.726606e-07,0.9998702,5.295209e-09,7.5568245e-08,2.4538156e-07,0.00012915683
874,100,100,1,2.5794523e-07,0.9951218,8.351955e-08,4.5054153e-07,2.318854e-06,0.004875025
875,100,100,1,9.099348e-06,0.897845,2.860209e-05,9.6606476e-05,0.00046817755,0.10155255
876,100,100,1,3.541803e-07,0.9999186,3.1768899e-09,1.0303696e-07,3.3893275e-07,8.059389e-05
877,100,100,1,4.443906e-07,0.9953361,2.8221928e-07,2.9563819e-06,8.738435e-06,0.00465147
878,100,100,1,3.5362648e-06,0.9834278,1.3404342e-06,9.933376e-06,5.7379242e-05,0.01650005
879,100,100,1,2.441311e-06,0.9648582,2.4948706e-06,1.855495e-06,7.472285e-06,0.035127584
880,100,100,1,1.820116e-06,0.98971224,1.7599697e-06,1.2643149e-05,3.7099624e-05,0.010234567
881,100,100,1,6.751324e-07,0.9934714,1.9763762e-07,7.703462e-07,5.028959e-06,0.0065218187
882,100,100,1,2.5415443e-07,0.99923825,1.5869283e-08,4.7008305e-07,3.0867266e-06,0.000757968
883,100,100,1,1.10025205e-07,0.9994622,3.774087e-09,7.703915e-08,4.7696966e-07,0.0005371237
884,100,100,1,1.7898341e-06,0.9995103,9.490899e-09,1.3196257e-07,1.1920467e-06,0.0004866058
885,100,100,1,8.516823e-07,0.9988324,1.1569194e-07,3.6344716e-07,9.587051e-07,0.0011653446
886,100,100,1,8.9148733e-07,0.97100633,9.001621e-07,5.367386e-06,3.3779972e-05,0.028952748
887,100,100,1,9.730111e-07,0.9988242,6.0418714e-08,1.6274858e-07,7.410118e-07,0.0011738921
888,100,100,1,7.138076e-08,0.9971877,1.6055886e-08,1.1289839e-07,7.025142e-07,0.002811313
889,100,100,1,8.8498716e-08,0.9982053,4.50128e-09,5.6655058e-08,5.614722e-07,0.0017940281
890,100,100,1,8.751656e-08,0.99766845,1.5726568e-08,2.419179e-07,1.1426712e-06,0.0023300312
891,100,100,1,1.42886085e-08,0.9983205,1.4082594e-09,1.8910205e-08,1.4618843e-07,0.0016793555
892,100,100,1,2.1856467e-07,0.9990312,2.2220682e-08,2.5410685e-07,1.1118531e-06,0.0009672586
893,100,100,1,4.515351e-05,0.9916277,2.0946029e-05,3.838925e-05,8.960949e-05,0.008178194
894,100,100,1,4.188375e-08,0.99900985,2.3139306e-09,5.0888957e-08,4.4245718e-07,0.000989632
895,100,100,1,1.4260911e-08,0.99975866,8.4840424e-10,3.000252e-08,2.0076146e-07,0.00024105799
896,100,100,1,1.9695817e-06,0.937921,2.1985436e-06,8.261818e-06,6.600123e-05,0.06200045
897,100,100,1,8.0968775e-06,0.98501325,8.464723e-06,3.6891135e-05,0.00010189282,0.014831485
898,100,100,1,1.7352468e-06,0.9843561,4.627124e-07,3.0123647e-06,2.194921e-05,0.015616703
899,100,100,1,3.6307082e-08,0.93213737,4.8673005e-08,1.9830358e-07,2.0092461e-06,0.0678604
900,100,100,1,9.86439e-07,0.9964483,2.1278257e-07,5.8532424e-07,1.993439e-06,0.0035479513
901,100,100,1,9.108969e-08,0.9994382,5.1179763e-09,1.6113445e-07,1.0061918e-06,0.00056053826
902,100,100,1,7.030708e-08,0.9971667,9.799557e-09,2.4083667e-08,9.936811e-08,0.0028330258
903,100,100,1,7.054407e-06,0.96223587,8.282939e-06,3.2777036e-05,0.00014671615,0.03756934
904,100,100,1,2.1790288e-07,0.9864201,1.0944741e-07,3.5581797e-07,1.9023245e-06,0.013577324
905,100,100,1,7.7646934e-07,0.9931831,5.5368065e-07,4.027684e-06,1.4293878e-05,0.0067971624
906,100,100,1,2.5684386e-08,0.9994967,4.718136e-09,2.542324e-08,1.3414603e-07,0.0005032149
907,100,100,1,2.7676801e-06,0.9263348,4.777714e-06,1.6464284e-05,0.000106713545,0.07353464
908,100,100,1,7.7553654e-05,0.9935928,6.230681e-06,5.4490876e-05,0.00027939494,0.0059894086
909,100,100,1,1.9383012e-06,0.8986053,1.8166358e-05,6.179387e-05,0.00023365777,0.101079114
910,100,100,1,9.3942407e-07,0.99077356,2.8722383e-07,2.763036e-06,1.6388589e-05,0.00920616
911,100,100,1,5.6517183e-06,0.9777451,4.907171e-06,2.0100662e-05,9.728934e-05,0.02212705
912,100,100,1,1.2497684e-07,0.989393,6.107345e-08,4.93641e-07,3.896579e-06,0.010602385
913,100,100,1,2.105912e-07,0.9656205,1.4252521e-07,7.4990817e-07,5.9168624e-06,0.034372486
914,100,100,1,8.1871556e-05,0.99298894,2.7540586e-05,0.0004575402,0.0013656827,0.005078319
915,100,100,1,1.71921e-07,0.8444345,1.7954962e-06,3.8166413e-06,1.657309e-05,0.15554306
916,100,100,1,6.62813e-07,0.9970759,9.6530144e-08,9.579707e-07,4.245753e-06,0.002917976
917,100,100,1,8.866367e-08,0.9989354,6.570661e-09,1.4450866e-07,1.1080534e-06,0.0010632495
918,100,100,1,2.1697116e-07,0.92039543,7.3402214e-07,3.254386e-06,2.3548673e-05,0.07957669
919,100,100,1,1.4546746e-06,0.99379176,1.902996e-06,4.977578e-07,1.3326407e-06,0.0062031415
920,100,100,1,7.658501e-07,0.9676888,1.2902102e-06,7.1497666e-06,3.386246e-05,0.032268062
921,100,100,1,2.277145e-06,0.99965763,4.1384258e-08,1.2705782e-06,5.710483e-06,0.00033307332
922,100,100,1,1.575401e-07,0.99913234,9.95514e-09,1.8471125e-07,1.2818215e-06,0.0008660093
923,100,2000,0,1.5447042e-06,0.22201085,1.6874132e-05,2.9485302e-05,0.00016984539,0.77777135
924,100,100,1,1.1868829e-06,0.9911305,5.50775e-07,3.4226605e-06,1.7067177e-05,0.008847334
925,100,100,1,4.9315656e-07,0.999567,1.2390933e-08,3.0090618e-07,1.4108014e-06,0.00043073343
926,100,100,1,1.5367597e-06,0.99890316,7.8137894e-08,4.523122e-07,2.25225e-06,0.0010924714
927,100,100,1,5.471605e-07,0.9934726,1.1755631e-07,1.332777e-06,8.211687e-06,0.006517269
928,100,100,1,3.8638498e-07,0.9537847,3.5192164e-07,1.3967677e-06,9.996525e-06,0.046203207
929,100,2000,0,1.7788828e-08,0.051527727,7.6018597e-07,1.0939832e-06,7.706002e-06,0.94846267
930,100,100,1,5.223451e-07,0.98362815,1.0879921e-06,9.508312e-06,3.0453073e-05,0.016330317
931,100,100,1,2.4278135e-08,0.9985475,2.4927687e-09,5.6297473e-09,4.0191594e-08,0.0014524976
932,100,100,1,5.933525e-07,0.9989863,5.118895e-08,1.4393626e-07,3.84729e-07,0.0010126355
933,100,100,1,0.00013579846,0.99644166,6.52508e-06,7.307022e-05,0.0003463845,0.0029965518
934,100,100,1,9.470727e-07,0.99040586,3.2654447e-07,2.1713583e-07,9.258478e-07,0.009591636
935,100,100,1,5.471023e-07,0.99504614,1.4436037e-07,9.316221e-07,5.669566e-06,0.004946501
936,100,100,1,6.166317e-07,0.9992718,2.6324638e-08,6.9787615e-07,4.37545e-06,0.00072252104
937,100,100,1,4.2981011e-07,0.98297405,2.2116058e-07,1.615368e-06,1.22435495e-05,0.017011395
938,100,100,1,1.0140155e-05,0.9782492,1.7457661e-06,9.548732e-06,6.058663e-05,0.021668728
939,100,100,1,1.5608624e-08,0.9980932,1.5601919e-09,1.4981007e-08,1.388867e-07,0.0019067252
940,100,100,1,0.00013216985,0.82573605,5.1269642e-05,8.424382e-05,0.000625972,0.17337023
941,100,100,1,1.2012724e-08,0.99927694,5.50839e-10,1.1881538e-08,1.0750739e-07,0.00072290475
942,100,100,1,2.44512e-07,0.9649348,2.862727e-07,8.9475617e-07,6.805457e-06,0.035057027
943,100,100,1,8.525134e-07,0.5459152,7.1630197e-06,1.7861867e-05,0.00010584243,0.45395312
944,100,100,1,3.928971e-06,0.9703034,4.922233e-06,2.3652872e-05,0.00013578564,0.029528292
945,100,2000,0,0.0027077836,0.4418885,0.018313907,0.0046934723,0.028691694,0.50370467
946,100,100,1,4.3179793e-05,0.9765589,3.8613245e-05,5.24639e-05,0.00021372053,0.023092953
947,100,100,1,1.4494128e-06,0.99760264,1.3604156e-07,2.039076e-06,1.611316e-05,0.0023777094
948,100,100,1,0.00028259502,0.9985655,3.6720262e-06,4.2225704e-05,0.00014266066,0.0009633958
949,100,100,1,1.5599803e-06,0.9879942,5.8690705e-07,3.8454145e-06,2.8985041e-05,0.011970794
950,100,100,1,2.1050112e-06,0.98444575,4.214065e-06,1.3041506e-05,3.2347372e-05,0.015502533
951,100,100,1,5.2935043e-08,0.999746,6.191103e-09,2.2507854e-07,6.760491e-07,0.0002529829
952,100,100,1,2.3320238e-06,0.97144556,4.792108e-06,1.8429619e-05,7.555444e-05,0.028453434
953,100,100,1,3.1943923e-08,0.9997799,6.762496e-10,1.0829573e-08,8.2053994e-08,0.00022005993
954,100,100,1,2.505018e-07,0.99548584,5.3468398e-08,6.238508e-07,4.539505e-06,0.004508752
955,100,100,1,5.738353e-06,0.9975579,4.8238e-07,6.4194714e-06,2.7165674e-05,0.0024023827
956,100,100,1,2.0431249e-07,0.99987674,5.3399316e-09,1.734424e-07,5.289778e-07,0.00012236732
957,100,2000,0,6.00695e-08,0.075966164,4.914665e-07,4.9930503e-07,3.646358e-06,0.9240291
958,100,100,1,2.8876678e-07,0.9973174,2.935172e-08,4.4881713e-07,3.1752065e-06,0.0026787387
959,100,100,1,7.117908e-06,0.9986381,5.50199e-07,5.620015e-06,1.5075194e-05,0.0013334908
960,100,100,1,6.256814e-07,0.9968477,8.44426e-08,1.062975e-06,5.822526e-06,0.0031447206
961,100,2000,0,4.4645773e-07,0.030027239,9.1162065e-06,1.0456188e-05,7.739203e-05,0.96987534
962,100,100,1,2.81507e-05,0.9934643,2.5794732e-06,2.7934213e-05,0.00016531647,0.006311661
963,100,100,1,3.1164707e-06,0.995538,2.0731798e-06,3.4578532e-06,1.1216946e-05,0.0044421717
964,100,2000,0,1.9675232e-07,0.41721904,1.9639585e-06,5.0854273e-06,3.7028807e-05,0.58273673
965,100,100,1,2.8125053e-06,0.98034316,7.1740527e-07,4.1412254e-06,3.5316625e-05,0.01961395
966,100,100,1,3.88578e-06,0.98542386,4.9472424e-06,5.3545504e-05,0.00019542452,0.014318258
967,100,100,1,8.451741e-06,0.936923,1.3757442e-05,1.5083074e-05,5.576245e-05,0.06298394
968,100,100,1,1.6797335e-07,0.9993766,1.2947847e-08,2.6517102e-07,9.986114e-07,0.0006220986
969,100,100,1,1.2385385e-07,0.9398133,4.5631225e-07,1.9517797e-06,1.2214434e-05,0.060172018
970,100,2000,0,1.6852178e-08,0.21038014,1.729312e-07,2.8485036e-07,2.5160634e-06,0.7896169
971,100,100,1,3.0474768e-05,0.9872857,7.6749975e-06,4.973254e-05,0.0001834381,0.012442958
972,100,100,1,5.772227e-07,0.74430805,3.3477334e-06,7.1434793e-06,4.2474716e-05,0.2556383
973,100,100,1,1.3840105e-08,0.9999125,1.3819411e-10,3.9286996e-09,3.072612e-08,8.74627e-05
974,100,100,1,6.6637617e-06,0.8131576,5.710441e-05,9.350919e-05,0.00027369394,0.1864114
975,100,100,1,8.172778e-06,0.95373267,4.5430966e-06,2.4898447e-05,0.00015949075,0.046070207
976,100,100,1,4.0751882e-05,0.966476,1.4706033e-05,6.187912e-05,0.00037905085,0.03302746
977,100,100,1,1.1288355e-06,0.98074484,1.5393336e-07,7.675294e-07,7.4776844e-06,0.019245533
978,100,100,1,1.3908297e-06,0.7021553,4.8169745e-06,1.1816855e-05,6.8263675e-05,0.2977583
979,100,100,1,4.4820112e-07,0.9920184,4.8027925e-08,3.0050882e-07,2.6075502e-06,0.007978103
980,100,100,1,1.6997396e-05,0.8166808,4.7438265e-05,0.00015686573,0.0009720022,0.1821259
981,100,100,1,2.83476e-07,0.79258,7.8743403e-07,2.3524588e-06,1.803575e-05,0.20739856
982,100,100,1,0.21231708,0.40590283,0.018957675,0.10155834,0.25696862,0.004295353
983,100,100,1,0.0011609093,0.9784694,0.0005726659,0.0021974468,0.004181291,0.013418198
984,100,100,1,1.7481991e-06,0.9212882,4.184962e-06,2.0798952e-05,0.00014276853,0.078542374
985,100,100,1,0.013543419,0.85196316,0.0059967963,0.009550825,0.032765575,0.0861803
986,100,100,1,2.7746282e-06,0.99385685,9.379068e-07,1.01649475e-05,3.914818e-05,0.006090152
987,100,100,1,1.3194511e-05,0.95068824,2.5153662e-05,0.00015133187,0.00056708715,0.048555024
988,100,100,1,1.5074841e-05,0.92652476,3.3163637e-06,1.2285717e-05,0.00011180775,0.07333284
989,100,100,1,1.2291812e-06,0.56279033,3.7258112e-06,8.760447e-06,7.09713e-05,0.4371249
990,100,100,1,1.4641182e-09,0.9999424,5.567122e-12,1.5621489e-10,2.0278048e-09,5.7612524e-05
991,100,100,1,1.6524197e-07,0.99922144,2.983395e-09,5.3896773e-08,5.209832e-07,0.0007779254
992,100,100,1,4.7001443e-08,0.99349374,3.186914e-08,3.4386056e-07,2.1942687e-06,0.0065036644
993,100,2000,0,9.754205e-08,0.3492398,3.99569e-07,7.2913525e-07,7.2897155e-06,0.65075165
994,100,100,1,3.063939e-07,0.9949883,5.0778446e-08,4.7074198e-07,3.3577905e-06,0.005007535
995,100,100,1,1.6119704e-07,0.99655545,1.1640093e-08,1.0281466e-07,9.822463e-07,0.003443381
996,100,100,1,7.0548204e-08,0.9997663,1.0591681e-09,3.2490433e-08,2.6130024e-07,0.00023340246
997,100,100,1,1.7882566e-06,0.9921457,2.7091897e-07,2.5232052e-06,1.8379033e-05,0.007831388
998,100,100,1,8.7334186e-08,0.66187996,2.147285e-07,4.9759933e-07,4.650602e-06,0.3381146
999,100,100,1,6.0156296e-08,0.9900045,1.3715307e-08,8.0052004e-08,7.522403e-07,0.009994571
1000,1000,1000,1,6.4787666e-05,1.2965704e-07,0.00081177056,0.6604402,0.33868304,5.852301e-13
1001,1000,1000,1,0.00011762699,1.6135147e-08,0.00012507114,0.9653134,0.034443967,2.5988292e-16
1002,1000,1500,0,0.0021641727,3.9201407e-07,0.0046964795,0.46652654,0.52661246,1.5332352e-11
1003,1000,1500,0,1.2797578e-05,7.792793e-08,0.0005453758,0.20983747,0.78960425,4.2499167e-11
1004,1000,1000,1,2.4977523e-06,4.440565e-09,0.00025158137,0.8730082,0.12673783,6.213155e-14
1005,1000,1000,1,0.009036561,3.8512403e-07,0.045253843,0.66875887,0.2769504,2.8717823e-10
1006,1000,1500,0,0.06836885,6.467389e-06,0.01690727,0.26425013,0.65046734,4.181388e-09
1007,1000,1000,1,0.00014238035,2.3871036e-05,0.057089385,0.5070211,0.43572298,3.1700284e-07
1008,1000,1000,1,0.00545873,8.684461e-07,0.015644588,0.91655374,0.06234204,2.498242e-11
1009,1000,1000,1,0.036981747,2.3455308e-05,0.032713905,0.8416653,0.08861562,5.3310436e-09
1010,1000,1500,0,6.057193e-06,3.4673674e-06,0.002930439,0.3090376,0.68802243,5.66412e-08
1011,1000,1500,0,0.04564242,2.1376547e-05,0.021797054,0.4315467,0.5009924,3.7766927e-09
1012,1000,1000,1,0.0010975861,2.046944e-05,0.13449843,0.43565485,0.42872652,2.1373955e-06
1013,1000,1000,1,0.002242106,6.1367646e-06,0.012032139,0.51404613,0.47167352,2.0711749e-08
1014,1000,1000,1,0.013518364,2.0018337e-05,0.009239258,0.61103195,0.3661904,2.379554e-09
1015,1000,1500,0,0.0017206183,3.843825e-07,0.0008045272,0.14569955,0.8517749,6.553058e-12
1016,1000,1000,1,0.0022732627,2.4975606e-07,0.0038361438,0.8257802,0.16811016,2.6032052e-12
1017,1000,1500,0,3.7721393e-06,4.3471766e-07,0.00075302366,0.23015216,0.7690906,3.2884773e-10
1018,1000,1500,0,0.0008741814,2.580761e-07,0.0014995426,0.19817796,0.799448,2.3148688e-11
1019,1000,1000,1,0.00021586833,9.85864e-09,0.0004739272,0.8810268,0.11828334,1.3979769e-14
1020,1000,1500,0,0.0015306022,3.0781044e-07,0.0028265612,0.22376835,0.7718742,1.7159937e-10
1021,1000,1000,1,0.0004909269,1.776826e-06,0.02314255,0.5507381,0.42562664,2.7611675e-09
1022,1000,1500,0,4.8332688e-05,3.121548e-07,0.0026410758,0.25967783,0.73763245,1.01635325e-10
1023,1000,1500,0,0.00013574386,1.1978925e-05,0.01305272,0.2843145,0.7024846,4.40592e-07
1024,1000,500,0,0.00034065524,1.7103725e-05,0.6676758,0.15907127,0.17282508,7.00152e-05
1025,1000,1500,0,0.0027987014,2.709786e-05,0.05969074,0.46630245,0.4711807,2.8290887e-07
1026,1000,1000,1,0.00851097,6.820593e-06,0.24491498,0.51820225,0.22836505,3.086653e-08
1027,1000,1000,1,0.012015972,1.489384e-07,0.002547599,0.54482067,0.44061562,7.2173815e-13
1028,1000,1000,1,0.0027036353,4.4205535e-06,0.00894498,0.5004329,0.48791403,3.9309773e-09
1029,1000,1000,1,0.013245368,9.694747e-06,0.013828684,0.81546265,0.15745355,9.758946e-10
1030,1000,1000,1,0.0007130895,3.88173e-07,0.011535736,0.71073943,0.27701136,8.423118e-11
1031,1000,1000,1,9.3875875e-05,7.5252365e-06,0.019048154,0.9201654,0.060685094,1.3351094e-08
1032,1000,1000,1,0.0021365457,5.861632e-06,0.04732976,0.7483531,0.2021748,2.7163827e-10
1033,1000,1500,0,2.6626408e-06,2.4804802e-07,0.0008204108,0.4081377,0.591039,6.983712e-11
1034,1000,1000,1,0.0007018746,8.741941e-05,0.011760511,0.5526445,0.43480477,9.31277e-07
1035,1000,1500,0,0.022601932,6.661411e-06,0.054953665,0.20028661,0.72215116,3.4513853e-08
1036,1000,1000,1,0.0003648311,4.520978e-06,0.020709163,0.6882703,0.2906512,1.1379512e-09
1037,1000,1500,0,7.013696e-05,1.3438712e-05,0.0019568591,0.08457745,0.913382,1.0872076e-07
1038,1000,1500,0,0.00080924033,4.5196794e-05,0.0030910228,0.13351206,0.86254215,2.9717e-07
1039,1000,1500,0,0.00022401137,6.2812173e-06,0.0093863625,0.17075889,0.8196243,8.075872e-08
1040,1000,1500,0,0.000104640516,4.7949146e-05,0.0026833087,0.13825697,0.85890615,9.766934e-07
1041,1000,1500,0,0.0073580733,2.8685392e-05,0.049621854,0.17018954,0.7728006,1.2075469e-06
1042,1000,1500,0,0.0026795862,0.0004165325,0.01166435,0.30085728,0.68438095,1.2870269e-06
1043,1000,1500,0,0.025815941,0.00026698,0.06810252,0.24571277,0.66010046,1.3711893e-06
1044,1000,1500,0,0.13815625,0.00023498325,0.14079046,0.21680334,0.5040116,3.350514e-06
1045,1000,1500,0,0.01599471,1.1046779e-05,0.09644909,0.398044,0.48950118,1.2337995e-08
1046,1000,500,0,0.018772243,4.2699943e-07,0.67684793,0.1419357,0.16244365,2.747135e-08
1047,1000,1000,1,0.19886985,3.291172e-06,0.19689246,0.45050144,0.15373297,2.4927636e-09
1048,1000,1500,0,0.0025569545,4.4482467e-06,0.13447018,0.23816742,0.6248009,4.2580922e-08
1049,1000,1500,0,0.00030088477,1.5986681e-07,0.0012728726,0.236,0.7624261,4.149315e-11
1050,1000,1000,1,0.0004114934,9.744907e-07,0.02560566,0.5164571,0.45752475,5.63461e-10
1051,1000,1000,1,0.056606237,1.1959147e-06,0.0011622558,0.84464717,0.09758318,2.7504197e-11
1052,1000,1500,0,0.00011859794,1.0277566e-06,0.0116953775,0.27295223,0.71523273,6.3894148e-09
1053,1000,1500,0,0.0005496424,4.940535e-06,0.010076947,0.34966767,0.6397007,1.2691015e-08
1054,1000,1000,1,0.0014910938,9.995652e-05,0.4060729,0.46042907,0.13190675,2.6130056e-07
1055,1000,1500,0,7.251928e-05,2.5652173e-06,0.01218428,0.48837075,0.49936983,9.8093125e-09
1056,1000,1000,1,0.0053840186,9.333184e-07,0.007337797,0.7650249,0.2222524,1.8271419e-11
1057,1000,1500,0,7.557446e-05,1.5191968e-06,0.011082866,0.2245018,0.76433825,3.9095944e-09
1058,1000,1000,1,0.003087242,1.7874103e-07,0.0020862347,0.9804833,0.014343036,1.7316547e-14
1059,1000,1000,1,0.0044490956,8.442005e-07,0.004364128,0.8316763,0.15950966,1.18519534e-11
1060,1000,1000,1,2.2618187e-05,1.5476984e-07,0.005458717,0.8627358,0.13178267,1.1172322e-11
1061,1000,1500,0,2.0612102e-05,2.8492468e-06,0.0053868718,0.49011505,0.5044746,1.71454e-08
1062,1000,1500,0,0.0010664889,4.072164e-06,0.021417521,0.36639094,0.611121,1.3434155e-08
1063,1000,1500,0,0.0011543719,3.781621e-06,0.014172519,0.25311685,0.7315524,3.5033842e-09
1064,1000,1000,1,0.0008838755,3.2567382e-06,0.018736685,0.86689514,0.113480985,5.945098e-10
1065,1000,1500,0,0.0052036913,3.8375706e-06,0.0009313041,0.19161756,0.8022436,5.674493e-10
1066,1000,1500,0,0.00066669134,2.26279e-06,0.0038192277,0.19125403,0.80425775,5.9337077e-09
1067,1000,1500,0,6.0622788e-06,1.3132671e-06,0.0010147756,0.24179277,0.75718504,2.8708869e-09
1068,1000,1500,0,0.0011470069,0.00023206134,0.018071927,0.24696042,0.7335617,2.6925682e-05
1069,1000,1500,0,0.0042224154,5.884252e-06,0.022552656,0.3153338,0.65788513,4.4063906e-08
1070,1000,1000,1,0.004348076,5.6397592e-05,0.008959034,0.57670426,0.40993214,2.3589124e-08
1071,1000,1500,0,0.00018009027,1.1634539e-05,0.016188696,0.22809188,0.75552726,4.2477575e-07
1072,1000,1500,0,0.00036107528,0.000105259925,0.04913303,0.26897496,0.6814037,2.1974582e-05
1073,1000,1500,0,0.0061968165,0.00034897588,0.19839177,0.3571621,0.43788108,1.92913e-05
1074,1000,1000,1,0.16427045,0.00010134568,0.02022899,0.76152384,0.05387531,5.962241e-08
1075,1000,1000,1,0.0008745664,4.1496796e-06,0.018420413,0.5585995,0.42210138,7.9159514e-09
1076,1000,1000,1,0.07237597,2.433844e-05,0.007522098,0.46902618,0.45105138,2.4242417e-09
1077,1000,1500,0,6.0344722e-05,4.9184757e-05,0.001730875,0.2403363,0.75782275,5.8396756e-07
1078,1000,1500,0,0.15390033,8.5789753e-07,0.1411639,0.26921844,0.43571648,8.267209e-10
1079,1000,1500,0,0.00010384812,2.9031912e-06,0.011631326,0.2367008,0.751561,1.8117764e-07
1080,1000,1000,1,0.00015230394,2.4666247e-07,0.0044531235,0.84776866,0.14762571,2.5163035e-11
1081,1000,1500,0,0.00018002317,1.8818375e-06,0.0039511896,0.39635283,0.5995141,4.139616e-09
1082,1000,1000,1,7.687404e-05,1.2905632e-06,0.02785566,0.8588279,0.11323829,6.676448e-09
1083,1000,1000,1,0.0005810037,1.5766275e-06,0.04208659,0.68135786,0.27597296,1.4072274e-10
1084,1000,1000,1,2.399664e-05,2.2072013e-06,0.0020243565,0.7396973,0.2582521,1.2020761e-09
1085,1000,1500,0,0.00019099198,2.011606e-06,0.0018516054,0.20259956,0.7953558,4.6881626e-10
1086,1000,1000,1,7.90462e-05,1.1288638e-07,0.00032546988,0.58605176,0.41354355,1.2536328e-12
1087,1000,1500,0,6.62829e-05,1.1602657e-07,0.0029824688,0.2562599,0.7406913,3.453281e-10
1088,1000,1500,0,0.00011609359,2.7361793e-06,0.0052027456,0.45200452,0.54267395,3.1651168e-09
1089,1000,1500,0,0.046595432,0.000166887,0.0030385253,0.23297156,0.71722746,1.03387805e-07
1090,1000,1500,0,0.0002409225,0.00020976872,0.007915729,0.1906677,0.8009484,1.7493909e-05
1091,1000,1500,0,0.00064705726,1.6458172e-05,0.0054160184,0.17801337,0.81590694,5.5601415e-08
1092,1000,1500,0,0.002019486,7.939718e-05,0.026767815,0.14187676,0.8292457,1.0879077e-05
1093,1000,1500,0,0.030165877,2.7226975e-05,0.0071057393,0.16366966,0.7990314,6.254326e-08
1094,1000,1500,0,0.017222688,0.00024171034,0.100922,0.14810361,0.7334346,7.534067e-05
1095,1000,1500,0,0.00015367709,2.359666e-06,0.0008457292,0.100205705,0.89879256,5.0715707e-09
1096,1000,1500,0,0.008220107,0.00014185096,0.03337493,0.2700935,0.68816376,5.8642036e-06
1097,1000,1000,1,6.0444254e-05,5.2932257e-05,0.07843902,0.556751,0.3646933,3.2185555e-06
1098,1000,1500,0,0.006432954,3.4374716e-05,0.26410258,0.23492953,0.49449492,5.692722e-06
1099,1000,1500,0,0.0004821119,6.7095407e-06,0.027804704,0.38706294,0.5846434,5.472674e-08
1100,1000,500,0,0.181254,9.656185e-06,0.49646452,0.0999391,0.22233263,1.353009e-07
1101,1000,1500,0,0.00053609046,1.2693163e-05,0.0044292337,0.100751765,0.8942701,1.57603e-07
1102,1000,500,0,0.010144859,4.1401854e-05,0.65780985,0.14975548,0.18224576,2.6069956e-06
1103,1000,1500,0,2.0856367e-06,8.0921257e-07,0.011258842,0.312015,0.6767231,1.0340471e-07
1104,1000,1000,1,5.481784e-05,6.8663e-07,0.011450936,0.73326963,0.2552239,2.4412913e-10
1105,1000,1000,1,0.0016794082,4.4450833e-05,0.045200747,0.7478433,0.20523201,8.2503206e-08
1106,1000,1500,0,0.0002507712,2.1434636e-05,0.016485123,0.350214,0.63302845,2.152647e-07
1107,1000,1500,0,0.000628088,2.8655862e-07,0.0070235776,0.16296695,0.82938117,7.9431456e-10
1108,1000,1500,0,4.78089e-05,6.7359433e-06,0.046331134,0.28025046,0.6733629,8.6713766e-07
1109,1000,1000,1,0.00017680207,3.9426272e-08,0.0005932255,0.9149814,0.084248595,1.023438e-14
1110,1000,1000,1,0.0019423178,1.7909057e-05,0.009112838,0.503529,0.4853979,9.66668e-09
1111,1000,500,0,0.0021633178,3.5088453e-06,0.421656,0.38282442,0.19335222,4.376941e-07
1112,1000,1500,0,0.00015567413,5.3249005e-06,0.028633833,0.44971326,0.5214918,1.0881344e-07
1113,1000,1500,0,0.0017451436,8.461014e-08,0.34470445,0.3077,0.3458502,1.4363429e-10
1114,1000,1000,1,1.6280344e-05,1.0053994e-08,0.0004266734,0.6751621,0.32439488,3.8809236e-13
1115,1000,1000,1,0.00076788047,1.29247655e-05,0.06397297,0.7407209,0.19452517,1.1125566e-07
1116,1000,1000,1,0.0006355806,1.7464579e-07,0.18526849,0.5443707,0.26972505,3.2899983e-10
1117,1000,1500,0,1.8415816e-05,3.4130676e-06,0.0085111335,0.18037051,0.81109625,3.0827954e-07
1118,1000,1500,0,1.1559006e-05,6.0866914e-06,0.027898971,0.2119289,0.76015085,3.6099652e-06
1119,1000,500,0,0.0017375428,0.00012593514,0.64131814,0.25072604,0.1060448,4.7586134e-05
1120,1000,1500,0,0.06502213,0.00010777993,0.12370988,0.39280272,0.41835743,8.11956e-08
1121,1000,0,0,0.48543108,0.00011721709,0.13478662,0.25045446,0.12921068,4.085862e-08
1122,1000,1000,1,0.022903226,2.5442117e-07,0.038549613,0.9029965,0.035550393,1.1069059e-12
1123,1000,1000,1,0.0018967731,4.3395355e-07,0.007654931,0.8110639,0.17938398,3.531316e-11
1124,1000,1000,1,6.531312e-05,2.447527e-06,0.02149597,0.55557656,0.42285976,3.854198e-09
1125,1000,1000,1,7.63526e-07,7.878534e-08,0.0017935294,0.6729945,0.32521114,7.659195e-11
1126,1000,1500,0,0.025728902,4.644026e-06,0.25889716,0.24327053,0.47209868,1.1187123e-07
1127,1000,1500,0,2.3689892e-05,1.2231106e-07,0.0054833116,0.45848003,0.5360129,7.5579744e-11
1128,1000,1000,1,0.0007673774,3.5149096e-05,0.3321275,0.4915055,0.17556271,1.7865681e-06
1129,1000,1000,1,0.00051583647,3.9504034e-06,0.004662099,0.8395509,0.15526724,1.0275893e-09
1130,1000,1000,1,0.00026770704,4.1381113e-06,0.29939854,0.35513842,0.3451911,8.2442035e-08
1131,1000,1500,0,9.520773e-05,8.162614e-05,0.059159204,0.21899536,0.7216134,5.514175e-05
1132,1000,1500,0,0.00016088849,0.00045070107,0.03627112,0.18203573,0.7806073,0.0004742881
1133,1000,1500,0,0.000577024,6.1966326e-05,0.0076084123,0.09788461,0.8938662,1.7669322e-06
1134,1000,1500,0,0.0005622701,1.83033e-05,0.13211852,0.07921618,0.7880667,1.8075505e-05
1135,1000,500,0,0.1439576,3.5757083e-05,0.70736814,0.038077824,0.11055258,8.075704e-06
1136,1000,500,0,0.030581582,7.9638434e-05,0.9195099,0.027596472,0.022166861,6.5583925e-05
1137,1000,1000,1,0.0005587547,4.88427e-06,0.037740577,0.6748369,0.28685895,1.7427778e-08
1138,1000,1000,1,0.0003492043,1.3060076e-08,0.00022638214,0.89497256,0.10445189,7.292915e-16
1139,1000,1000,1,0.00013052739,2.425304e-06,0.07463248,0.7417168,0.18351775,9.4603e-09
1140,1000,1000,1,0.000499424,7.478197e-06,0.0036329522,0.70906526,0.28679484,3.2497918e-10
1141,1000,1500,0,0.00025103288,5.0038193e-06,0.019156942,0.36261487,0.61797214,6.68317e-09
1142,1000,1500,0,0.004680613,8.120165e-05,0.12943144,0.37615967,0.48964682,2.6005065e-07
1143,1000,1000,1,0.27721414,6.7956253e-06,0.07302855,0.6241422,0.025608322,2.6424484e-11
1144,1000,0,0,0.76230925,6.185672e-09,0.014499166,0.19219838,0.030993266,4.0971945e-15
1145,1000,1500,0,0.00017601096,1.8826873e-05,0.014859192,0.30388927,0.68105614,5.383467e-07
1146,1000,1500,0,0.005550322,3.7127244e-05,0.01213936,0.21526362,0.76700956,3.2910872e-08
1147,1000,500,0,0.03661115,0.00016720622,0.44908285,0.1471565,0.36697218,1.0210253e-05
1148,1000,1500,0,0.0007319834,5.4496784e-05,0.03178988,0.47115278,0.4962699,9.340169e-07
1149,1000,1500,0,0.00010577724,9.932318e-06,0.03136189,0.23896855,0.7295523,1.441046e-06
1150,1000,1500,0,0.0004418889,2.4097397e-05,0.004413694,0.30225554,0.6928647,6.8147536e-08
1151,1000,1500,0,0.0070171263,1.6802569e-05,0.14272076,0.16300534,0.6872399,9.5281806e-08
1152,1000,1000,1,0.0006552372,6.0774397e-07,0.08091115,0.7379107,0.1805223,2.0211893e-10
1153,1000,1000,1,2.182568e-05,3.2640614e-06,0.02442232,0.57741123,0.39814132,6.849185e-08
1154,1000,1000,1,8.262808e-05,2.873453e-06,0.1563703,0.46371824,0.37982577,2.0030255e-07
1155,1000,1000,1,5.8175643e-05,1.120195e-05,0.043840535,0.50158006,0.45450985,2.205619e-07
1156,1000,1000,1,0.052967623,0.00034014854,0.050340984,0.46134177,0.43500936,1.2275717e-07
1157,1000,1500,0,7.9664525e-05,3.2158073e-07,0.0042854627,0.12631989,0.8693146,2.15698e-09
1158,1000,500,0,0.0046804645,1.4228792e-06,0.4939209,0.07453543,0.4268613,4.8867184e-07
1159,1000,1500,0,0.012584258,5.6550365e-05,0.019884812,0.4800297,0.48744446,2.4086677e-07
1160,1000,1500,0,0.00085797487,0.000120096636,0.085383475,0.3056778,0.6079409,1.9697405e-05
1161,1000,1000,1,0.006081344,4.5452696e-05,0.14327128,0.6236077,0.226994,2.3703153e-07
1162,1000,0,0,0.6381439,7.2997777e-06,0.14248818,0.1496026,0.06975805,3.3126988e-09
1163,1000,1500,0,0.00016568741,3.3492682e-07,0.009930007,0.30372778,0.68617624,6.8070727e-10
1164,1000,1500,0,0.00010810364,2.7860106e-06,0.00907348,0.43072322,0.56009245,6.385898e-09
1165,1000,1500,0,3.0566152e-05,9.993827e-06,0.011096864,0.36760527,0.6212572,1.6539742e-07
1166,1000,1500,0,0.00013489755,1.1546967e-05,0.026126767,0.29417208,0.6795539,7.8385744e-07
1167,1000,1500,0,0.0002478823,0.00017858582,0.20090821,0.25148696,0.5469646,0.00021372865
1168,1000,1000,1,0.00068732037,4.913858e-11,3.3817963e-05,0.9913374,0.007941438,3.6501064e-20
1169,1000,1000,1,0.00079842156,2.8876636e-07,0.00086555263,0.9931331,0.0052027097,2.8227564e-13
1170,1000,1500,0,0.00049611105,0.00011701237,0.0029877294,0.12530485,0.87109196,2.3216246e-06
1171,1000,1500,0,0.0004924757,0.008943483,0.027215924,0.17692572,0.77570134,0.010721045
1172,1000,1500,0,0.001142573,0.00019049166,0.03921555,0.3098173,0.64960414,2.9854311e-05
1173,1000,1500,0,0.0021903215,0.0003717293,0.015886866,0.17011698,0.81141555,1.8575334e-05
1174,1000,1500,0,0.00026636492,0.00014512066,0.0047121467,0.18510324,0.8097698,3.2372568e-06
1175,1000,1500,0,6.601765e-05,0.00018586846,0.017119298,0.23888221,0.74371684,2.9807014e-05
1176,1000,1500,0,0.00018055686,9.0033e-05,0.017823013,0.13737245,0.84445363,8.036803e-05
1177,1000,1500,0,0.00088289514,8.421756e-05,0.044293515,0.19338329,0.7613366,1.940019e-05
1178,1000,1500,0,1.016678e-06,1.8496057e-07,0.0026589783,0.092789985,0.90454984,1.9910125e-08
1179,1000,1500,0,0.0022936054,2.533327e-06,0.019493757,0.26963344,0.7085767,9.2464285e-09
1180,1000,1500,0,0.0023803613,1.24163025e-05,0.07618344,0.30038875,0.6210349,1.6752986e-07
1181,1000,1500,0,0.02123123,1.0907627e-05,0.036736213,0.2790828,0.6629387,5.0592316e-08
1182,1000,1500,0,0.116754144,2.2379008e-06,0.21294703,0.21250984,0.4577868,1.4708276e-08
1183,1000,1000,1,0.028558055,2.2544178e-05,0.24064684,0.43145013,0.29932228,2.5465994e-07
1184,1000,1500,0,0.011460319,7.6730874e-05,0.10008352,0.26700655,0.6213714,1.4796385e-06
1185,1000,1500,0,0.0003757443,1.8328903e-06,0.079281084,0.39110616,0.529235,1.1791395e-07
1186,1000,1500,0,0.005540953,7.045817e-07,0.11700233,0.37399903,0.50345695,1.301858e-09
1187,1000,1000,1,0.0002639222,1.7360985e-09,4.979718e-05,0.9942275,0.0054587657,4.2613966e-17
1188,1000,1000,1,0.00013963992,1.946774e-09,4.1397165e-05,0.99895763,0.00086133135,1.1078473e-16
1189,1000,1000,1,6.5410924e-05,1.4815936e-08,1.904785e-05,0.9943423,0.0055730944,3.3399555e-16
1190,1000,1000,1,9.1740585e-06,6.096344e-08,0.00042424444,0.969638,0.02992856,1.005036e-12
1191,1000,1000,1,3.1675645e-05,7.469595e-07,0.0014453636,0.9598947,0.038627483,2.6505734e-10
1192,1000,1000,1,5.604203e-05,2.675062e-06,0.017177392,0.5132305,0.46953338,9.137275e-08
1193,1000,1000,1,1.7173577e-05,1.1237176e-08,4.9409336e-05,0.9854534,0.014480047,7.309177e-15
1194,1000,1000,1,5.7096076e-06,3.809522e-09,1.6214406e-05,0.9876177,0.012360406,5.17658e-16
1195,1000,1000,1,3.712052e-06,9.650433e-09,7.253315e-05,0.97433746,0.02558627,5.727182e-15
1196,1000,1000,1,0.001032374,6.0905703e-09,6.4575484e-05,0.972725,0.02617804,1.4373687e-16
1197,1000,1000,1,4.482017e-05,5.629005e-07,0.0062433123,0.8558769,0.13783433,2.6654873e-10
1198,1000,1000,1,5.510836e-06,1.9041624e-09,6.5177655e-06,0.9929639,0.0070240055,5.049958e-17
1199,1000,1000,1,0.0003358258,1.0015551e-08,2.0514773e-05,0.9981341,0.0015095965,6.328376e-17
1200,1000,1000,1,4.6488887e-05,2.1646764e-12,1.5635777e-08,0.99989045,6.307865e-05,1.2368291e-25
1201,1000,1000,1,0.00011366105,1.6176044e-08,5.4588168e-06,0.9990496,0.00083129806,1.4200211e-17
1202,1000,1000,1,0.008135032,1.1508098e-07,0.00026374814,0.9701773,0.021423724,5.143385e-15
1203,1000,1000,1,0.00035713645,8.626204e-06,0.13562553,0.52035034,0.34365746,1.0179592e-06
1204,1000,1000,1,0.00030829915,1.5401938e-05,0.22933745,0.41516763,0.3551635,7.726779e-06
1205,1000,1000,1,0.0006120473,6.6741795e-06,0.048361182,0.63782275,0.31319734,3.2680926e-08
1206,1000,1500,0,0.0008071691,3.600772e-06,0.02095171,0.4692785,0.508959,2.4531701e-08
1207,1000,1000,1,0.006805874,3.0874467e-06,0.1501971,0.6783334,0.16466053,7.1621673e-09
1208,1000,1500,0,0.00079830125,8.63841e-06,0.10132665,0.33424228,0.563624,1.245461e-07
1209,1000,1500,0,2.425508e-05,4.400853e-07,0.0014872655,0.17455226,0.8239358,1.4525391e-09
1210,1000,1500,0,0.00033695984,1.592854e-06,0.07256745,0.38983226,0.5372616,3.4465184e-08
1211,1000,0,0,0.62095994,4.2823633e-08,0.010827275,0.28960636,0.07860637,1.2861272e-12
1212,1000,1500,0,0.0007574811,3.7344915e-05,0.092664264,0.36812082,0.53841954,6.025097e-07
1213,1000,1000,1,0.0002736525,4.46397e-06,0.022185817,0.49142027,0.4861158,2.8290659e-08
1214,1000,1000,1,2.4877336e-05,6.97031e-07,0.0014261758,0.9301964,0.068351865,1.3451822e-11
1215,1000,1500,0,4.1725827e-05,1.9213603e-06,0.008317476,0.1826213,0.80901754,7.153897e-08
1216,1000,1000,1,0.0014844596,2.5862695e-05,0.08156056,0.46342674,0.4535021,2.4266993e-07
1217,1000,1000,1,8.41998e-05,1.6677753e-07,0.005559758,0.6952764,0.29907957,6.954797e-11
1218,1000,1500,0,0.0016579838,0.00013654391,0.032096535,0.20319939,0.7629021,7.473314e-06
1219,1000,1500,0,0.0032036458,8.1396895e-05,0.012008306,0.20476215,0.77994287,1.5840021e-06
1220,1000,1500,0,0.0012274737,0.00012497338,0.06513128,0.18305573,0.7504116,4.8914713e-05
1221,1000,1500,0,2.7943413e-05,8.41165e-07,0.022040058,0.41426235,0.56366885,1.4054078e-08
1222,1000,1500,0,4.168609e-07,6.2975994e-07,0.007788355,0.31187207,0.68033844,6.4787244e-08
1223,1000,1500,0,3.059196e-05,8.3228167e-07,0.0023986066,0.24898228,0.7485877,5.7168617e-09
1224,1000,1500,0,0.00083077286,0.00025830464,0.0039376635,0.23679477,0.7581755,3.0793933e-06
1225,1000,1000,1,0.0014522913,2.2739168e-06,0.0014358254,0.91128725,0.08582234,4.15654e-11
1226,1000,1000,1,0.0032158133,2.2318206e-06,0.061283458,0.6719989,0.2634996,7.2407724e-10
1227,1000,1500,0,0.00017739553,2.2907994e-05,0.008692565,0.25405955,0.7370474,2.938268e-07
1228,1000,1500,0,0.0714161,1.8515849e-06,0.14480881,0.3181922,0.46558103,8.2620133e-10
1229,1000,1500,0,0.0007387851,5.1830525e-06,0.008683247,0.39114955,0.5994232,1.3804143e-08
1230,1000,1500,0,0.073326156,6.89323e-05,0.11091206,0.2678685,0.54782385,4.9930367e-07
1231,1000,1500,0,2.9909422e-06,8.0499507e-07,0.005219842,0.18913364,0.8056426,5.9171537e-08
1232,1000,1000,1,0.0008819877,9.279783e-07,0.0052117263,0.5338673,0.46003798,1.61613e-09
1233,1000,1500,0,0.0018422396,1.2347339e-05,0.15960857,0.14526221,0.6932717,2.984277e-06
1234,1000,1500,0,0.001363606,1.4439976e-07,0.0023895688,0.082219064,0.9140276,3.6419926e-11
1235,1000,1500,0,0.00013063768,5.045442e-06,0.0053198147,0.15206802,0.84247637,1.1769865e-07
1236,1000,1500,0,0.000666342,0.00018678694,0.017612988,0.17354041,0.80796695,2.6460737e-05
1237,1000,1500,0,0.0017823533,1.2213445e-06,0.010296043,0.10986579,0.8780546,5.445946e-09
1238,1000,1500,0,0.0037177855,9.470286e-05,0.10246126,0.17616877,0.7175335,2.3848708e-05
1239,1000,1500,0,1.228688e-05,5.6291774e-05,0.019645194,0.2619538,0.7183067,2.5655525e-05
1240,1000,1500,0,2.1882723e-05,2.0161828e-05,0.007155567,0.21760397,0.7751969,1.5932998e-06
1241,1000,1500,0,0.00032458728,8.653395e-05,0.019633498,0.1799691,0.79997027,1.6021206e-05
1242,1000,1500,0,0.00038686962,0.0001689288,0.006219349,0.27465436,0.71856666,3.828207e-06
1243,1000,1500,0,0.0015877776,0.00012879459,0.04662442,0.3751314,0.5765173,1.03785815e-05
1244,1000,1500,0,0.0023724139,3.2609896e-05,0.011457118,0.3480515,0.6380862,1.4232371e-07
1245,1000,1000,1,0.005492727,0.00018666091,0.045861784,0.7028629,0.24559572,1.6764159e-07
1246,1000,1500,0,4.9390135e-05,2.8891316e-06,0.0031178233,0.33921131,0.6576186,1.7336614e-08
1247,1000,1500,0,0.00010033072,2.5896443e-05,0.01288862,0.30911255,0.6778715,1.0679834e-06
1248,1000,1500,0,0.0016945304,4.1347437e-05,0.05170237,0.30867898,0.6378813,1.4220088e-06
1249,1000,1000,1,0.00018662256,3.2635962e-05,0.019171298,0.5733442,0.40726465,5.138977e-07
1250,1000,1500,0,0.0001760371,7.133661e-07,0.02369273,0.33144638,0.64468414,3.0194989e-09
1251,1000,1000,1,0.006648706,1.908116e-06,0.0019101306,0.9356438,0.05579551,1.2517559e-10
1252,1000,1500,0,0.0027914497,2.5438432e-05,0.04534582,0.38098228,0.5708548,3.0017907e-07
1253,1000,1000,1,0.0008870485,2.8575894e-05,0.13407731,0.6192529,0.24575391,2.5402184e-07
1254,1000,1500,0,7.3036674e-05,2.9303585e-05,0.027777722,0.34168264,0.6304351,2.2139923e-06
1255,1000,1000,1,0.03119049,2.869808e-06,0.0037962063,0.517359,0.44765142,3.449184e-11
1256,1000,1000,1,3.970988e-05,5.4770527e-07,0.004267558,0.85686934,0.1388228,4.1948686e-10
1257,1000,1500,0,0.0018024321,6.340566e-06,0.009087598,0.19519487,0.7939087,2.622917e-08
1258,1000,1500,0,0.012301339,1.4676112e-06,0.050700553,0.28755465,0.64944196,1.065317e-09
1259,1000,1000,1,0.000530852,3.952795e-07,0.011191921,0.88434505,0.10393176,9.865682e-11
1260,1000,1000,1,0.00013117393,6.7138433e-09,4.606676e-05,0.96985215,0.029970633,3.8045477e-17
1261,1000,1000,1,2.4364066e-05,5.183531e-08,0.00066864456,0.96549135,0.03381549,6.4230733e-13
1262,1000,1000,1,8.400275e-06,1.1163858e-07,0.0004179779,0.91079193,0.08878156,1.5189048e-12
1263,1000,1000,1,0.000106696,2.776629e-09,2.627808e-06,0.99853814,0.0013526238,2.2148738e-21
1264,1000,1000,1,0.0017531172,2.4968025e-09,1.9274175e-05,0.97678226,0.0214454,9.901778e-19
1265,1000,1000,1,2.5499552e-05,3.1689172e-08,0.00086110376,0.925164,0.073949404,1.06071497e-13
1266,1000,1000,1,0.00072248786,1.1773964e-07,0.0013344055,0.9423562,0.055586744,5.6995793e-12
1267,1000,1000,1,1.0175689e-05,6.736256e-11,1.6112988e-07,0.999734,0.0002556011,3.4893754e-22
1268,1000,1000,1,0.007201583,3.3971325e-08,8.405235e-06,0.94149125,0.05129865,6.012808e-17
1269,1000,1000,1,0.000103063256,1.1394552e-09,2.7749857e-06,0.9933206,0.006573611,6.984852e-18
1270,1000,1000,1,1.7035154e-06,3.8949363e-08,0.00021247794,0.96784526,0.03194054,8.7356316e-13
1271,1000,1000,1,0.00017906906,1.9579838e-09,3.480744e-05,0.96296716,0.036818966,1.4178612e-17
1272,1000,1000,1,0.0051474804,1.9663259e-11,5.4337246e-08,0.9946301,0.00022233836,3.896046e-27
1273,1000,1000,1,1.2966262e-07,6.493551e-11,5.0101767e-07,0.9977441,0.0022553166,1.095868e-19
1274,1000,1000,1,0.00012423728,6.951072e-07,0.008635036,0.53203,0.4592101,2.9842007e-09
1275,1000,1000,1,1.2314893e-05,7.867548e-10,1.7802538e-06,0.9988902,0.001095707,1.1170008e-18
1276,1000,1000,1,0.00019088839,1.9133271e-08,0.00039906727,0.99152946,0.00788057,1.6432346e-14
1277,1000,1000,1,0.01315309,9.653734e-07,0.009099717,0.909299,0.06844717,8.929899e-12
1278,1000,1000,1,0.0008602235,4.684504e-09,1.2821461e-05,0.98820716,0.010919793,3.0792863e-18
1279,1000,1000,1,0.0008412989,1.3213131e-14,5.9992344e-11,0.9991535,5.258e-06,2.2404917e-35
1280,1000,1000,1,1.2082961e-06,1.0357695e-09,5.8463525e-06,0.99557954,0.004413492,2.6387263e-17
1281,1000,1000,1,1.7848592e-05,8.117921e-08,0.00077406515,0.9761888,0.023019206,2.673912e-13
1282,1000,1000,1,1.0456034e-05,5.495555e-09,3.1434e-05,0.9245904,0.07536768,2.0707997e-15
1283,1000,1000,1,0.0020191574,4.496873e-07,0.010790747,0.59928733,0.38790232,4.1837284e-10
1284,1000,1000,1,0.001824875,1.93724e-08,0.00080243556,0.95196897,0.045403622,6.547528e-15
1285,1000,1000,1,8.588351e-05,1.6111975e-06,0.0020365892,0.8847659,0.113109976,7.669795e-10
1286,1000,1000,1,3.0604177e-05,1.5011676e-09,1.0653842e-05,0.9950169,0.0049418267,5.696376e-18
1287,1000,1000,1,4.420863e-05,8.674423e-12,1.528379e-07,0.9993954,0.00056034455,3.6161346e-23
1288,1000,1000,1,0.0017338721,3.3581045e-08,0.00019522679,0.987043,0.0110279275,2.671053e-14
1289,1000,500,0,0.0046893507,2.042602e-06,0.6042397,0.20741153,0.18365726,1.7921639e-07
1290,1000,1500,0,4.387043e-05,1.222684e-07,0.0013514289,0.45807678,0.54052776,7.42976e-11
1291,1000,1000,1,2.7140994e-05,1.2429518e-08,0.0006326297,0.85362595,0.14571418,1.9391749e-14
1292,1000,1000,1,1.4634494e-05,9.664731e-08,8.890752e-05,0.97371125,0.026185073,3.8844218e-13
1293,1000,1000,1,4.235093e-06,5.240075e-12,5.1037542e-08,0.9998535,0.00014222116,7.483332e-23
1294,1000,1000,1,0.0003281212,1.2044479e-08,7.411534e-07,0.9994868,0.00018429293,2.887332e-19
1295,1000,1000,1,2.2809288e-06,1.8961146e-09,3.2274506e-06,0.99279237,0.0072020553,9.385478e-18
1296,1000,1000,1,4.5030898e-05,7.28935e-10,3.9821134e-06,0.9973521,0.0025988987,1.0451068e-18
1297,1000,1000,1,2.5213137e-06,9.396612e-13,2.2933417e-09,0.99983346,0.00016397069,1.863596e-27
1298,1000,1000,1,0.0005755518,5.1374593e-10,3.852994e-06,0.9907707,0.008649867,5.4129998e-20
1299,1000,1000,1,0.0007404802,3.8673468e-07,0.005029499,0.7535527,0.24067694,2.2981545e-11
1300,1000,1000,1,8.3927326e-08,4.709892e-11,7.179154e-07,0.99761236,0.0023868235,3.7390505e-19
1301,1000,1000,1,4.5144745e-05,2.2931321e-09,1.7275268e-05,0.9975497,0.0023878792,6.145417e-17
1302,1000,1000,1,0.0005678151,5.3880012e-06,0.004298058,0.9143845,0.0807443,1.3515365e-09
1303,1000,1000,1,5.169068e-06,5.6147545e-08,0.00051779964,0.9749783,0.024498647,6.7712096e-13
1304,1000,1000,1,1.3450551e-06,7.7934165e-10,2.1565793e-05,0.9891255,0.010851639,3.055472e-16
1305,1000,1000,1,0.018776318,2.2238834e-07,0.0003888913,0.7805878,0.2002467,1.6813105e-13
1306,1000,1500,0,2.3258974e-05,3.971725e-06,0.0067930985,0.3251784,0.6680011,7.2999185e-08
1307,1000,1500,0,8.1294806e-05,3.5335524e-06,0.0036775002,0.19502997,0.80120754,6.6606155e-08
1308,1000,1500,0,0.00024227666,5.9562976e-06,0.014907864,0.18877247,0.7960711,2.4096678e-07
1309,1000,1000,1,0.0029309762,2.7790733e-05,0.00742436,0.5748367,0.41478014,5.994643e-08
1310,1000,1500,0,0.00087123463,2.2570279e-05,0.020345887,0.14281783,0.83594155,9.760952e-07
1311,1000,1000,1,0.09396578,5.6355293e-05,0.20442258,0.49167657,0.20987774,9.366335e-07
1312,1000,1500,0,0.143374,3.979773e-06,0.0367753,0.2969975,0.52284926,3.1764462e-09
1313,1000,1000,1,2.156769e-06,5.8118386e-09,4.331879e-05,0.9947443,0.0052101663,6.2745905e-15
1314,1000,1000,1,5.735262e-07,1.1309708e-09,5.3103167e-06,0.9943092,0.005684903,1.203343e-16
1315,1000,1000,1,2.7019205e-06,1.2206188e-09,1.6688848e-05,0.9929703,0.0070103584,4.0346446e-17
1316,1000,1000,1,0.0007539757,1.9037307e-09,7.647112e-05,0.98239774,0.0167718,5.038808e-17
1317,1000,1000,1,6.5485176e-05,3.951934e-09,0.0005880447,0.7852154,0.21413106,9.261147e-14
1318,1000,1000,1,1.0263178e-06,8.08165e-10,1.3142526e-06,0.997997,0.0020006371,6.8582297e-18
1319,1000,1000,1,5.05589e-06,3.0776486e-09,1.345259e-05,0.9979138,0.0020676414,2.7096724e-16
1320,1000,1000,1,0.013500758,1.1016847e-05,0.024853332,0.5244113,0.4372236,2.4946782e-08
1321,1000,1000,1,6.2570475e-06,1.615274e-11,5.003273e-09,0.99995124,4.2395626e-05,4.569956e-26
1322,1000,1000,1,0.00055246195,2.019854e-10,2.6277723e-06,0.9940485,0.0053964406,2.7632237e-19
1323,1000,1000,1,0.00077789754,1.9238719e-08,7.637565e-05,0.98891276,0.01023283,1.2371518e-15
1324,1000,1000,1,2.7087408e-05,3.0481947e-11,1.4887352e-06,0.998456,0.0015154255,2.1902439e-20
1325,1000,1000,1,0.0005963525,1.6491692e-12,1.8451686e-08,0.9993357,6.788638e-05,1.1422775e-25
1326,1000,1000,1,1.4804849e-05,1.5300796e-13,9.701897e-10,0.9999801,5.0779395e-06,3.9515032e-28
1327,1000,1000,1,0.018461477,1.232768e-08,0.00016823031,0.97776836,0.00360195,7.6555016e-15
1328,1000,1000,1,1.11852705e-05,1.1127464e-11,5.447575e-10,0.99997187,1.6955148e-05,7.145315e-28
1329,1000,1000,1,1.7115377e-05,3.544709e-10,2.309339e-05,0.997147,0.0028128128,8.550706e-18
1330,1000,1000,1,8.221824e-05,9.130501e-13,3.2034881e-09,0.99988484,3.2922424e-05,3.8731114e-27
1331,1000,1000,1,0.0001966357,4.7529047e-09,9.794281e-05,0.96110654,0.038598876,3.2227317e-16
1332,1000,1000,1,4.1788197e-05,1.6843325e-08,0.00014576699,0.94501257,0.054799873,6.2572e-14
1333,1000,1000,1,0.0017284761,4.49559e-07,0.007655152,0.8489505,0.14166552,1.3101314e-11
1334,1000,1000,1,0.0002208999,9.67138e-07,0.009162353,0.97908086,0.011534983,8.725172e-11
1335,1000,1000,1,0.0009121653,6.762543e-08,0.005680235,0.92187184,0.071535766,1.2030467e-12
1336,1000,1000,1,1.531293e-05,6.745477e-12,1.1210942e-08,0.99993134,5.331878e-05,1.5281651e-24
1337,1000,1000,1,0.0040439805,4.690253e-08,0.0011525988,0.7613815,0.23342197,3.1823028e-14
1338,1000,1000,1,0.036599666,4.419127e-06,0.011753844,0.89986527,0.05177683,3.4133388e-10
1339,1000,1000,1,0.006379037,2.3142525e-07,0.008098659,0.52143145,0.46409062,1.2779088e-11
1340,1000,1000,1,0.006261133,3.206109e-06,0.00017259298,0.9712885,0.02227461,4.199854e-12
1341,1000,1000,1,0.0928097,7.357989e-07,0.00017771787,0.90514064,0.0018712312,1.30947075e-14
1342,1000,1000,1,9.7505545e-05,1.4653307e-08,1.6385771e-05,0.9895655,0.0103205405,7.686422e-17
1343,1000,1500,0,0.00039565092,6.4993483e-06,0.0023689189,0.37335473,0.6238741,2.3623377e-09
1344,1000,1500,0,0.001672459,1.29382615e-05,0.013043937,0.20433238,0.7809382,1.3281588e-07
1345,1000,1000,1,0.00015794604,4.1840278e-07,0.025439061,0.9016376,0.07276497,6.6674544e-10
1346,1000,1000,1,6.3005005e-05,1.512438e-10,8.6831807e-07,0.9989736,0.00096252334,1.3819213e-21
1347,1000,1000,1,6.550901e-05,1.0773918e-07,0.0005707007,0.9467484,0.052615367,2.1956445e-12
1348,1000,1000,1,0.00038811154,5.629626e-07,0.19854756,0.5178215,0.28324234,1.3797196e-08
1349,1000,1000,1,2.1641268e-05,4.82336e-10,1.0243402e-06,0.99905926,0.0009180774,2.791767e-20
1350,1000,1000,1,0.00021561596,3.0478096e-09,1.7164168e-05,0.9967914,0.002975801,1.6757401e-18
1351,1000,1000,1,0.00010230647,1.1370476e-14,4.80714e-11,0.9998946,3.0620938e-06,7.6185214e-33
1352,1000,1000,1,0.003214404,7.5694e-09,1.772432e-05,0.9950911,0.0016767869,5.1720564e-19
1353,1000,1000,1,3.4160024e-05,1.4924638e-08,0.00036075996,0.9635779,0.036027174,5.731634e-14
1354,1000,0,0,0.73355186,5.792789e-08,0.00585363,0.22640985,0.034184553,9.142314e-14
1355,1000,1000,1,1.5857799e-05,1.6128503e-07,0.00044084637,0.9831324,0.016410757,4.473933e-12
1356,1000,1000,1,0.0004205079,1.3365106e-10,1.313036e-08,0.99954957,2.9953328e-05,2.2463998e-24
1357,1000,1500,0,2.9368382e-05,8.693982e-07,0.00342247,0.47912043,0.51742685,3.781079e-09
1358,1000,1000,1,0.00052891,7.4744335e-08,0.00023291122,0.89032197,0.108916156,1.3432697e-13
1359,1000,1000,1,0.0007391752,1.2210409e-06,0.005852802,0.70709354,0.2863133,5.6248138e-11
1360,1000,1000,1,6.238486e-05,1.4025936e-07,0.001516645,0.7775408,0.22088006,9.37305e-12
1361,1000,1000,1,1.0502775e-05,8.8404875e-08,0.0002829535,0.94269055,0.057015974,9.314605e-13
1362,1000,1000,1,0.002710794,1.3949434e-05,0.022385754,0.74365103,0.23123854,4.321856e-08
1363,1000,1500,0,2.3997596e-05,2.7287022e-06,0.008926586,0.46619356,0.52485305,4.0994127e-08
1364,1000,1000,1,0.0002692396,1.9271912e-10,2.1573713e-07,0.99850947,0.0012210383,1.3939295e-22
1365,1000,1000,1,3.7541806e-06,4.4612465e-09,3.0108727e-06,0.99707365,0.0029196285,5.957203e-17
1366,1000,1000,1,0.00031080763,1.5304528e-07,0.00077784574,0.85762215,0.14128907,1.9265269e-12
1367,1000,1000,1,0.00014172215,4.4791082e-07,0.0026903825,0.8739064,0.123261064,2.1338672e-10
1368,1000,1000,1,1.3878002e-05,5.6240333e-07,0.0009635352,0.5376916,0.46133044,2.0105814e-10
1369,1000,1000,1,0.004775872,2.523474e-07,0.00042885213,0.9905766,0.0042184223,2.1988193e-14
1370,1000,1000,1,5.730453e-05,6.2219675e-05,0.07840922,0.4898143,0.4316135,4.3480308e-05
1371,1000,1500,0,0.0019900955,2.962528e-06,0.013237209,0.3680357,0.61673397,4.754201e-09
1372,1000,1500,0,0.0026314307,2.2225765e-07,0.0022510288,0.46732903,0.5277883,4.2015037e-12
1373,1000,1000,1,0.00054987747,5.1905536e-06,0.019767115,0.6735002,0.30617756,1.563377e-08
1374,1000,1000,1,0.00038323723,1.0399416e-06,0.0048358785,0.7529058,0.24187407,2.866757e-10
1375,1000,1000,1,0.0001719599,2.1635029e-05,0.0062088524,0.90243685,0.09116067,2.250572e-08
1376,1000,1000,1,0.00020943349,7.3569055e-07,0.0014943384,0.54441243,0.45388305,6.6818724e-11
1377,1000,1000,1,0.007702718,1.2151457e-05,0.021672059,0.6983458,0.2722673,2.0167333e-08
1378,1000,1500,0,1.6349311e-05,6.107244e-05,0.008387857,0.35730702,0.6342202,7.4479335e-06
1379,1000,1500,0,3.5273604e-06,3.3722004e-05,0.0054280693,0.2959049,0.6986257,4.1920093e-06
1380,1000,1000,1,2.8003246e-06,6.8429244e-07,0.001909011,0.80045176,0.19763571,1.2061177e-09
1381,1000,500,0,0.024060618,2.3482144e-05,0.35692126,0.28759828,0.33139554,8.53004e-07
1382,1000,1000,1,0.010027697,7.3469494e-08,0.008111343,0.7854615,0.19639936,2.5143867e-12
1383,1000,1500,0,5.129541e-05,1.4179333e-06,0.0040344154,0.37999558,0.61591727,6.085777e-09
1384,1000,1000,1,0.051324885,1.3201239e-07,0.0006137441,0.8896917,0.058369543,1.597956e-15
1385,1000,1000,1,0.016657878,1.3298631e-05,0.29977167,0.38747776,0.29607904,3.3121268e-07
1386,1000,1000,1,8.2820425e-06,1.2859947e-07,0.00010528411,0.95369244,0.04619393,9.620818e-13
1387,1000,1000,1,2.8894974e-05,9.335995e-06,0.0046795327,0.90330786,0.09197441,2.9143058e-08
1388,1000,1000,1,3.114661e-05,1.6479868e-08,2.8588112e-05,0.9966079,0.0033323402,8.344401e-15
1389,1000,1000,1,0.00016244105,6.468354e-08,0.0002212369,0.98631346,0.01330276,1.0847887e-13
1390,1000,1000,1,1.1223871e-06,4.5294748e-08,0.00017555723,0.97627944,0.023543889,1.0442748e-12
1391,1000,1000,1,0.00025466614,3.9077075e-09,4.375855e-06,0.9909889,0.008752008,3.973656e-19
1392,1000,1000,1,0.00023049557,6.4824803e-07,0.0033405076,0.7906341,0.20579429,5.4400137e-11
1393,1000,1000,1,5.213646e-05,1.9686255e-09,8.507419e-07,0.9965162,0.0034307651,3.9073233e-19
1394,1000,1000,1,3.8234135e-05,2.3336908e-09,9.642308e-06,0.990873,0.009079101,7.1040885e-18
1395,1000,1000,1,5.8272116e-07,1.6920088e-13,1.878045e-09,0.99994886,5.0586383e-05,1.5263724e-26
1396,1000,1000,1,1.2412128e-05,6.232404e-09,0.00013839912,0.97284615,0.027003156,2.2642067e-14
1397,1000,1000,1,0.0002863806,1.6260407e-09,1.703501e-05,0.98991174,0.0097848615,1.6182874e-16
1398,1000,1000,1,0.0090448875,2.3082558e-07,0.0450657,0.8618552,0.084034055,1.7267626e-10
1399,1000,1000,1,4.685608e-06,2.4453188e-08,5.5458746e-05,0.99498796,0.004951866,3.901222e-14
1400,1000,1000,1,1.6173041e-06,1.8029283e-09,1.777011e-05,0.9916865,0.008294089,1.9654963e-16
1401,1000,1000,1,1.03978155e-05,1.9587959e-10,5.024257e-07,0.9991405,0.00084849616,2.6544513e-20
1402,1000,1000,1,6.401991e-07,8.950894e-12,1.0592091e-07,0.9994665,0.0005328007,2.4609507e-22
1403,1000,1000,1,2.7474848e-06,1.9650785e-10,1.1695338e-07,0.99981326,0.00018388151,3.5036713e-22
1404,1000,1000,1,6.515422e-05,1.7675973e-10,5.418673e-06,0.9972728,0.0026565446,1.4932308e-19
1405,1000,1000,1,4.4948487e-05,9.068934e-12,2.3529554e-09,0.9999448,1.024627e-05,4.7154413e-26
1406,1000,1000,1,2.7285591e-06,1.2113244e-08,2.5678011e-05,0.9918047,0.008166918,1.1672287e-14
1407,1000,1000,1,3.0244179e-05,6.622298e-07,0.006375521,0.72562957,0.267964,6.440585e-10
1408,1000,1000,1,0.0027406644,2.248163e-07,0.011180172,0.7971838,0.18889509,2.9209985e-11
1409,1000,1000,1,6.23017e-05,2.3188164e-08,0.00024488993,0.91662157,0.08307116,2.7169483e-13
1410,1000,1000,1,0.0010048881,7.669946e-09,1.5243745e-05,0.98755324,0.011426668,5.6403156e-17
1411,1000,1000,1,0.008796762,8.934918e-10,3.081349e-05,0.96039295,0.030779466,2.335332e-19
1412,1000,1000,1,0.013510624,4.4054108e-08,0.00038939086,0.90725464,0.07884534,1.721345e-15
1413,1000,500,0,0.15099725,3.6564209e-06,0.548847,0.19248492,0.10766708,6.165807e-08
1414,1000,1000,1,3.137356e-05,8.359348e-08,0.00013295106,0.9365738,0.06326167,2.3148372e-13
1415,1000,1000,1,0.009460001,5.097649e-07,0.0029686796,0.82234997,0.1652209,1.5487142e-12
1416,1000,1000,1,0.01936661,9.1484213e-07,0.06363767,0.79798985,0.11900494,3.6518585e-10
1417,1000,1000,1,0.000115826006,3.2942322e-07,0.00033868194,0.9834556,0.016089547,4.87263e-12
1418,1000,500,0,0.059009682,0.00021457388,0.727528,0.07141045,0.14171435,0.00012288976
1419,1000,1500,0,0.0014086171,1.4625595e-05,0.021150392,0.28421736,0.6932089,1.1934432e-07
1420,1000,1000,1,0.001265238,3.719248e-07,0.0009480082,0.9805188,0.017267575,1.07985425e-13
1421,1000,1000,1,0.0040333085,2.3973996e-08,0.0020319796,0.7412605,0.25267425,3.881014e-13
1422,1000,1000,1,0.0041304175,3.5180852e-07,0.0025154664,0.8715164,0.121837325,4.895558e-12
1423,1000,1500,0,0.00010955038,1.3364277e-06,0.0013494315,0.47780722,0.52073246,6.064853e-10
1424,1000,1000,1,0.00026251047,7.71283e-07,0.0013564185,0.76791143,0.23046885,4.5964885e-11
1425,1000,1000,1,0.057272546,3.1409648e-08,0.00015564305,0.89551836,0.04705339,8.894786e-16
1426,1000,1500,0,0.0003427728,1.9915851e-05,0.11524946,0.22501503,0.6593687,4.1093117e-06
1427,1000,1000,1,4.789448e-05,1.0723666e-06,0.011353946,0.8440422,0.14455491,3.1060106e-09
1428,1000,1000,1,7.998324e-06,9.510512e-09,1.1660345e-05,0.99679416,0.0031861656,3.826193e-15
1429,1000,1000,1,0.0006132113,2.2405472e-07,0.0010086969,0.56414825,0.43422964,2.5214542e-12
1430,1000,1000,1,0.006732255,4.297073e-06,0.0016703659,0.94339913,0.048193943,2.1416837e-12
1431,1000,1000,1,1.8094825e-06,9.464527e-09,0.00011271554,0.99577713,0.0041083246,1.7626954e-14
1432,1000,1000,1,0.0009366135,3.8494602e-10,4.902507e-06,0.9972529,0.0018056202,1.3609079e-20
1433,1000,1000,1,1.15311e-05,1.4210221e-09,2.2085642e-06,0.9962321,0.0037540847,8.104555e-18
1434,1000,1000,1,6.0005492e-05,2.2037439e-08,0.00065501593,0.93737674,0.06190815,2.019685e-13
1435,1000,1000,1,9.364804e-06,7.992284e-14,8.655804e-11,0.99998486,5.69481e-06,1.9666398e-31
1436,1000,1000,1,6.71573e-05,7.6022905e-10,6.3707103e-06,0.9984571,0.0014693887,2.3473566e-18
1437,1000,1000,1,0.00026714485,4.137551e-07,0.0017410548,0.9269899,0.07100138,2.8516023e-11
1438,1000,1000,1,4.0889705e-07,1.0762018e-11,6.279254e-07,0.9914983,0.008500588,1.6975828e-21
1439,1000,1000,1,0.0034191662,7.276694e-06,0.005756762,0.8341853,0.15663153,7.099335e-10
1440,1000,1000,1,0.0016873922,2.0697183e-07,0.0018151791,0.692765,0.30373222,1.3555018e-11
1441,1000,1000,1,4.040842e-05,3.0143235e-09,6.3919856e-06,0.9859978,0.0139553975,9.077293e-19
1442,1000,1000,1,0.0012708991,0.00010680708,0.01344033,0.61587596,0.36930555,4.5341167e-07
1443,1000,1500,0,0.0298302,6.0752995e-05,0.046239857,0.20739186,0.7164764,9.4080906e-07
1444,1000,1000,1,3.686605e-05,2.3381183e-07,0.0095592765,0.7068053,0.2835984,5.0392573e-10
1445,1000,1000,1,5.1102576e-05,6.6158165e-08,0.002553336,0.82849646,0.16889903,3.7548033e-12
1446,1000,1500,0,8.81296e-05,3.1474145e-05,0.013673108,0.2787147,0.7074879,4.6933806e-06
1447,1000,1500,0,3.8831025e-05,4.851877e-06,0.01763714,0.37439594,0.60792285,3.6661714e-07
1448,1000,1000,1,0.0025204227,3.2249503e-05,0.0018103077,0.8914996,0.104137465,9.79778e-09
1449,1000,1000,1,9.801453e-05,1.5923717e-06,0.0006855754,0.6805975,0.3186173,6.2962184e-11
1450,1000,1000,1,0.0024439027,1.7742639e-07,0.0020391063,0.907479,0.08803778,5.741973e-13
1451,1000,1000,1,0.00086613005,8.242583e-06,0.0052712127,0.53890884,0.45494553,2.225214e-08
1452,1000,1000,1,0.00085888035,1.26656445e-08,2.8318502e-05,0.91118205,0.087930724,1.6716478e-16
1453,1000,1000,1,5.8233374e-05,2.32378e-07,0.00057691475,0.8238832,0.17548144,1.0616873e-11
1454,1000,1000,1,0.00024223946,2.4893427e-07,0.0021399814,0.9331935,0.06442408,6.418896e-11
1455,1000,1000,1,0.00060082774,1.099742e-05,0.015570504,0.75623935,0.22757824,2.518272e-08
1456,1000,1000,1,0.0003631914,2.6029019e-08,8.108341e-05,0.9932028,0.0063528065,5.6220467e-16
1457,1000,1500,0,6.0583647e-05,2.3423975e-07,0.001417999,0.36429074,0.63423043,2.2897574e-11
1458,1000,1000,1,0.00010968683,5.282308e-10,7.4831456e-05,0.98373485,0.016080707,5.2343857e-18
1459,1000,1000,1,0.0025517743,1.5183349e-06,0.005217849,0.9005649,0.091663994,1.3156291e-10
1460,1000,1000,1,0.00016831601,5.628862e-06,0.003537728,0.90978324,0.08650518,5.361443e-09
1461,1000,1000,1,0.00032009993,5.3334562e-11,1.044065e-06,0.99575716,0.003921681,7.139282e-22
1462,1000,1000,1,8.896672e-05,3.3287975e-08,9.654742e-05,0.8395389,0.16027556,2.37418e-15
1463,1000,1000,1,0.00031700032,8.4865387e-10,2.7001875e-05,0.9926547,0.0070012896,6.838661e-18
1464,1000,1000,1,0.109418556,8.31505e-08,0.0034937332,0.8421476,0.044939976,7.65622e-13
1465,1000,1000,1,0.0012642664,7.3887363e-06,0.006035459,0.8116887,0.18100423,1.8063678e-09
1466,1000,1000,1,3.0238737e-06,7.612105e-09,1.0268133e-05,0.9981469,0.0018397656,1.0613268e-15
1467,1000,1000,1,0.0012890605,6.9963985e-10,8.47875e-06,0.9924265,0.006275897,1.5047824e-18
1468,1000,1000,1,6.0344817e-05,3.5959297e-10,3.0507408e-06,0.99750024,0.0024363985,9.9735364e-20
1469,1000,1000,1,0.0023937586,3.8677976e-12,3.1399246e-08,0.9975556,5.0561415e-05,6.757291e-25
1470,1000,1000,1,2.0546673e-05,8.313827e-07,0.0067433654,0.83708245,0.15615283,2.4036295e-09
1471,1000,1000,1,6.712129e-05,1.1599106e-07,0.0005561347,0.9606874,0.038689274,1.8399468e-12
1472,1000,1000,1,5.8653914e-05,9.262906e-08,6.54911e-05,0.80147314,0.19840264,3.930233e-14
1473,1000,1000,1,3.21579e-05,1.758005e-07,0.0010761567,0.65205795,0.34683353,4.172632e-11
1474,1000,0,0,0.68298924,2.5952014e-07,0.0051484616,0.28882197,0.02304009,4.826021e-13
1475,1000,1000,1,0.05358289,1.7490676e-08,0.0014350647,0.8387016,0.10628046,1.7603099e-15
1476,1000,1000,1,4.666944e-05,5.7469407e-07,0.0010049687,0.83955586,0.15939195,4.8050553e-11
1477,1000,1000,1,0.00023730633,6.747783e-08,0.00036606856,0.89938116,0.100015424,1.8137928e-13
1478,1000,1500,0,0.29125875,2.5680458e-05,0.047113474,0.09432729,0.5672747,8.057305e-08
1479,1000,1000,1,2.5717512e-05,5.372491e-13,2.5358935e-09,0.99968636,0.00028795755,3.8407988e-28
1480,1000,1000,1,6.6743254e-05,5.9793354e-07,0.007832643,0.92205447,0.07004556,2.0603566e-10
1481,1000,1000,1,0.00014140888,6.190089e-08,7.2461706e-05,0.9898601,0.009926004,2.32144e-14
1482,1000,1000,1,9.288131e-06,8.42938e-11,4.3905293e-06,0.99407405,0.005912361,7.933846e-19
1483,1000,1000,1,1.6449123e-05,1.1656033e-09,4.7034737e-05,0.9979054,0.002031058,9.972199e-17
1484,1000,1000,1,3.2037073e-07,1.0505872e-12,2.4575939e-10,0.99994934,5.0285784e-05,3.2112007e-28
1485,1000,1000,1,1.4711283e-06,1.481337e-09,2.412504e-06,0.9971712,0.0028248532,2.7440062e-17
1486,1000,1000,1,0.00038581574,3.6690728e-09,0.00089307455,0.9913645,0.0073566143,4.8861466e-16
1487,1000,1000,1,0.00044436372,4.660916e-10,1.0257318e-07,0.9993862,0.0001693235,2.9623976e-22
1488,1000,1000,1,0.00021053602,1.229048e-06,0.001101732,0.60701406,0.39167243,2.4372518e-10
1489,1000,1000,1,0.27877316,4.6563664e-06,0.0070044417,0.6896759,0.02454193,2.7904445e-10
1490,1000,1500,0,0.0023316657,2.4427407e-05,0.103731886,0.43377686,0.46013385,1.3229849e-06
1491,1000,1500,0,0.00029609533,4.0058882e-07,0.0001648877,0.4891921,0.5103465,1.6805032e-12
1492,1000,1000,1,0.0005133111,2.7186542e-07,0.0023590534,0.71934444,0.2777829,1.471903e-11
1493,1000,1000,1,0.00020795364,1.6851747e-08,3.3255146e-06,0.99216473,0.00762408,2.9599077e-17
1494,1000,1000,1,0.00054211926,3.85246e-07,0.002777153,0.6928923,0.30378804,2.325992e-11
1495,1000,1500,0,7.745142e-05,1.8395402e-06,0.0070101707,0.46042252,0.532488,1.2766656e-08
1496,1000,1000,1,0.0003276581,9.357341e-09,0.00062277546,0.88321906,0.11583047,1.3687394e-15
1497,1000,1000,1,4.7722187e-05,3.7893943e-07,0.0018957809,0.8512814,0.1467747,1.8612939e-10
1498,1000,1000,1,0.00015787384,1.5710366e-06,0.0040211636,0.9085633,0.08725606,8.283767e-10
1499,1000,1000,1,0.00025499144,9.18445e-06,0.00745993,0.6122486,0.3800273,8.408636e-09
1500,1500,1000,0,0.048518658,7.481271e-05,0.09355097,0.49704584,0.36080936,3.6122486e-07
1501,1500,1500,1,0.0005540498,3.6219e-06,0.037400987,0.2883562,0.673685,4.281175e-08
1502,1500,1500,1,0.00408255,1.7795146e-07,0.02270532,0.3167422,0.65646976,2.4553495e-10
1503,1500,1500,1,0.00049075903,7.204034e-05,0.0127018355,0.22683993,0.7598919,3.5456317e-06
1504,1500,1500,1,0.00018419167,1.3815126e-05,0.010284003,0.2396093,0.7499084,2.4857337e-07
1505,1500,1000,0,0.076461464,0.00044593008,0.2419935,0.46668407,0.21441261,2.3548857e-06
1506,1500,500,0,0.07956232,0.00059849897,0.39976302,0.3235008,0.19655283,2.250969e-05
1507,1500,1500,1,7.629848e-05,1.442083e-05,0.0041000065,0.106205195,0.8896036,4.3930677e-07
1508,1500,1500,1,0.0071809213,6.7659596e-05,0.22775644,0.1402326,0.6247592,3.1787033e-06
1509,1500,500,0,0.061954446,0.00020927135,0.85247976,0.016271502,0.06889196,0.00019298331
1510,1500,1500,1,0.00072495244,1.2790484e-05,0.11782769,0.42177704,0.45965746,9.6246104e-08
1511,1500,1500,1,0.017288603,2.9441691e-05,0.08202353,0.35925308,0.54140514,2.0597743e-07
1512,1500,1500,1,0.0001499853,1.7226279e-06,0.012271027,0.4645504,0.5230268,7.6745044e-10
1513,1500,1500,1,0.0016333777,1.6310854e-06,0.0038039386,0.089511275,0.9050498,2.760161e-09
1514,1500,1500,1,0.00026994172,1.3074392e-05,0.055239826,0.1984363,0.7460375,3.412113e-06
1515,1500,1500,1,0.018867377,4.8168524e-05,0.2591776,0.09072362,0.6311667,1.6537842e-05
1516,1500,1500,1,0.0030280103,0.00015746962,0.07632228,0.25357324,0.66691464,4.3777695e-06
1517,1500,1500,1,0.00025488346,0.00028465697,0.06110586,0.1327949,0.80371714,0.0018425175
1518,1500,1500,1,0.00027029487,3.7294678e-05,0.100249775,0.14956401,0.7498009,7.769372e-05
1519,1500,1500,1,0.0017639687,1.0555692e-06,0.45939133,0.07159206,0.46725056,1.0131976e-06
1520,1500,1500,1,0.007276204,8.685348e-05,0.03817471,0.09081109,0.8636485,2.6605717e-06
1521,1500,1500,1,8.6611755e-05,8.089912e-07,0.0011969088,0.0891362,0.9095795,1.454454e-09
1522,1500,1000,0,3.4408888e-05,2.9149005e-06,0.01817181,0.4981774,0.4836135,6.128433e-09
1523,1500,0,0,0.8509965,1.4515327e-07,0.0046237702,0.06445773,0.079921916,5.1647163e-12
1524,1500,1500,1,0.0005329282,5.3298713e-08,0.0018508618,0.14874032,0.8488758,1.43642424e-11
1525,1500,1500,1,0.007213209,4.7187237e-05,0.0039947126,0.19782196,0.79092294,4.0843748e-08
1526,1500,1500,1,0.000101678284,1.658107e-07,0.0007328814,0.20778462,0.79138064,1.3600249e-11
1527,1500,1500,1,0.0043442016,1.5642741e-05,0.1044578,0.43317392,0.4580083,1.285639e-07
1528,1500,1500,1,1.5922519e-06,2.3760542e-07,0.0055914577,0.38525084,0.60915583,6.274144e-09
1529,1500,1000,0,0.14275248,1.86266e-05,0.005792779,0.4518409,0.3995952,5.3134935e-10
1530,1500,1500,1,0.00010247126,6.2974095e-06,0.006832594,0.2041344,0.7889241,5.2000896e-08
1531,1500,1500,1,5.0447666e-06,3.1944106e-07,0.001506449,0.45479113,0.5436971,7.672502e-10
1532,1500,1500,1,0.00014715915,1.5367685e-07,0.0028202145,0.10884838,0.8881841,3.7188128e-10
1533,1500,1500,1,7.566543e-05,9.2588914e-07,0.0009976171,0.439242,0.5596838,1.2479223e-10
1534,1500,1000,0,2.3014783e-05,3.7486996e-06,0.015448981,0.608522,0.37600228,1.5533312e-08
1535,1500,1500,1,0.005499122,1.3452319e-06,0.053319745,0.29013485,0.6510449,3.3757788e-09
1536,1500,1000,0,0.031006401,3.629544e-05,0.29790893,0.47335115,0.19769724,2.3006155e-08
1537,1500,1500,1,0.00011020615,4.3557307e-07,0.0015527224,0.19612543,0.8022112,6.897441e-10
1538,1500,1500,1,3.4972483e-05,9.0974396e-07,0.002561132,0.11569077,0.8817122,7.654575e-09
1539,1500,1500,1,4.222323e-06,1.5453145e-07,0.001054548,0.3271439,0.6717972,3.9432204e-11
1540,1500,1500,1,1.5332911e-05,2.6909493e-06,0.00949473,0.2006874,0.7897997,1.6839522e-07
1541,1500,1500,1,0.0009448753,0.000105987856,0.031702776,0.25931033,0.7079348,1.2288114e-06
1542,1500,1500,1,0.0005891657,0.00015072129,0.10439439,0.39259544,0.5022556,1.4633779e-05
1543,1500,1500,1,0.013571121,2.4306097e-05,0.21391018,0.15751451,0.6149786,1.2705785e-06
1544,1500,1000,0,0.0001877028,2.0484587e-05,0.004100807,0.80324185,0.19244914,2.8414018e-08
1545,1500,1000,0,2.58419e-05,1.5961734e-07,0.008875403,0.603865,0.38723361,1.3129012e-11
1546,1500,1500,1,0.00010261405,1.6186766e-07,0.0010136233,0.20676067,0.79212296,2.975249e-11
1547,1500,1000,0,7.898464e-05,6.465113e-07,0.0025727008,0.8131071,0.18424062,2.2385328e-10
1548,1500,500,0,0.0008387301,1.7941435e-05,0.43946904,0.4215896,0.13808404,6.7851954e-07
1549,1500,1000,0,0.0002309747,6.656567e-08,0.014737564,0.9258946,0.059136737,6.9759415e-12
1550,1500,1000,0,4.6192326e-06,1.4418208e-06,0.006587497,0.5997555,0.39365086,1.9731461e-08
1551,1500,1000,0,0.0012069675,7.0375872e-06,0.008082982,0.50295687,0.48774618,1.0368043e-08
1552,1500,1500,1,2.3322595e-05,4.5190495e-06,0.0016158579,0.21077476,0.7875815,2.0254761e-08
1553,1500,1500,1,0.022818664,8.27776e-06,0.02727808,0.2441792,0.7057157,3.9315957e-08
1554,1500,1000,0,0.00091157545,3.4631637e-07,0.00045270848,0.6607715,0.3378639,8.970399e-13
1555,1500,0,0,0.9686543,1.23949935e-08,0.027098386,0.0020065105,0.002240749,1.5886225e-11
1556,1500,1500,1,6.3670406e-05,8.684965e-06,0.0005902333,0.13557667,0.86376077,7.833983e-09
1557,1500,1500,1,6.806305e-05,3.1277858e-07,0.0018448335,0.3686136,0.6294732,1.2281927e-10
1558,1500,1500,1,7.4009445e-06,1.5526559e-06,0.003939706,0.3424058,0.6536456,7.1782744e-09
1559,1500,1500,1,0.0006765864,3.301388e-05,0.11837454,0.3879759,0.49293622,3.8145226e-06
1560,1500,1500,1,0.00041302375,3.3766933e-05,0.0014314293,0.16926533,0.8288564,3.9211752e-08
1561,1500,1500,1,0.0005249097,1.687771e-05,0.007387333,0.30270615,0.6893646,5.1769586e-08
1562,1500,1500,1,0.00014228528,2.0496466e-06,0.009477733,0.20063874,0.7897392,2.1360362e-08
1563,1500,1500,1,7.2344365e-06,7.319022e-08,0.00025387877,0.16255456,0.83718425,8.7911215e-12
1564,1500,1500,1,0.16816485,5.226797e-07,0.012660006,0.2668382,0.5523364,1.2342859e-11
1565,1500,1500,1,0.07144732,3.6793714e-05,0.07515157,0.2788531,0.57451105,1.3775197e-07
1566,1500,1500,1,9.669068e-05,5.0060266e-06,0.0013593356,0.15130538,0.8472336,2.3871314e-08
1567,1500,1000,0,0.0001899889,1.9823445e-05,0.0110004,0.5278298,0.46095982,1.339851e-07
1568,1500,1500,1,0.001139591,2.7664637e-06,0.0013806949,0.13987353,0.8576034,5.457476e-10
1569,1500,1500,1,0.09146365,1.0903416e-05,0.012718115,0.08770376,0.80810356,1.7447126e-08
1570,1500,1500,1,0.0003037389,0.00021584395,0.0046894774,0.21912022,0.7756671,3.6819977e-06
1571,1500,1500,1,0.0001054446,1.640938e-05,0.03822809,0.24091056,0.72073394,5.4754846e-06
1572,1500,1500,1,0.25541893,6.5774425e-06,0.16539668,0.2358939,0.34328392,9.786785e-09
1573,1500,1500,1,0.00010164437,2.3622919e-05,0.053747956,0.1545856,0.7915182,2.2992635e-05
1574,1500,1500,1,0.00019296014,0.0001516446,0.020668933,0.18147837,0.79747653,3.15444e-05
1575,1500,1500,1,3.765175e-05,3.3355136e-06,0.011807999,0.45546126,0.5326897,2.0625661e-08
1576,1500,1500,1,0.06693895,0.00024202734,0.14314632,0.12850596,0.6611488,1.797863e-05
1577,1500,1500,1,0.0011064061,1.0029558e-05,0.016487876,0.24407604,0.7383195,6.1022696e-08
1578,1500,1500,1,0.013662558,1.51822505e-05,0.078898974,0.40803865,0.4993846,1.4250011e-08
1579,1500,1500,1,9.920412e-06,4.1378516e-05,0.0020787455,0.21515156,0.7827172,1.2083126e-06
1580,1500,1500,1,0.0006982678,0.00013549118,0.0053117084,0.19179778,0.80205476,1.991261e-06
1581,1500,1500,1,7.2002413e-06,5.700756e-06,0.0076601747,0.1676678,0.8246585,5.51522e-07
1582,1500,500,0,0.0070027234,1.4874847e-06,0.5043226,0.10575957,0.38291356,8.4939096e-08
1583,1500,1500,1,0.05572772,4.307533e-05,0.025714602,0.116054066,0.80246025,2.837296e-07
1584,1500,1500,1,0.0035538063,0.00034153438,0.09541672,0.19433299,0.70615786,0.00019705154
1585,1500,1500,1,0.0020607586,6.812613e-05,0.010703373,0.26883918,0.7183281,4.535128e-07
1586,1500,1000,0,0.021423586,0.00017080818,0.04832462,0.49358812,0.43649256,3.370234e-07
1587,1500,1000,0,0.006317384,0.00029952862,0.27541786,0.53293556,0.18501227,1.7437384e-05
1588,1500,500,0,0.025811888,0.00018077453,0.7717587,0.13045703,0.071762696,2.8915347e-05
1589,1500,1500,1,0.00079787034,2.465654e-06,0.0020494172,0.13862915,0.8585211,5.2871565e-09
1590,1500,1500,1,1.42134895e-05,7.3519877e-06,0.005275144,0.21507995,0.77962315,1.4632876e-07
1591,1500,1500,1,0.0002643874,2.3476281e-05,0.0043671816,0.19758995,0.7977549,1.3118947e-07
1592,1500,1500,1,4.8768245e-05,8.286083e-06,0.0028682775,0.11272275,0.88435155,3.174515e-07
1593,1500,1500,1,0.0013070708,1.2453769e-06,0.0023995715,0.29872876,0.69756335,2.1496642e-10
1594,1500,1500,1,0.01206059,2.3142056e-06,0.26307994,0.3124767,0.41238052,4.3012438e-08
1595,1500,1500,1,0.00064111815,0.00018375885,0.012896233,0.20280851,0.78345406,1.6372327e-05
1596,1500,1500,1,0.0009383692,3.371533e-05,0.027416313,0.3285545,0.64305586,1.3120125e-06
1597,1500,1500,1,2.0628506e-05,1.4437976e-06,0.0013363723,0.10653123,0.89211035,1.2376277e-08
1598,1500,1500,1,1.1427172e-05,5.937618e-06,0.013044909,0.19586413,0.79107267,9.750989e-07
1599,1500,1500,1,0.00012646065,2.8148139e-05,0.0018765033,0.13693616,0.86103255,1.7484845e-07
1600,1500,1500,1,0.0053324816,4.204538e-05,0.16179328,0.24823384,0.58459693,1.473124e-06
1601,1500,1500,1,1.4047501e-05,1.975409e-06,0.0073840967,0.36200944,0.6305905,2.3750799e-08
1602,1500,1500,1,0.00022215662,1.5187645e-05,0.0051781326,0.15882856,0.8357557,2.4935267e-07
1603,1500,1500,1,0.0042384057,1.6774156e-05,0.007444496,0.21724223,0.77105814,2.6563079e-08
1604,1500,1500,1,0.05513834,0.00019598792,0.0019856992,0.15510687,0.78757304,9.43592e-08
1605,1500,1500,1,0.043558057,0.0018845189,0.081959724,0.17722794,0.6952247,0.00014506164
1606,1500,1500,1,0.00045993383,4.2330194e-05,0.0060308366,0.15145598,0.84201,8.760963e-07
1607,1500,1500,1,0.023497432,3.0644e-05,0.009940547,0.12930073,0.83723056,9.478367e-08
1608,1500,1500,1,0.00071324455,9.134924e-07,0.0033304077,0.19964351,0.7963119,5.2400373e-10
1609,1500,1500,1,0.29388416,9.281404e-07,0.0382668,0.28882435,0.37902382,2.4733016e-10
1610,1500,1500,1,3.566519e-05,4.883932e-07,0.007076425,0.36895105,0.62393636,4.1474335e-09
1611,1500,1500,1,0.013026876,4.5158398e-08,0.06702164,0.33863786,0.58131355,5.4550257e-11
1612,1500,1500,1,8.93398e-05,7.647288e-07,0.0021931538,0.4593553,0.53836143,6.4657935e-10
1613,1500,1500,1,0.0020330485,1.1442651e-06,0.0047808504,0.3129966,0.68018836,8.1716904e-11
1614,1500,1500,1,0.01876261,2.328809e-05,0.004532534,0.24181591,0.73486567,2.9684397e-09
1615,1500,1500,1,5.7794146e-05,7.4321974e-07,0.0016461078,0.28289783,0.7153975,5.177529e-10
1616,1500,1500,1,5.314169e-05,1.3634768e-06,0.018680234,0.3590984,0.62216693,2.6444296e-08
1617,1500,1500,1,0.0001420778,2.5789963e-05,0.014196953,0.16509603,0.82053643,2.7362612e-06
1618,1500,1500,1,0.00014556527,2.133407e-08,0.0003708744,0.11343833,0.88604516,8.0112853e-13
1619,1500,1000,0,0.01544176,1.796008e-05,0.04107466,0.6375745,0.3058911,4.4886797e-08
1620,1500,1500,1,9.7587945e-05,5.745254e-05,0.025068367,0.17528275,0.7994599,3.393271e-05
1621,1500,1500,1,0.00010520262,0.00013701041,0.005006116,0.17393659,0.8208049,1.0162663e-05
1622,1500,1500,1,0.0012716209,0.00037617786,0.003590218,0.14024869,0.85450876,4.5431434e-06
1623,1500,1500,1,0.0002889793,3.4602724e-06,0.005112398,0.0748642,0.9197308,1.17025444e-07
1624,1500,1500,1,0.006718818,0.000563873,0.017467292,0.13524841,0.8399789,2.2776563e-05
1625,1500,1500,1,0.003180388,1.6704938e-06,0.05423412,0.21759994,0.7249839,4.2096254e-08
1626,1500,1500,1,3.833416e-05,6.0490497e-06,0.0006783756,0.11092486,0.88835233,1.106952e-08
1627,1500,1500,1,0.00042160324,1.2062839e-05,0.0047477568,0.13732632,0.857492,2.1588974e-07
1628,1500,500,0,0.0073660538,5.9662616e-05,0.5951175,0.1484012,0.24904187,1.3709557e-05
1629,1500,1500,1,0.00014571688,1.9790525e-06,0.00341821,0.30834976,0.6880843,3.3806002e-09
1630,1500,1500,1,0.0008891649,5.0929666e-05,0.011373807,0.2147171,0.7729687,2.7539525e-07
1631,1500,1500,1,0.0002927934,0.0002579605,0.02277718,0.19317205,0.7833736,0.00012641988
1632,1500,1000,0,0.06835663,2.2854645e-06,0.0032209659,0.5718154,0.35660478,5.3374137e-12
1633,1500,1500,1,0.003543576,7.2275593e-06,0.016158557,0.18935587,0.79093474,2.9272162e-08
1634,1500,1500,1,0.00010413912,7.25836e-05,0.0028536788,0.2261044,0.7708645,7.3080855e-07
1635,1500,1500,1,0.0019728718,4.638936e-05,0.006323602,0.17729165,0.81436527,1.9394642e-07
1636,1500,1000,0,0.059712347,4.915995e-06,0.030443007,0.5817273,0.3281124,1.5378673e-09
1637,1500,1500,1,4.1074785e-05,1.0256701e-06,0.0044903355,0.13945092,0.85601664,1.03661e-08
1638,1500,1500,1,6.6244575e-05,3.855926e-06,0.0396983,0.45460078,0.5056308,4.3008125e-08
1639,1500,1500,1,1.9713094e-05,4.0061135e-05,0.19992666,0.37033048,0.42960808,7.502486e-05
1640,1500,1000,0,9.284207e-05,1.0713067e-06,0.013181119,0.75099105,0.23573394,7.1794765e-10
1641,1500,1500,1,0.0005113881,9.592749e-05,0.011634568,0.15613827,0.831616,3.9098436e-06
1642,1500,1500,1,0.009078898,5.424163e-05,0.13724838,0.39367568,0.4599426,2.1964728e-07
1643,1500,1500,1,8.1052465e-05,3.9159513e-05,0.004726897,0.09599524,0.89915633,1.2903188e-06
1644,1500,1500,1,1.5080393e-05,1.8224988e-06,0.0024422947,0.16348279,0.83405805,1.8302478e-08
1645,1500,1500,1,0.05344908,7.2538925e-05,0.044331152,0.24525578,0.6568914,1.1346205e-07
1646,1500,1500,1,0.00033826,1.3334115e-05,0.025872301,0.2733903,0.7003856,2.8300045e-07
1647,1500,1500,1,0.002146095,3.241834e-06,0.009435437,0.20190375,0.7865115,1.0995683e-08
1648,1500,1000,0,0.00014700228,1.7890738e-07,0.010472709,0.66888374,0.3204964,6.057474e-11
1649,1500,1500,1,0.00748815,3.503276e-05,0.3123406,0.22817884,0.4519534,4.034764e-06
1650,1500,1500,1,0.0007303252,0.00031377032,0.02324248,0.1813999,0.79426837,4.516817e-05
1651,1500,1500,1,0.0012556763,2.7305861e-05,0.13119757,0.1147295,0.75275296,3.7014128e-05
1652,1500,1500,1,0.013249355,1.3653459e-05,0.047150753,0.14979628,0.78979,1.8554548e-08
1653,1500,1500,1,0.0044969413,3.2910836e-07,0.012756897,0.37860337,0.6041425,9.2864556e-11
1654,1500,1500,1,4.202751e-05,1.1746697e-06,0.020477379,0.39093298,0.5885464,3.3204537e-09
1655,1500,1500,1,0.0018656247,2.3199479e-07,0.0039072274,0.30975536,0.6844716,3.4399893e-11
1656,1500,1500,1,0.00033159004,4.5429438e-06,0.004348493,0.28926814,0.70604724,1.1947388e-08
1657,1500,1500,1,7.9431564e-05,1.2118123e-05,0.023199242,0.2660118,0.7106971,3.7826163e-07
1658,1500,1500,1,0.0048833922,0.00093300105,0.005883612,0.14887325,0.8394228,3.9096744e-06
1659,1500,1500,1,0.0013885485,2.8813709e-05,0.105627365,0.16233484,0.73061657,3.8036721e-06
1660,1500,1500,1,2.6562973e-05,2.8473924e-05,0.0292511,0.1934126,0.7772392,4.2053445e-05
1661,1500,1500,1,0.005252477,0.0002999064,0.06683481,0.18795112,0.7396232,3.846233e-05
1662,1500,1500,1,9.958989e-05,1.478711e-05,0.0020042118,0.1045584,0.89332277,1.9244467e-07
1663,1500,1500,1,0.0070361383,0.00024445954,0.016948551,0.09048765,0.88527083,1.2330231e-05
1664,1500,1500,1,0.00015302181,0.00013096379,0.0024903417,0.12984946,0.8673747,1.5684017e-06
1665,1500,0,0,0.7858232,2.796278e-06,0.03153335,0.014064286,0.1685764,8.399961e-09
1666,1500,1500,1,0.0004744244,3.5833484e-05,0.006692782,0.1156125,0.8771836,8.800818e-07
1667,1500,1500,1,0.0018007798,0.004949461,0.038677234,0.114006445,0.8360815,0.0044846055
1668,1500,1000,0,0.00021279721,7.0847e-08,0.010346082,0.84939396,0.14004706,1.6097307e-12
1669,1500,1500,1,0.0010890127,1.2930008e-06,0.0037699824,0.36394927,0.6311904,2.0553467e-10
1670,1500,1500,1,0.0019205364,1.8285086e-06,0.03967979,0.4175436,0.5408543,4.8885407e-09
1671,1500,1500,1,0.00021616093,2.564721e-06,0.0034861297,0.18345897,0.81283617,1.3377189e-08
1672,1500,500,0,0.05477133,9.896016e-06,0.4710265,0.20936158,0.26483047,2.714335e-07
1673,1500,1500,1,0.0026345192,0.00013798187,0.012732858,0.20083337,0.78366095,3.0034616e-07
1674,1500,1500,1,0.03556845,0.03859357,0.007950614,0.24467762,0.67315686,5.288442e-05
1675,1500,1500,1,0.00016451639,0.0004016734,0.026827177,0.40002838,0.5725342,4.4021726e-05
1676,1500,1500,1,0.05361801,3.9813087e-05,0.04458859,0.32027128,0.5814822,6.5331065e-08
1677,1500,0,0,0.4637606,4.014395e-06,0.31524724,0.047575854,0.17341208,6.1994456e-08
1678,1500,1500,1,0.0024643443,0.00094736775,0.014713019,0.15038803,0.831409,7.828246e-05
1679,1500,1500,1,4.5643712e-05,3.976689e-06,0.004106483,0.14997043,0.84587336,6.076815e-08
1680,1500,500,0,0.29309613,0.00023909388,0.30200487,0.10849592,0.29615778,6.186884e-06
1681,1500,1500,1,3.7205802e-05,1.1630363e-05,0.0013502308,0.10242173,0.8961791,1.4027704e-07
1682,1500,1500,1,0.001895262,3.7918922e-05,0.008426862,0.11008921,0.8795504,4.1862887e-07
1683,1500,1500,1,0.000100854515,2.6904745e-06,0.0011486317,0.10399661,0.8947512,1.4209478e-08
1684,1500,1500,1,0.009587287,2.7797372e-05,0.03006017,0.25859898,0.7017257,9.778765e-08
1685,1500,1500,1,0.00119878,7.774779e-06,0.14225326,0.14133033,0.7152078,2.0046657e-06
1686,1500,1500,1,3.1386917e-05,2.2632605e-05,0.011460686,0.20714071,0.7813408,3.8382427e-06
1687,1500,1000,0,0.00015292427,3.0443582e-06,0.0020136312,0.55735534,0.44047505,1.5510294e-09
1688,1500,1500,1,0.00030936912,0.00022588104,0.1001819,0.26936102,0.62935644,0.00056545465
1689,1500,1500,1,0.0046296646,7.988365e-05,0.02727034,0.1403433,0.8276751,1.6745903e-06
1690,1500,1500,1,0.0006766985,3.7162129e-06,0.011346161,0.13061544,0.85735786,6.190295e-08
1691,1500,1500,1,0.04787655,4.7217454e-05,0.24087621,0.10301925,0.6081761,4.6367754e-06
1692,1500,1500,1,4.959722e-05,9.4362093e-07,0.005314585,0.3437415,0.65089333,1.7298346e-09
1693,1500,1000,0,0.0027237094,2.6555938e-06,0.023215393,0.66526634,0.30879188,5.428046e-09
1694,1500,1000,0,0.0009867186,3.7686338e-08,0.00025403226,0.8089194,0.18983974,3.041788e-14
1695,1500,1000,0,0.0009973176,3.921084e-05,0.015862986,0.57394266,0.40915766,1.14855084e-07
1696,1500,1000,0,0.31417015,2.7892153e-07,0.03618097,0.53073114,0.11891742,8.6398553e-13
1697,1500,1500,1,0.00034763807,1.3775739e-06,0.009394466,0.39184025,0.59841627,1.9480528e-09
1698,1500,1500,1,0.001631274,0.0001483598,0.0041247075,0.36430052,0.62979484,2.883867e-07
1699,1500,1000,0,0.017926272,1.3883884e-05,0.008360902,0.6107046,0.36299428,4.2476878e-10
1700,1500,1500,1,0.00040444193,1.1545935e-06,0.0029510122,0.38324147,0.6134019,1.6062537e-10
1701,1500,1500,1,7.459712e-06,4.535457e-06,0.016458035,0.21510245,0.76842505,2.4709839e-06
1702,1500,1500,1,0.00016810361,1.9062201e-05,0.014421292,0.3672985,0.61809266,3.3188329e-07
1703,1500,1000,0,0.00019882177,1.9447183e-05,0.01604567,0.5021255,0.48161036,1.6192283e-07
1704,1500,1500,1,8.9029854e-05,1.3104099e-06,0.0023297765,0.26044753,0.73713243,3.2096716e-09
1705,1500,1500,1,7.981681e-05,7.2818686e-05,0.023329144,0.19099006,0.78548205,4.6153913e-05
1706,1500,1500,1,0.00015708599,7.688348e-07,0.057043307,0.166558,0.7762407,1.4576214e-07
1707,1500,1500,1,0.00013036955,4.5291235e-05,0.01557766,0.33012867,0.65411484,3.128542e-06
1708,1500,1500,1,0.00019516371,1.20612585e-05,0.014927614,0.24651739,0.7383473,4.1962244e-07
1709,1500,1500,1,0.00029062908,9.7861055e-05,0.0052314107,0.1613527,0.8330237,3.7078657e-06
1710,1500,1500,1,0.00012612095,2.6036298e-06,0.024736006,0.28155205,0.693583,1.5762495e-07
1711,1500,1500,1,0.0013081883,5.6250337e-05,0.15807076,0.20985961,0.6306587,4.657006e-05
1712,1500,1500,1,0.070102625,5.0795945e-05,0.28367743,0.15197988,0.49418747,1.8041111e-06
1713,1500,1500,1,0.06484715,7.422056e-06,0.11475958,0.15169373,0.668692,5.5054972e-08
1714,1500,1500,1,0.00033715315,2.7011198e-05,0.006483788,0.119409464,0.87374187,7.089102e-07
1715,1500,1500,1,0.00022207499,7.0678914e-05,0.029992322,0.18805952,0.78161645,3.892064e-05
1716,1500,1000,0,1.9719064e-05,1.2249235e-06,0.018319003,0.7781286,0.20353132,6.2540355e-09
1717,1500,1000,0,1.957299e-05,5.2942838e-08,0.0035118922,0.85451865,0.14194986,1.5218342e-11
1718,1500,1000,0,0.0006777936,4.569366e-07,0.0040754974,0.54654324,0.448703,1.8700463e-10
1719,1500,1500,1,0.0019089606,6.7968717e-06,0.14076684,0.39000815,0.46730912,6.4558144e-08
1720,1500,1000,0,0.000284002,3.7572963e-06,0.0107286,0.7342269,0.25475678,1.0355599e-08
1721,1500,1000,0,0.00012013013,7.818235e-06,0.03405487,0.74066097,0.22515617,1.2393808e-07
1722,1500,1500,1,0.0001608452,4.240595e-07,0.0077363905,0.45650434,0.53559804,9.0360774e-10
1723,1500,1000,0,0.023160473,3.1414097e-06,0.018672775,0.59584534,0.36231825,9.209003e-10
1724,1500,1500,1,9.380035e-06,3.0046326e-07,0.006535179,0.49298397,0.5004712,4.8918053e-10
1725,1500,1000,0,0.00019555553,1.1354003e-08,0.0001697958,0.87225044,0.12738416,5.6969073e-15
1726,1500,1500,1,0.0006550555,8.1794955e-05,0.017246937,0.2314953,0.7505176,3.3063388e-06
1727,1500,1500,1,3.8207192e-05,7.684815e-07,0.004020679,0.47304207,0.52289826,2.4997502e-09
1728,1500,1500,1,5.0550552e-05,1.5081808e-06,0.0051388987,0.48504037,0.5097687,2.541235e-09
1729,1500,1500,1,0.00012675776,5.5182177e-06,0.007012015,0.39172277,0.6011329,8.676015e-09
1730,1500,1000,0,0.0009506797,3.0272005e-07,0.0027187096,0.73480254,0.26152775,1.3824406e-11
1731,1500,500,0,0.010831767,9.0084985e-05,0.6718725,0.13121888,0.18592328,6.352243e-05
1732,1500,1500,1,0.00044036686,2.3968898e-05,0.2968078,0.2948173,0.4078889,2.1724836e-05
1733,1500,500,0,0.007779948,0.0014184256,0.63225263,0.17169224,0.18469496,0.002161749
1734,1500,1500,1,2.7193077e-05,0.00010659433,0.019989826,0.15874079,0.82087725,0.00025829222
1735,1500,1500,1,0.014045085,0.0001348946,0.11035177,0.2126198,0.66282845,1.995832e-05
1736,1500,500,0,0.0014938433,4.9647515e-06,0.46050313,0.09199742,0.44599247,8.169309e-06
1737,1500,500,0,0.05111169,7.667125e-05,0.7439437,0.04421045,0.16062163,3.584521e-05
1738,1500,1500,1,0.01195785,0.0016155505,0.31839854,0.23013143,0.43754146,0.00035523268
1739,1500,1500,1,0.020936588,0.00022277253,0.093762554,0.14498152,0.7400545,4.20931e-05
1740,1500,1500,1,0.0003459254,0.015255807,0.027610237,0.19748649,0.74249613,0.016805388
1741,1500,1500,1,0.001400331,0.0007998799,0.021303805,0.19433612,0.78206235,9.748742e-05
1742,1500,1500,1,0.00063543563,0.0020032527,0.16386773,0.16116416,0.6485574,0.02377194
1743,1500,1500,1,0.004355628,1.9495881e-05,0.013001749,0.13718376,0.84543914,2.3324904e-07
1744,1500,1500,1,0.00044795158,4.0605806e-05,0.017142143,0.36566037,0.61670846,4.509977e-07
1745,1500,1500,1,2.5381294e-05,9.070882e-06,0.0010404842,0.089099355,0.90982556,1.11207456e-07
1746,1500,1500,1,0.0008342636,3.6483405e-05,0.01624736,0.22420321,0.7586773,1.3482205e-06
1747,1500,1500,1,1.7539904e-06,3.2792834e-06,0.0014847397,0.15720813,0.841302,1.1847348e-07
1748,1500,1500,1,0.04680285,2.6664184e-06,0.04923313,0.16259725,0.74136406,4.4380966e-09
1749,1500,1500,1,4.838206e-05,7.523918e-06,0.0019097239,0.13938634,0.8586479,7.4043534e-08
1750,1500,1500,1,0.0489801,1.3126344e-05,0.09394348,0.16494004,0.69212323,7.856455e-08
1751,1500,1500,1,0.0001638588,1.5901016e-06,0.0043729884,0.15026464,0.8451969,9.210256e-09
1752,1500,1500,1,6.45773e-06,9.496634e-07,0.0027585386,0.20825532,0.7889787,3.3701915e-09
1753,1500,1500,1,0.00015470335,5.374754e-06,0.0059778076,0.1046395,0.88922244,1.9557145e-07
1754,1500,1500,1,0.0007165972,2.41e-05,0.06364766,0.3889891,0.5466213,1.143639e-06
1755,1500,1500,1,0.0002073253,2.9866687e-06,0.00025295347,0.25977647,0.7397603,6.140031e-11
1756,1500,1500,1,0.0015489986,6.6707275e-05,0.066673234,0.27110505,0.66059893,7.0549804e-06
1757,1500,1500,1,0.0006642321,0.000108035885,0.039743416,0.16710241,0.7923607,2.1177457e-05
1758,1500,1500,1,0.0027315398,1.1609651e-05,0.024499016,0.311823,0.6609347,1.9205717e-07
1759,1500,1500,1,0.06612207,2.3987765e-05,0.03342157,0.16239087,0.73804146,6.1754314e-08
1760,1500,1500,1,3.8681177e-05,2.341148e-05,0.0056607584,0.11989916,0.87437487,3.1632362e-06
1761,1500,1500,1,0.0003426234,1.4873983e-05,0.0014823868,0.1578749,0.84028524,2.7064578e-08
1762,1500,1500,1,0.0077218087,1.4226193e-05,0.4064475,0.17868532,0.4071291,2.0200714e-06
1763,1500,1500,1,0.017208839,3.5737175e-05,0.044017185,0.1265743,0.81216335,5.36119e-07
1764,1500,1500,1,0.0001319603,0.0001302556,0.003643986,0.14943573,0.84665084,7.282813e-06
1765,1500,1500,1,0.00024802223,3.8847516e-05,0.008377903,0.18431945,0.8070147,1.1008849e-06
1766,1500,1500,1,0.0036262504,0.00016367604,0.11138655,0.22036092,0.6643985,6.414165e-05
1767,1500,1500,1,0.0005292767,0.00024021795,0.08534933,0.23119985,0.6826041,7.722254e-05
1768,1500,1500,1,0.036186535,7.2645504e-05,0.15416838,0.24357012,0.56600124,1.0573698e-06
1769,1500,1000,0,0.007443513,5.4820957e-06,0.06177528,0.49976766,0.4310081,5.527503e-09
1770,1500,1000,0,0.0052360506,5.7821544e-05,0.2372853,0.46016255,0.2972575,7.5962373e-07
1771,1500,1500,1,0.0015983927,6.5180993e-06,0.02844725,0.456459,0.5134888,4.5647315e-08
1772,1500,1500,1,0.014050142,1.9816718e-05,0.2652462,0.2618181,0.45886523,5.451154e-07
1773,1500,1500,1,0.000114190836,4.402052e-06,0.015650917,0.36072257,0.62350786,8.7678856e-08
1774,1500,1500,1,0.002820732,3.4104162e-06,0.095650494,0.2644974,0.6370279,1.3054616e-08
1775,1500,1500,1,0.005604715,1.336768e-05,0.38430122,0.1935691,0.41650867,2.961853e-06
1776,1500,1500,1,0.0016236111,6.07722e-06,0.01241893,0.1243863,0.8615651,3.8570924e-08
1777,1500,1500,1,0.0011387961,2.6811472e-06,0.0022384634,0.43130276,0.56531733,3.9259243e-10
1778,1500,1500,1,0.030375186,4.6340488e-06,0.024985624,0.25677535,0.6878592,1.0241409e-08
1779,1500,1500,1,0.0012790565,2.918154e-05,0.00729027,0.27643344,0.714968,8.7932364e-08
1780,1500,1000,0,0.25835317,4.833698e-05,0.061653655,0.34668022,0.33326468,2.273919e-08
1781,1500,1500,1,0.0055465885,3.0589334e-05,0.03512544,0.44797197,0.5113252,2.277268e-07
1782,1500,1500,1,0.0006499207,2.6660434e-06,0.04628152,0.285136,0.66792995,2.9240212e-08
1783,1500,1000,0,0.005642579,1.7489481e-06,0.001016294,0.8824021,0.110937156,3.1525613e-12
1784,1500,1000,0,3.15055e-05,8.426212e-09,3.5140423e-05,0.8284604,0.17147298,1.984608e-15
1785,1500,1000,0,0.0020482284,5.1651017e-07,0.004291814,0.6892799,0.3043796,1.0431498e-11
1786,1500,1000,0,1.0826326e-05,1.6127639e-07,0.00022027345,0.8764823,0.123286486,3.968613e-12
1787,1500,1500,1,0.00010070094,2.3139468e-07,0.0017220731,0.4168739,0.5813031,1.0137581e-10
1788,1500,1000,0,0.18009527,1.2711232e-05,0.07747347,0.4830222,0.25939637,4.123453e-09
1789,1500,1500,1,0.00086100143,2.9388284e-06,0.000119026816,0.42379534,0.57522166,1.5166526e-11
1790,1500,1500,1,0.00014342689,1.0218708e-05,0.006499983,0.4452533,0.5480931,2.4721748e-08
1791,1500,1000,0,0.0012023736,6.233093e-06,0.011362644,0.57583094,0.4115978,1.2864884e-08
1792,1500,1000,0,7.756424e-05,9.5333877e-07,0.0037139168,0.6184303,0.37777722,2.169047e-10
1793,1500,1500,1,0.00022951457,1.9242216e-06,0.014930266,0.34131512,0.6435232,1.81929e-08
1794,1500,1500,1,0.00020967101,3.381273e-07,0.003665818,0.26555803,0.7305662,1.3464808e-10
1795,1500,1000,0,2.8078528e-05,9.278833e-08,0.0035527656,0.8174199,0.17899919,1.5416488e-11
1796,1500,1000,0,0.07669067,3.2354998e-05,0.09684371,0.5891287,0.23730458,5.291521e-09
1797,1500,1000,0,0.005383909,9.964954e-07,0.015817823,0.68070483,0.29809245,5.7556234e-11
1798,1500,1500,1,4.2307824e-05,4.0250538e-07,0.0011365829,0.23806891,0.76075184,1.68704e-10
1799,1500,1000,0,0.0015199085,5.3565867e-07,0.010859687,0.69159204,0.29602787,1.1020652e-10
1800,1500,0,0,0.8817285,5.66859e-07,0.06476926,0.034947578,0.018554179,2.087567e-10
1801,1500,1000,0,0.06347463,8.860407e-07,0.00078966905,0.63673407,0.29900074,2.0251344e-12
1802,1500,1000,0,0.000910105,2.2015561e-07,0.0016842918,0.8712492,0.12615609,3.4290914e-12
1803,1500,1500,1,0.00019072341,5.669822e-07,0.0022959749,0.3398607,0.657652,7.397955e-10
1804,1500,1500,1,1.0740512e-05,1.2673478e-06,0.003765199,0.27007043,0.72615236,2.8115219e-08
1805,1500,1500,1,0.00059533556,9.077225e-06,0.01343874,0.10399128,0.88196516,4.5970845e-07
1806,1500,1500,1,0.0023124616,3.2408294e-05,0.06654523,0.32161945,0.6094902,1.4547574e-07
1807,1500,1500,1,0.0008136264,9.744479e-06,0.0069695306,0.14171033,0.8504967,8.467159e-08
1808,1500,1500,1,0.004224375,7.230738e-05,0.09241295,0.14177422,0.76150584,1.0326845e-05
1809,1500,1500,1,0.0013562882,9.6850315e-05,0.014798659,0.17294717,0.8107976,3.4410468e-06
1810,1500,1500,1,0.0010221142,8.261485e-05,0.01829635,0.14208764,0.8385042,7.069722e-06
1811,1500,1500,1,8.500923e-05,4.1653057e-06,0.010112903,0.44271693,0.547081,3.3704563e-08
1812,1500,1500,1,0.00018916525,9.915189e-06,0.025644952,0.462462,0.5116938,1.981243e-07
1813,1500,1500,1,0.0006040253,6.6313014e-06,0.005342006,0.1716593,0.82238805,3.8607105e-08
1814,1500,1500,1,0.00045981712,1.2208454e-05,0.017655408,0.2914177,0.690454,9.2309006e-07
1815,1500,1500,1,0.0009327988,2.5903514e-06,0.024570279,0.3040097,0.67048466,1.9437595e-08
1816,1500,1500,1,0.23223947,9.3844415e-07,0.052184183,0.34669963,0.3688758,4.809924e-10
1817,1500,1500,1,0.020464052,1.7200106e-05,0.17288013,0.19243868,0.61419916,8.1230064e-07
1818,1500,1500,1,4.725895e-05,8.603064e-06,0.020206688,0.23724501,0.7424915,9.237925e-07
1819,1500,1500,1,0.0029971453,9.067782e-06,0.009860579,0.42940387,0.5577293,2.9894075e-08
1820,1500,500,0,0.0003676292,1.7029035e-06,0.4272088,0.33465174,0.23777002,5.9689775e-08
1821,1500,1500,1,0.0005240357,3.2284406e-05,0.08079771,0.17324741,0.7453912,7.357335e-06
1822,1500,1000,0,0.0035429078,1.3902053e-05,0.041080542,0.4854946,0.46986794,1.7159819e-07
1823,1500,1500,1,0.00020828946,2.9590223e-07,0.0040457025,0.3707235,0.62502223,1.9158607e-10
1824,1500,1500,1,1.1854777e-05,7.444895e-08,0.0022089735,0.20379765,0.7939814,9.9995144e-11
1825,1500,1000,0,1.589066e-05,4.7991882e-08,0.0009098731,0.6248227,0.37425148,1.2081477e-12
1826,1500,0,0,0.48888555,4.2807324e-06,0.08550962,0.26377094,0.16182964,2.465196e-09
1827,1500,1500,1,0.00056902104,6.3440752e-06,0.0052331844,0.44428617,0.54990524,5.6999347e-09
1828,1500,1500,1,0.036639422,1.1326306e-05,0.009624848,0.4405775,0.51314694,9.1098684e-10
1829,1500,1000,0,0.03219344,1.5983431e-06,0.25463957,0.36867648,0.3444889,1.0194598e-08
1830,1500,1000,0,0.0024208263,7.7649315e-07,0.13812687,0.74900293,0.11044862,8.6304736e-10
1831,1500,1500,1,9.182018e-06,2.6437567e-07,0.00085305754,0.118804984,0.8803326,6.265128e-10
1832,1500,1500,1,3.885453e-05,4.8297954e-07,0.0002859215,0.07706214,0.9226126,2.6767724e-10
1833,1500,1500,1,0.0015580504,9.837025e-05,0.0012035777,0.31274617,0.6843938,1.1932747e-08
1834,1500,1500,1,0.014697476,2.5713145e-05,0.03823898,0.3053142,0.64172345,1.4516432e-07
1835,1500,1000,0,7.349797e-05,2.0834602e-06,0.004214779,0.6554868,0.3402228,1.0278256e-09
1836,1500,1500,1,4.3110842e-05,1.7621048e-06,0.011464289,0.19546705,0.79302365,5.184238e-08
1837,1500,1500,1,0.00019888126,2.1565527e-05,0.0026784474,0.11785257,0.8792482,3.522435e-07
1838,1500,1500,1,0.001225762,8.037401e-05,0.07732281,0.17473255,0.746612,2.6395315e-05
1839,1500,0,0,0.793162,0.003950049,0.08422756,0.03916974,0.07936947,0.00012133901
1840,1500,1500,1,0.0010157174,5.193843e-05,0.024270395,0.20612997,0.7685277,4.287913e-06
1841,1500,1500,1,0.004897637,2.27899e-06,0.038179558,0.32794076,0.62897974,1.0126516e-08
1842,1500,1500,1,2.676777e-05,1.2660048e-06,0.004927379,0.17775948,0.8172851,2.1439806e-08
1843,1500,1500,1,0.0034678709,2.022066e-05,0.28150755,0.26011905,0.45488247,2.7682509e-06
1844,1500,500,0,0.34350455,2.3855032e-08,0.49061924,0.019556183,0.14631994,1.6215286e-10
1845,1500,1500,1,0.0002495502,6.391438e-05,0.015183444,0.23202305,0.75247663,3.3981123e-06
1846,1500,1000,0,0.0098178955,1.2713282e-05,0.027437706,0.7116969,0.25103474,1.0412026e-08
1847,1500,1500,1,0.0003025708,2.6042493e-05,0.08426945,0.14873521,0.766656,1.0719524e-05
1848,1500,500,0,0.06500878,1.9378394e-05,0.41435426,0.2661113,0.25450602,2.4677462e-07
1849,1500,1500,1,0.107406974,0.0004036378,0.07324059,0.19621696,0.6227242,7.647743e-06
1850,1500,1500,1,0.00082250073,7.017762e-05,0.01972454,0.20928079,0.77010095,9.883397e-07
1851,1500,1500,1,0.00045327432,0.00014726781,0.14033823,0.32173783,0.53729624,2.7218875e-05
1852,1500,1500,1,0.017676292,0.00012429224,0.038113274,0.25974557,0.6843377,2.8443937e-06
1853,1500,1500,1,0.015316636,1.0480484e-06,0.020759052,0.112909414,0.8510139,2.0069133e-09
1854,1500,1500,1,0.0031880399,5.719657e-06,0.18346997,0.06313075,0.75020367,1.8288516e-06
1855,1500,1500,1,0.36289808,0.002929852,0.018870503,0.0922717,0.52301395,1.5895974e-05
1856,1500,500,0,0.028827926,1.39843705e-05,0.69408965,0.0594568,0.217607,4.6004075e-06
1857,1500,500,0,0.0011275485,1.5989453e-05,0.6826935,0.10965476,0.2064795,2.8720477e-05
1858,1500,1500,1,0.0024595584,9.871725e-06,0.11644621,0.41464958,0.46643475,3.3155843e-08
1859,1500,1500,1,3.4277156e-05,9.500104e-06,0.002060504,0.18562266,0.8122729,9.553735e-08
1860,1500,1500,1,0.00016873251,3.3495173e-06,0.006337525,0.16543238,0.82805794,1.7461472e-08
1861,1500,1500,1,0.29751313,3.196431e-08,0.070468836,0.029804247,0.6022137,1.956248e-11
1862,1500,1500,1,0.00016192337,9.973435e-06,0.09343263,0.22962855,0.6767626,4.3602763e-06
1863,1500,1000,0,0.002289953,2.1135384e-06,0.0068360805,0.8582134,0.13265839,7.1998274e-10
1864,1500,1000,0,0.0005424626,1.5322114e-05,0.34233025,0.3678895,0.28922114,1.2723458e-06
1865,1500,1500,1,0.0009358528,2.2494849e-06,0.008079486,0.14968702,0.8412954,7.705095e-09
1866,1500,1500,1,0.002144548,1.2692148e-05,0.102313146,0.16304356,0.73248446,1.6347668e-06
1867,1500,1000,0,0.0003980351,1.5531884e-06,0.04202724,0.49713156,0.4604416,9.195748e-09
1868,1500,1500,1,0.0006714214,5.0797367e-05,0.004632938,0.29574287,0.69890165,4.0313526e-07
1869,1500,1500,1,0.00075752643,5.3173695e-05,0.0450291,0.24212487,0.7120288,6.507051e-06
1870,1500,1500,1,0.0010082697,1.0493999e-05,0.16754831,0.27832985,0.55310124,1.9382662e-06
1871,1500,1500,1,0.007236794,3.960124e-05,0.06443335,0.11855635,0.8097304,3.503729e-06
1872,1500,0,0,0.57198143,8.075547e-06,0.14644293,0.09138028,0.19018729,2.5309788e-08
1873,1500,1500,1,0.0002609608,2.7423466e-06,0.0024011475,0.44948417,0.54785097,7.2025136e-10
1874,1500,1000,0,6.496586e-05,2.5071149e-08,0.0023834475,0.8214774,0.17607406,1.9218855e-13
1875,1500,1500,1,2.2043321e-05,1.2842015e-06,0.0031541714,0.11167141,0.8851511,2.7389502e-08
1876,1500,1500,1,3.6498906e-05,3.960827e-07,0.005022438,0.10251017,0.89243054,4.891924e-09
1877,1500,1000,0,0.006341908,1.0433237e-06,0.4078687,0.47923446,0.10655386,7.355162e-09
1878,1500,1500,1,0.0077601396,5.1688396e-05,0.17793825,0.25302306,0.5612248,1.9760444e-06
1879,1500,1500,1,5.308396e-06,3.2563923e-05,0.005247415,0.12402445,0.8706758,1.439692e-05
1880,1500,1500,1,0.0107597485,1.163861e-06,0.011965878,0.24775794,0.7295152,9.798417e-10
1881,1500,1000,0,0.081888296,2.4991521e-05,0.22166175,0.35615978,0.34026507,9.91827e-08
1882,1500,1000,0,5.0731138e-05,1.2847437e-06,0.06217472,0.49396428,0.44380897,1.6109825e-08
1883,1500,1000,0,0.00059745857,5.2229575e-06,0.0065500387,0.7376901,0.25515717,1.7763243e-09
1884,1500,1000,0,2.0588222e-05,7.768031e-09,0.00010765628,0.91518974,0.08468199,2.168045e-15
1885,1500,1500,1,3.280029e-05,7.170345e-07,0.004284468,0.46564004,0.530042,3.8723846e-09
1886,1500,1000,0,0.00025247355,2.9472058e-06,0.0023944022,0.54003114,0.45731908,9.97293e-10
1887,1500,1500,1,0.0015007214,4.737672e-06,0.07128537,0.4554282,0.47178096,3.736041e-08
1888,1500,1500,1,0.00063017907,2.0997597e-06,0.049514733,0.23100531,0.7188476,4.8113915e-08
1889,1500,1500,1,0.0074080178,1.4463473e-05,0.33298025,0.19241297,0.46718243,1.925866e-06
1890,1500,1500,1,0.00012718274,5.9616345e-05,0.080870636,0.39921245,0.51971585,1.4273523e-05
1891,1500,1500,1,7.2536954e-05,1.9869914e-05,0.005180316,0.10891911,0.885807,1.121879e-06
1892,1500,1500,1,0.00013647378,1.34189495e-05,0.013532609,0.189811,0.7965056,8.250575e-07
1893,1500,1500,1,7.6324e-05,4.771845e-05,0.012295407,0.14625706,0.84131545,7.984256e-06
1894,1500,1500,1,8.385728e-05,6.0966813e-05,0.020766815,0.15634842,0.82272214,1.7815466e-05
1895,1500,1500,1,0.009175256,3.548171e-05,0.014988104,0.34224945,0.6335514,2.4958902e-07
1896,1500,1500,1,4.6281435e-05,7.830905e-06,0.16123885,0.2125741,0.62612456,8.420609e-06
1897,1500,1500,1,0.0062493705,0.0005825243,0.06129121,0.16144189,0.7703326,0.00010241165
1898,1500,1500,1,0.00068231893,0.00017014789,0.11314141,0.41237602,0.4735948,3.539252e-05
1899,1500,1500,1,0.0009804025,0.00015581134,0.13926052,0.15043412,0.70885676,0.0003123628
1900,1500,1500,1,0.0051014447,0.0032063723,0.2688821,0.18436407,0.52996045,0.008485518
1901,1500,1500,1,0.0011005008,5.250996e-05,0.0627514,0.16582632,0.77026486,4.4189724e-06
1902,1500,1500,1,0.00019602699,0.0022924445,0.042017262,0.22427395,0.73021656,0.0010037668
1903,1500,1000,0,5.6767465e-05,1.475592e-06,0.0033450483,0.75788885,0.2387078,1.9018562e-09
1904,1500,1500,1,0.0056051137,1.2828365e-07,0.00892155,0.26249328,0.7229799,3.743804e-11
1905,1500,1500,1,4.1558862e-05,4.082722e-06,0.005529049,0.21566595,0.7787593,8.072711e-08
1906,1500,1500,1,0.0017703995,1.4691938e-06,0.05264585,0.32857126,0.617011,5.4273093e-09
1907,1500,1500,1,0.008209775,4.940833e-05,0.05581167,0.20237994,0.7335449,4.395958e-06
1908,1500,1500,1,0.0015712477,1.4731993e-05,0.02913894,0.45851618,0.5107584,4.5301758e-07
1909,1500,1500,1,8.603447e-05,2.5792577e-05,0.008876551,0.14629297,0.8447163,2.321356e-06
1910,1500,1500,1,0.04759486,0.00016079076,0.105405055,0.31920397,0.5276289,6.4035444e-06
1911,1500,1500,1,0.0054495963,0.00024655537,0.3735842,0.19875571,0.4218888,7.5154734e-05
1912,1500,500,0,0.00889705,1.8091509e-05,0.8057801,0.062247526,0.12304102,1.6108992e-05
1913,1500,1500,1,0.00021540426,5.938635e-05,0.08081442,0.1721944,0.7465203,0.00019612521
1914,1500,1500,1,0.0005379361,0.00017176491,0.07526158,0.29195815,0.63200545,6.506821e-05
1915,1500,500,0,0.0015584233,0.0010014798,0.5362297,0.21867764,0.2383396,0.0041931057
1916,1500,1500,1,0.0038259458,0.00023214055,0.07261538,0.14020655,0.7830655,5.454554e-05
1917,1500,1500,1,2.344359e-05,6.6837865e-06,0.005854373,0.31234163,0.6817736,2.3241456e-07
1918,1500,1500,1,0.00022136832,8.4386875e-06,0.003861581,0.30119115,0.69471747,3.1917885e-08
1919,1500,1500,1,0.0017897541,6.6079783e-06,0.029090542,0.17253044,0.7965824,1.9245054e-07
1920,1500,1500,1,0.0015416736,8.061615e-05,0.043506846,0.3444921,0.6103756,3.3011127e-06
1921,1500,1500,1,0.0020687415,1.8594619e-06,0.008280204,0.25117192,0.73847723,5.146774e-09
1922,1500,1500,1,1.9545672e-05,8.754881e-06,0.0063021625,0.36283702,0.630832,5.5244124e-07
1923,1500,1500,1,3.3615047e-06,3.0531473e-07,0.0021118901,0.12738743,0.870497,8.136999e-09
1924,1500,1500,1,0.002166401,1.2982398e-06,0.0036226504,0.11972421,0.87448543,2.3388502e-09
1925,1500,1000,0,0.00015376965,8.361097e-06,0.026501676,0.5996578,0.37367842,2.3109525e-08
1926,1500,1500,1,0.0066173556,4.609051e-06,0.20725583,0.35512647,0.43099564,8.00973e-08
1927,1500,1500,1,0.00046841774,1.8667133e-05,0.03661989,0.31348258,0.6494087,1.7425695e-06
1928,1500,1500,1,0.05742552,0.00028713333,0.24855848,0.26780546,0.42591226,1.1218547e-05
1929,1500,1500,1,4.860643e-05,2.9469203e-07,0.005397026,0.22130655,0.7732476,1.4574628e-09
1930,1500,1500,1,0.00038683313,1.2253477e-05,0.026118224,0.288288,0.68519443,2.3084576e-07
1931,1500,1500,1,0.23477338,1.9477204e-06,0.20299433,0.21343862,0.34879172,7.847752e-09
1932,1500,1500,1,0.00092508906,1.8363207e-05,0.029287152,0.16568966,0.80407864,1.1157862e-06
1933,1500,1500,1,1.5047741e-05,3.1064317e-06,0.0026023583,0.19476011,0.80261934,4.3836128e-08
1934,1500,1500,1,2.3796118e-05,3.1693726e-05,0.0067444327,0.11356858,0.87962526,6.17734e-06
1935,1500,1500,1,0.00021200477,0.00013414808,0.015159473,0.20901328,0.77544695,3.4165783e-05
1936,1500,1500,1,0.00025667477,2.8172738e-06,0.0027198086,0.12309632,0.8739244,1.6295568e-08
1937,1500,1500,1,0.0112881325,0.00011219792,0.24210757,0.2929596,0.45352516,7.3695833e-06
1938,1500,1500,1,0.00023513092,3.385572e-06,0.00904379,0.12322763,0.86749005,3.9935063e-08
1939,1500,1500,1,0.029081542,1.0619441e-05,0.06730112,0.2296361,0.67397046,9.3973355e-08
1940,1500,1500,1,3.366926e-05,1.0562745e-05,0.00998592,0.17807835,0.8118911,3.9904154e-07
1941,1500,1500,1,0.0036453663,2.4576952e-05,0.016019559,0.16556925,0.8147409,4.1322062e-07
1942,1500,1500,1,0.00081869285,0.00013271016,0.29206905,0.21559429,0.491149,0.000236182
1943,1500,1500,1,0.00037983694,4.4668035e-05,0.025556244,0.2167819,0.7572284,8.9246905e-06
1944,1500,1500,1,0.0028486794,3.6779722e-06,0.010775188,0.32405794,0.66231453,1.3509176e-08
1945,1500,1500,1,9.656846e-06,1.1994311e-05,0.0041904747,0.3716191,0.62416846,2.8648518e-07
1946,1500,1500,1,6.348893e-05,6.59386e-06,0.0114106545,0.10174918,0.88676846,1.6292194e-06
1947,1500,1500,1,5.0391955e-05,2.6590324e-05,0.0087368265,0.13911806,0.8520598,8.365047e-06
1948,1500,1500,1,0.00020600598,8.658721e-06,0.03609396,0.23765185,0.726039,5.255565e-07
1949,1500,1500,1,0.0016171131,2.1868002e-05,0.010004668,0.27118683,0.7171693,2.8838275e-07
1950,1500,1500,1,0.00025887846,2.0934716e-05,0.0074446443,0.17842925,0.81384563,6.4637385e-07
1951,1500,1500,1,0.013839061,1.5212351e-05,0.043854058,0.28622726,0.65606433,1.0084644e-07
1952,1500,1500,1,0.011601632,4.0003433e-06,0.0094478605,0.18093434,0.79801214,1.057781e-08
1953,1500,1500,1,0.00047189684,1.4057296e-05,0.010682307,0.14435951,0.8444713,9.349592e-07
1954,1500,1500,1,8.684055e-06,8.293767e-06,0.012602334,0.33504465,0.65233546,5.13796e-07
1955,1500,1500,1,2.0640722e-05,1.2389187e-05,0.007117247,0.49350384,0.49934575,1.5456223e-07
1956,1500,1500,1,0.00015298475,1.3909533e-06,0.008875844,0.4477881,0.5431817,2.1803743e-09
1957,1500,1000,0,0.0009569002,8.151931e-06,0.0066547296,0.7070755,0.28530473,1.3159309e-08
1958,1500,1500,1,0.0014787487,1.8815058e-06,0.06049662,0.42820653,0.5098162,8.463441e-09
1959,1500,1500,1,0.00023518631,4.281956e-06,0.025428658,0.2414882,0.73284364,8.414637e-08
1960,1500,1500,1,0.0010520384,3.5475236e-06,0.12516516,0.37477452,0.49900433,4.4568856e-07
1961,1500,1000,0,0.026045786,1.0834814e-05,0.16275434,0.5264631,0.28472582,5.68906e-08
1962,1500,1500,1,0.004561328,0.00013039989,0.08606924,0.43620718,0.47302493,6.9261423e-06
1963,1500,1500,1,0.026119327,4.304131e-05,0.038480576,0.29794538,0.6374114,3.3632648e-07
1964,1500,1500,1,0.051711876,0.00021023539,0.14779714,0.3232003,0.47707602,4.415184e-06
1965,1500,1500,1,0.13339531,9.936721e-05,0.01044229,0.18519273,0.6708701,1.14027394e-07
1966,1500,1500,1,0.00012019942,3.812627e-05,0.008668116,0.18386795,0.80730104,4.5248244e-06
1967,1500,1500,1,0.0011599165,2.2058292e-05,0.09119731,0.08944869,0.8181594,1.2601321e-05
1968,1500,1500,1,5.645533e-05,1.1629136e-05,0.020908067,0.26312402,0.7158961,3.6560327e-06
1969,1500,1500,1,0.0013573715,0.00018489824,0.033401016,0.21288796,0.75214064,2.8139233e-05
1970,1500,1500,1,8.758787e-05,2.284511e-05,0.051674128,0.16144796,0.7867172,5.0272978e-05
1971,1500,1500,1,8.937116e-05,3.0445337e-05,0.007540711,0.3067329,0.6856045,2.0302477e-06
1972,1500,1500,1,0.0059919916,0.0003099955,0.30497667,0.20552948,0.4831167,7.517404e-05
1973,1500,1500,1,0.02063755,3.20023e-05,0.076940455,0.15997304,0.7424158,1.1614513e-06
1974,1500,1500,1,9.156948e-05,3.3962657e-05,0.06579273,0.22020966,0.71382165,5.0374045e-05
1975,1500,1500,1,0.0103601,0.00011188975,0.35523573,0.14075041,0.49341553,0.00012635194
1976,1500,500,0,0.22965795,6.531837e-05,0.43762648,0.09473908,0.23790874,2.4538354e-06
1977,1500,500,0,0.043119032,0.000120012955,0.50808454,0.11191126,0.3367231,4.2039934e-05
1978,1500,0,0,0.6845852,1.333352e-06,0.25321075,0.017343579,0.04485913,3.9636483e-08
1979,1500,1500,1,0.012779479,0.00028587462,0.1956076,0.19212008,0.5991178,8.914875e-05
1980,1500,1500,1,7.228212e-05,2.9865053e-06,0.15832013,0.11306036,0.7285349,9.291777e-06
1981,1500,1500,1,0.006052992,0.0003700413,0.08814403,0.25213456,0.6531782,0.00012017337
1982,1500,1500,1,0.018890735,4.3391166e-05,0.30041954,0.21192206,0.4687201,4.1467783e-06
1983,1500,1500,1,8.945546e-05,4.680654e-06,0.009894304,0.09500328,0.89500785,4.3959326e-07
1984,1500,1500,1,0.00016690617,5.13255e-05,0.30913875,0.2946717,0.39586306,0.00010822566
1985,1500,500,0,0.3522217,0.0001470115,0.5611022,0.028077908,0.058432765,1.8378356e-05
1986,1500,1500,1,0.024439864,0.0028109641,0.021398433,0.25429195,0.69699305,6.580521e-05
1987,1500,500,0,0.022715902,2.283721e-06,0.78215367,0.093689345,0.101438776,7.0790406e-08
1988,1500,1500,1,0.00014264513,5.600421e-06,0.2980705,0.17761682,0.524159,5.457389e-06
1989,1500,1500,1,0.00095516286,4.569741e-06,0.014500942,0.25106826,0.73347104,3.0868087e-08
1990,1500,1500,1,0.00012325238,2.191078e-06,0.010239682,0.12195783,0.867677,6.8943976e-08
1991,1500,1500,1,0.00012588104,3.3998676e-06,0.39323053,0.17573452,0.43090257,3.098846e-06
1992,1500,1500,1,0.0017248847,2.8011034e-06,0.074939884,0.4277294,0.495603,1.0283939e-08
1993,1500,1000,0,0.0005470594,7.3429496e-06,0.2556271,0.38574243,0.35807535,7.3708065e-07
1994,1500,1000,0,0.017701183,2.3108219e-06,0.128895,0.58418655,0.269215,3.6674923e-09
1995,1500,1500,1,0.0013525164,6.8405775e-06,0.005423745,0.18745455,0.80576235,5.263314e-09
1996,1500,1500,1,7.3818915e-06,5.8928237e-07,0.0036881224,0.19480568,0.80149823,1.8492482e-08
1997,1500,1500,1,4.01575e-06,3.6474054e-07,0.0014035475,0.09101022,0.9075818,8.669294e-09
1998,1500,1500,1,0.055783242,5.7780403e-06,0.006222951,0.2753122,0.66267586,4.9145543e-10
1999,1500,1500,1,0.0020270536,3.467112e-06,0.005530848,0.19915023,0.79328835,1.6579904e-08
2000,2000,2000,1,1.7322359e-08,0.056432046,6.7133004e-07,8.7085937e-07,5.5091573e-06,0.94356084
2001,2000,2000,1,2.3839447e-10,0.0009391251,2.8780034e-08,1.2792663e-08,9.6032586e-08,0.9990607
2002,2000,2000,1,1.5820957e-11,0.00040556738,3.7018968e-09,1.5361761e-09,1.3038384e-08,0.9995944
2003,2000,2000,1,1.1121673e-08,0.0048687444,5.9201204e-07,3.823123e-07,2.1268972e-06,0.99512815
2004,2000,2000,1,2.0196868e-10,0.0020786454,2.5258418e-08,1.8214031e-08,1.5479858e-07,0.99792117
2005,2000,2000,1,9.142087e-11,0.004667862,6.7138974e-09,4.2719535e-09,3.831044e-08,0.99533206
2006,2000,2000,1,4.803752e-11,0.0003563049,1.424883e-08,5.9896603e-09,4.5953342e-08,0.99964356
2007,2000,100,0,5.7335054e-08,0.752556,1.4350992e-07,4.6820574e-07,4.8397224e-06,0.24743846
2008,2000,2000,1,3.186099e-08,0.008586464,1.4708921e-06,1.1532212e-06,7.208788e-06,0.99140376
2009,2000,2000,1,2.462461e-06,0.099188596,6.282752e-05,2.092405e-05,7.2914016e-05,0.9006523
2010,2000,2000,1,2.1085818e-07,0.3621978,4.307235e-06,9.930927e-06,6.0507165e-05,0.63772726
2011,2000,100,0,1.6341166e-06,0.55108994,6.7522005e-06,1.2762837e-05,9.436622e-05,0.44879457
2012,2000,100,0,4.4315016e-08,0.6195866,2.3125179e-07,5.200442e-07,4.132316e-06,0.3804085
2013,2000,2000,1,3.7041498e-10,0.0023571795,3.302022e-08,1.7653665e-08,1.2986277e-07,0.9976426
2014,2000,2000,1,5.6456964e-09,0.03890295,5.836193e-07,7.2164886e-07,4.500363e-06,0.9610912
2015,2000,2000,1,1.5171736e-08,0.0031352725,7.157961e-07,4.6328188e-07,3.5498858e-06,0.99686
2016,2000,2000,1,1.4734766e-09,0.00452463,2.3381688e-07,2.2210462e-07,1.5376077e-06,0.9954733
2017,2000,2000,1,1.6116522e-10,0.00078102166,3.131554e-08,1.4020142e-08,9.50259e-08,0.9992188
2018,2000,2000,1,5.5825797e-08,0.18744074,4.1590695e-07,6.660165e-07,6.4116884e-06,0.8125517
2019,2000,2000,1,4.7822803e-09,0.00080869603,4.4668909e-07,2.1178926e-07,1.1815778e-06,0.99918944
2020,2000,2000,1,2.0850377e-08,0.019882021,6.1272937e-07,5.8998313e-07,4.348125e-06,0.98011243
2021,2000,100,0,1.5588416e-06,0.6453827,8.504248e-06,2.013325e-05,0.00011845004,0.35446864
2022,2000,2000,1,1.9547306e-07,0.20615654,9.4948e-07,1.9568708e-06,1.8891484e-05,0.79382145
2023,2000,2000,1,1.5545417e-08,0.0124597475,5.421418e-07,4.826583e-07,3.6306865e-06,0.98753554
2024,2000,2000,1,6.6169076e-07,0.071780086,7.2578214e-06,8.443785e-06,5.246524e-05,0.9281511
2025,2000,2000,1,1.8506108e-10,0.0005219784,2.5459446e-08,1.0972593e-08,7.95684e-08,0.9994779
2026,2000,2000,1,1.1340469e-09,0.0038452481,5.2081575e-08,3.2726742e-08,2.5451945e-07,0.99615437
2027,2000,2000,1,4.1637853e-09,0.037060108,1.8718191e-07,2.1283029e-07,1.444101e-06,0.9629381
2028,2000,2000,1,2.1983133e-09,0.0047544567,7.645028e-08,5.2031048e-08,4.5942184e-07,0.9952449
2029,2000,2000,1,8.253749e-08,0.012507441,1.3228309e-06,1.2948892e-06,1.1089753e-05,0.98747873
2030,2000,2000,1,3.320864e-09,0.0024635703,2.6654976e-07,1.6110344e-07,1.0828509e-06,0.9975349
2031,2000,2000,1,5.803383e-10,0.00040345849,1.07103666e-07,4.9094776e-08,3.4772714e-07,0.99959606
2032,2000,2000,1,1.1747146e-06,0.084011704,1.3380059e-05,1.631363e-05,0.00011448069,0.915843
2033,2000,2000,1,5.739817e-09,0.0030397563,3.2891884e-07,2.3529063e-07,1.8937108e-06,0.9969578
2034,2000,2000,1,2.4891803e-10,0.0007760081,2.7816762e-08,1.2707488e-08,9.5610325e-08,0.9992238
2035,2000,2000,1,9.0095345e-09,0.0041233147,4.4164935e-07,3.2511159e-07,2.540615e-06,0.9958734
2036,2000,2000,1,3.729454e-09,0.008312944,1.9091381e-07,1.3884706e-07,9.761935e-07,0.9916857
2037,2000,2000,1,5.6754675e-07,0.0055858903,3.435615e-05,2.509763e-05,0.00014890905,0.9942052
2038,2000,2000,1,1.0336167e-08,0.0027869968,5.912703e-07,3.3850304e-07,2.0954617e-06,0.99720997
2039,2000,2000,1,7.849635e-09,0.0010601684,1.1697406e-06,7.3550945e-07,4.393827e-06,0.9989335
2040,2000,2000,1,1.1336641e-08,0.0017114923,9.649392e-07,5.9612137e-07,4.6021287e-06,0.9982823
2041,2000,100,0,1.3383153e-07,0.7121837,3.912009e-07,1.1241134e-06,1.09366465e-05,0.28780368
2042,2000,2000,1,1.1205958e-08,0.087500244,2.0496918e-07,2.8113067e-07,2.0076727e-06,0.9124972
2043,2000,2000,1,3.0725328e-08,0.035426788,7.851493e-07,8.843563e-07,6.682246e-06,0.9645648
2044,2000,2000,1,4.6781587e-08,0.012687168,2.2090578e-06,1.4563154e-06,8.0210175e-06,0.9873011
2045,2000,2000,1,1.4106185e-08,0.011240557,1.4950099e-06,1.2751341e-06,7.3012498e-06,0.9887494
2046,2000,2000,1,3.7470653e-09,0.019737782,1.3356804e-07,1.0608801e-07,7.325778e-07,0.9802612
2047,2000,100,0,1.8708553e-06,0.92673,1.6882598e-06,5.7756242e-06,3.549591e-05,0.07322523
2048,2000,2000,1,6.866679e-10,0.009932421,8.683749e-08,7.81903e-08,5.172356e-07,0.9900669
2049,2000,2000,1,9.978716e-09,0.004306627,9.200428e-07,7.676886e-07,4.3464743e-06,0.9956873
2050,2000,2000,1,3.0110943e-08,0.009664893,9.372995e-07,7.217232e-07,4.992515e-06,0.9903285
2051,2000,2000,1,2.6674147e-09,0.43396857,1.1670473e-08,1.8464954e-08,1.9710721e-07,0.56603116
2052,2000,2000,1,9.191429e-12,0.00018639612,3.6963086e-09,1.3586242e-09,1.0278193e-08,0.9998136
2053,2000,2000,1,1.5420827e-08,0.019681718,1.0091635e-06,1.1436192e-06,7.632054e-06,0.98030853
2054,2000,2000,1,0.0031571696,0.30913156,0.05002556,0.021294698,0.085439265,0.53095174
2055,2000,2000,1,2.453524e-07,0.09039885,3.6008291e-06,5.1807747e-06,4.402525e-05,0.90954804
2056,2000,2000,1,3.6490814e-11,0.00026527833,8.252534e-09,2.968236e-09,2.2103173e-08,0.9997347
2057,2000,2000,1,1.1630271e-09,0.0011285695,1.217087e-07,6.122501e-08,3.9082218e-07,0.9988708
2058,2000,2000,1,2.5675193e-09,0.008279579,9.578111e-08,7.342588e-08,6.285995e-07,0.9917196
2059,2000,2000,1,1.2429113e-06,0.020466145,1.6544545e-05,1.1187556e-05,7.040084e-05,0.97943455
2060,2000,2000,1,9.339853e-07,0.25822642,5.090211e-06,7.992385e-06,4.995641e-05,0.7417096
2061,2000,2000,1,1.0281085e-06,0.13933338,1.0740758e-05,1.533651e-05,0.00011465465,0.86052483
2062,2000,100,0,1.0718439e-06,0.9620501,1.7079377e-06,5.68528e-06,3.4676235e-05,0.037906814
2063,2000,2000,1,5.410591e-11,0.0005626072,7.057071e-09,2.9902387e-09,2.4332655e-08,0.9994374
2064,2000,2000,1,1.607598e-08,0.13652992,2.3863205e-07,3.737544e-07,3.2773737e-06,0.86346614
2065,2000,100,0,0.0011661123,0.92598546,0.0003394572,0.0009456709,0.0044854614,0.067077875
2066,2000,2000,1,2.7116702e-08,0.06638123,5.3387606e-07,8.3084683e-07,7.2223056e-06,0.9336102
2067,2000,2000,1,1.1735757e-10,0.00026747896,2.8233199e-08,1.1104804e-08,7.776605e-08,0.99973243
2068,2000,2000,1,9.129214e-09,0.007262688,4.597103e-07,3.7208812e-07,2.5605493e-06,0.99273396
2069,2000,2000,1,2.21063e-09,0.0039046914,1.5496839e-07,9.862639e-08,7.2822723e-07,0.9960943
2070,2000,2000,1,1.957742e-08,0.03396224,3.1594973e-07,3.514128e-07,3.1375673e-06,0.96603394
2071,2000,2000,1,6.5921405e-08,0.009380471,2.3013713e-06,1.9950205e-06,1.3300233e-05,0.9906019
2072,2000,2000,1,2.2977295e-07,0.1050793,2.6352457e-06,4.4868784e-06,4.5788947e-05,0.89486754
2073,2000,2000,1,2.7329887e-07,0.14081095,1.7835097e-06,2.4916167e-06,2.2441325e-05,0.8591621
2074,2000,2000,1,1.6423922e-09,0.006182801,1.2559858e-07,8.866205e-08,5.913749e-07,0.9938164
2075,2000,2000,1,5.799407e-10,0.0011225304,7.773109e-08,4.499734e-08,3.3320654e-07,0.998877
2076,2000,2000,1,4.6853316e-08,0.0893293,1.1046765e-06,1.5658749e-06,1.03936345e-05,0.9106576
2077,2000,2000,1,1.8659171e-10,0.00020253686,6.259187e-08,2.3044848e-08,1.4680593e-07,0.9997973
2078,2000,2000,1,1.9788928e-09,0.0008208219,3.1838894e-07,1.8133642e-07,1.1796125e-06,0.9991775
2079,2000,2000,1,9.0136454e-10,0.00078206876,1.3270244e-07,6.8445914e-08,4.9749724e-07,0.9992173
2080,2000,100,0,8.437477e-06,0.8958573,5.6813824e-06,1.528022e-05,0.00011784066,0.103995495
2081,2000,2000,1,1.989035e-09,0.002532861,1.8859555e-07,1.10940995e-07,7.405295e-07,0.9974661
2082,2000,2000,1,3.876834e-09,0.20636569,4.656153e-08,6.3763814e-08,6.199779e-07,0.7936335
2083,2000,2000,1,5.5652566e-11,0.00029761464,1.341431e-08,4.550152e-09,3.1091204e-08,0.9997023
2084,2000,2000,1,5.5386296e-09,0.0026358534,3.8193284e-07,2.5680473e-07,1.9428196e-06,0.9973616
2085,2000,2000,1,8.8420754e-10,0.0020082889,8.401333e-08,5.6614383e-08,4.3800995e-07,0.9979911
2086,2000,2000,1,5.8039827e-08,0.0021197982,4.0508558e-06,2.6608452e-06,1.7197157e-05,0.9978562
2087,2000,2000,1,1.0477083e-09,0.0019888224,1.0170758e-07,6.392156e-08,4.6979977e-07,0.9980106
2088,2000,100,0,4.305919e-06,0.75406855,1.7746215e-05,4.6505567e-05,0.00026122053,0.24560167
2089,2000,2000,1,2.5622735e-09,0.014006007,1.00983364e-07,9.407479e-08,8.597743e-07,0.9859929
2090,2000,2000,1,1.9598152e-08,0.0036510213,1.663245e-06,1.50029e-06,9.895929e-06,0.99633586
2091,2000,2000,1,9.0664184e-11,0.00030059542,2.1377026e-08,8.160303e-09,5.503329e-08,0.99969935
2092,2000,2000,1,7.9411295e-12,0.0004098909,1.3153145e-09,4.774305e-10,3.947417e-09,0.9995901
2093,2000,2000,1,3.020687e-08,0.09879087,6.9912346e-07,1.0650868e-06,7.4188774e-06,0.90119994
2094,2000,2000,1,2.7767463e-08,0.09387255,5.532849e-07,6.168844e-07,4.4494363e-06,0.9061218
2095,2000,100,0,5.476418e-07,0.6647602,4.323035e-06,1.1019965e-05,7.16703e-05,0.33515227
2096,2000,2000,1,4.5386406e-09,0.06701787,2.423431e-07,3.4301797e-07,2.3560096e-06,0.93297917
2097,2000,2000,1,6.594121e-10,0.0023801667,6.321825e-08,3.819913e-08,2.8930967e-07,0.99761945
2098,2000,2000,1,1.0828523e-08,0.010615802,3.8099557e-07,3.2598444e-07,2.6002526e-06,0.98938084
2099,2000,2000,1,4.565259e-09,0.004603638,2.643268e-07,1.984669e-07,1.5473647e-06,0.99539435
2100,2000,2000,1,5.7369434e-09,0.0036745218,2.7170046e-07,1.7227383e-07,1.3132433e-06,0.9963237
2101,2000,2000,1,4.895672e-07,0.05722354,8.811331e-06,1.0884839e-05,6.562689e-05,0.9426906
2102,2000,2000,1,3.0240397e-08,0.011627991,8.3062184e-07,7.160613e-07,5.887153e-06,0.9883646
2103,2000,2000,1,9.941322e-09,0.038618322,1.4935348e-07,1.4387174e-07,1.2608511e-06,0.9613801
2104,2000,2000,1,1.6809498e-09,0.008242326,1.4365688e-07,1.3598189e-07,9.545206e-07,0.99175644
2105,2000,2000,1,1.3448452e-07,0.09466338,1.3978212e-06,1.6804756e-06,1.4023938e-05,0.9053194
2106,2000,2000,1,1.0672353e-09,0.0015415661,1.8471626e-07,1.2573761e-07,8.557271e-07,0.9984573
2107,2000,2000,1,3.1297843e-06,0.09705781,4.802972e-05,5.975406e-05,0.00048144485,0.9023499
2108,2000,2000,1,6.2585e-07,0.035775654,3.0844265e-05,2.7666716e-05,0.00016536764,0.9639998
2109,2000,2000,1,2.685359e-09,0.013281216,1.1936739e-07,9.417323e-08,7.507475e-07,0.9867178
2110,2000,2000,1,8.953663e-09,0.2960843,1.4401598e-07,2.5437802e-07,1.820523e-06,0.70391345
2111,2000,2000,1,2.7725749e-08,0.017324705,5.775416e-07,4.8596416e-07,3.7488335e-06,0.9826705
2112,2000,2000,1,5.76006e-08,0.05805131,1.6846532e-06,1.8476676e-06,9.2236805e-06,0.9419359
2113,2000,2000,1,3.118929e-07,0.031544697,3.0629074e-06,2.6754162e-06,2.1696505e-05,0.9684276
2114,2000,2000,1,3.604691e-11,0.00025192142,8.9143395e-09,3.430608e-09,2.7160313e-08,0.99974805
2115,2000,2000,1,2.0747766e-05,0.44408974,0.00012015235,0.00032432444,0.002171198,0.55327386
2116,2000,2000,1,2.1797423e-07,0.111531064,3.4241887e-06,5.061323e-06,2.7581504e-05,0.8884327
2117,2000,2000,1,1.6265105e-07,0.056263994,4.637293e-06,5.11836e-06,2.9962994e-05,0.9436961
2118,2000,2000,1,3.1349678e-10,0.002182941,5.3617e-08,3.6927222e-08,2.6161322e-07,0.9978167
2119,2000,100,0,1.6875105e-05,0.67869395,4.509423e-05,0.00014050557,0.000995647,0.32010788
2120,2000,2000,1,2.3044636e-07,0.059534367,3.966189e-06,5.481558e-06,3.7003112e-05,0.940419
2121,2000,2000,1,2.4433205e-10,0.0019177399,2.9897986e-08,1.6528693e-08,1.2002864e-07,0.99808216
2122,2000,2000,1,2.7076155e-09,0.002809704,2.1741721e-07,1.545433e-07,1.0281641e-06,0.99718887
2123,2000,2000,1,1.2083207e-07,0.117961,2.3903438e-06,3.459768e-06,2.2157248e-05,0.8820109
2124,2000,2000,1,5.3132837e-10,0.00021347789,1.3643411e-07,5.705973e-08,3.374874e-07,0.99978596
2125,2000,2000,1,7.9820825e-07,0.03077992,1.2438456e-05,1.1356513e-05,8.042463e-05,0.9691151
2126,2000,2000,1,1.9360732e-08,0.060880955,8.0315505e-07,1.0816179e-06,6.422388e-06,0.9391107
2127,2000,2000,1,1.160356e-09,0.0029550267,9.669938e-08,5.8059676e-08,3.7637545e-07,0.9970444
2128,2000,2000,1,3.2233985e-10,0.0018969647,5.1538606e-08,3.3043648e-08,2.2754173e-07,0.9981027
2129,2000,2000,1,6.334444e-10,0.0036881727,1.18801765e-07,8.590477e-08,5.039903e-07,0.9963111
2130,2000,2000,1,1.4978735e-06,0.008958166,6.438902e-05,5.7386438e-05,0.00034507073,0.99057347
2131,2000,100,0,1.0586134e-05,0.7840004,1.20182185e-05,4.4193104e-05,0.00037081758,0.21556196
2132,2000,2000,1,9.343866e-10,0.00069420313,1.3478324e-07,6.682863e-08,4.5152518e-07,0.9993051
2133,2000,2000,1,1.4975647e-08,0.010075317,4.034098e-07,3.596607e-07,3.2176827e-06,0.98992074
2134,2000,2000,1,2.4076603e-06,0.08651008,1.9531262e-05,3.3122495e-05,0.00029295648,0.9131419
2135,2000,2000,1,3.5420549e-09,0.002727744,2.6381576e-07,1.6081721e-07,1.0936018e-06,0.99727076
2136,2000,2000,1,9.5442244e-11,0.00022460881,2.7984354e-08,9.352975e-09,5.7768947e-08,0.99977535
2137,2000,100,0,1.4312923e-07,0.96775335,8.278962e-08,4.5366852e-07,4.4635035e-06,0.032241434
2138,2000,2000,1,7.79071e-09,0.008283238,2.553476e-07,2.0052441e-07,1.468963e-06,0.9917148
2139,2000,2000,1,3.773308e-09,0.0017577957,3.2647137e-07,1.84617e-07,1.1372844e-06,0.9982406
2140,2000,2000,1,9.925511e-11,0.00029225723,2.1674413e-08,8.238848e-09,5.707496e-08,0.99970764
2141,2000,2000,1,1.2518937e-05,0.17897037,7.987824e-05,0.00013975138,0.00084057235,0.81995696
2142,2000,2000,1,3.6647222e-07,0.09355998,8.453511e-06,1.2693334e-05,0.00010933508,0.9063091
2143,2000,2000,1,1.952317e-06,0.12047064,1.8145734e-05,2.6460571e-05,0.0001773125,0.87930554
2144,2000,2000,1,7.00019e-11,0.00021631455,2.3006322e-08,9.009406e-09,6.12264e-08,0.9997836
2145,2000,2000,1,1.3810674e-08,0.0025399385,8.0086244e-07,4.966649e-07,3.6465067e-06,0.99745506
2146,2000,2000,1,2.0739829e-10,0.0005135912,5.5616532e-08,2.5738942e-08,1.7610036e-07,0.9994861
2147,2000,2000,1,6.9591784e-11,0.000335814,2.1293097e-08,8.038992e-09,5.256479e-08,0.99966407
2148,2000,2000,1,3.2137453e-07,0.26202476,4.7719386e-06,8.753516e-06,5.0455605e-05,0.737911
2149,2000,2000,1,2.1728415e-09,0.0009359931,1.5390263e-07,7.9347195e-08,5.9075734e-07,0.9990632
2150,2000,2000,1,9.092896e-09,0.012041125,2.712672e-07,1.6979045e-07,1.2548294e-06,0.9879572
2151,2000,2000,1,2.469848e-07,0.47318473,1.0677658e-06,2.1254223e-06,1.4391186e-05,0.5267975
2152,2000,2000,1,4.3026414e-08,0.031508684,1.5665549e-06,1.5424723e-06,8.096464e-06,0.96848005
2153,2000,2000,1,3.6316827e-09,0.0013388571,3.2147938e-07,1.905676e-07,1.4191927e-06,0.99865925
2154,2000,2000,1,1.2018991e-07,0.010310114,3.230222e-06,2.6064058e-06,2.3334693e-05,0.9896606
2155,2000,2000,1,1.0079612e-09,0.0013185828,1.2567067e-07,7.707558e-08,5.724847e-07,0.99868065
2156,2000,2000,1,7.2180533e-09,0.0055304547,5.80232e-07,4.567677e-07,2.9226178e-06,0.99446565
2157,2000,2000,1,3.4587463e-10,0.0006177075,5.217414e-08,2.3765406e-08,1.6018437e-07,0.999382
2158,2000,2000,1,6.306579e-10,0.0012653334,4.8026955e-08,2.8323612e-08,2.463138e-07,0.9987343
2159,2000,2000,1,1.0894133e-09,0.012741996,1.1409575e-07,1.2187954e-07,7.682387e-07,0.987257
2160,2000,2000,1,0.0001247057,0.482871,0.00026696955,0.00056584866,0.003992145,0.5121794
2161,2000,2000,1,4.669896e-09,0.0036899287,2.5223093e-07,1.771494e-07,1.2555863e-06,0.9963084
2162,2000,2000,1,3.638045e-11,0.001546053,3.0226655e-09,1.5000942e-09,1.2619255e-08,0.998454
2163,2000,2000,1,1.2968117e-08,0.03284734,3.4939416e-07,4.2038243e-07,3.2118692e-06,0.9671486
2164,2000,2000,1,7.427772e-11,0.0004749511,1.3452846e-08,5.4880385e-09,4.125236e-08,0.99952495
2165,2000,2000,1,1.6490796e-07,0.01533949,3.3899528e-06,2.9495034e-06,2.2823873e-05,0.98463124
2166,2000,2000,1,1.4168825e-09,0.00087903196,2.711035e-07,1.4805165e-07,8.586565e-07,0.9991197
2167,2000,2000,1,8.466879e-09,0.014427064,5.4269066e-07,5.014915e-07,3.5819735e-06,0.9855682
2168,2000,2000,1,9.346015e-09,0.07375498,1.5326864e-07,1.7938429e-07,1.4738598e-06,0.92624325
2169,2000,2000,1,3.169561e-07,0.097358845,2.2824363e-06,3.7042723e-06,3.284047e-05,0.902602
2170,2000,2000,1,2.8098452e-08,0.02417843,5.9310156e-07,4.5711516e-07,3.125967e-06,0.9758173
2171,2000,2000,1,5.2641935e-10,0.00025259735,1.323648e-07,5.5110696e-08,3.579679e-07,0.99974686
2172,2000,2000,1,3.44585e-11,0.00019345412,6.6869017e-09,2.2159967e-09,1.6375406e-08,0.9998066
2173,2000,2000,1,7.580839e-09,0.028801184,2.5517193e-07,2.506585e-07,2.1408523e-06,0.9711962
2174,2000,2000,1,2.0379436e-09,0.0026913257,1.3727603e-07,8.1222055e-08,5.845066e-07,0.9973079
2175,2000,2000,1,8.913369e-09,0.03296676,1.2590348e-07,1.3199997e-07,1.2735426e-06,0.96703166
2176,2000,2000,1,3.7142411e-09,0.008533925,2.1980689e-07,1.746772e-07,1.2701548e-06,0.99146444
2177,2000,2000,1,1.6240449e-09,0.008129207,1.08690315e-07,8.7140776e-08,6.5334825e-07,0.9918699
2178,2000,2000,1,5.196192e-10,0.000658351,8.968519e-08,4.6221484e-08,3.1144552e-07,0.9993412
2179,2000,2000,1,8.825415e-09,0.009207309,3.4632322e-07,3.132869e-07,2.5419683e-06,0.9907895
2180,2000,2000,1,4.3075218e-10,0.001136921,8.854635e-08,4.9069236e-08,3.189297e-07,0.9988626
2181,2000,2000,1,6.3972623e-09,0.004030352,2.7350174e-07,1.5679723e-07,1.0696605e-06,0.9959681
2182,2000,2000,1,3.2498538e-06,0.12778838,2.7368169e-05,4.6216945e-05,0.00035310254,0.8717817
2183,2000,2000,1,1.1811967e-10,0.0015430709,2.0571733e-08,1.2139581e-08,9.2744806e-08,0.99845684
2184,2000,100,0,7.918598e-07,0.9023201,2.6093448e-07,6.8481216e-07,6.780294e-06,0.09767149
2185,2000,2000,1,7.4933064e-07,0.06412774,1.1378501e-05,1.4679292e-05,9.526048e-05,0.9357501
2186,2000,2000,1,7.7862675e-11,0.0004089403,1.8499115e-08,7.553313e-09,5.663996e-08,0.99959093
2187,2000,2000,1,1.6903033e-11,0.00017182186,7.181943e-09,2.3568758e-09,1.6325485e-08,0.9998281
2188,2000,2000,1,2.809769e-11,0.002266911,3.5340446e-09,1.8998383e-09,1.6496585e-08,0.997733
2189,2000,2000,1,4.7504014e-09,0.012934969,2.1400061e-07,1.8079926e-07,1.2650172e-06,0.98706335
2190,2000,100,0,3.3822005e-07,0.89083135,1.7901185e-07,5.199419e-07,4.663355e-06,0.10916286
2191,2000,2000,1,2.918984e-07,0.45452127,2.0605175e-06,4.57448e-06,3.169918e-05,0.5454401
2192,2000,2000,1,5.34405e-06,0.2623844,1.7140586e-05,3.966934e-05,0.0003293655,0.73722404
2193,2000,2000,1,4.266147e-09,0.0036175607,3.0594043e-07,2.3717435e-07,1.6627229e-06,0.99638027
2194,2000,100,0,6.503951e-06,0.72593266,2.8134513e-05,5.319821e-05,0.00026150787,0.2737179
2195,2000,2000,1,8.107871e-07,0.18483306,4.363114e-06,7.5942025e-06,6.1757426e-05,0.8150924
2196,2000,2000,1,1.4461327e-08,0.01174827,6.368664e-07,5.703131e-07,3.9920974e-06,0.9882465
2197,2000,2000,1,3.9365187e-09,0.016263753,1.0709291e-07,9.330037e-08,7.2746195e-07,0.9837353
2198,2000,2000,1,7.38961e-08,0.11201417,1.3969286e-06,2.276843e-06,1.5535437e-05,0.8879665
2199,2000,2000,1,2.9614494e-10,0.00060027244,4.9546774e-08,2.4941022e-08,1.8423965e-07,0.9993994
2200,2000,2000,1,9.39776e-09,0.00890145,3.5509234e-07,3.128868e-07,2.253823e-06,0.99109566
2201,2000,2000,1,4.2296232e-08,0.15219557,1.073863e-06,1.8242444e-06,1.11415975e-05,0.8477904
2202,2000,2000,1,1.8276094e-08,0.0031018013,1.6265205e-06,1.0851933e-06,6.5060444e-06,0.99688894
2203,2000,2000,1,1.903548e-11,6.983752e-05,7.807212e-09,2.2694815e-09,1.5742362e-08,0.99993014
2204,2000,2000,1,5.936125e-09,0.0066710347,1.7711596e-07,1.3260895e-07,1.1698833e-06,0.9933275
2205,2000,2000,1,1.1242616e-10,0.00040854886,3.3828567e-08,1.661727e-08,1.1527875e-07,0.9995913
2206,2000,2000,1,5.166912e-07,0.093610466,5.2419136e-06,7.897946e-06,6.1054845e-05,0.90631485
2207,2000,2000,1,7.133767e-08,0.2320983,1.2136527e-06,2.2495594e-06,1.5528163e-05,0.76788265
2208,2000,2000,1,4.5090838e-09,0.0039932583,2.1023973e-07,1.4958701e-07,1.1053206e-06,0.99600524
2209,2000,2000,1,1.6621327e-08,0.0033462225,8.4067864e-07,6.050344e-07,4.2844017e-06,0.996648
2210,2000,2000,1,4.401557e-08,0.060014147,9.84534e-07,1.2286798e-06,9.269606e-06,0.9399743
2211,2000,2000,1,1.3464411e-09,0.044766553,2.7235105e-08,2.8923683e-08,2.9586147e-07,0.9552331
2212,2000,2000,1,3.917043e-09,0.0029343306,3.3706542e-07,2.1520772e-07,1.4015692e-06,0.9970637
2213,2000,2000,1,1.1345381e-08,0.01338595,4.267428e-07,3.607933e-07,2.673935e-06,0.9866106
2214,2000,100,0,5.924317e-06,0.7930937,1.5290247e-05,4.4189816e-05,0.00024629667,0.20659465
2215,2000,2000,1,3.781222e-09,0.011911884,2.5180879e-07,2.26994e-07,1.437e-06,0.9880862
2216,2000,2000,1,2.483471e-10,0.001090237,3.2701916e-08,1.7846245e-08,1.3525771e-07,0.9989096
2217,2000,2000,1,1.0393107e-08,0.06697578,2.96743e-07,3.3757058e-07,2.519714e-06,0.9330211
2218,2000,2000,1,7.424604e-08,0.01892436,1.9790118e-06,1.9163301e-06,1.6249847e-05,0.9810555
2219,2000,2000,1,2.8640363e-09,0.0035647491,1.839152e-07,1.3793884e-07,1.096513e-06,0.99643385
2220,2000,2000,1,3.917935e-09,0.0046232915,2.412283e-07,1.805101e-07,1.3776644e-06,0.995375
2221,2000,2000,1,6.8967325e-11,0.00043088105,1.0767751e-08,4.0210524e-09,3.019349e-08,0.9995691
2222,2000,2000,1,4.43064e-08,0.048215646,5.213861e-07,5.7320864e-07,5.0656618e-06,0.9517781
2223,2000,2000,1,4.6333923e-11,0.00038109074,1.3593865e-08,5.9914314e-09,4.36493e-08,0.99961877
2224,2000,2000,1,3.8995736e-09,0.008233082,2.380041e-07,1.8987905e-07,1.1968232e-06,0.9917653
2225,2000,2000,1,3.1998358e-08,0.02023471,5.6191413e-07,5.651763e-07,4.7535445e-06,0.9797594
2226,2000,2000,1,2.9029563e-11,0.00047826674,5.175726e-09,2.0429312e-09,1.6384329e-08,0.99952173
2227,2000,2000,1,2.0240243e-09,0.00080454565,2.2287722e-07,1.1150053e-07,8.102153e-07,0.9991943
2228,2000,2000,1,4.011427e-09,0.016814351,3.9433763e-07,4.1398022e-07,2.7600959e-06,0.9831821
2229,2000,2000,1,4.05749e-08,0.065724395,1.0431385e-06,1.3495662e-06,9.210482e-06,0.9342639
2230,2000,2000,1,1.0303125e-08,0.084384635,2.9321845e-07,3.858528e-07,2.5869097e-06,0.9156121
2231,2000,100,0,1.7917554e-08,0.9990748,1.0407647e-09,2.122744e-08,1.8172165e-07,0.0009249814
2232,2000,2000,1,5.278356e-08,0.21568036,8.5442855e-07,1.1879365e-06,8.080889e-06,0.7843094
2233,2000,2000,1,1.9012283e-07,0.11776363,1.5111532e-06,2.2801287e-06,2.1636994e-05,0.8822108
2234,2000,2000,1,3.182802e-09,0.005451249,3.454178e-07,2.4499184e-07,1.4612253e-06,0.9945468
2235,2000,2000,1,5.105123e-09,0.0020807313,1.2384486e-06,1.0992806e-06,6.9346925e-06,0.99790996
2236,2000,100,0,1.00125535e-05,0.91812974,3.7470334e-05,0.00014369369,0.00040029828,0.081278935
2237,2000,2000,1,5.952889e-10,0.0009510532,1.4043582e-07,7.6713754e-08,4.5581552e-07,0.9990483
2238,2000,2000,1,2.0103943e-08,0.00382294,1.8737721e-06,1.6144841e-06,1.0200701e-05,0.99616337
2239,2000,2000,1,5.773391e-10,0.003123036,1.18411805e-07,8.929229e-08,6.043291e-07,0.9968761
2240,2000,2000,1,6.0860716e-10,0.0012646943,9.023818e-08,4.68623e-08,3.1850382e-07,0.9987349
2241,2000,100,0,0.00018128999,0.49464753,0.0008071049,0.0023419627,0.0145281935,0.48749393
2242,2000,2000,1,8.02882e-10,0.0014758414,1.4662085e-07,8.689715e-08,5.5324944e-07,0.9985234
2243,2000,2000,1,1.4408662e-09,0.0018879952,1.8158323e-07,1.0951909e-07,7.178538e-07,0.998111
2244,2000,2000,1,1.2137647e-08,0.055015612,2.3731688e-07,2.3689924e-07,2.0685602e-06,0.9449819
2245,2000,2000,1,8.482352e-10,0.0061850254,5.3608606e-08,4.1635435e-08,3.4377683e-07,0.9938146
2246,2000,2000,1,2.36891e-11,0.0005290308,4.2068837e-09,1.5325743e-09,1.2072625e-08,0.999471
2247,2000,2000,1,3.5225603e-10,0.0011246402,5.101007e-08,2.5202638e-08,1.7365508e-07,0.9988751
2248,2000,2000,1,2.876236e-10,0.0007991756,4.5050058e-08,2.303048e-08,1.7313695e-07,0.99920064
2249,2000,2000,1,8.896356e-09,0.003800176,7.7313155e-07,5.970265e-07,3.727898e-06,0.9961947
2250,2000,2000,1,3.6263353e-07,0.41509852,4.7658214e-06,9.494722e-06,6.4723405e-05,0.5848221
2251,2000,2000,1,4.469309e-11,9.029175e-05,2.1265933e-08,6.4721255e-09,4.2605365e-08,0.99990964
2252,2000,2000,1,6.3004213e-10,0.0037618184,6.9392e-08,4.5434838e-08,3.2783916e-07,0.99623775
2253,2000,2000,1,6.347799e-12,3.7845555e-05,5.8729475e-09,1.4175119e-09,8.891724e-09,0.9999621
2254,2000,100,0,3.6125268e-08,0.97057915,3.2752887e-08,1.4834131e-07,1.1509665e-06,0.029419573
2255,2000,2000,1,2.7598246e-09,0.002045798,3.110219e-07,1.9372587e-07,1.2747786e-06,0.99795234
2256,2000,2000,1,1.6676788e-08,0.07762513,3.8473112e-07,5.257658e-07,3.4885031e-06,0.9223705
2257,2000,2000,1,1.367749e-09,0.09122145,1.1330179e-08,1.0775101e-08,1.1088672e-07,0.90877837
2258,2000,100,0,8.015401e-09,0.9987857,4.77496e-10,4.7740243e-09,4.9877396e-08,0.001214288
2259,2000,2000,1,6.1201066e-10,0.00053512445,1.16630375e-07,5.8330397e-08,3.985939e-07,0.99946433
2260,2000,2000,1,1.0427489e-08,0.18618295,3.0556627e-08,3.7368775e-08,3.813695e-07,0.81381655
2261,2000,2000,1,7.8768295e-08,0.027379785,1.964093e-06,2.1282485e-06,1.5212002e-05,0.9726008
2262,2000,2000,1,0.00012687358,0.03772946,0.0050270725,0.0039144084,0.018179195,0.93502295
2263,2000,2000,1,5.186479e-09,0.0010745389,9.0951784e-07,6.27266e-07,4.301286e-06,0.9989196
2264,2000,100,0,4.683686e-07,0.64219284,5.4175066e-06,1.4906807e-05,7.375876e-05,0.35771257
2265,2000,100,0,3.5097585e-08,0.95312345,4.7461317e-08,1.7428309e-07,1.6567025e-06,0.046874642
2266,2000,100,0,6.3869504e-07,0.6019616,3.1754423e-06,7.4636455e-06,5.479689e-05,0.39797235
2267,2000,2000,1,5.4669544e-09,0.030702457,1.7354232e-07,1.8996708e-07,1.4859237e-06,0.96929574
2268,2000,2000,1,4.46019e-07,0.017312476,1.4306507e-05,1.6469627e-05,0.00011692806,0.9825394
2269,2000,2000,1,2.8059106e-09,0.004981341,1.9135051e-07,1.4665463e-07,1.0723165e-06,0.99501723
2270,2000,2000,1,2.384302e-09,0.007991468,1.7606564e-07,1.5047948e-07,1.0121448e-06,0.99200714
2271,2000,2000,1,1.2726366e-10,0.0001263644,4.8215544e-08,1.56201e-08,9.296254e-08,0.9998735
2272,2000,2000,1,8.9133835e-08,0.10877867,4.25732e-07,6.023294e-07,6.24076e-06,0.891214
2273,2000,100,0,1.1408431e-06,0.73865753,1.1568328e-05,3.5244233e-05,0.00020066864,0.26109388
2274,2000,2000,1,2.4642318e-08,0.006012599,9.1825297e-07,6.008156e-07,4.286134e-06,0.99398154
2275,2000,2000,1,1.09912184e-10,0.00072837307,1.386663e-08,6.2718186e-09,4.7159425e-08,0.9992716
2276,2000,2000,1,1.7181274e-12,3.9725706e-05,1.0859739e-09,2.87733e-10,2.2112243e-09,0.9999603
2277,2000,2000,1,1.0340084e-08,0.023415802,2.9855798e-07,3.1191482e-07,2.1450978e-06,0.97658145
2278,2000,100,0,0.00031283166,0.52747697,0.0014991636,0.0038674616,0.02068877,0.44615474
2279,2000,2000,1,6.808222e-10,0.00029915458,1.8600392e-07,8.249813e-08,5.456906e-07,0.99970007
2280,2000,2000,1,3.8326235e-08,0.037459183,3.1406194e-07,3.3847004e-07,3.418863e-06,0.96253663
2281,2000,2000,1,1.4167921e-09,0.00056376675,1.8563165e-07,8.7485134e-08,5.4881536e-07,0.99943537
2282,2000,2000,1,2.853195e-11,0.00013131146,1.2408178e-08,4.0153663e-09,2.7420638e-08,0.99986863
2283,2000,2000,1,1.5578366e-09,0.022983193,4.792815e-08,4.8267587e-08,4.1975318e-07,0.97701627
2284,2000,2000,1,6.0297894e-10,0.001955699,1.2329204e-07,8.2018275e-08,5.285561e-07,0.99804354
2285,2000,2000,1,1.4024436e-08,0.42787158,5.747776e-08,1.06408834e-07,1.0286784e-06,0.5721272
2286,2000,2000,1,6.573418e-10,0.015238882,3.7764565e-08,3.4882575e-08,2.6384959e-07,0.9847608
2287,2000,2000,1,2.976969e-11,7.684756e-05,1.6820398e-08,5.5578773e-09,3.6281474e-08,0.9999231
2288,2000,2000,1,1.6452432e-09,0.008161053,1.0684353e-07,9.371319e-08,7.266634e-07,0.99183804
2289,2000,2000,1,1.6779549e-10,0.026040347,6.0057026e-09,5.9070695e-09,6.269914e-08,0.9739596
2290,2000,2000,1,2.805717e-07,0.21102598,3.4689442e-06,6.6601283e-06,4.735129e-05,0.78891623
2291,2000,2000,1,2.7465735e-10,0.0007410681,4.1367898e-08,1.9557405e-08,1.3934026e-07,0.9992587
2292,2000,2000,1,4.3292907e-09,0.0014070587,4.6438757e-07,3.3668448e-07,2.601876e-06,0.99858946
2293,2000,2000,1,5.2368176e-10,0.0008923727,1.00035436e-07,5.6020685e-08,3.8162463e-07,0.99910706
2294,2000,2000,1,1.2673439e-06,0.13662566,1.9653742e-05,2.6461583e-05,0.00015486518,0.8631721
2295,2000,2000,1,2.5445321e-09,0.0032177316,1.913105e-07,1.3939749e-07,1.129775e-06,0.99678075
2296,2000,2000,1,7.3602266e-08,0.48095474,3.4721873e-07,1.0067325e-06,1.1598393e-05,0.51903224
2297,2000,2000,1,3.298856e-08,0.019578977,8.3715037e-07,9.490826e-07,8.622772e-06,0.98041064
2298,2000,2000,1,1.4691214e-05,0.40209055,6.468118e-05,0.00013342606,0.00101876,0.59667796
2299,2000,2000,1,8.798423e-08,0.10309028,9.76558e-07,1.6946399e-06,1.6008908e-05,0.8968909
2300,2000,2000,1,1.6135667e-09,0.0056814654,9.679042e-08,6.8090955e-08,4.886333e-07,0.99431795
2301,2000,2000,1,2.3642652e-07,0.2246478,3.0567853e-06,5.0659914e-06,3.1192594e-05,0.77531266
2302,2000,2000,1,3.1845786e-08,0.015653,1.1787e-06,1.3049632e-06,1.0688954e-05,0.9843338
2303,2000,2000,1,2.0099553e-09,0.00068781566,2.9488245e-07,1.638322e-07,1.0654122e-06,0.9993106
2304,2000,2000,1,9.241426e-10,0.0030998997,9.440654e-08,6.1906235e-08,4.4387795e-07,0.9968995
2305,2000,2000,1,7.768093e-09,0.032843377,3.426857e-07,3.5615292e-07,2.452644e-06,0.96715343
2306,2000,2000,1,1.9381774e-09,0.002561279,1.676913e-07,9.7998345e-08,6.3375063e-07,0.99743783
2307,2000,2000,1,5.4389875e-09,0.030166611,1.4769262e-07,1.2035069e-07,1.0084703e-06,0.96983206
2308,2000,2000,1,4.072687e-09,0.009395619,3.1571963e-07,2.6501633e-07,1.5853949e-06,0.99060225
2309,2000,2000,1,1.4640868e-10,0.0019133987,1.5262545e-08,9.499206e-09,8.02152e-08,0.9980866
2310,2000,2000,1,2.861406e-10,0.00038588268,3.8849418e-08,1.7154207e-08,1.3494838e-07,0.99961394
2311,2000,2000,1,4.1009016e-10,0.00062779506,8.653381e-08,4.5689788e-08,3.370517e-07,0.9993717
2312,2000,2000,1,3.1228433e-09,0.0025658053,2.396835e-07,1.689107e-07,1.2045762e-06,0.99743253
2313,2000,2000,1,6.247933e-10,0.0019515347,5.0336304e-08,2.8210698e-08,2.0113391e-07,0.9980482
2314,2000,2000,1,6.9685546e-10,0.003817713,2.7533545e-08,1.5222735e-08,1.13936004e-07,0.99618214
2315,2000,2000,1,1.2669094e-10,0.00030517427,2.646297e-08,9.378497e-09,6.278907e-08,0.9996947
2316,2000,2000,1,1.6368375e-07,0.00463518,9.299854e-06,6.885684e-06,3.8702266e-05,0.99530977
2317,2000,2000,1,1.5082752e-10,0.002867131,1.1899269e-08,6.7062267e-09,5.226973e-08,0.9971328
2318,2000,2000,1,2.7172064e-07,0.04904196,8.801907e-06,1.1081773e-05,6.704134e-05,0.9508708
2319,2000,2000,1,6.958493e-08,0.12576982,3.9523206e-07,4.974559e-07,4.456218e-06,0.8742248
2320,2000,2000,1,1.5829992e-08,0.0010686027,2.542158e-06,1.5996259e-06,1.0514095e-05,0.99891675
2321,2000,2000,1,2.7224793e-08,0.07951352,8.7691035e-07,1.4501637e-06,1.0034119e-05,0.92047405
2322,2000,2000,1,2.095969e-10,0.00033715507,3.5280728e-08,1.4279847e-08,1.02494774e-07,0.99966276
2323,2000,2000,1,1.9271958e-08,0.027561499,3.8033014e-07,3.8534512e-07,3.4949867e-06,0.9724343
2324,2000,2000,1,3.473818e-07,0.010740884,8.69008e-06,7.6160113e-06,5.4936256e-05,0.98918754
2325,2000,2000,1,1.5358015e-08,0.006537795,7.5163666e-07,5.9771247e-07,4.0293435e-06,0.9934568
2326,2000,2000,1,1.1272862e-10,0.00050275796,2.8377375e-08,1.34750175e-08,1.0086978e-07,0.99949706
2327,2000,2000,1,2.8572705e-10,0.0001688841,1.0157116e-07,3.8591793e-08,2.3477652e-07,0.9998307
2328,2000,2000,1,1.2192785e-08,0.001379206,1.209324e-06,7.238613e-07,4.4273847e-06,0.99861443
2329,2000,2000,1,4.8571895e-08,0.0069697136,1.4868011e-06,1.289113e-06,9.89322e-06,0.99301755
2330,2000,2000,1,6.097642e-07,0.03961495,5.1102083e-06,6.035572e-06,5.1438215e-05,0.96032184
2331,2000,100,0,6.569082e-05,0.97757405,1.033268e-05,4.9748975e-05,0.00029980933,0.022000272
2332,2000,2000,1,1.2598621e-08,0.004681503,7.252305e-07,4.517296e-07,2.4545982e-06,0.99531484
2333,2000,2000,1,1.1304584e-08,0.008164121,4.2820088e-07,3.7928754e-07,3.0932688e-06,0.99183196
2334,2000,2000,1,5.079134e-07,0.19969636,1.5676198e-06,2.2793101e-06,2.2001852e-05,0.8002773
2335,2000,2000,1,1.868193e-09,0.0024546061,2.4501585e-07,1.9813871e-07,1.3726442e-06,0.9975435
2336,2000,2000,1,3.7905248e-10,0.002586999,4.882095e-08,3.2876073e-08,2.3260496e-07,0.99741274
2337,2000,2000,1,1.4072274e-08,0.009453854,4.0342664e-07,3.1962227e-07,2.5378115e-06,0.9905428
2338,2000,2000,1,1.00596495e-07,0.092096366,6.1926755e-07,9.711426e-07,1.0308201e-05,0.90789163
2339,2000,2000,1,1.3982524e-09,0.0008487251,2.7065326e-07,1.8087226e-07,1.3259862e-06,0.99914944
2340,2000,2000,1,1.9398544e-11,7.833788e-05,1.0599254e-08,3.0179537e-09,1.8914758e-08,0.9999217
2341,2000,2000,1,3.8649866e-09,0.012692497,2.1253102e-07,2.0203407e-07,1.3826367e-06,0.98730564
2342,2000,2000,1,2.4816898e-06,0.40279976,1.648273e-05,3.6637375e-05,0.00023169682,0.596913
2343,2000,2000,1,1.6742452e-10,0.00045550292,2.8973785e-08,1.2790119e-08,9.364187e-08,0.9995443
2344,2000,2000,1,1.654631e-08,0.003331172,1.0514295e-06,8.793505e-07,6.7426163e-06,0.9966601
2345,2000,2000,1,6.369865e-09,0.006725562,3.559152e-07,2.6532234e-07,1.8625853e-06,0.993272
2346,2000,100,0,1.7026066e-07,0.65297735,8.570039e-07,2.3059756e-06,1.8401759e-05,0.3470009
2347,2000,2000,1,7.613093e-11,8.925744e-05,3.2587355e-08,1.0725671e-08,6.876686e-08,0.9999106
2348,2000,2000,1,3.223049e-07,0.07526044,1.7843115e-05,2.5503714e-05,0.00012624466,0.9245696
2349,2000,2000,1,3.0856132e-08,0.04311459,8.765905e-07,1.1484148e-06,8.730735e-06,0.9568746
2350,2000,2000,1,3.844138e-09,0.0046027317,3.2253237e-07,2.3917286e-07,1.6164281e-06,0.995395
2351,2000,2000,1,4.09021e-09,0.032828752,1.4438797e-07,1.6540955e-07,1.4036739e-06,0.9671696
2352,2000,2000,1,9.58458e-10,0.0007329835,1.6527963e-07,8.579404e-08,5.6635633e-07,0.9992662
2353,2000,2000,1,2.1791586e-09,0.0070716217,1.2269524e-07,9.571612e-08,7.3022375e-07,0.9929274
2354,2000,2000,1,1.5702339e-08,0.047700327,3.8893864e-07,4.3112638e-07,3.4529423e-06,0.95229536
2355,2000,2000,1,4.2879575e-09,0.028114215,8.836971e-08,8.498918e-08,6.815595e-07,0.9718849
2356,2000,2000,1,1.8489869e-06,0.3176713,7.4001246e-06,1.3782653e-05,0.00010032397,0.6822053
2357,2000,2000,1,3.055226e-08,0.0037460956,1.525199e-06,1.0362024e-06,7.276574e-06,0.9962441
2358,2000,100,0,1.7863398e-06,0.8929295,5.3663916e-06,2.0985122e-05,0.00013394964,0.10690858
2359,2000,2000,1,6.229691e-08,0.019776428,1.1917763e-06,1.0393013e-06,7.7062705e-06,0.9802136
2360,2000,2000,1,3.329757e-07,0.01480538,9.955215e-06,1.1201503e-05,9.142579e-05,0.9850817
2361,2000,2000,1,6.4393126e-09,0.0023700856,3.4262854e-07,2.0322771e-07,1.5556582e-06,0.9976278
2362,2000,2000,1,2.9189138e-09,0.0017564811,1.8089327e-07,9.301097e-08,7.38823e-07,0.9982425
2363,2000,2000,1,9.854717e-11,0.00091734575,1.5419408e-08,6.6326393e-09,4.7250523e-08,0.99908257
2364,2000,2000,1,3.8039408e-10,0.0016783874,4.4547498e-08,2.659794e-08,2.0916211e-07,0.99832135
2365,2000,2000,1,3.9874695e-09,0.024245324,1.7243028e-07,1.8486263e-07,1.397332e-06,0.9757529
2366,2000,2000,1,4.665803e-09,0.006396752,3.1065986e-07,2.595019e-07,1.8918917e-06,0.9936008
2367,2000,2000,1,9.622867e-09,0.020544328,2.9778914e-07,3.1123e-07,2.5080126e-06,0.9794526
2368,2000,2000,1,1.177109e-08,0.04914454,3.051548e-07,4.0003385e-07,3.2261478e-06,0.9508515
2369,2000,2000,1,1.0815079e-07,0.020433119,2.1287283e-06,2.0030132e-06,1.6319806e-05,0.97954625
2370,2000,2000,1,7.884855e-11,6.418669e-05,4.7856897e-08,1.6494262e-08,1.03502195e-07,0.9999356
2371,2000,2000,1,1.5508626e-10,0.0005964379,2.5876753e-08,1.1267777e-08,7.692729e-08,0.9994035
2372,2000,2000,1,4.3548165e-09,0.0044209454,2.4166633e-07,1.6561873e-07,1.1531223e-06,0.99557745
2373,2000,2000,1,2.1252564e-09,0.0023228205,1.597026e-07,1.11165384e-07,8.7210003e-07,0.9976761
2374,2000,2000,1,1.1599559e-09,0.0013574233,1.8330002e-07,1.1399367e-07,7.760645e-07,0.99864155
2375,2000,2000,1,4.322375e-10,0.0018328824,3.0485612e-08,1.7385954e-08,1.5478992e-07,0.9981669
2376,2000,2000,1,3.614104e-08,0.1007526,7.676716e-07,1.2651552e-06,9.52721e-06,0.89923584
2377,2000,2000,1,2.7966316e-09,0.002403584,2.4693915e-07,1.6993567e-07,1.1845135e-06,0.9975948
2378,2000,2000,1,1.7630135e-10,0.0014086232,3.7133727e-08,2.1758376e-08,1.4399052e-07,0.9985911
2379,2000,2000,1,7.3463178e-09,0.0044506355,3.3305417e-07,2.285525e-07,1.8036188e-06,0.99554694
2380,2000,100,0,3.3665901e-06,0.77893007,1.8768596e-05,7.633747e-05,0.00044131366,0.22053018
2381,2000,100,0,5.3465953e-07,0.8962219,2.1673131e-06,8.998714e-06,4.9966144e-05,0.10371652
2382,2000,2000,1,0.0002422737,0.26847488,0.00205206,0.0027149857,0.020235887,0.70627993
2383,2000,2000,1,3.427923e-08,0.042068604,1.1216034e-06,1.5110828e-06,1.1034321e-05,0.9579177
2384,2000,2000,1,9.41556e-10,0.0029305683,5.6779015e-08,3.781504e-08,3.0311367e-07,0.99706906
2385,2000,2000,1,9.9181476e-11,0.000376404,1.884963e-08,7.344377e-09,5.2125667e-08,0.99962354
2386,2000,2000,1,1.9467608e-10,0.0003431031,4.6917542e-08,1.9938872e-08,1.3657176e-07,0.9996567
2387,2000,2000,1,1.3792402e-08,0.010422547,9.3920494e-07,8.87273e-07,5.662062e-06,0.9895699
2388,2000,2000,1,1.27873855e-05,0.035218664,0.00027383954,0.00025769335,0.0012409714,0.962996
2389,2000,2000,1,9.008479e-09,0.041771404,3.5188975e-07,4.5017174e-07,3.869638e-06,0.9582239
2390,2000,2000,1,4.1971575e-08,0.05330371,3.7470446e-07,3.8556792e-07,3.4535283e-06,0.94669205
2391,2000,2000,1,7.716923e-09,0.0033066438,5.0419067e-07,3.595263e-07,2.4377987e-06,0.99669003
2392,2000,2000,1,2.1790918e-09,0.0015941918,2.7456315e-07,1.8561121e-07,1.3252346e-06,0.9984041
2393,2000,2000,1,2.4661258e-08,0.08353776,1.627674e-07,1.8012449e-07,1.7204893e-06,0.91646016
2394,2000,2000,1,6.966692e-10,0.0019040362,1.07962265e-07,7.4357295e-08,5.415779e-07,0.9980952
2395,2000,100,0,3.8702228e-07,0.6050057,6.8761683e-06,1.5709593e-05,7.125908e-05,0.3949001
2396,2000,2000,1,7.269147e-07,0.06446908,1.16197925e-05,2.028262e-05,0.0001876021,0.9353107
2397,2000,2000,1,9.245827e-09,0.25124,6.783258e-08,1.1878564e-07,1.2020207e-06,0.7487586
2398,2000,2000,1,3.959335e-09,0.012381064,1.368337e-07,1.0959011e-07,9.905558e-07,0.9876177
2399,2000,2000,1,6.064637e-10,0.0005132414,1.2271168e-07,6.167978e-08,4.1759884e-07,0.9994861
2400,2000,2000,1,6.928671e-10,0.0056669707,5.9271247e-08,4.8162832e-08,3.7010665e-07,0.99433255
2401,2000,2000,1,4.4147126e-09,0.022898698,1.515033e-07,1.5476614e-07,1.2291848e-06,0.9770998
2402,2000,2000,1,1.3734175e-09,0.00928242,1.0994279e-07,9.603548e-08,6.9904183e-07,0.99071664
2403,2000,2000,1,1.4486576e-08,0.016653394,8.6139113e-07,9.824288e-07,6.46867e-06,0.98333824
2404,2000,2000,1,5.2655205e-09,0.009007803,1.9321746e-07,1.4442134e-07,1.0960052e-06,0.99099076
2405,2000,2000,1,2.9393515e-08,0.005211473,7.884209e-07,5.122511e-07,4.0412197e-06,0.9947831
2406,2000,2000,1,7.150549e-08,0.0707489,9.349009e-07,1.1267307e-06,8.388582e-06,0.9292406
2407,2000,2000,1,1.0157528e-10,0.00017095849,3.2495755e-08,1.1781917e-08,7.515533e-08,0.99982893
2408,2000,2000,1,4.963672e-08,0.0402925,1.2723134e-06,1.3068327e-06,9.844272e-06,0.95969504
2409,2000,2000,1,7.904575e-11,0.00038738782,3.6346034e-08,1.8551987e-08,1.215438e-07,0.9996125
2410,2000,2000,1,1.4218914e-09,0.0018866272,1.6360643e-07,9.630702e-08,6.575813e-07,0.99811244
2411,2000,2000,1,3.2795886e-09,0.024932263,1.6208425e-07,1.7493592e-07,1.3495053e-06,0.975066
2412,2000,2000,1,1.1517968e-06,0.122716404,9.917975e-06,1.233066e-05,8.278047e-05,0.8771774
2413,2000,2000,1,1.0024668e-09,0.0012724722,9.7621715e-08,5.8090357e-08,4.5603193e-07,0.9987269
2414,2000,2000,1,5.356363e-11,0.0040320754,2.4951938e-09,1.4443388e-09,1.5052048e-08,0.99596786
2415,2000,2000,1,6.8064265e-10,0.007470107,9.571242e-08,7.419919e-08,4.7966415e-07,0.9925292
2416,2000,2000,1,3.2762447e-08,0.03445545,5.246768e-07,6.068865e-07,4.9104133e-06,0.9655385
2417,2000,2000,1,1.9169447e-06,0.392683,4.64218e-05,6.0264665e-05,0.0003028875,0.6069055
2418,2000,2000,1,7.4221275e-11,0.000733506,1.5881692e-08,7.4725905e-09,5.6878864e-08,0.99926645
2419,2000,2000,1,1.8161299e-10,0.0032422075,6.277389e-09,3.224089e-09,3.026114e-08,0.9967578
2420,2000,2000,1,3.069337e-08,0.18232606,7.207614e-07,1.3985696e-06,9.008345e-06,0.8176627
2421,2000,2000,1,8.931433e-09,0.03267699,4.614763e-07,5.3756776e-07,3.4518425e-06,0.9673186
2422,2000,2000,1,1.686438e-10,0.0022226165,2.8937459e-08,1.8138223e-08,1.2343935e-07,0.99777716
2423,2000,2000,1,9.09537e-07,0.29588485,6.5987447e-06,1.1883122e-05,8.12284e-05,0.70401454
2424,2000,2000,1,2.643345e-07,0.04434175,3.973631e-06,3.704715e-06,2.579417e-05,0.9556245
2425,2000,2000,1,1.6988135e-07,0.013404528,5.1790726e-06,5.675641e-06,4.600144e-05,0.9865384
2426,2000,2000,1,1.4277957e-08,0.009239478,3.7767643e-07,3.1390934e-07,2.3477442e-06,0.9907575
2427,2000,2000,1,6.2212907e-06,0.35551405,3.6791072e-05,7.1403025e-05,0.0004875225,0.643884
2428,2000,2000,1,6.8561795e-10,0.002295634,5.4136954e-08,2.940648e-08,2.2281557e-07,0.9977041
2429,2000,2000,1,5.2807567e-09,0.015484832,4.241646e-07,4.3090748e-07,2.7605854e-06,0.9845115
2430,2000,2000,1,5.830764e-07,0.10510871,4.73059e-06,6.0006373e-06,3.64423e-05,0.8948436
2431,2000,2000,1,5.8513866e-10,0.002934506,3.7617646e-08,1.9503647e-08,1.3738381e-07,0.99706525
2432,2000,2000,1,3.541937e-10,0.0021280407,5.2913148e-08,3.4135546e-08,2.3208786e-07,0.99787164
2433,2000,2000,1,6.405789e-08,0.10761728,1.4914197e-06,2.2609133e-06,1.5892903e-05,0.8923631
2434,2000,100,0,2.634818e-07,0.76155543,5.3164345e-06,6.8833438e-06,2.8561159e-05,0.23840342
2435,2000,2000,1,4.063549e-09,0.009402625,2.325429e-07,2.2517862e-07,1.5905797e-06,0.99059534
2436,2000,2000,1,2.2361055e-09,0.016502548,2.225666e-07,2.2448425e-07,1.4784035e-06,0.98349553
2437,2000,100,0,8.385329e-08,0.74537694,4.4670966e-07,1.0540277e-06,8.546598e-06,0.2546129
2438,2000,2000,1,3.5047062e-08,0.012018393,2.114033e-06,2.3416417e-06,1.5305695e-05,0.9879618
2439,2000,2000,1,1.9168507e-08,0.0029440906,1.6930659e-06,1.3845258e-06,9.160365e-06,0.99704367
2440,2000,2000,1,5.597825e-07,0.053565893,8.676629e-06,1.3019959e-05,0.00011631742,0.9462955
2441,2000,2000,1,6.020455e-08,0.027437678,2.9276955e-06,4.364409e-06,2.8381734e-05,0.9725266
2442,2000,2000,1,1.0786504e-09,0.0031938872,6.727305e-08,4.6649454e-08,3.9107488e-07,0.99680567
2443,2000,2000,1,7.1470927e-09,0.00070417026,1.3024745e-06,8.0603996e-07,5.7252073e-06,0.999288
2444,2000,2000,1,1.0947898e-06,0.33386636,6.3113257e-06,1.1088083e-05,7.21592e-05,0.66604304
2445,2000,2000,1,1.3844943e-05,0.47801334,6.325166e-05,0.00015016274,0.0007901374,0.5209693
2446,2000,2000,1,3.4463624e-10,0.0011427925,6.91925e-08,4.0273655e-08,2.7878806e-07,0.9988568
2447,2000,2000,1,1.9072334e-07,0.10310508,2.5197087e-06,3.8168646e-06,2.6694706e-05,0.8968617
2448,2000,2000,1,4.154005e-09,0.10639738,2.5095537e-07,4.020445e-07,2.5330007e-06,0.8935994
2449,2000,2000,1,8.379905e-10,0.0031044846,1.5959391e-07,1.1670429e-07,7.4067634e-07,0.9968945
2450,2000,2000,1,4.995874e-09,0.0030251304,2.7455533e-07,1.685779e-07,1.3772245e-06,0.99697304
2451,2000,2000,1,2.1922698e-08,0.019934341,6.6957386e-07,7.8921346e-07,7.095082e-06,0.980057
2452,2000,2000,1,4.8892725e-09,0.003192995,2.5876108e-07,1.732004e-07,1.3846818e-06,0.9968052
2453,2000,2000,1,2.9381452e-11,0.00020923628,7.179168e-09,2.7196294e-09,2.1432871e-08,0.9997907
2454,2000,2000,1,2.4111616e-08,0.015457454,1.1204123e-06,1.1882927e-06,9.109171e-06,0.98453116
2455,2000,2000,1,1.1717292e-08,0.007691659,9.342482e-07,9.645803e-07,5.864997e-06,0.9923005
2456,2000,2000,1,1.0365318e-10,0.0006818601,1.8941957e-08,9.246728e-09,7.24498e-08,0.999318
2457,2000,2000,1,5.0456284e-09,0.0075283726,2.0833295e-07,1.492047e-07,1.3127077e-06,0.99246997
2458,2000,2000,1,3.103741e-08,0.0074402606,1.0333719e-06,7.8852815e-07,4.880482e-06,0.99255294
2459,2000,2000,1,2.6843587e-09,0.003547454,1.1084339e-07,7.896848e-08,7.478444e-07,0.9964516
2460,2000,2000,1,1.7233528e-08,0.024556434,5.9501843e-07,6.4173895e-07,5.0427266e-06,0.9754372
2461,2000,2000,1,1.7790676e-09,0.0136814965,7.3850266e-08,5.0177416e-08,4.062067e-07,0.986318
2462,2000,100,0,2.876529e-08,0.73265266,5.4354306e-08,1.2748248e-07,1.1742496e-06,0.26734596
2463,2000,2000,1,1.3798871e-08,0.009816364,8.220806e-07,7.018309e-07,4.5395213e-06,0.9901776
2464,2000,2000,1,1.711262e-10,0.0034301071,1.0388668e-08,6.250257e-09,5.9477053e-08,0.99656975
2465,2000,2000,1,7.688634e-09,0.015141438,3.6275372e-07,3.4433643e-07,2.2571553e-06,0.9848556
2466,2000,2000,1,3.6030437e-10,0.00087290985,5.760015e-08,2.708448e-08,2.0393703e-07,0.99912685
2467,2000,2000,1,2.9770274e-07,0.13619642,1.1854916e-05,1.9831448e-05,9.763448e-05,0.863674
2468,2000,2000,1,1.9358484e-11,0.0008138655,3.4271563e-09,1.6132702e-09,1.4261554e-08,0.9991861
2469,2000,2000,1,9.5759746e-12,0.00026177493,2.102214e-09,7.5406437e-10,6.633853e-09,0.99973816
2470,2000,2000,1,2.4551077e-09,0.008478322,1.01908675e-07,7.4463756e-08,6.552564e-07,0.9915208
2471,2000,2000,1,1.8166543e-11,0.00015055205,6.020619e-09,1.9412412e-09,1.38508e-08,0.99984944
2472,2000,2000,1,3.969601e-07,0.20290835,1.8615699e-06,2.6724667e-06,2.1404163e-05,0.7970653
2473,2000,2000,1,1.6474934e-09,0.009502772,5.6668952e-08,4.010735e-08,3.1605595e-07,0.9904969
2474,2000,2000,1,3.737226e-09,0.021100305,1.5309416e-07,1.5798402e-07,1.2391849e-06,0.97889817
2475,2000,2000,1,5.615977e-09,0.014909883,2.1942456e-07,2.1164978e-07,1.6254928e-06,0.98508805
2476,2000,2000,1,4.5852307e-08,0.0017241326,3.2044525e-06,2.4168833e-06,1.561987e-05,0.9982546
2477,2000,2000,1,9.509491e-10,0.0017840659,9.4864205e-08,6.179517e-08,4.7421025e-07,0.9982153
2478,2000,2000,1,1.7027929e-09,0.013506299,1.06142735e-07,9.66826e-08,7.297766e-07,0.9864928
2479,2000,2000,1,6.9874053e-09,0.026508955,3.1190393e-07,3.1768462e-07,2.2250615e-06,0.97348815
2480,2000,2000,1,7.840284e-09,0.0026020221,4.159923e-07,2.7057985e-07,1.9697543e-06,0.9973953
2481,2000,2000,1,6.744944e-08,0.014119727,2.4755568e-06,2.446879e-06,1.5661675e-05,0.9858597
2482,2000,2000,1,1.7084612e-09,0.001319347,1.5406057e-07,8.171194e-08,5.416192e-07,0.9986798
2483,2000,2000,1,4.2172178e-05,0.19726264,0.00011665997,8.619335e-05,0.00047128374,0.802021
2484,2000,2000,1,1.262283e-10,9.72199e-05,7.694706e-08,2.743072e-08,1.6433808e-07,0.9999025
2485,2000,2000,1,6.395529e-08,0.12115232,1.3654293e-06,2.2838892e-06,1.6461277e-05,0.8788275
2486,2000,2000,1,1.8837975e-06,0.03673731,3.513128e-05,4.130489e-05,0.00028092417,0.96290344
2487,2000,2000,1,1.367034e-07,0.059938908,2.2178563e-06,2.9552825e-06,2.5123663e-05,0.94003063
2488,2000,2000,1,7.33493e-11,8.7116416e-05,3.5502485e-08,1.0805014e-08,6.502451e-08,0.99991274
2489,2000,2000,1,1.7693333e-07,0.1338485,8.515402e-07,1.1513035e-06,9.623103e-06,0.8661397
2490,2000,2000,1,1.2634275e-09,0.0050316826,1.313713e-07,1.0579623e-07,8.066585e-07,0.9949673
2491,2000,2000,1,1.1656194e-07,0.004834071,4.8659763e-06,3.349721e-06,2.3001769e-05,0.99513453
2492,2000,2000,1,7.453768e-09,0.053874683,1.0851381e-07,1.2239191e-07,1.1629322e-06,0.9461239
2493,2000,2000,1,1.7865819e-08,0.34997585,1.0708059e-07,1.82883e-07,1.5379196e-06,0.6500223
2494,2000,2000,1,2.6095997e-11,7.368501e-05,1.5512523e-08,4.7888653e-09,3.0987444e-08,0.9999262
2495,2000,2000,1,3.0397325e-09,0.0016714379,3.8949878e-07,2.5159926e-07,1.498608e-06,0.99832636
2496,2000,2000,1,2.674984e-08,0.013426592,6.9835323e-07,5.870217e-07,4.4126464e-06,0.9865676
2497,2000,2000,1,1.3228836e-09,0.002700763,2.0614682e-07,1.3634363e-07,8.700304e-07,0.99729806
2498,2000,2000,1,9.194719e-08,0.024012424,1.756601e-06,1.9685967e-06,1.49372045e-05,0.9759688
2499,2000,100,0,2.3512139e-05,0.7192499,3.6902475e-05,9.127042e-05,0.0004441929,0.28015426
2500,500,0,0,0.6371906,5.7091027e-05,0.19641556,0.058944717,0.10739174,2.8959983e-07
2501,500,500,1,0.3457369,4.7142134e-05,0.41719523,0.14157625,0.09544424,1.6736823e-07
2502,500,500,1,0.0006672447,1.1332664e-06,0.9713675,0.01786409,0.010098413,1.6008267e-06
2503,500,500,1,0.0017041934,1.53856e-05,0.68061626,0.103170395,0.21446799,2.578486e-05
2504,500,500,1,0.0183777,1.8858849e-07,0.97696483,0.0022121673,0.0024447609,2.8746658e-07
2505,500,500,1,0.20581953,0.00022621213,0.7450393,0.02248288,0.026372135,6.0018552e-05
2506,500,500,1,0.103280194,9.933411e-07,0.8852782,0.0023584936,0.009081486,6.6153245e-07
2507,500,500,1,0.05866477,2.5061908e-08,0.94062346,0.00021189735,0.00049973425,3.9807173e-08
2508,500,500,1,0.0016164139,7.643256e-05,0.8259659,0.07617248,0.095852606,0.00031619234
2509,500,500,1,0.2963271,3.1779808e-05,0.50343156,0.060706846,0.13950042,2.1656128e-06
2510,500,500,1,0.005636019,1.4743124e-05,0.93396497,0.025417857,0.03492986,3.6522513e-05
2511,500,1500,0,0.0026044208,2.5583518e-06,0.2753706,0.09725509,0.62476665,6.586357e-07
2512,500,500,1,0.0068210466,2.708509e-07,0.96052206,0.011889805,0.020766804,7.466386e-08
2513,500,500,1,0.0056795115,3.5343653e-08,0.9896577,0.0020435385,0.0026192497,3.7260413e-08
2514,500,500,1,0.06536476,1.2974724e-06,0.84934264,0.07346852,0.011822819,3.6771914e-09
2515,500,500,1,0.035391714,1.8747121e-05,0.92829466,0.02266124,0.013632528,1.2204971e-06
2516,500,1000,0,0.00049076666,5.2010015e-05,0.31481618,0.39858758,0.2860438,9.705807e-06
2517,500,500,1,0.0028954975,0.00075296045,0.59721243,0.104521476,0.28668445,0.0079331305
2518,500,500,1,0.010346399,0.0002699861,0.6422725,0.14536995,0.20169038,5.090478e-05
2519,500,500,1,0.44181803,0.00011435887,0.5429387,0.007108272,0.00799649,2.4216226e-05
2520,500,500,1,0.033575367,8.9119574e-08,0.96565807,0.0005195204,0.00024689906,3.2050416e-08
2521,500,500,1,0.0007744969,9.810031e-06,0.91717327,0.026690131,0.05524189,0.00011039632
2522,500,500,1,0.3156913,4.2340453e-08,0.68281347,0.0004361495,0.0010590472,1.539912e-08
2523,500,500,1,0.2332642,7.400832e-05,0.6804222,0.05646225,0.029773694,3.6865376e-06
2524,500,500,1,0.0063094143,1.8367167e-05,0.88947487,0.036718447,0.06745332,2.5705485e-05
2525,500,500,1,0.35637292,1.706959e-06,0.6396161,0.0022287108,0.0017803698,1.3105087e-07
2526,500,500,1,0.007909808,8.2817854e-07,0.98073006,0.0041063437,0.0072503914,2.5769764e-06
2527,500,1500,0,0.048300397,0.0018523885,0.120341875,0.19656812,0.6328472,8.998535e-05
2528,500,1500,0,0.00019844172,0.00024859176,0.09590746,0.18305716,0.7165847,0.0040037446
2529,500,500,1,0.004453843,2.375523e-05,0.81110555,0.05270617,0.13164715,6.352036e-05
2530,500,500,1,0.3438264,2.1039573e-06,0.65003943,0.003108524,0.0030228745,7.0471316e-07
2531,500,500,1,0.013138034,1.5336636e-05,0.9692647,0.00799773,0.00954659,3.766616e-05
2532,500,500,1,0.08196554,1.5885527e-06,0.90148884,0.0038853276,0.012657833,8.874641e-07
2533,500,500,1,0.0377915,1.5422435e-07,0.8424788,0.021085262,0.09864423,4.36237e-08
2534,500,0,0,0.60685956,1.3822618e-08,0.38835445,0.0012865117,0.0034995533,1.1242269e-09
2535,500,500,1,0.018768378,4.18499e-05,0.947986,0.020811522,0.012356234,3.589279e-05
2536,500,500,1,0.027796801,0.000104381696,0.6960048,0.15730622,0.118772164,1.5674652e-05
2537,500,500,1,0.00021005745,1.1161242e-07,0.8479427,0.055579416,0.0962677,9.052098e-08
2538,500,1500,0,0.00094375125,3.006886e-05,0.15809324,0.34196827,0.49896288,1.8332819e-06
2539,500,500,1,0.12893811,8.257461e-08,0.82622164,0.012419437,0.032420732,4.1875654e-09
2540,500,1500,0,0.0052772625,8.282114e-05,0.08989283,0.33271593,0.5720223,8.860832e-06
2541,500,500,1,0.05790613,3.1662648e-07,0.9291531,0.0064298552,0.0065105706,2.9696164e-08
2542,500,1500,0,0.001523687,3.154948e-07,0.16609281,0.11283653,0.71954674,8.107581e-09
2543,500,0,0,0.8006052,2.5927028e-07,0.18969038,0.0069485176,0.0027557663,4.342032e-10
2544,500,500,1,0.005613706,9.690372e-08,0.98593175,0.0065588923,0.0018955857,2.9413922e-09
2545,500,1500,0,0.017941905,8.9509506e-08,0.40544853,0.102101035,0.47450843,1.1332015e-09
2546,500,500,1,0.021365108,4.0703523e-07,0.92639256,0.03076184,0.021479947,3.6169176e-08
2547,500,500,1,0.36993003,8.2315523e-07,0.5352386,0.051716134,0.04311443,1.5634339e-09
2548,500,500,1,0.0028469441,4.529301e-07,0.77952063,0.122485965,0.095145896,8.189445e-09
2549,500,0,0,0.9637687,2.7451947e-09,0.029646669,0.004293129,0.0022914917,6.236672e-13
2550,500,1000,0,0.00032375785,7.235073e-07,0.24443108,0.6058145,0.14942983,1.1170487e-08
2551,500,0,0,0.95335555,3.6414825e-08,0.016857568,0.011826529,0.017960394,5.4384327e-12
2552,500,500,1,0.039884545,2.4316227e-05,0.88139516,0.033055477,0.045638237,2.3380574e-06
2553,500,500,1,0.010644735,1.6526319e-07,0.9838478,0.0024054027,0.0031018015,1.3306551e-07
2554,500,500,1,0.010473433,1.4202861e-06,0.92517245,0.045714907,0.018637687,2.0110618e-07
2555,500,500,1,0.02663326,1.1017438e-05,0.8383085,0.047756143,0.087288484,2.6235027e-06
2556,500,0,0,0.61306536,7.706376e-08,0.37828693,0.006700888,0.0019467769,3.9186865e-10
2557,500,500,1,0.00084554596,4.904058e-06,0.64696455,0.16386901,0.18831551,5.4220396e-07
2558,500,500,1,0.011958891,4.393212e-06,0.5074278,0.22229509,0.25831333,4.0549756e-07
2559,500,1000,0,0.29699796,5.133179e-06,0.33030754,0.3500179,0.02267146,1.2540975e-09
2560,500,500,1,0.004740467,1.1829253e-06,0.9731752,0.013051435,0.009031003,6.8095346e-07
2561,500,1500,0,0.00010599922,2.1718763e-06,0.049158007,0.27787468,0.672859,4.6554376e-08
2562,500,500,1,0.0008904146,5.4213738e-06,0.6101042,0.23583342,0.15316486,1.6471366e-06
2563,500,500,1,0.004079438,3.511842e-07,0.98469144,0.006957697,0.004270862,1.0157282e-07
2564,500,500,1,0.010571581,7.657465e-07,0.9847631,0.00354723,0.001117096,1.0969476e-07
2565,500,500,1,0.0753954,7.831503e-06,0.74483025,0.08991383,0.089852415,2.704404e-07
2566,500,500,1,0.011553854,2.856195e-06,0.89365387,0.052389342,0.04239976,2.772196e-07
2567,500,500,1,0.026096726,3.0116766e-08,0.97003233,0.0035568853,0.00031391002,1.1183532e-10
2568,500,1000,0,0.1280786,1.5184881e-05,0.021174911,0.5617156,0.28901574,6.485437e-09
2569,500,500,1,0.07522377,1.377324e-06,0.9062127,0.008849375,0.009712558,2.6696466e-07
2570,500,500,1,0.1525685,4.3877186e-05,0.57167953,0.17132342,0.1043844,2.4354046e-07
2571,500,500,1,0.024079144,3.124814e-08,0.9732877,0.0023234661,0.00030963187,1.0657905e-10
2572,500,500,1,0.00666428,9.428415e-06,0.7260485,0.098692924,0.16858137,3.3419763e-06
2573,500,500,1,0.065484814,8.4729214e-07,0.8125756,0.040221523,0.08171715,6.930156e-08
2574,500,500,1,0.0051639667,9.2455775e-06,0.7485188,0.13178433,0.11452103,2.5026882e-06
2575,500,500,1,0.003245776,1.09033955e-07,0.9834963,0.009154084,0.0041037127,2.4219451e-08
2576,500,500,1,0.018398028,3.725506e-05,0.39150506,0.20685564,0.38320264,1.4304046e-06
2577,500,500,1,0.099245,2.4228216e-06,0.8264277,0.030616593,0.04370815,1.922628e-07
2578,500,500,1,0.0028784694,1.4574586e-06,0.93611,0.022447119,0.0385609,2.1172311e-06
2579,500,500,1,0.097799025,7.986423e-05,0.886683,0.0061884685,0.009174587,7.502508e-05
2580,500,500,1,0.023615625,4.0584713e-09,0.9754505,0.0003774422,0.0005564613,1.8521628e-09
2581,500,500,1,0.019830232,9.272754e-05,0.48380494,0.20504178,0.29121837,1.1886637e-05
2582,500,500,1,0.01306956,2.8186465e-05,0.9539234,0.01741587,0.015511801,5.107298e-05
2583,500,500,1,0.06662345,1.1507574e-08,0.9321466,0.00055953034,0.0006705249,7.2671553e-09
2584,500,0,0,0.87456757,1.5802243e-08,0.12446486,0.00020657358,0.00076108985,1.0711105e-09
2585,500,500,1,0.1540734,1.1878279e-08,0.7898965,0.008236795,0.04779325,1.1423615e-09
2586,500,500,1,0.21878035,2.614107e-06,0.7014363,0.012160601,0.06761955,5.539569e-07
2587,500,500,1,0.1160903,6.501934e-12,0.88389945,2.3471703e-06,7.946207e-06,7.766049e-12
2588,500,500,1,0.019959068,2.2135788e-08,0.9784031,0.00069605844,0.0009417554,1.2888169e-08
2589,500,500,1,0.018974073,0.000110347966,0.88170266,0.04388416,0.05511781,0.00021102448
2590,500,500,1,0.08131016,0.00031736598,0.7689514,0.042004686,0.10722979,0.0001866081
2591,500,0,0,0.6281826,4.5976782e-09,0.3708965,0.00040731838,0.00051356916,1.2821387e-10
2592,500,500,1,0.03163315,2.616349e-06,0.9233669,0.016632568,0.028363725,1.0381722e-06
2593,500,500,1,0.01759798,6.696729e-06,0.9347084,0.015641287,0.03203607,9.545787e-06
2594,500,500,1,0.010201177,3.5365846e-07,0.97351915,0.0045888573,0.011689757,7.814831e-07
2595,500,500,1,0.012533859,7.6849176e-07,0.8617518,0.02434653,0.101366565,5.414931e-07
2596,500,1500,0,0.0054962244,1.26696295e-05,0.18134014,0.10160182,0.7115459,3.2168234e-06
2597,500,500,1,0.0119583355,8.710769e-08,0.9846786,0.0016180059,0.0017450532,4.701205e-08
2598,500,500,1,0.005063186,2.0481859e-07,0.98994863,0.002346163,0.0026414506,3.9314878e-07
2599,500,0,0,0.5675605,2.0282053e-08,0.429517,0.0011640182,0.00175844,5.764472e-10
2600,500,500,1,0.008676038,3.056777e-06,0.87864333,0.036027316,0.07664883,1.4205575e-06
2601,500,500,1,0.05443513,1.20501945e-05,0.8765597,0.035328183,0.033663854,1.1209421e-06
2602,500,500,1,0.18237874,3.586741e-08,0.81692356,0.00061588833,8.177965e-05,4.0215015e-10
2603,500,500,1,0.00026662153,1.0285433e-05,0.7829751,0.09811412,0.11861445,1.937452e-05
2604,500,500,1,0.00483161,8.6854095e-07,0.8782312,0.03347285,0.083463036,4.5624637e-07
2605,500,500,1,0.028651243,1.2431435e-06,0.93391204,0.016614981,0.020820133,4.287602e-07
2606,500,500,1,0.0030571553,1.6783368e-06,0.9304908,0.04643048,0.020019736,1.9737006e-07
2607,500,500,1,0.005143643,3.0402563e-07,0.9618311,0.016353654,0.01667128,4.960006e-08
2608,500,500,1,0.006479125,1.5209363e-06,0.63600767,0.072503135,0.28500783,7.3541645e-07
2609,500,1500,0,0.002287843,8.295936e-07,0.30955446,0.13022688,0.55792993,3.6889027e-08
2610,500,500,1,0.003792339,4.4059812e-05,0.53895354,0.19229965,0.26490304,7.4309037e-06
2611,500,500,1,0.22805841,1.4147306e-05,0.49535266,0.107932,0.16864239,4.12782e-07
2612,500,0,0,0.9588738,2.0804862e-07,0.017288657,0.014242556,0.009594656,6.076474e-11
2613,500,500,1,0.029105423,1.2199887e-05,0.9520353,0.016510658,0.0023363403,6.704465e-08
2614,500,500,1,0.0022940487,9.654099e-11,0.99689096,0.0006205135,0.00019454007,2.549133e-12
2615,500,500,1,0.009382001,8.153065e-07,0.95068353,0.016487492,0.023445744,3.3417382e-07
2616,500,500,1,0.001797974,9.902743e-07,0.88158774,0.043745432,0.072867185,6.2771943e-07
2617,500,500,1,0.008710883,9.126867e-06,0.6751668,0.1755965,0.14051646,2.3389256e-07
2618,500,1500,0,0.01484377,8.7092803e-07,0.13257746,0.21128738,0.6412905,2.9254594e-09
2619,500,1500,0,0.00056176586,2.9763416e-05,0.042857114,0.18207921,0.77447027,1.8860311e-06
2620,500,500,1,0.0037021877,7.962704e-07,0.9098605,0.07080748,0.015629118,2.2655872e-08
2621,500,0,0,0.6692217,1.348239e-08,0.3252212,0.0015398954,0.0040171803,6.6104616e-10
2622,500,500,1,0.012779624,2.3004966e-10,0.98720807,6.911617e-06,5.3722906e-06,3.2014616e-10
2623,500,0,0,0.45679277,0.00011903968,0.32371774,0.049316414,0.1700445,9.636639e-06
2624,500,500,1,0.0008825499,5.3808094e-07,0.98552424,0.0092718955,0.004320626,1.6711087e-07
2625,500,500,1,0.00059163244,2.3105893e-05,0.8521047,0.10955688,0.03772053,3.0855872e-06
2626,500,500,1,0.012383257,0.010356853,0.5878874,0.11958993,0.25105214,0.018730463
2627,500,500,1,0.0063379,4.211096e-07,0.99042785,0.0017980553,0.0014352945,4.3773358e-07
2628,500,500,1,0.0062084,1.1438879e-07,0.98909724,0.0016582018,0.0030356823,2.9655823e-07
2629,500,500,1,0.025850343,2.7762992e-06,0.7639063,0.06861161,0.14162876,2.0308961e-07
2630,500,500,1,0.048607495,4.6777473e-06,0.87289095,0.016226675,0.06226891,1.2093534e-06
2631,500,500,1,0.031637117,5.9477486e-08,0.9677117,0.00028414698,0.00036687654,7.39838e-08
2632,500,500,1,0.038923252,6.908621e-06,0.9416855,0.009245731,0.010130857,7.7032e-06
2633,500,500,1,0.22942767,2.6704905e-07,0.7135837,0.020693844,0.03629454,4.8948107e-10
2634,500,1000,0,0.23901992,2.3181869e-05,0.30139813,0.358308,0.1012508,3.4804803e-08
2635,500,500,1,0.025963005,0.0003739948,0.5645282,0.24922924,0.1598606,4.4892706e-05
2636,500,500,1,0.00026898566,3.6304235e-07,0.9493229,0.035816494,0.014591105,1.7243958e-07
2637,500,500,1,0.016031563,1.4003521e-06,0.946954,0.026175477,0.010837427,6.73329e-08
2638,500,500,1,0.075823,7.624735e-06,0.5887831,0.10799319,0.22739267,4.033331e-07
2639,500,1000,0,0.0002902063,1.1863673e-05,0.12662631,0.47772595,0.39534476,9.2630074e-07
2640,500,1000,0,0.00036410277,4.1751176e-05,0.079046465,0.6547869,0.26575896,1.8188886e-06
2641,500,500,1,0.0062461183,7.083717e-07,0.92527896,0.024572494,0.043901213,4.1176204e-07
2642,500,1000,0,0.01861697,9.005021e-06,0.2058804,0.5113909,0.26410273,3.0403758e-08
2643,500,1000,0,0.27515975,1.6004066e-07,0.13664691,0.42618906,0.16200416,1.9767347e-12
2644,500,0,0,0.48685426,3.594205e-07,0.44804177,0.054949746,0.010153874,9.736247e-10
2645,500,1000,0,0.030808957,0.00026131902,0.23264828,0.49912393,0.23715685,7.111517e-07
2646,500,500,1,0.0039437423,5.035111e-08,0.9932024,0.0015367152,0.0013172325,4.7384468e-08
2647,500,0,0,0.534749,1.8354298e-07,0.42091942,0.026356092,0.017975368,9.2698116e-10
2648,500,500,1,0.02252085,9.160086e-06,0.90079004,0.045660492,0.031017074,2.3467458e-06
2649,500,1000,0,0.00063005066,1.5033912e-05,0.11721018,0.5688303,0.31331375,6.8760824e-07
2650,500,500,1,0.0025526357,1.6011368e-06,0.85456455,0.050690882,0.09218916,1.0895815e-06
2651,500,500,1,0.0014905744,9.2672553e-07,0.94445056,0.035357896,0.018699462,4.669834e-07
2652,500,500,1,0.0009495992,7.3259514e-08,0.96554536,0.0262605,0.007244401,3.0721428e-09
2653,500,500,1,0.0010317605,6.38029e-07,0.5887084,0.10485742,0.30540156,1.4454363e-07
2654,500,1000,0,0.008933799,3.0109612e-05,0.24319872,0.4308054,0.31703135,6.4492616e-07
2655,500,500,1,0.0043824995,1.173316e-05,0.65747654,0.15730393,0.18082353,1.7066103e-06
2656,500,1500,0,0.01786811,3.3077158e-06,0.11631464,0.4206838,0.4451301,2.4017279e-08
2657,500,500,1,0.07164885,1.9265462e-06,0.62407875,0.27697897,0.027291562,5.392558e-10
2658,500,0,0,0.6026323,2.8300641e-07,0.3730185,0.0105348285,0.013814091,6.3128536e-10
2659,500,500,1,0.013003431,3.470121e-06,0.62937766,0.16472976,0.1928854,3.3138454e-07
2660,500,500,1,0.0039931806,1.8229098e-07,0.9467398,0.024871515,0.024395294,2.6176988e-08
2661,500,1500,0,0.029330915,2.1121755e-06,0.089654066,0.3697712,0.5112417,1.0770779e-08
2662,500,500,1,0.2329912,1.2064122e-06,0.7112738,0.04580851,0.009925268,3.7453973e-09
2663,500,1000,0,7.3296425e-05,4.8197294e-06,0.15775643,0.78175145,0.06041391,1.5957043e-07
2664,500,500,1,0.17573167,0.00011887756,0.35513327,0.33126694,0.1377486,6.746459e-07
2665,500,500,1,0.47895327,1.2634644e-06,0.4917138,0.022727259,0.0066043185,1.699988e-09
2666,500,500,1,0.10663541,7.9990896e-05,0.7298065,0.14732909,0.016148852,4.5491998e-08
2667,500,500,1,0.03769304,0.00014911254,0.77323914,0.16340551,0.025512803,2.588737e-07
2668,500,500,1,0.015202921,5.396702e-05,0.4053339,0.36707205,0.21233676,4.0256785e-07
2669,500,0,0,0.88938487,7.026174e-08,0.10714911,0.0015922359,0.0018736065,1.0958778e-10
2670,500,1000,0,0.009697474,2.2217355e-06,0.09415134,0.7624359,0.13371314,1.9898308e-10
2671,500,500,1,0.075113826,0.00010725491,0.77751875,0.03616974,0.11101443,7.596183e-05
2672,500,0,0,0.5326176,0.0010198257,0.45129946,0.010390299,0.0046593323,1.3475905e-05
2673,500,500,1,0.015355197,0.00063450856,0.66697836,0.13832927,0.17831689,0.00038588085
2674,500,100,0,0.069199115,0.6654919,0.1418107,0.044710968,0.064798,0.0139893275
2675,500,500,1,0.14870791,0.008480174,0.8369535,0.0019580352,0.0020398633,0.0018604278
2676,500,500,1,0.044800673,0.00013402969,0.892546,0.030375414,0.032083932,5.990304e-05
2677,500,1500,0,0.032177724,5.224921e-05,0.34250844,0.17343995,0.45181417,7.4093477e-06
2678,500,1000,0,0.01639112,5.4000525e-06,0.17111063,0.6384216,0.17407127,3.60586e-09
2679,500,500,1,0.053998902,4.699422e-08,0.9265299,0.004307671,0.015163515,2.4126134e-08
2680,500,500,1,0.4414115,2.1026813e-07,0.54461294,0.003346266,0.010629049,1.9785997e-08
2681,500,500,1,0.002130783,3.345598e-05,0.61058146,0.15898946,0.22825466,1.0210964e-05
2682,500,500,1,0.013190255,1.6948964e-07,0.9634063,0.008036114,0.015367068,5.8094287e-08
2683,500,500,1,0.111622244,1.7167275e-05,0.5887348,0.1129683,0.18665634,1.1253084e-06
2684,500,1500,0,0.0018357215,1.5081121e-05,0.20880325,0.3289504,0.4603926,2.987439e-06
2685,500,500,1,0.0053179027,1.5037436e-06,0.65411824,0.12533239,0.21522985,1.08342775e-07
2686,500,500,1,0.026962427,1.7461673e-06,0.96680605,0.005617451,0.0006123877,1.9665553e-08
2687,500,500,1,0.002904481,5.2261257e-08,0.9278447,0.04755725,0.02169348,1.7463092e-10
2688,500,500,1,0.0097661475,2.2008464e-05,0.7195861,0.16702595,0.103599116,6.445647e-07
2689,500,500,1,0.32195747,8.1397e-09,0.6743431,0.0017733597,0.0019259929,5.3185966e-11
2690,500,500,1,0.006246009,3.0709423e-05,0.557684,0.15315877,0.28287503,5.440713e-06
2691,500,500,1,0.009527305,2.8528848e-06,0.66090393,0.07919589,0.2503693,6.125391e-07
2692,500,500,1,0.09900879,2.1064802e-06,0.7970997,0.09909211,0.0047972295,2.8351058e-10
2693,500,500,1,0.06551742,6.0575303e-07,0.9166929,0.009405654,0.008383359,5.138751e-08
2694,500,500,1,0.012336216,6.958629e-10,0.9862429,0.0006937351,0.0007271325,2.79181e-11
2695,500,500,1,0.15630983,1.10614255e-05,0.5665511,0.06575748,0.21136953,9.558593e-07
2696,500,500,1,0.019075101,0.000119134565,0.916459,0.029592417,0.034546312,0.00020806683
2697,500,0,0,0.6990656,9.943692e-06,0.18709783,0.052522957,0.06130357,7.109879e-08
2698,500,500,1,0.037810165,4.622929e-05,0.6834052,0.1397657,0.13896836,4.205463e-06
2699,500,500,1,0.0055867266,5.0840877e-06,0.8266173,0.051882986,0.11590502,3.0029578e-06
2700,500,500,1,0.0023556626,1.0475479e-05,0.72866476,0.13712072,0.13184483,3.6019317e-06
2701,500,500,1,0.006995047,7.3145427e-09,0.99257857,0.00019973723,0.00022654486,1.2549567e-08
2702,500,500,1,0.02859577,2.2459436e-07,0.97088325,0.00027605105,0.00024440797,2.6486052e-07
2703,500,500,1,0.11226806,4.3265834e-05,0.8700612,0.0140857315,0.003540305,1.5051008e-06
2704,500,500,1,0.082980454,7.746551e-07,0.91335297,0.00285759,0.0008081713,1.4044097e-08
2705,500,500,1,0.27827314,1.6517812e-05,0.66193104,0.047650475,0.012128819,5.596007e-08
2706,500,500,1,0.012298965,3.055792e-09,0.987237,0.00030383584,0.00016021731,1.2241511e-09
2707,500,500,1,0.0022267413,1.0718056e-05,0.69800586,0.12131052,0.17843965,6.4767446e-06
2708,500,1500,0,0.0041467818,0.0013931236,0.07918164,0.39443073,0.5208159,3.1852716e-05
2709,500,500,1,0.0015093242,7.678277e-08,0.9955434,0.0016053477,0.0013417603,1.323485e-07
2710,500,500,1,0.07563576,1.23338605e-05,0.60623944,0.055384573,0.26272726,6.0441283e-07
2711,500,500,1,0.0073843566,1.7522806e-08,0.9918107,0.00035481912,0.0004501691,5.880815e-08
2712,500,500,1,0.03185496,2.7889124e-05,0.73219246,0.21457571,0.0213489,9.537082e-09
2713,500,500,1,0.14317258,3.6592844e-08,0.8553225,0.0006086519,0.0008962107,8.186815e-09
2714,500,500,1,0.012905171,1.18291304e-07,0.9860097,0.00044283032,0.00064179994,5.1989883e-07
2715,500,500,1,0.0017390361,1.944394e-09,0.99814177,8.746357e-05,3.1777116e-05,3.823267e-09
2716,500,500,1,0.005780594,1.9908784e-05,0.9216131,0.030230375,0.042311944,4.408091e-05
2717,500,500,1,0.14736322,9.592719e-07,0.84373605,0.0037015711,0.005197894,2.2065251e-07
2718,500,500,1,0.07465158,4.4233915e-05,0.7030441,0.069925554,0.15232748,7.050795e-06
2719,500,500,1,0.48819804,3.1679956e-06,0.49416104,0.011141046,0.0064966334,1.1888223e-08
2720,500,500,1,0.3569738,5.2719926e-05,0.63259757,0.0023113484,0.0080463765,1.818402e-05
2721,500,500,1,0.44816488,5.7610912e-05,0.5452646,0.002234182,0.0042487793,2.9940184e-05
2722,500,500,1,0.037222385,4.739006e-05,0.9601556,0.0011897073,0.0013233287,6.141726e-05
2723,500,500,1,0.009672191,3.5641584e-05,0.8634767,0.05861103,0.068164095,4.0201485e-05
2724,500,500,1,0.0038884857,1.7637218e-05,0.97103935,0.015227,0.009803511,2.3989656e-05
2725,500,500,1,0.002561207,4.160864e-06,0.9766077,0.010366866,0.010444957,1.5143278e-05
2726,500,0,0,0.748335,8.151343e-06,0.22736946,0.008625687,0.015661074,5.874106e-07
2727,500,500,1,0.008859215,9.2612745e-06,0.8105551,0.057774425,0.12279439,7.5965336e-06
2728,500,500,1,0.005797974,5.0616854e-06,0.9814145,0.0051065204,0.0076514897,2.4452223e-05
2729,500,500,1,0.023825629,1.4015163e-08,0.971093,0.0008275034,0.004254002,7.896765e-09
2730,500,500,1,0.0012400805,1.3098127e-06,0.8991256,0.023476474,0.0761475,9.109964e-06
2731,500,500,1,0.06637936,1.0798289e-08,0.9329079,0.00053127937,0.00018153507,7.591226e-10
2732,500,500,1,0.046830494,1.2514416e-05,0.80740803,0.04938092,0.096365474,2.5034656e-06
2733,500,500,1,0.381337,4.2656023e-07,0.6124803,0.003123801,0.0030584305,2.9434029e-08
2734,500,1500,0,0.016908007,7.077987e-05,0.083862506,0.28905833,0.6100996,7.95028e-07
2735,500,500,1,0.00038372897,2.2884938e-06,0.7693002,0.16184436,0.06846893,5.072441e-07
2736,500,500,1,0.10407879,4.826206e-09,0.881998,0.0021889291,0.011734172,7.3174694e-10
2737,500,500,1,0.45058718,4.0961914e-09,0.5476859,0.0010113547,0.0007155774,2.2077262e-11
2738,500,500,1,0.0039365375,9.134819e-07,0.9766169,0.008577737,0.010866708,1.1461292e-06
2739,500,500,1,0.004286513,5.164596e-07,0.9742978,0.018698335,0.0027167096,1.4379397e-08
2740,500,500,1,0.007384027,2.8717114e-08,0.9905385,0.0013992536,0.0006781843,6.772002e-09
2741,500,500,1,0.40560088,2.4708856e-07,0.5922358,0.0011595098,0.00100343,3.5908254e-08
2742,500,0,0,0.9030003,1.1435758e-08,0.08079445,0.0016057738,0.014599469,2.8689084e-11
2743,500,500,1,0.26511177,7.01293e-11,0.73485154,1.4987273e-05,2.1704069e-05,1.1332757e-11
2744,500,500,1,0.0055120564,4.2302818e-07,0.9670008,0.009757433,0.01772899,3.8521048e-07
2745,500,1000,0,0.002800417,9.854168e-05,0.25240827,0.49049723,0.2541932,2.4736617e-06
2746,500,500,1,0.010301418,1.7784404e-07,0.98852074,0.00095840544,0.00021912994,9.420123e-09
2747,500,500,1,0.000985972,1.8585915e-07,0.98794633,0.005204351,0.0058628214,3.4013257e-07
2748,500,500,1,0.0026470872,5.8803902e-08,0.99600804,0.0005908323,0.00075388077,1.6386217e-07
2749,500,500,1,0.002908887,1.8435426e-08,0.9950557,0.00075704564,0.0012783397,4.9702976e-08
2750,500,500,1,0.045454737,3.817901e-08,0.9542089,0.00019410986,0.00014228521,2.0697911e-08
2751,500,500,1,0.071791776,3.5842096e-09,0.9277268,0.00015419062,0.00032726035,4.2968042e-09
2752,500,1500,0,0.005057537,5.4353968e-05,0.029934876,0.1582682,0.8066837,1.3677362e-06
2753,500,500,1,0.032083023,8.757113e-05,0.9438477,0.013805032,0.0101557365,2.0842697e-05
2754,500,500,1,0.027977325,3.3006825e-07,0.96688277,0.002641846,0.0024976812,1.6935567e-07
2755,500,500,1,0.26101068,3.581546e-08,0.7386515,0.00015146693,0.00018632243,5.4755547e-09
2756,500,500,1,0.0022229245,4.7944077e-06,0.993317,0.0030841534,0.00136756,3.5620317e-06
2757,500,500,1,0.078323126,2.3412763e-06,0.9105371,0.007483869,0.003653498,8.032936e-08
2758,500,500,1,0.19313627,1.1032421e-06,0.785428,0.005216237,0.01621786,5.148098e-07
2759,500,500,1,0.031422164,2.3036865e-08,0.9681875,0.00019805759,0.0001923261,1.9723048e-08
2760,500,500,1,0.3925417,1.5372152e-07,0.60669005,0.0005912862,0.00017681778,3.1768743e-09
2761,500,0,0,0.4338347,8.849205e-05,0.35838145,0.12024378,0.08745131,3.0499635e-07
2762,500,500,1,0.049761932,2.3238862e-09,0.94873965,0.00044109926,0.0010573588,1.037587e-09
2763,500,500,1,0.32827222,1.12221316e-10,0.6714342,3.7743073e-05,0.0002557474,3.1360158e-11
2764,500,500,1,0.046455625,7.259599e-07,0.9396261,0.0054919766,0.008425184,3.4197993e-07
2765,500,500,1,0.1099515,1.0843643e-11,0.8900447,1.4139534e-06,2.4099754e-06,9.922863e-12
2766,500,500,1,0.023761515,1.9843291e-08,0.9493047,0.0065650768,0.020368677,6.259279e-09
2767,500,0,0,0.6840319,2.9220494e-11,0.27115688,0.0020371983,0.042774014,6.5464845e-14
2768,500,500,1,0.0043258336,2.465806e-06,0.9410204,0.017699376,0.036947258,4.573507e-06
2769,500,1500,0,0.0025813296,3.8843213e-05,0.25283164,0.15583965,0.58870393,4.548233e-06
2770,500,500,1,0.015188423,4.151689e-09,0.9758059,0.0025010852,0.00650459,1.8460998e-09
2771,500,500,1,0.101191476,3.0204197e-05,0.8379909,0.021533426,0.039240107,1.3917914e-05
2772,500,500,1,0.09940228,1.11570895e-08,0.89419895,0.0015074504,0.004891294,3.1351512e-09
2773,500,500,1,0.00021691978,4.0422156e-06,0.75027704,0.08374177,0.16570604,5.422219e-05
2774,500,500,1,0.08357727,8.377252e-07,0.83978516,0.021776168,0.0548605,1.4111615e-07
2775,500,500,1,0.16577522,9.890125e-05,0.33589953,0.17001306,0.3282087,4.5573865e-06
2776,500,500,1,0.11026798,8.333858e-06,0.8816227,0.0028094966,0.005278798,1.2666068e-05
2777,500,500,1,0.2471347,1.1508956e-07,0.7499211,0.00062039535,0.0023236047,6.3906164e-08
2778,500,500,1,0.11786719,1.4857005e-07,0.8797086,0.00083880755,0.0015850542,1.4893946e-07
2779,500,500,1,0.4731924,1.9219506e-08,0.524189,0.0013043517,0.0013142184,6.680221e-10
2780,500,500,1,0.011501358,5.5046634e-08,0.9819187,0.0021147153,0.0044652503,4.647856e-08
2781,500,500,1,0.08473789,6.8615896e-10,0.91515815,3.179519e-05,7.217671e-05,5.300851e-10
2782,500,500,1,0.036740277,2.0722719e-07,0.9490455,0.0039273137,0.01028655,6.345311e-08
2783,500,500,1,0.25381237,1.0768806e-07,0.7408698,0.0016730034,0.0036447123,3.4633658e-08
2784,500,500,1,0.12746069,7.7697685e-08,0.8705378,0.00056760287,0.0014338231,6.380312e-08
2785,500,500,1,0.3770127,0.00016854292,0.4542887,0.031786676,0.1367164,2.695879e-05
2786,500,500,1,0.024763118,0.0003859345,0.77187127,0.10524058,0.09746858,0.00027054315
2787,500,500,1,0.12268499,3.6634713e-08,0.87711614,5.5947137e-05,0.00014291576,4.1594365e-08
2788,500,500,1,0.023186106,1.1485043e-07,0.9674196,0.0063727843,0.003021395,5.1022413e-09
2789,500,500,1,0.04650824,6.515787e-08,0.94851863,0.0020101224,0.0029629364,3.7989142e-08
2790,500,500,1,0.0042763767,5.026453e-06,0.9057403,0.029882055,0.060087852,8.351676e-06
2791,500,0,0,0.51275766,2.850051e-10,0.48708165,5.2785752e-05,0.00010782895,4.2951434e-11
2792,500,1500,0,0.0028888306,9.6467884e-05,0.21826337,0.33716452,0.44157588,1.0979381e-05
2793,500,500,1,0.013986592,1.3852214e-06,0.9561452,0.0114854835,0.018379219,2.0291939e-06
2794,500,500,1,0.002298673,5.8843466e-07,0.6691492,0.059040017,0.2695113,1.5037925e-07
2795,500,1000,0,0.16889341,5.793209e-06,0.25047967,0.5658047,0.014816457,1.4951237e-09
2796,500,500,1,0.07783901,1.7994173e-05,0.75948703,0.101030484,0.061624672,7.9755387e-07
2797,500,500,1,0.006557167,2.8994813e-07,0.964426,0.020009743,0.009006841,1.092352e-08
2798,500,1500,0,0.1564691,2.7165672e-06,0.11590795,0.1078611,0.6197591,6.680454e-09
2799,500,500,1,0.016360682,2.9093e-08,0.97731555,0.0024888637,0.0038349354,5.7616476e-09
2800,500,500,1,0.012631771,1.4107712e-05,0.9807386,0.0033202532,0.0032548634,4.0510207e-05
2801,500,500,1,0.13375908,6.8024666e-09,0.86452556,0.00027164575,0.0014437251,2.523178e-09
2802,500,500,1,0.021867327,1.4237744e-07,0.97635216,0.00079127523,0.0009885476,5.687016e-07
2803,500,500,1,0.19663489,3.9406277e-08,0.80151016,0.00049170235,0.0013631325,2.6923436e-08
2804,500,0,0,0.51470554,3.6340293e-07,0.4847287,0.00036388988,0.0002014089,3.5036336e-08
2805,500,500,1,0.35829404,6.084367e-10,0.64164805,1.7344672e-05,4.0516887e-05,2.150103e-10
2806,500,500,1,0.07512296,1.4461147e-05,0.56672245,0.0395372,0.31859788,5.054129e-06
2807,500,500,1,0.052425433,3.443855e-08,0.9410741,0.0020403906,0.004460001,2.0192662e-08
2808,500,500,1,0.047241576,9.520646e-12,0.9527584,5.4795873e-08,2.7792298e-08,2.7028206e-12
2809,500,0,0,0.8131229,9.7819856e-11,0.18682182,1.6004162e-05,3.9242732e-05,1.0806785e-11
2810,500,500,1,0.09074179,1.7596391e-09,0.90913796,4.1653384e-05,7.854827e-05,2.3343322e-10
2811,500,0,0,0.56827956,3.801318e-08,0.4299043,0.00033221347,0.0014838021,4.888486e-09
2812,500,500,1,0.035205293,4.9491217e-11,0.9647838,3.870066e-06,6.9670023e-06,1.12215556e-10
2813,500,500,1,0.0021295503,2.2425631e-06,0.96624446,0.01590368,0.015716763,3.2748749e-06
2814,500,500,1,0.014045458,2.3599232e-06,0.95915437,0.00935093,0.017443527,3.3608671e-06
2815,500,500,1,0.01141334,4.348412e-08,0.986798,0.0008408301,0.0009478379,1.26051924e-08
2816,500,500,1,0.018742463,7.965187e-09,0.98055387,0.00027309757,0.00043066632,1.882231e-08
2817,500,500,1,0.00018993148,6.610137e-06,0.721237,0.17532474,0.103239015,2.6516773e-06
2818,500,500,1,0.028074192,3.4969547e-10,0.9719006,1.5317979e-05,9.945732e-06,1.1517444e-10
2819,500,500,1,0.00016717547,1.4302383e-08,0.99125683,0.003543904,0.00503197,3.7435328e-08
2820,500,500,1,0.15076908,8.0893105e-11,0.8492149,1.1745385e-05,4.2900615e-06,4.1769127e-12
2821,500,500,1,0.16017807,8.735027e-06,0.8095892,0.010010257,0.02021278,1.0062861e-06
2822,500,500,1,0.017052637,2.1897018e-08,0.94274795,0.011877052,0.028322425,8.326752e-09
2823,500,500,1,0.010101973,1.1552868e-05,0.9606302,0.014575025,0.014667633,1.3644734e-05
2824,500,500,1,0.082413994,1.2026592e-06,0.8833863,0.014078585,0.020119822,8.2763925e-08
2825,500,500,1,0.00862253,2.16275e-06,0.9432376,0.03346777,0.01466986,1.5550769e-07
2826,500,500,1,0.030873582,1.7250734e-07,0.9613626,0.007517614,0.00024591075,7.2290104e-11
2827,500,500,1,0.17235677,3.6116825e-07,0.788037,0.013232132,0.026373709,1.9874372e-08
2828,500,500,1,0.036362164,3.5254163e-06,0.9359384,0.019299962,0.008395828,1.07259545e-07
2829,500,500,1,0.04335196,2.9400088e-10,0.9566329,1.419515e-05,8.6258973e-07,7.9350144e-13
2830,500,500,1,0.09553143,1.7235e-08,0.9030319,0.0007503043,0.0006863486,6.205028e-10
2831,500,500,1,0.3526536,1.4157729e-10,0.6472673,2.0425714e-05,5.86361e-05,1.5878413e-11
2832,500,500,1,0.023664312,3.1726106e-08,0.9753127,0.00047773847,0.0005452065,3.0644834e-08
2833,500,1500,0,0.025511634,2.3663367e-06,0.13273524,0.28223723,0.5595135,6.7446404e-10
2834,500,500,1,0.0017696192,9.391014e-09,0.98414385,0.003360468,0.010726039,1.4771716e-08
2835,500,500,1,0.19281445,3.5776764e-06,0.64935803,0.09113512,0.066688746,1.9902002e-08
2836,500,500,1,0.003442275,4.213304e-06,0.7783572,0.15184562,0.06635051,7.059638e-08
2837,500,500,1,0.063946016,1.620801e-06,0.8118336,0.020705562,0.10351275,2.7384374e-07
2838,500,500,1,0.00053037464,4.4249248e-08,0.9975981,0.0015072527,0.00036422213,6.06562e-09
2839,500,500,1,0.0059900167,1.5695532e-07,0.99236876,0.0015033616,0.00013774692,1.9302565e-08
2840,500,500,1,0.029890925,1.2608134e-08,0.96909565,0.0008558084,0.00015759253,2.9176087e-10
2841,500,500,1,0.070308015,2.3626626e-06,0.89203775,0.024825735,0.01282613,2.7943743e-08
2842,500,500,1,0.014394693,4.8248745e-05,0.80224735,0.14692335,0.036385916,4.3974575e-07
2843,500,500,1,0.3937007,2.0374912e-08,0.5641036,0.035566024,0.0066295927,7.534387e-12
2844,500,1500,0,0.019792967,7.654357e-05,0.21188658,0.31780094,0.45044193,1.1247829e-06
2845,500,500,1,0.03699041,5.7322263e-06,0.75809824,0.08433184,0.12057319,4.9718426e-07
2846,500,500,1,0.0019594457,5.6697595e-06,0.81612986,0.16243316,0.019471774,5.578702e-08
2847,500,500,1,0.0009246163,1.4812557e-06,0.9767795,0.015756253,0.0065374835,6.7727825e-07
2848,500,500,1,0.028713884,3.4998604e-07,0.9096833,0.060512327,0.0010901889,1.9842877e-11
2849,500,500,1,0.04309337,1.1203114e-06,0.60846245,0.23326616,0.11517699,5.5343957e-10
2850,500,1500,0,0.0003565724,9.655752e-06,0.073341705,0.4129863,0.51330566,7.755189e-08
2851,500,500,1,0.05378047,1.9945426e-05,0.7835934,0.12616408,0.036441978,6.301794e-08
2852,500,500,1,0.11360112,0.0006808036,0.66424465,0.11506624,0.10639463,1.2510172e-05
2853,500,1000,0,0.0039894874,8.767197e-05,0.32999125,0.59391457,0.07201614,8.355878e-07
2854,500,1000,0,0.0057512023,6.3972666e-06,0.20469153,0.536842,0.25270882,2.5594542e-08
2855,500,1000,0,0.11540183,2.0876175e-06,0.2512987,0.42195717,0.21134028,3.1623382e-09
2856,500,500,1,0.033851117,6.340558e-06,0.7671641,0.048859544,0.15011626,2.5157842e-06
2857,500,1500,0,0.0052496153,1.316492e-06,0.39420885,0.0761055,0.5244346,4.7513936e-08
2858,500,500,1,0.03224023,1.3729132e-05,0.73398197,0.18490317,0.048860878,7.648937e-08
2859,500,1500,0,0.0004317052,3.159144e-07,0.03537065,0.24780117,0.71639615,1.7724571e-09
2860,500,500,1,0.022705043,1.4201894e-06,0.7289047,0.08424217,0.16414656,1.16108694e-07
2861,500,0,0,0.6061772,2.2277444e-08,0.34974208,0.019273626,0.024807064,1.5129098e-11
2862,500,500,1,0.06360316,5.621781e-05,0.41005912,0.20897482,0.3173064,2.5258404e-07
2863,500,500,1,0.06666521,1.1062469e-05,0.43378496,0.42083493,0.07870384,2.566842e-09
2864,500,500,1,0.0010337558,4.5481893e-06,0.4230835,0.2664868,0.30938825,3.1173422e-06
2865,500,500,1,0.012138184,1.6149561e-06,0.9262274,0.032274365,0.029358055,3.8938558e-07
2866,500,1000,0,0.051560175,1.653013e-05,0.057958927,0.51797926,0.372485,3.142645e-08
2867,500,500,1,0.00025847452,2.4541065e-05,0.34773344,0.31044844,0.34151635,1.8859475e-05
2868,500,1500,0,4.4989694e-05,3.7689529e-06,0.04654844,0.34155038,0.6118517,7.5881564e-07
2869,500,500,1,0.00019797556,4.9566465e-06,0.7147902,0.195682,0.08932333,1.4790695e-06
2870,500,500,1,0.028030641,5.152183e-06,0.6190098,0.27235404,0.08060029,1.26902835e-08
2871,500,500,1,0.004665372,3.0111e-06,0.5400202,0.26092413,0.1943872,3.9462947e-08
2872,500,1500,0,0.00011011572,2.571988e-05,0.14696299,0.39608586,0.4567255,8.985609e-05
2873,500,1000,0,5.2145937e-05,2.8544948e-06,0.24445896,0.63734996,0.11813602,2.3610333e-08
2874,500,1000,0,0.011715371,1.613942e-05,0.065885104,0.52373725,0.39864612,5.7864295e-08
2875,500,500,1,0.06500489,3.6669296e-06,0.58640844,0.15857041,0.19001259,2.7927939e-08
2876,500,500,1,0.001210109,1.5785679e-07,0.7753929,0.088442445,0.13495442,1.831624e-08
2877,500,500,1,0.0012150365,8.042155e-07,0.4825149,0.3005815,0.21568774,1.5134319e-08
2878,500,1000,0,0.007837261,1.9459503e-05,0.11687118,0.54543793,0.32983413,8.029993e-08
2879,500,1500,0,0.0004797818,5.328192e-06,0.027909907,0.36558232,0.60602266,2.315005e-08
2880,500,1000,0,0.19068325,2.8297312e-05,0.08169318,0.5963944,0.13120092,7.413164e-09
2881,500,500,1,0.0056186626,1.0096914e-07,0.9641268,0.014128697,0.016125772,7.971712e-09
2882,500,500,1,0.15009975,0.00021499144,0.41029942,0.20609239,0.233288,5.5175046e-06
2883,500,500,1,0.29243264,2.3621162e-06,0.53572357,0.12182201,0.050019395,4.3451098e-10
2884,500,1000,0,0.14717658,8.898454e-06,0.07185827,0.7177783,0.06317793,2.401928e-12
2885,500,1500,0,0.00092334865,5.9083122e-05,0.20273416,0.28407273,0.512195,1.5601097e-05
2886,500,1000,0,0.019882375,5.651691e-06,0.088978186,0.81185174,0.0792821,1.9092783e-09
2887,500,1000,0,0.20559284,3.6599842e-05,0.13161667,0.65584034,0.006913544,1.3586679e-10
2888,500,500,1,0.19008756,7.283064e-06,0.7802028,0.0277618,0.0019405843,1.0789358e-08
2889,500,1000,0,0.02283282,8.418926e-05,0.13884021,0.6946857,0.14355709,1.6077724e-08
2890,500,0,0,0.46305975,4.9951677e-06,0.23009267,0.27150503,0.03533757,3.7436945e-10
2891,500,500,1,0.014649573,5.1510044e-05,0.3948569,0.21666792,0.37377268,1.3752382e-06
2892,500,0,0,0.898826,7.1461295e-07,0.027265554,0.07056683,0.0033409179,1.7014352e-11
2893,500,500,1,0.002327212,5.433739e-05,0.40124616,0.3319505,0.2644211,7.16248e-07
2894,500,1000,0,0.032074854,2.450728e-05,0.1493938,0.53268856,0.2858182,4.355422e-08
2895,500,1000,0,0.13314131,4.2444175e-05,0.14409085,0.61457574,0.108149596,7.387462e-08
2896,500,500,1,0.10794072,0.00012070288,0.69016755,0.13614585,0.065624446,7.973188e-07
2897,500,500,1,0.061091855,0.0002884145,0.43023217,0.3518375,0.15654556,4.5551233e-06
2898,500,500,1,0.0009775634,1.4563665e-05,0.85238874,0.09867697,0.04793121,1.0941374e-05
2899,500,500,1,0.00037622298,2.8504824e-06,0.537337,0.3382195,0.12406429,1.1661058e-07
2900,500,500,1,0.022980828,2.9303345e-07,0.94074637,0.017577803,0.018694732,3.0724507e-08
2901,500,1500,0,0.0016685316,3.1012227e-05,0.18588093,0.2792597,0.5331559,3.9088422e-06
2902,500,500,1,0.11353284,0.00011535014,0.5752981,0.29576957,0.015284199,3.951209e-09
2903,500,500,1,0.030543715,8.031454e-05,0.6686474,0.27710548,0.023622902,1.3380536e-07
2904,500,500,1,0.13128611,1.1756697e-05,0.56437105,0.10123807,0.20309234,7.422861e-07
2905,500,500,1,0.016701205,1.9209713e-06,0.8761271,0.079440095,0.02772946,1.1429689e-07
2906,500,500,1,0.0029591692,4.897139e-07,0.9751031,0.009777891,0.012158991,5.017098e-07
2907,500,0,0,0.5907811,2.176829e-06,0.39496627,0.005687715,0.008562514,1.6403644e-07
2908,500,500,1,0.003516027,9.148738e-08,0.9757446,0.005417976,0.015321,2.775379e-07
2909,500,1500,0,0.0011315204,9.762607e-06,0.31848717,0.13822576,0.54213107,1.4704142e-05
2910,500,500,1,0.0148219,7.023944e-07,0.96549594,0.0072873994,0.012392768,1.2392754e-06
2911,500,500,1,0.12995939,6.5009735e-06,0.86364377,0.0031479483,0.0032412903,1.0874344e-06
2912,500,500,1,0.004894247,4.6124514e-06,0.93572354,0.036822915,0.02255063,4.146314e-06
2913,500,500,1,0.029621983,4.864334e-06,0.88571006,0.024375165,0.06028468,3.1805396e-06
2914,500,500,1,0.0017461168,2.2647091e-08,0.97807944,0.0041007185,0.016073715,3.003447e-08
2915,500,500,1,0.0060829064,2.33269e-09,0.993335,0.00034116837,0.00024086771,4.3491535e-09
2916,500,500,1,0.16747716,2.771004e-07,0.82432216,0.0018925772,0.006307796,7.647299e-08
2917,500,500,1,0.24203071,1.3811072e-07,0.7233292,0.005061512,0.029578423,1.779458e-08
2918,500,500,1,0.47603968,3.886145e-09,0.52168685,0.0006078914,0.0016655859,3.749541e-10
2919,500,500,1,0.06969902,3.1215234e-06,0.6945335,0.04782456,0.18793957,2.029006e-07
2920,500,500,1,0.039555307,2.7628961e-05,0.7960387,0.05451057,0.10985888,8.957416e-06
2921,500,500,1,0.015143506,4.038776e-05,0.7679579,0.06259124,0.15423305,3.378104e-05
2922,500,500,1,0.01036178,3.5877492e-06,0.77628803,0.06837205,0.14497347,1.0558309e-06
2923,500,500,1,0.013738808,3.4187963e-07,0.96658605,0.005458147,0.014215884,7.4841483e-07
2924,500,500,1,0.32472473,2.0927885e-06,0.67143667,0.0015911338,0.0022443023,1.0711613e-06
2925,500,0,0,0.42332408,2.9966695e-06,0.37549394,0.039769966,0.16140892,1.3990291e-07
2926,500,500,1,0.3024879,7.405442e-11,0.6974634,1.3802974e-05,3.4822766e-05,2.8632758e-11
2927,500,0,0,0.8934907,3.530329e-05,0.086756445,0.0059265043,0.013789869,1.2734413e-06
2928,500,500,1,0.0010545364,1.4902799e-06,0.9878957,0.0053215446,0.0057083894,1.8329105e-05
2929,500,500,1,0.023916416,6.243061e-05,0.8821358,0.035205625,0.05859182,8.794511e-05
2930,500,0,0,0.5661831,5.268384e-09,0.43331608,0.00017808477,0.000322674,1.038408e-09
2931,500,500,1,0.03261264,1.9082385e-08,0.96536225,0.00088917516,0.0011358069,4.3755377e-09
2932,500,0,0,0.8159565,1.958112e-07,0.16568878,0.0025411972,0.01581331,5.8666743e-09
2933,500,500,1,0.0022170595,2.7637794e-08,0.99169356,0.0016300463,0.0044592004,1.1192869e-07
2934,500,500,1,0.07974058,1.9624888e-06,0.8870485,0.027057784,0.006151282,7.754257e-09
2935,500,500,1,0.026852744,2.2535978e-07,0.953208,0.0055900286,0.014348784,1.9897396e-07
2936,500,500,1,0.0056019034,6.0967534e-07,0.94567615,0.015228083,0.033492103,1.1351976e-06
2937,500,500,1,0.0025288926,8.29178e-06,0.88585204,0.026130829,0.08542389,5.600019e-05
2938,500,500,1,0.08356527,1.9628378e-06,0.8091544,0.034764946,0.07251304,3.4793095e-07
2939,500,500,1,0.13215585,8.317107e-08,0.82437587,0.008467615,0.035000607,1.2355085e-08
2940,500,500,1,0.013626879,2.7368064e-06,0.6613889,0.12524426,0.19973685,3.63288e-07
2941,500,500,1,0.0026125738,1.5350415e-05,0.8916535,0.044692095,0.060984276,4.2258092e-05
2942,500,1000,0,0.00046833346,2.3674575e-06,0.3029697,0.42918557,0.2673739,7.914074e-08
2943,500,500,1,0.004844124,4.021169e-08,0.933072,0.01735324,0.044730637,6.0536323e-09
2944,500,0,0,0.63732177,4.6234243e-09,0.3481661,0.001746025,0.012766066,1.3310401e-10
2945,500,0,0,0.7668572,1.8720294e-06,0.19144331,0.016729172,0.02496849,2.0361249e-08
2946,500,500,1,0.043770626,1.0848245e-06,0.9391233,0.012439261,0.004665737,1.7335397e-08
2947,500,500,1,0.00077348563,2.371882e-06,0.4468624,0.23531929,0.31704187,6.689626e-07
2948,500,500,1,0.18092439,7.3279085e-07,0.6914615,0.062081218,0.06553215,4.5567976e-09
2949,500,500,1,0.0008905058,1.420454e-06,0.89298534,0.07988776,0.026234848,7.433517e-08
2950,500,0,0,0.5011763,1.6976917e-06,0.48433352,0.0039038644,0.010584328,3.321978e-07
2951,500,500,1,0.31587204,5.963941e-06,0.6645917,0.007238191,0.012290408,1.6581984e-06
2952,500,500,1,0.005359459,1.0670833e-05,0.7055167,0.064741574,0.22434749,2.409592e-05
2953,500,500,1,0.4918393,3.7823068e-07,0.49846864,0.0023717259,0.007319855,6.434242e-08
2954,500,500,1,0.089887865,2.471295e-07,0.88688314,0.004433166,0.01879546,1.6278544e-07
2955,500,0,0,0.3785084,0.00021233337,0.36727384,0.06523929,0.18875264,1.3555817e-05
2956,500,500,1,0.019455086,3.399136e-05,0.83919656,0.043683257,0.097592905,3.8140653e-05
2957,500,500,1,0.018025398,2.5251486e-05,0.6027207,0.15698726,0.22223562,5.8450087e-06
2958,500,500,1,0.25027218,1.7580098e-06,0.65830076,0.008517525,0.08290746,2.8979278e-07
2959,500,500,1,0.06561739,1.9872982e-07,0.92531693,0.003828341,0.0052369726,1.0852112e-07
2960,500,500,1,0.0050372356,3.8709116e-10,0.9947747,7.999843e-05,0.00010808417,4.4500328e-10
2961,500,500,1,0.026420407,1.5547565e-05,0.8403508,0.075578146,0.057633996,1.1265636e-06
2962,500,0,0,0.5401714,0.00015442561,0.28950453,0.07735467,0.09281343,1.5751552e-06
2963,500,0,0,0.682314,1.2205909e-07,0.2766962,0.03135285,0.009636853,2.8152935e-11
2964,500,500,1,0.0007776511,0.0001000925,0.47107792,0.15913072,0.3687237,0.00018988503
2965,500,1500,0,0.001831466,2.4185336e-05,0.29258296,0.32958153,0.3759749,5.0139924e-06
2966,500,500,1,0.00635336,1.6808298e-06,0.89152676,0.022717837,0.079394914,5.405601e-06
2967,500,500,1,0.0024986442,1.2405251e-06,0.69128585,0.058027722,0.248185,1.5846234e-06
2968,500,1500,0,0.0009460064,2.9530382e-05,0.14615797,0.16217609,0.690679,1.1447163e-05
2969,500,0,0,0.6337129,1.4190546e-08,0.36544853,0.00027042694,0.00056816026,2.9683564e-09
2970,500,500,1,0.044686563,2.737904e-09,0.9516247,0.00077661074,0.0029120322,2.1266524e-09
2971,500,500,1,0.0049861185,2.2843881e-07,0.9773237,0.010668115,0.0070216036,2.0486263e-07
2972,500,500,1,0.24863279,1.3245136e-05,0.62758476,0.038877096,0.08489002,2.1168423e-06
2973,500,500,1,0.059159923,7.5774756e-06,0.91647303,0.006839904,0.017505728,1.3803458e-05
2974,500,500,1,0.052892752,0.0008231915,0.66873676,0.0930395,0.18381007,0.00069759093
2975,500,500,1,0.0034338853,7.6506024e-07,0.96600604,0.012887901,0.017669318,2.119676e-06
2976,500,500,1,0.3141876,1.631511e-07,0.6844515,0.00055199285,0.00080865546,7.7520895e-08
2977,500,500,1,0.3118965,9.768064e-08,0.6865209,0.00063798495,0.00094439695,5.5580266e-08
2978,500,0,0,0.7446052,2.121432e-09,0.2550679,8.6159576e-05,0.00024073171,2.5614197e-10
2979,500,500,1,0.0022978792,4.78356e-06,0.9652637,0.015762614,0.016647687,2.3390165e-05
2980,500,500,1,0.012398087,8.835746e-07,0.90702194,0.01833213,0.062246088,8.8397405e-07
2981,500,500,1,0.03267615,2.2155422e-08,0.9627712,0.0017869872,0.002765625,8.248048e-09
2982,500,0,0,0.6902261,5.2426357e-09,0.30898303,0.00043842377,0.0003524928,2.5283229e-11
2983,500,500,1,0.12431199,8.262973e-08,0.8611227,0.0020163094,0.012548945,2.8774112e-08
2984,500,500,1,0.0014294302,6.3579378e-06,0.9181466,0.033870533,0.046501033,4.5923545e-05
2985,500,500,1,0.019286262,2.684274e-08,0.96869636,0.0042231036,0.007794264,5.0792144e-09
2986,500,500,1,0.003493699,1.0648412e-11,0.996496,6.0501225e-06,4.315218e-06,2.4177762e-11
2987,500,500,1,0.034071356,5.0748063e-06,0.8663379,0.033854302,0.06572785,3.4610541e-06
2988,500,0,0,0.74796987,6.3761405e-08,0.2510706,0.0003935343,0.0005658405,5.6346754e-09
2989,500,0,0,0.9318531,9.536979e-06,0.045298457,0.0114528155,0.011386019,3.1050003e-08
2990,500,0,0,0.7629943,3.3195542e-07,0.2126214,0.017390542,0.0069934637,5.7511235e-10
2991,500,500,1,0.00054443855,2.6442697e-06,0.48884934,0.13443148,0.3761645,7.513122e-06
2992,500,500,1,0.0037017309,8.539941e-05,0.6632785,0.17328882,0.15961349,3.198687e-05
2993,500,500,1,0.037576977,4.0868812e-08,0.93667275,0.0057582846,0.019991942,2.083114e-09
2994,500,0,0,0.6779717,3.6228638e-08,0.3190606,0.0008498161,0.0021178576,2.1910238e-09
2995,500,1000,0,0.003555456,8.278338e-06,0.3996523,0.45947438,0.13730943,1.0685221e-07
2996,500,500,1,0.00034282642,9.131385e-06,0.6509166,0.18807301,0.16064863,9.7811235e-06
2997,500,0,0,0.75614774,1.9438107e-06,0.103659704,0.026649786,0.1135408,8.761466e-09
2998,500,500,1,0.027849613,7.0388e-07,0.47622597,0.33622715,0.15969652,4.3150803e-09
2999,500,500,1,0.060195,4.3471473e-06,0.44946492,0.4447467,0.04558912,3.1772995e-10
