Sample,True Label,Pred Label,Correct,Prob_0,Prob_100,Prob_500,Prob_1000,Prob_1500,Prob_2000
0,0,0,1,0.49553156,4.686055e-08,0.45367295,0.022856653,0.027938759,8.4904965e-12
1,0,0,1,0.6310482,1.6573348e-15,0.36521292,0.00278943,0.00094943226,7.4076875e-21
2,0,0,1,0.49149853,5.896035e-09,0.40382823,0.053718988,0.050954238,3.5481893e-12
3,0,0,1,0.58575964,3.2552187e-11,0.38800013,0.015894663,0.010345545,2.3250553e-15
4,0,0,1,0.3096806,1.19870345e-08,0.10447045,0.29452878,0.29132017,1.3734568e-10
5,0,0,1,0.40202323,4.4236086e-07,0.32465136,0.10133916,0.17198583,3.8789952e-10
6,0,0,1,0.597132,3.1179107e-12,0.37387192,0.018993784,0.010002244,2.6251282e-16
7,0,500,0,0.35598636,5.155374e-07,0.36842716,0.11768843,0.15789765,9.533037e-10
8,0,500,0,0.34827346,2.1271807e-09,0.59795433,0.03315716,0.020615036,3.7406827e-12
9,0,0,1,0.6069337,1.7929786e-11,0.38853428,0.0023876254,0.0021443877,5.3514913e-17
10,0,0,1,0.56606483,7.224083e-11,0.3904689,0.025282761,0.018183533,6.1602093e-15
11,0,1000,0,0.0173168,1.598161e-07,0.10383793,0.6126343,0.2662107,6.510622e-08
12,0,0,1,0.4685163,2.732776e-07,0.39233008,0.057072174,0.08208116,1.4090386e-10
13,0,500,0,0.42222828,1.8445529e-06,0.46375403,0.042024158,0.07199165,1.1236168e-09
14,0,1500,0,0.04698933,1.3248801e-05,0.17754753,0.26825517,0.5071941,5.376731e-07
15,0,0,1,0.39351448,4.346628e-09,0.17253242,0.22357395,0.21037915,1.5818397e-11
16,0,0,1,0.48499766,2.5313016e-09,0.24803098,0.12613116,0.14084025,1.1003444e-12
17,0,0,1,0.5947407,6.503527e-13,0.38305473,0.014514181,0.007690441,2.078541e-17
18,0,0,1,0.71804833,6.839176e-18,0.271152,0.009698692,0.0011010892,1.7951693e-21
19,0,1500,0,0.2330892,6.547145e-08,0.23083606,0.25884217,0.27723247,6.133984e-10
20,0,0,1,0.44104135,4.8860966e-07,0.29639983,0.110096484,0.1524619,6.5621103e-10
21,0,1500,0,0.18691795,2.289543e-07,0.22300093,0.26054537,0.3295355,2.2273934e-09
22,0,0,1,0.5800342,5.069542e-12,0.3136401,0.06797565,0.038349975,1.2331758e-15
23,0,0,1,0.5792431,2.6153107e-11,0.40180397,0.012692436,0.006260421,8.7532825e-15
24,0,0,1,0.5741087,5.382437e-10,0.4166863,0.0052513606,0.0039536413,3.9814597e-14
25,0,500,0,0.22504964,7.477784e-07,0.40293565,0.14413054,0.22788341,2.4499764e-09
26,0,0,1,0.51095074,7.6385337e-10,0.31061104,0.10501896,0.07341924,1.063944e-12
27,0,0,1,0.56171995,4.2938993e-11,0.4216712,0.008304738,0.008304026,2.3323613e-16
28,0,1500,0,0.12620485,4.1100946e-05,0.081938624,0.21085785,0.5809572,4.3706143e-07
29,0,1500,0,0.09949425,7.8198405e-05,0.1857034,0.20159425,0.5131288,1.0961528e-06
30,0,0,1,0.50125694,6.9366535e-09,0.4424252,0.029188355,0.027129497,2.949887e-12
31,0,0,1,0.38415506,1.4196022e-10,0.20051004,0.2588563,0.15647863,1.0823137e-12
32,0,0,1,0.573913,1.0914064e-10,0.37100327,0.03414157,0.020942193,4.010171e-14
33,0,0,1,0.56027,4.2743364e-11,0.34793562,0.059253857,0.03254053,3.1326887e-14
34,0,1500,0,0.24267633,1.1226339e-05,0.017420078,0.18874027,0.551152,7.860226e-08
35,0,1500,0,0.2388388,3.0708698e-06,0.17290072,0.21542531,0.37283206,1.865387e-08
36,0,0,1,0.5576244,2.346412e-10,0.3900436,0.03152632,0.020805717,1.0150424e-13
37,0,0,1,0.48078242,2.2814363e-12,0.1176397,0.2649492,0.13662872,1.208026e-14
38,0,0,1,0.5579314,8.418003e-19,0.09181245,0.34679192,0.0034642087,1.0611067e-19
39,0,0,1,0.32240367,1.058046e-09,0.18837464,0.29296723,0.19625446,1.4051616e-11
40,0,0,1,0.3661259,3.079631e-10,0.08196329,0.25941524,0.29249555,6.5111686e-13
41,0,0,1,0.6496542,8.901435e-29,0.007778825,0.34225884,0.0003081246,4.8994556e-30
42,0,0,1,0.48378402,2.094105e-10,0.1953465,0.17404117,0.14682837,2.4656297e-13
43,0,1500,0,0.28109187,1.2103337e-08,0.08443312,0.27746916,0.3570058,6.778752e-11
44,0,0,1,0.5574097,1.1706641e-10,0.33140197,0.060358305,0.050830025,1.936345e-14
45,0,0,1,0.38627747,2.0913593e-09,0.38004977,0.12777245,0.1059002,5.112595e-12
46,0,0,1,0.51274353,1.2149094e-13,0.12041358,0.2736107,0.09323223,9.52796e-16
47,0,0,1,0.43000507,3.09411e-07,0.23769069,0.12293097,0.20937292,2.5396205e-10
48,0,0,1,0.4768196,2.840707e-11,0.14873886,0.22955596,0.14488555,8.727611e-14
49,0,0,1,0.5421775,1.09320945e-13,0.14035004,0.22383846,0.09363396,2.2507796e-16
50,0,500,0,0.45298186,8.232187e-09,0.48941383,0.029947666,0.027656695,5.142826e-12
51,0,0,1,0.4894167,1.4713858e-12,0.12385101,0.23044293,0.15628932,1.359601e-15
52,0,1000,0,0.24311917,1.8901523e-11,0.07351459,0.42572877,0.25763753,3.8836368e-13
53,0,0,1,0.39569286,1.06689504e-10,0.19759499,0.26594186,0.1407702,1.0602361e-12
54,0,0,1,0.49386576,4.1789725e-08,0.26919135,0.088501915,0.14844103,8.664359e-12
55,0,0,1,0.45123625,8.072681e-09,0.22024614,0.15454337,0.17397425,1.040116e-11
56,0,0,1,0.3659211,2.4446973e-09,0.083586834,0.25343496,0.29705706,6.0190546e-12
57,0,0,1,0.40506494,1.0912605e-11,0.20823057,0.2716301,0.11507436,1.1724511e-13
58,0,0,1,0.5327897,3.1207675e-12,0.16173574,0.19868363,0.106790856,6.112523e-15
59,0,1000,0,0.31699425,2.0647014e-11,0.03878142,0.34665242,0.29757196,1.8189169e-13
60,0,0,1,0.47429547,9.296894e-11,0.17675987,0.19658205,0.15236264,9.999773e-14
61,0,0,1,0.47559956,2.7507214e-09,0.23918965,0.12950225,0.15570861,9.697749e-13
62,0,1500,0,0.29389712,0.00018341329,0.040526863,0.14373712,0.5216547,6.536161e-07
63,0,1000,0,0.030371826,4.6156774e-25,0.00017326498,0.9690289,0.00042602312,3.5518667e-24
64,0,1000,0,0.30097947,2.1517218e-23,0.0057170168,0.68158895,0.0117146475,4.5316194e-25
65,0,0,1,0.55628127,1.5498154e-21,0.025593415,0.39554325,0.022582116,7.8350714e-24
66,0,1000,0,0.1537982,7.7006624e-25,0.0012426707,0.8427225,0.0022366887,2.3884223e-25
67,0,0,1,0.4730182,6.246312e-14,0.08335225,0.3368079,0.106821604,7.5363804e-16
68,0,1000,0,0.059961572,1.0857582e-28,0.00015951224,0.9395513,0.0003275847,1.9163099e-28
69,0,1000,0,0.06982602,2.6290595e-23,0.00045037683,0.9262128,0.0035107727,2.1448756e-23
70,0,1000,0,0.14974877,3.8779281e-22,0.0019030533,0.8408325,0.007515676,8.9177974e-23
71,0,1000,0,0.04597957,1.568712e-24,0.00033708318,0.95266026,0.0010230693,3.8158638e-24
72,0,1000,0,0.18151411,7.305903e-17,0.008271602,0.7673571,0.042857207,1.21140055e-17
73,0,1000,0,0.20091668,4.6090606e-22,0.005003272,0.79097843,0.003101672,1.679197e-22
74,0,1000,0,0.13469625,8.216242e-18,0.0038724486,0.82199174,0.039439596,1.5050587e-18
75,0,1000,0,0.18070057,2.7811522e-18,0.007359004,0.7800865,0.0318539,3.3399857e-19
76,0,1000,0,0.16539541,2.4102661e-16,0.011172797,0.7780672,0.045364715,3.9010394e-17
77,0,1000,0,0.24611035,5.60237e-14,0.025408152,0.6165858,0.11189576,4.1907082e-15
78,0,1000,0,0.16457485,4.398509e-19,0.0044035814,0.8086961,0.022325471,7.3563686e-20
79,0,0,1,0.35501444,1.479373e-12,0.027074648,0.34264818,0.27526265,9.177781e-15
80,0,0,1,0.4027254,2.0381206e-06,0.13448995,0.0961027,0.36667988,9.2371916e-11
81,0,0,1,0.46784177,1.7924585e-09,0.24471886,0.13698038,0.15045898,5.231249e-13
82,0,0,1,0.52361274,2.7568796e-11,0.38427338,0.053220633,0.038893305,1.7847482e-15
83,0,0,1,0.48787946,3.995099e-10,0.3645703,0.06341515,0.084135175,6.2932655e-15
84,0,1500,0,0.3169992,1.9958638e-07,0.060074918,0.2103129,0.4126127,3.7797276e-10
85,0,1500,0,0.27729663,2.0528035e-09,0.042386375,0.29865324,0.3816637,1.5258036e-11
86,0,0,1,0.45007598,5.099556e-07,0.19670878,0.112261906,0.24095277,1.2012155e-10
87,0,0,1,0.4006447,4.0103778e-08,0.11475289,0.1650476,0.31955478,1.1201246e-11
88,0,0,1,0.40080366,4.4157887e-06,0.14889035,0.118972935,0.3313287,1.7213672e-09
89,0,0,1,0.52616185,1.9319607e-08,0.44721878,0.012116706,0.01450271,1.5628641e-12
90,0,0,1,0.62850004,1.5573005e-12,0.36276788,0.005920506,0.002811555,7.209937e-17
91,0,0,1,0.44136474,2.5655114e-05,0.24551612,0.048935954,0.2641576,5.119936e-10
92,0,0,1,0.493878,9.091227e-08,0.379658,0.048433755,0.07803009,1.3500234e-11
93,0,0,1,0.4688584,1.073041e-08,0.236311,0.121399514,0.17343105,1.6261118e-12
94,0,0,1,0.51947165,2.9043605e-09,0.43718812,0.019794136,0.023546072,8.133847e-14
95,0,0,1,0.41108093,5.960095e-05,0.15428002,0.092954025,0.34162548,2.228309e-08
96,0,0,1,0.5295853,3.698211e-11,0.46881622,0.00061747147,0.0009810348,8.774383e-18
97,0,0,1,0.4992134,1.7513876e-09,0.42875326,0.043572374,0.028460983,2.0176473e-12
98,0,0,1,0.49885726,2.6907012e-09,0.35195193,0.047850054,0.10134073,1.2995995e-14
99,0,0,1,0.40575343,1.241027e-05,0.25073725,0.10339855,0.24009834,1.1912477e-08
100,0,500,0,0.35220212,3.425085e-08,0.56371623,0.040512815,0.04356888,3.087734e-11
101,0,0,1,0.55176675,1.8151673e-11,0.39712545,0.02813483,0.022972973,4.5391596e-16
102,0,0,1,0.62018377,4.0114125e-14,0.37806857,0.0010470322,0.0007006873,1.6298227e-20
103,0,0,1,0.6477272,1.6485672e-12,0.3488599,0.0022649085,0.0011480241,3.431532e-17
104,0,0,1,0.36441067,3.5881154e-09,0.33368167,0.16877848,0.13312916,1.5687233e-11
105,0,0,1,0.566091,5.2666878e-11,0.3404373,0.05902392,0.034447797,3.538101e-14
106,0,0,1,0.49570978,1.5459631e-10,0.4358439,0.043055333,0.025391027,1.7781958e-13
107,0,500,0,0.4863271,1.217569e-08,0.4910163,0.010134936,0.012521601,1.0710448e-12
108,0,0,1,0.5467364,3.9500653e-10,0.37529045,0.03131233,0.0466608,5.3348918e-15
109,0,0,1,0.54860026,1.0711501e-09,0.43311295,0.009703809,0.008583004,1.0150694e-13
110,0,0,1,0.4960705,1.5529752e-09,0.48944739,0.0079186,0.0065635513,2.8976504e-13
111,0,0,1,0.48569885,2.0126354e-08,0.40146303,0.05352502,0.059312996,1.3468458e-11
112,0,500,0,0.46605566,1.1483065e-07,0.4872242,0.020845218,0.025874838,3.390015e-11
113,0,0,1,0.60127926,7.692464e-11,0.3904581,0.004427331,0.0038353014,1.4747473e-15
114,0,0,1,0.6240435,4.8291703e-14,0.3752345,0.00043688595,0.00028500418,1.01743934e-20
115,0,500,0,0.17400703,1.4052179e-07,0.77916205,0.022285424,0.024545413,2.424249e-10
116,0,500,0,0.3125693,2.1204444e-10,0.67350626,0.0090564415,0.00486802,1.9697244e-13
117,0,0,1,0.50427735,2.0494169e-10,0.4942906,0.0005029798,0.00092911033,4.6388888e-17
118,0,0,1,0.7197321,7.397935e-17,0.28021356,4.1756713e-05,1.2519561e-05,6.586189e-24
119,0,1500,0,0.24444218,5.722777e-05,0.21002294,0.15364864,0.39182884,2.1261407e-07
120,0,0,1,0.5681833,1.07593254e-10,0.38608468,0.026332963,0.019399015,1.2231064e-14
121,0,0,1,0.818628,5.0471583e-22,0.18137175,3.4039869e-07,4.1864904e-08,8.137399e-31
122,0,500,0,0.39250252,1.1704766e-05,0.5660312,0.01132406,0.03013056,1.7570948e-09
123,0,0,1,0.55560714,7.477675e-10,0.43812263,0.0031335286,0.0031367145,1.992821e-14
124,0,0,1,0.63081706,5.6370017e-12,0.36785233,0.00083741406,0.0004932257,6.7949155e-17
125,0,0,1,0.85413384,1.8590635e-23,0.14586611,5.6609007e-08,4.649401e-09,1.6933669e-32
126,0,0,1,0.5934999,2.7931546e-10,0.40427616,0.0011874825,0.0010364492,2.7583272e-15
127,0,500,0,0.44163507,1.2241737e-06,0.49466288,0.015811559,0.047889233,1.5414326e-11
128,0,500,0,0.47913823,6.3866565e-08,0.5054245,0.005497583,0.009939653,1.573075e-12
129,0,0,1,0.67465544,1.2012785e-13,0.3249714,0.00023942525,0.00013384662,1.0768405e-19
130,0,0,1,0.6987561,3.3270237e-15,0.30066285,0.00044941573,0.00013167161,2.5548357e-20
131,0,0,1,0.79602826,1.9747371e-19,0.20396881,2.5335337e-06,4.2188245e-07,6.280657e-27
132,0,0,1,0.629734,4.876307e-12,0.3695086,0.00042028868,0.00033706726,4.35193e-18
133,0,0,1,0.57676107,8.071406e-11,0.40463427,0.011418519,0.007186085,1.168486e-14
134,0,0,1,0.5019916,1.912898e-08,0.43727487,0.02693412,0.03379946,2.669029e-12
135,0,0,1,0.50161934,6.012944e-10,0.4564126,0.018034624,0.023933435,3.5395006e-15
136,0,0,1,0.7149224,2.3348677e-15,0.28497294,7.687682e-05,2.7796405e-05,9.693944e-22
137,0,0,1,0.48656666,5.242393e-07,0.26237267,0.08068622,0.17037392,1.18964e-10
138,0,0,1,0.6359614,1.2917071e-11,0.36248568,0.0009296679,0.00062316784,7.635362e-17
139,0,0,1,0.7411302,9.738837e-19,0.2588611,6.994253e-06,1.6792308e-06,1.0735791e-26
140,0,500,0,0.39639276,9.1939e-06,0.47579098,0.038098566,0.08970849,3.6576924e-09
141,0,0,1,0.4921427,2.8995279e-08,0.45353514,0.024782162,0.029539997,6.519584e-12
142,0,500,0,0.4022408,5.5361586e-08,0.55987024,0.016546754,0.021342127,1.4152236e-11
143,0,0,1,0.5954619,1.2893227e-12,0.40416425,0.00018570093,0.00018821255,1.6066894e-19
144,0,500,0,0.41732913,5.393001e-10,0.57933813,0.0018030657,0.0015295869,3.7846703e-14
145,0,0,1,0.62829036,8.816834e-13,0.36240432,0.006556792,0.0027485404,4.624157e-17
146,0,1500,0,0.08195844,0.00018052265,0.014668343,0.20759022,0.69558936,1.3061299e-05
147,0,1500,0,0.05322967,9.4565155e-05,0.0100381905,0.2256433,0.71098155,1.2676869e-05
148,0,1500,0,0.27792725,0.0010783073,0.010546316,0.14153315,0.56889474,2.0259451e-05
149,0,0,1,0.33431208,3.44742e-09,0.14858314,0.26814246,0.24896239,2.3403083e-11
150,0,1500,0,0.111576565,5.4527114e-05,0.023012921,0.21774715,0.6476071,1.8099838e-06
151,0,1500,0,0.086346306,6.180139e-05,0.021389235,0.24326746,0.64893067,4.5287125e-06
152,0,1500,0,0.19557843,0.0003098994,0.031336535,0.19349693,0.5792696,8.665413e-06
153,0,1500,0,0.06874681,0.00045232836,0.02715318,0.20496418,0.6986561,2.7365712e-05
154,0,1500,0,0.019607164,0.004684857,0.030901559,0.22167292,0.7216234,0.0015100832
155,0,1500,0,0.32424957,0.00018121308,0.008153982,0.12349666,0.5439178,8.5149475e-07
156,0,1500,0,0.09387904,0.008598169,0.03199835,0.18463898,0.68012,0.00076551555
157,0,1500,0,0.2720078,0.007879908,0.009419684,0.1329643,0.5773876,0.00034069017
158,0,1500,0,0.32432473,4.6794995e-08,0.08195959,0.22986667,0.36384898,1.2114262e-10
159,0,1500,0,0.08798833,6.5297563e-06,0.026628338,0.26665932,0.6187172,2.8974637e-07
160,0,1500,0,0.315858,0.0068832147,0.030951146,0.09654237,0.54972243,4.2835618e-05
161,0,1500,0,0.29216844,0.00045424295,0.027143728,0.13629094,0.54394007,2.5688037e-06
162,0,1000,0,0.35757753,7.4015765e-14,0.041475043,0.46442392,0.13652351,2.2692495e-15
163,0,0,1,0.48861113,1.3385629e-13,0.07688556,0.3259261,0.10857715,2.3114466e-15
164,0,0,1,0.38369557,4.0582437e-11,0.06251164,0.3072411,0.24655166,2.3682293e-13
165,0,1000,0,0.0711544,3.2420913e-11,0.01658849,0.7064161,0.205841,8.001355e-12
166,0,1500,0,0.1708048,1.2301989e-10,0.008416997,0.3922087,0.42856947,6.0425423e-12
167,0,1000,0,0.30687,5.6816028e-12,0.03650154,0.4127478,0.24388064,1.4577536e-13
168,0,1000,0,0.2640338,5.0074268e-12,0.017542697,0.37715867,0.34126487,7.2831294e-14
169,0,1500,0,0.14272177,3.0934616e-10,0.0073484336,0.38814533,0.46178448,1.9410508e-11
170,0,1500,0,0.34968495,2.5674232e-09,0.1426423,0.15349422,0.35417846,1.8213976e-14
171,0,0,1,0.48617673,2.1001005e-09,0.21596184,0.14953084,0.14833067,2.260764e-12
172,0,1500,0,0.29246762,4.1234172e-10,0.024344629,0.24043618,0.44275153,2.220039e-13
173,0,1500,0,0.054163877,0.0003079208,0.043750655,0.22729787,0.67445993,1.9809671e-05
174,0,1500,0,0.08689278,2.928246e-07,0.050268263,0.3367797,0.526059,1.1240422e-08
175,0,0,1,0.4717373,3.890127e-09,0.2469918,0.1427794,0.1384915,5.294415e-12
176,0,0,1,0.42033488,6.770202e-10,0.10701976,0.2180158,0.25462952,8.184655e-13
177,0,1500,0,0.30715308,1.6056374e-10,0.031566646,0.25230256,0.40897775,1.05585096e-13
178,0,1500,0,0.2282036,8.246753e-07,0.015376213,0.21952306,0.5368963,6.50103e-09
179,0,0,1,0.49618062,1.3682016e-08,0.29228136,0.08655991,0.12497815,2.032569e-12
180,0,500,0,0.44075873,1.5503241e-07,0.4537966,0.047587894,0.05785665,9.1086666e-11
181,0,1500,0,0.19339128,0.011069485,0.12301117,0.11124864,0.56120646,7.293576e-05
182,0,100,0,0.006171503,0.93656313,0.0063551078,0.0041743726,0.017770741,0.0289652
183,0,1500,0,0.34718326,7.1251796e-09,0.08872418,0.1680577,0.39603487,2.8638103e-13
184,0,1500,0,0.34893355,5.7995276e-08,0.09878862,0.16682994,0.38544777,5.0828773e-12
185,0,0,1,0.4628337,5.4919943e-05,0.22528784,0.05928176,0.25254178,8.276624e-09
186,0,1500,0,0.23456448,5.252209e-06,0.111514695,0.21052,0.44339558,2.710837e-08
187,0,0,1,0.42567834,1.2475999e-05,0.16444439,0.07512715,0.33473766,6.9978334e-10
188,0,0,1,0.41473982,1.6036403e-05,0.37279153,0.06237714,0.15007547,1.0169727e-08
189,0,1500,0,0.038742892,3.2934335e-05,0.052767564,0.24185118,0.66660404,1.4269137e-06
190,0,1500,0,0.22288689,7.616645e-06,0.053182214,0.20948203,0.5144412,4.622183e-08
191,0,1500,0,0.25498176,0.0008680481,0.055012252,0.1469642,0.5421681,5.594324e-06
192,0,1500,0,0.21839264,3.5730012e-05,0.010087094,0.16827168,0.60321236,4.0497446e-07
193,0,0,1,0.40805125,1.2140762e-10,0.13955039,0.23180929,0.22058906,9.007757e-14
194,0,0,1,0.5302525,1.6460702e-09,0.35432792,0.052006144,0.0634135,8.1657046e-14
195,0,1500,0,0.16947584,3.981483e-06,0.12670346,0.24543685,0.45837986,3.5459593e-08
196,0,0,1,0.31904873,5.2492983e-09,0.22665639,0.25648457,0.19781029,5.944406e-11
197,0,0,1,0.43131813,2.8881753e-09,0.18237355,0.21103352,0.17527482,1.1975474e-11
198,0,0,1,0.40631872,3.6740871e-10,0.33107886,0.16749056,0.095111825,2.4136027e-12
199,0,0,1,0.53736883,2.3377817e-13,0.13494185,0.22629596,0.10139337,5.395132e-16
200,0,1000,0,0.3226366,2.050471e-10,0.07002878,0.32816744,0.27916712,1.9349349e-12
201,0,1500,0,0.08599804,8.55638e-05,0.03214929,0.22585799,0.655906,3.0807655e-06
202,0,0,1,0.4710448,6.9308285e-08,0.24435288,0.0956464,0.18895596,6.376629e-12
203,0,0,1,0.4723994,5.0452968e-08,0.329762,0.08980199,0.10803664,1.5788587e-11
204,0,0,1,0.5384034,2.2565763e-09,0.43803495,0.010532517,0.013029129,3.7331015e-14
205,0,1500,0,0.0909465,0.012358788,0.092643015,0.12973663,0.67409104,0.00022400013
206,0,0,1,0.3814746,1.1972394e-09,0.1596698,0.17334795,0.28550762,6.553264e-14
207,0,0,1,0.47331735,1.9102203e-05,0.38565218,0.023374373,0.11763703,2.4589764e-10
208,0,1500,0,0.12857781,0.0068789497,0.04992286,0.15366548,0.6607868,0.00016807113
209,0,1500,0,0.27331662,0.241506,0.17134821,0.039306264,0.2739787,0.0005442355
210,0,0,1,0.5585955,8.7955536e-16,0.09116308,0.26183477,0.08840663,1.4396889e-18
211,0,1500,0,0.050882794,1.825757e-07,0.05431899,0.43515697,0.45964104,2.313788e-08
212,0,0,1,0.4073148,1.9144591e-14,0.07353205,0.313557,0.20559609,6.2158988e-18
213,0,0,1,0.5509954,1.6067443e-10,0.31910753,0.07372876,0.056168225,6.260357e-14
214,0,0,1,0.39326698,7.8109347e-10,0.14713101,0.2517915,0.20781052,4.529006e-12
215,0,0,1,0.4909294,1.4690386e-12,0.13550496,0.24482949,0.12873615,3.2370702e-15
216,0,1000,0,0.28135276,3.6132014e-11,0.048578404,0.39292112,0.27714774,7.8770015e-13
217,0,0,1,0.53704965,4.655636e-13,0.11397686,0.2325486,0.116424926,1.4873908e-15
218,0,1500,0,0.36120883,3.2202702e-06,0.057793498,0.1620319,0.41896254,2.3429023e-09
219,0,0,1,0.36332238,9.648627e-10,0.08090701,0.24125282,0.3145178,1.053329e-12
220,0,1500,0,0.034877237,6.925874e-07,0.06347662,0.3739047,0.52774066,7.2124394e-08
221,0,0,1,0.4880343,1.546453e-08,0.26739395,0.11856989,0.12600183,1.820316e-11
222,0,1500,0,0.30700117,1.6418343e-06,0.059107624,0.17997417,0.45391536,2.290353e-09
223,0,1500,0,0.30315813,1.2133998e-07,0.036029406,0.20530818,0.45550415,1.0906266e-10
224,0,0,1,0.429415,1.6053745e-07,0.1799343,0.14365396,0.24699657,9.7335e-11
225,0,1500,0,0.25470054,0.00018491363,0.09128445,0.15354916,0.50028014,8.411362e-07
226,0,0,1,0.350434,4.313322e-09,0.15580794,0.2682224,0.22553566,4.238128e-11
227,0,0,1,0.53720903,5.517029e-13,0.15550789,0.21641421,0.09086879,1.5142225e-15
228,0,0,1,0.3732951,4.022417e-09,0.11217949,0.23711678,0.27740863,1.0632688e-11
229,0,0,1,0.35208157,2.0070699e-11,0.25982094,0.27940136,0.10869617,3.1368514e-13
230,0,0,1,0.5031785,7.649038e-14,0.09093377,0.29423973,0.11164811,5.3446117e-16
231,0,0,1,0.43379742,3.9581233e-10,0.13790897,0.22870797,0.19958568,1.2990303e-12
232,0,1000,0,0.38960218,1.2191744e-13,0.053813048,0.42596826,0.1306165,2.7717662e-15
233,0,0,1,0.48288134,6.874897e-11,0.15623446,0.21793985,0.14294434,2.0443003e-13
234,0,0,1,0.5781297,7.473369e-12,0.21344563,0.13823882,0.070185825,1.38824855e-14
235,0,0,1,0.5848901,6.6302563e-15,0.3840437,0.022628713,0.008437394,1.5616834e-19
236,0,0,1,0.58880615,5.094828e-12,0.35933682,0.033516597,0.018340455,1.0795691e-15
237,0,1500,0,0.32768303,3.6722767e-08,0.049220882,0.22260785,0.40048814,6.4406376e-11
238,0,0,1,0.5286722,2.4048465e-09,0.3490914,0.057806604,0.06442974,4.825665e-13
239,0,0,1,0.578018,2.2930244e-10,0.39460865,0.01608857,0.011284775,4.185007e-14
240,0,0,1,0.4395852,8.27227e-13,0.1748009,0.2273883,0.15822555,9.8988347e-17
241,0,0,1,0.7813075,5.9092462e-21,0.16544485,0.049687512,0.003560153,3.4490636e-24
242,0,0,1,0.67292506,7.645895e-15,0.22575888,0.080490164,0.020825872,1.4358416e-17
243,0,1500,0,0.21117006,2.90078e-08,0.051098637,0.31367812,0.42405316,4.4385548e-10
244,0,0,1,0.5356459,5.8772445e-16,0.073608935,0.33638704,0.054358136,7.020221e-18
245,0,0,1,0.54027724,1.9482191e-12,0.15865614,0.2063503,0.094716385,7.568599e-15
246,0,0,1,0.47662508,1.8968874e-14,0.06302897,0.30886057,0.15148537,5.294122e-17
247,0,0,1,0.39219904,6.7319705e-11,0.07228502,0.27156433,0.2639516,1.5799338e-13
248,0,0,1,0.62636477,9.160046e-24,0.048861604,0.30819187,0.016581818,6.430129e-27
249,0,0,1,0.5081514,1.7326245e-13,0.12719622,0.26705042,0.097601965,1.2656762e-15
250,0,0,1,0.65020436,1.0376095e-15,0.12010178,0.18764785,0.04204596,4.558275e-18
251,0,0,1,0.46757448,7.846901e-17,0.032499325,0.38307187,0.11685427,3.9896027e-19
252,0,0,1,0.4889762,1.5583814e-13,0.09802036,0.3065809,0.10642247,1.7888258e-15
253,0,1000,0,0.3149676,1.2081423e-15,0.02955033,0.57820654,0.07727561,5.511876e-17
254,0,0,1,0.5609735,1.3259226e-10,0.33779675,0.056989096,0.044240635,4.92701e-14
255,0,1000,0,0.21412311,5.119968e-13,0.043245595,0.59166217,0.15096912,3.0741228e-14
256,0,1000,0,0.3069752,1.9024848e-09,0.09464183,0.31325424,0.28512868,2.098727e-11
257,0,1500,0,0.1913317,4.0306227e-07,0.043528944,0.30448958,0.46064934,1.075656e-08
258,0,0,1,0.47297996,8.257533e-09,0.2306955,0.13682993,0.1594946,8.943627e-12
259,0,0,1,0.54617226,3.3134368e-15,0.078026704,0.28691164,0.088889375,1.6557588e-17
260,0,1000,0,0.3954745,8.366013e-15,0.034271106,0.40087375,0.16938059,7.0946e-17
261,0,0,1,0.6290696,3.2747616e-13,0.3204058,0.03761449,0.012910025,2.3697758e-16
262,0,0,1,0.59305316,4.5550573e-12,0.28302118,0.08499859,0.03892707,5.2644546e-15
263,0,0,1,0.56199384,1.1935612e-12,0.19750336,0.16328265,0.07722017,1.6817831e-15
264,0,0,1,0.5742762,3.1006393e-14,0.35868534,0.04879688,0.018241554,2.7305954e-18
265,0,500,0,0.2378292,4.4397474e-08,0.2763782,0.2386799,0.24711275,3.8379483e-10
266,0,0,1,0.5681169,2.9536634e-10,0.4023018,0.01860016,0.010981161,1.6075653e-13
267,0,0,1,0.4741197,7.8185314e-10,0.4000757,0.07655953,0.049245033,1.383839e-12
268,0,0,1,0.37561265,2.0717063e-07,0.11672918,0.1773169,0.33034107,2.559642e-10
269,0,0,1,0.574638,7.310652e-13,0.2222373,0.13829263,0.06483204,6.352734e-16
270,0,500,0,0.44627026,1.3556917e-09,0.47880822,0.04581829,0.02910325,2.0849273e-12
271,0,1500,0,0.29431126,1.4775131e-08,0.10602111,0.26271063,0.3369569,7.1227094e-11
272,0,0,1,0.46649757,3.696815e-09,0.44016838,0.052048437,0.041285545,3.8784297e-12
273,0,0,1,0.5051842,3.002439e-11,0.18565741,0.18002515,0.1291334,3.4687507e-14
274,0,0,1,0.52270025,2.3215078e-13,0.11544165,0.26200184,0.09985623,1.4119584e-15
275,0,0,1,0.5616429,4.5871336e-13,0.30313635,0.086863354,0.04835747,4.0503785e-17
276,0,0,1,0.49882546,2.468609e-18,0.066064194,0.33693558,0.098174736,9.386476e-22
277,0,0,1,0.4979361,2.7339874e-08,0.35889164,0.058174886,0.084997356,4.8308597e-12
278,0,1500,0,0.021240022,0.00016611251,0.27284503,0.21170561,0.49402845,1.4730878e-05
279,0,0,1,0.611241,5.8015555e-13,0.3014002,0.06397914,0.023379609,5.3579657e-16
280,0,0,1,0.48478734,4.886386e-10,0.34264272,0.10610088,0.06646903,1.151561e-12
281,0,0,1,0.46070388,1.1250124e-11,0.12356422,0.26683947,0.14889243,6.1954714e-14
282,0,500,0,0.10855044,4.1251062e-07,0.4709605,0.21631259,0.20417616,1.2373625e-08
283,0,0,1,0.63627255,2.4174274e-13,0.34568506,0.013312877,0.0047295415,4.155556e-17
284,0,0,1,0.61280566,1.0735282e-14,0.33747715,0.039105386,0.010611739,2.51254e-18
285,0,0,1,0.48416567,5.1123563e-12,0.16020234,0.25011262,0.10551934,5.370794e-14
286,0,0,1,0.34719336,3.722537e-10,0.15952285,0.29076874,0.20251514,3.3634326e-12
287,0,0,1,0.40444043,1.8476656e-09,0.13610047,0.24291907,0.2165401,9.237045e-12
288,0,0,1,0.39930263,3.478437e-07,0.15650037,0.1554051,0.28879154,1.3840112e-10
289,0,500,0,0.08959855,2.4037204e-06,0.75065285,0.06314009,0.09660608,1.4196793e-08
290,0,0,1,0.53513455,3.6809322e-09,0.45084554,0.0060184407,0.00800146,3.2928057e-14
291,0,0,1,0.42139748,6.4032393e-09,0.18705367,0.19570792,0.19584098,1.6055768e-11
292,0,0,1,0.46567675,1.10135815e-07,0.40427342,0.052753296,0.077296495,3.421129e-11
293,0,1500,0,0.16426232,0.0073096827,0.1292242,0.13284568,0.56627107,8.711432e-05
294,0,500,0,0.47138703,3.2838358e-08,0.4945102,0.017116908,0.016985785,1.3455676e-11
295,0,0,1,0.6568789,4.398603e-15,0.34192398,0.0008399089,0.00035723488,5.2405587e-21
296,0,0,1,0.6246769,1.8239786e-11,0.3684355,0.004253792,0.0026337488,6.2510354e-16
297,0,0,1,0.7425383,1.3022703e-16,0.2574252,2.832171e-05,8.124814e-06,2.6070922e-23
298,0,0,1,0.6868442,1.3867953e-17,0.3131091,3.505612e-05,1.1620888e-05,2.2593866e-25
299,0,0,1,0.72814715,3.728235e-21,0.27185112,1.4806676e-06,3.0182653e-07,1.1351397e-30
300,0,0,1,0.5035475,4.360034e-09,0.49499783,0.000505132,0.0009495989,6.3309318e-15
301,0,500,0,0.10745551,7.024366e-05,0.5759777,0.102278665,0.21421729,5.961655e-07
302,0,0,1,0.70582235,1.2062996e-16,0.29318714,0.00083233276,0.00015814939,2.9690757e-21
303,0,500,0,0.37613124,2.1635985e-06,0.51981616,0.038548704,0.06550173,1.4256372e-09
304,0,0,1,0.6540465,2.0145952e-17,0.34223843,0.003093915,0.0006211322,1.7112809e-22
305,0,0,1,0.60089326,2.4857312e-11,0.3952974,0.002356362,0.0014530567,1.2597192e-15
306,0,0,1,0.65423626,1.2523066e-13,0.3428013,0.0021710831,0.0007913281,5.165765e-18
307,0,0,1,0.52480733,6.6447936e-10,0.30555418,0.07759501,0.09204339,8.442626e-14
308,0,0,1,0.45566517,1.3878604e-07,0.24997358,0.10040923,0.19395185,4.4306607e-11
309,0,0,1,0.64012086,1.48775e-18,0.35974947,9.464451e-05,3.504356e-05,1.14891605e-26
310,0,0,1,0.63870645,2.2356951e-12,0.35608053,0.003442659,0.001770385,6.4388255e-17
311,0,500,0,0.098554716,2.1421441e-05,0.5372741,0.1291321,0.23501734,2.321564e-07
312,0,0,1,0.57768095,3.3478455e-13,0.40749916,0.011397467,0.003422452,1.6723526e-16
313,0,0,1,0.59810954,4.0426707e-11,0.3865368,0.008524181,0.0068293875,1.1958342e-15
314,0,0,1,0.5400145,3.2351552e-10,0.3727792,0.04813924,0.039067015,7.055521e-14
315,0,0,1,0.439321,1.4784924e-09,0.15265204,0.2043108,0.20371622,2.8185596e-12
316,0,0,1,0.61304337,5.2371215e-12,0.37842563,0.005047867,0.003483116,6.627969e-17
317,0,0,1,0.50243133,8.4229144e-11,0.46299255,0.022304177,0.012271971,6.254535e-14
318,0,500,0,0.36860457,1.5686664e-08,0.42266506,0.11174334,0.09698699,5.641762e-11
319,0,0,1,0.41189948,7.958259e-08,0.12166132,0.1461464,0.3202927,1.3091662e-11
320,0,0,1,0.5691215,1.2819774e-15,0.28412375,0.107285075,0.039469704,7.702327e-20
321,0,0,1,0.66456896,4.707246e-19,0.3351809,0.0002007117,4.9473823e-05,3.3403585e-26
322,0,0,1,0.55359685,1.2506454e-10,0.33914423,0.048919845,0.058339126,2.8989698e-15
323,0,0,1,0.62242424,2.555505e-13,0.35778064,0.01370468,0.0060905674,3.3061476e-17
324,0,0,1,0.50452983,2.7727638e-13,0.17858508,0.18626116,0.13062386,3.814772e-17
325,0,0,1,0.6388587,2.1671329e-16,0.3606379,0.00035134194,0.00015211002,2.4589929e-23
326,0,0,1,0.59839976,6.7051746e-12,0.37557468,0.018025352,0.0080001755,2.7743603e-15
327,0,500,0,0.21351641,7.794438e-05,0.593115,0.051506955,0.14178358,1.360961e-07
328,0,0,1,0.57825255,9.812629e-12,0.3701499,0.03487368,0.016723884,5.7655902e-15
329,0,0,1,0.53171444,6.0473555e-09,0.4379981,0.013983395,0.016304007,3.381632e-13
330,0,0,1,0.51358175,2.8982889e-08,0.45176387,0.015498608,0.019155802,2.9293668e-12
331,0,0,1,0.5350483,6.9478073e-10,0.46138346,0.0018347271,0.0017335259,1.7355524e-14
332,0,0,1,0.590435,2.194045e-12,0.40220785,0.004223417,0.0031337198,6.441803e-18
333,0,0,1,0.54625493,6.217744e-09,0.43661985,0.00817221,0.008953024,3.3702468e-13
334,0,1500,0,0.043985803,4.4350254e-05,0.31561434,0.2198576,0.42049572,2.0879895e-06
335,0,500,0,0.28649065,4.4526907e-05,0.5290718,0.0525265,0.13186637,4.8514178e-08
336,0,0,1,0.59363484,1.5933144e-10,0.39277712,0.00790224,0.0056857434,9.450829e-15
337,0,500,0,0.4695936,9.065893e-09,0.49473426,0.018525828,0.017146366,3.489306e-12
338,0,500,0,0.35997492,7.922571e-07,0.5337113,0.042834204,0.06347881,6.103942e-10
339,0,0,1,0.5388414,7.186126e-12,0.456583,0.0023810067,0.0021945785,4.5911394e-18
340,0,0,1,0.5467501,2.4441213e-09,0.43564892,0.007986881,0.009614143,5.324172e-14
341,0,1500,0,0.03004624,0.00017938306,0.13918148,0.24575791,0.5848216,1.3424406e-05
342,0,0,1,0.48109207,1.388255e-07,0.45317852,0.025698967,0.04003026,1.8529447e-11
343,0,0,1,0.6067135,6.4032906e-14,0.39198244,0.00084318727,0.0004609089,3.596146e-20
344,0,0,1,0.64725125,4.479618e-12,0.35228232,0.00027586397,0.00019056,8.900927e-18
345,0,0,1,0.44116375,3.6046996e-09,0.2553599,0.16967846,0.13379787,1.2016758e-11
346,0,0,1,0.50128883,7.430803e-08,0.3965865,0.03871375,0.06341089,3.7423545e-12
347,0,1500,0,0.16822138,3.1605256e-07,0.19019574,0.28336436,0.35821822,4.373437e-09
348,0,0,1,0.37157777,5.5677765e-06,0.33528277,0.10048606,0.19264787,6.66688e-09
349,0,0,1,0.6163992,5.0213587e-11,0.38100952,0.0014221136,0.0011690721,4.336662e-16
350,0,0,1,0.5906456,4.2127103e-15,0.39996234,0.0067286026,0.0026634126,2.424869e-20
351,0,500,0,0.40517488,9.792689e-05,0.408229,0.04435153,0.14214654,6.9079945e-08
352,0,0,1,0.4070515,1.2055022e-05,0.36393237,0.07226376,0.15674026,9.266775e-09
353,0,500,0,0.3676978,1.2960267e-08,0.49794757,0.07356388,0.060790777,3.4710092e-11
354,0,0,1,0.5228935,4.992054e-09,0.4608441,0.0085168155,0.007745661,7.18528e-13
355,0,0,1,0.41337344,2.657216e-05,0.1451548,0.09932697,0.34211817,1.0353704e-08
356,0,0,1,0.5271411,6.2561195e-10,0.41418692,0.024167951,0.034504015,4.787462e-15
357,0,0,1,0.5280854,2.3988074e-09,0.44111112,0.012531499,0.018271942,2.8091887e-14
358,0,0,1,0.59372175,1.0459723e-12,0.34907562,0.037129078,0.020073585,1.146836e-16
359,0,0,1,0.5996713,2.1413725e-13,0.39506316,0.002856345,0.0024092114,2.28022e-19
360,0,500,0,0.10589709,0.0001883248,0.6234719,0.07655106,0.19389032,1.2283042e-06
361,0,0,1,0.58700275,3.5584625e-17,0.3991255,0.010701278,0.0031704556,7.017228e-23
362,0,0,1,0.56834775,2.6601573e-12,0.40584528,0.014458291,0.011348665,2.9806537e-17
363,0,0,1,0.59154016,4.5308705e-12,0.29392716,0.073590286,0.040942367,2.0006202e-15
364,0,0,1,0.5578281,4.0138223e-10,0.3540846,0.05028597,0.03780131,1.8464708e-13
365,0,0,1,0.50891495,4.2919897e-08,0.42226297,0.025883976,0.042938072,2.181177e-12
366,0,500,0,0.47200704,9.494034e-10,0.50736296,0.011584014,0.00904599,2.424044e-13
367,0,0,1,0.72758174,1.8368027e-16,0.27229184,9.827473e-05,2.813299e-05,1.3612998e-22
368,0,0,1,0.80826527,5.1081444e-21,0.19173191,2.4706721e-06,2.6458596e-07,2.8689974e-28
369,0,0,1,0.6571314,2.9939167e-13,0.34221596,0.00039163604,0.00026110912,2.197453e-19
370,0,0,1,0.7849824,8.070741e-19,0.21501361,3.4469558e-06,5.9257803e-07,4.833161e-26
371,0,0,1,0.50968766,4.0925474e-10,0.47782037,0.0066877482,0.00580418,3.6612166e-14
372,0,500,0,0.48833507,6.033267e-08,0.4963321,0.0053396286,0.0099931955,1.2360554e-12
373,0,500,0,0.43985227,5.452255e-06,0.44608983,0.03372763,0.0803248,1.5131509e-09
374,0,0,1,0.57669157,1.7362767e-10,0.410161,0.006626054,0.006521417,1.8673443e-15
375,0,0,1,0.7388627,1.10955675e-17,0.26111713,1.5354455e-05,4.829794e-06,2.6270777e-25
376,0,0,1,0.5143925,9.220248e-09,0.32340482,0.06823016,0.093972504,1.4862476e-12
377,0,0,1,0.65347546,1.8025659e-12,0.34467787,0.0011765328,0.0006701272,1.2049494e-17
378,0,0,1,0.60782343,5.2777106e-12,0.3829968,0.0062935376,0.0028862827,7.055449e-16
379,0,0,1,0.6999785,2.1713356e-14,0.29986614,0.0001069565,4.8356327e-05,1.077055e-20
380,0,0,1,0.49128893,6.662016e-08,0.4342783,0.026052883,0.048379846,2.90402e-12
381,0,0,1,0.7052807,2.1939792e-15,0.29448712,0.00018220948,4.9958067e-05,9.306717e-21
382,0,0,1,0.6446625,2.2030602e-12,0.3533618,0.0012595807,0.00071614404,2.1048013e-17
383,0,500,0,0.4624778,3.6103774e-08,0.5197405,0.0050979983,0.012683661,1.630054e-13
384,0,0,1,0.7742102,6.0319725e-23,0.22578403,5.1427123e-06,5.105288e-07,6.27386e-31
385,0,0,1,0.6732555,8.2746474e-16,0.32657853,0.00011758211,4.835644e-05,9.557109e-23
386,0,0,1,0.7419221,1.9982953e-17,0.2579795,8.25018e-05,1.5954156e-05,2.3764424e-23
387,0,500,0,0.40363327,8.715742e-07,0.56375074,0.011002068,0.021612953,1.1698217e-10
388,0,0,1,0.6623222,2.1639743e-13,0.3363296,0.0009208724,0.00042725253,1.0893868e-18
389,0,0,1,0.54749304,6.4309343e-12,0.44874668,0.002415665,0.0013446605,3.2562612e-16
390,0,0,1,0.5229268,1.1739588e-10,0.3073558,0.09550613,0.07421119,4.2480617e-14
391,0,0,1,0.43681225,0.0004140513,0.17863606,0.06106729,0.32307023,1.276792e-07
392,0,0,1,0.5466842,2.951417e-10,0.4378985,0.009074185,0.006343084,5.6722534e-14
393,0,0,1,0.5784242,4.4861453e-10,0.4029258,0.009967963,0.0086819995,2.6161312e-14
394,0,0,1,0.5605261,2.329241e-10,0.40458456,0.017935006,0.016954334,9.5922975e-15
395,0,0,1,0.6290679,6.889435e-15,0.36775723,0.0022057144,0.000969127,1.6152685e-20
396,0,1500,0,0.22409856,1.1112843e-05,0.18611911,0.1642044,0.42556682,2.8934867e-08
397,0,0,1,0.38435185,1.0888024e-07,0.108187295,0.17046164,0.33699912,4.717676e-11
398,0,0,1,0.615954,2.2804433e-14,0.3211389,0.046570063,0.016337113,4.094706e-18
399,0,0,1,0.52653235,4.208806e-10,0.3656121,0.06677713,0.04107849,6.170066e-13
400,0,0,1,0.45181254,4.4728683e-09,0.232485,0.15569678,0.16000572,5.6897763e-12
401,0,0,1,0.55449283,1.1212356e-10,0.30602998,0.07987848,0.059598673,5.454971e-14
402,0,0,1,0.6252322,3.085393e-12,0.36470133,0.006842087,0.0032244131,3.110713e-16
403,0,0,1,0.54989326,2.2225115e-12,0.42752543,0.013417538,0.00916379,2.136344e-17
404,0,0,1,0.69651085,1.5823023e-15,0.30343398,3.8963957e-05,1.6168258e-05,8.870227e-23
405,0,500,0,0.48330224,1.883855e-09,0.5035174,0.004194948,0.008985443,2.2273678e-15
406,0,0,1,0.4730151,2.970286e-07,0.44651294,0.027532997,0.052938677,2.8733042e-11
407,0,0,1,0.65233016,2.1232623e-12,0.34692836,0.0004545424,0.00028699226,4.989749e-18
408,0,500,0,0.32329747,1.4547209e-05,0.5384843,0.038510196,0.0996936,7.543764e-09
409,0,0,1,0.5009267,5.863086e-09,0.48506147,0.004926986,0.009084903,3.4742052e-14
410,0,0,1,0.57495433,3.5374112e-12,0.32609123,0.05787387,0.04108064,2.8595075e-16
411,0,0,1,0.612933,2.6054883e-13,0.31019896,0.057459727,0.01940845,2.9169078e-16
412,0,0,1,0.6612063,4.727128e-14,0.33430853,0.0033491754,0.0011360208,1.9505279e-18
413,0,0,1,0.69574845,1.048342e-15,0.25600672,0.04245888,0.005785843,3.607716e-18
414,0,0,1,0.6260828,1.01364845e-11,0.37280312,0.00064677437,0.00046731607,4.3306297e-17
415,0,500,0,0.27260542,6.9003213e-06,0.67881197,0.016215065,0.03236068,3.5363634e-09
416,0,500,0,0.22275294,1.1464298e-07,0.75240487,0.011438864,0.0134030795,8.297972e-11
417,0,500,0,0.47278044,1.1763485e-07,0.51405454,0.0050990065,0.008065881,6.844404e-12
418,0,0,1,0.6544798,9.602564e-13,0.34468967,0.00052354834,0.0003070303,3.000347e-18
419,0,0,1,0.64380014,3.7984537e-12,0.35451025,0.0010864888,0.0006031449,4.0920377e-17
420,0,500,0,0.20900793,7.1573874e-07,0.64892226,0.061110724,0.08095838,1.7692997e-09
421,0,0,1,0.5673587,3.276673e-10,0.42123312,0.005537295,0.0058708405,3.438162e-15
422,0,0,1,0.54406196,3.7754856e-12,0.24721858,0.13832869,0.070390835,3.7125323e-15
423,0,0,1,0.5892831,3.098663e-10,0.40576398,0.0026452243,0.0023076723,7.143861e-15
424,0,0,1,0.51532924,1.6238081e-09,0.46748364,0.009183819,0.008003253,2.1094674e-13
425,0,500,0,0.4545271,9.811447e-08,0.5059292,0.01936625,0.020177359,5.1223407e-11
426,0,1500,0,0.28772783,0.0010709945,0.13714005,0.10702753,0.46703142,2.2561203e-06
427,0,0,1,0.5286924,1.4801708e-09,0.45041615,0.010586707,0.01030478,1.3053519e-13
428,0,0,1,0.6634792,6.950054e-14,0.33603486,0.00030828378,0.00017761126,3.7629877e-20
429,0,0,1,0.5785003,4.4130652e-10,0.41762793,0.0018453619,0.00202649,2.9941086e-15
430,0,0,1,0.57065564,4.9080875e-11,0.40304306,0.014601727,0.011699557,1.7691724e-15
431,0,0,1,0.6070718,6.1106777e-17,0.39158326,0.0010089197,0.00033590797,1.8235814e-23
432,0,0,1,0.5987221,3.983674e-12,0.3947304,0.0033762518,0.0031712563,8.35512e-18
433,0,0,1,0.46140957,1.4080277e-05,0.3077503,0.050437734,0.18038824,2.6225662e-09
434,0,0,1,0.5451968,2.215709e-09,0.42745325,0.012281671,0.015068349,5.5110654e-14
435,0,0,1,0.50348186,4.64956e-08,0.41473153,0.034495223,0.047291316,4.3174145e-12
436,0,0,1,0.6253754,1.579798e-12,0.36584762,0.0058893193,0.0028876592,5.965937e-17
437,0,500,0,0.13926585,2.0872256e-05,0.42956272,0.14305057,0.28809983,1.6893053e-07
438,0,0,1,0.6614867,6.881674e-14,0.33655018,0.0013814539,0.0005817406,4.7019045e-19
439,0,0,1,0.4205731,2.3400666e-07,0.2943498,0.118878,0.16619883,2.916692e-10
440,0,500,0,0.25689277,1.3428988e-06,0.68241274,0.023993442,0.036699645,1.2353024e-09
441,0,0,1,0.45155287,1.3517772e-08,0.27719384,0.108580336,0.16267286,1.1886101e-12
442,0,0,1,0.52225286,6.8542327e-09,0.41214454,0.027724288,0.03787835,2.8526075e-13
443,0,0,1,0.5957159,1.4338857e-12,0.39775756,0.0035945505,0.002931963,3.0107265e-18
444,0,0,1,0.5284717,1.2410659e-08,0.40322638,0.027859658,0.040442277,7.8895516e-13
445,0,500,0,0.45214406,1.3363171e-09,0.5071298,0.022484405,0.018241752,5.757469e-13
446,0,0,1,0.57016224,6.642637e-11,0.41564474,0.006989865,0.0072031417,4.702334e-16
447,0,1500,0,0.09187955,2.4384324e-05,0.11710124,0.23696028,0.5540342,3.8685448e-07
448,0,0,1,0.5404064,1.6017801e-12,0.44834006,0.005452968,0.0058005624,1.0818987e-18
449,0,500,0,0.17577991,4.5412403e-07,0.5625854,0.12143214,0.14020205,3.1470775e-09
450,0,0,1,0.560916,1.6079752e-11,0.42968777,0.004589278,0.0048068594,2.4507211e-17
451,0,0,1,0.5496976,9.814357e-10,0.33220774,0.059130795,0.058963858,2.630278e-13
452,0,0,1,0.57937014,5.2009227e-13,0.4083033,0.008072014,0.0042546117,5.6221295e-18
453,0,500,0,0.29910654,7.4203933e-07,0.5754651,0.05339915,0.07202848,1.0856994e-09
454,0,0,1,0.53743446,1.3682041e-09,0.450297,0.0049325214,0.0073359758,6.574497e-15
455,0,500,0,0.13467059,2.8703366e-07,0.7897339,0.036096964,0.0394983,1.1837045e-09
456,0,500,0,0.2546847,1.3657825e-06,0.6923226,0.020097902,0.032893334,8.771156e-10
457,0,0,1,0.4769589,6.0425287e-09,0.4675205,0.027673902,0.027846713,1.7521157e-12
458,0,0,1,0.57146806,2.1739545e-10,0.40616223,0.012978893,0.009390773,3.2494732e-14
459,0,500,0,0.2039735,1.0340586e-06,0.5696522,0.103042044,0.12333116,5.3279003e-09
460,0,500,0,0.33958226,2.8513952e-07,0.60291326,0.024150252,0.03335382,1.6702606e-10
461,0,0,1,0.5057034,1.0538032e-08,0.37143567,0.06433727,0.058523644,1.1155016e-11
462,0,1500,0,0.022050373,1.6832023e-06,0.05576537,0.38697565,0.5352067,2.772408e-07
463,0,0,1,0.49010643,2.1771724e-07,0.31156597,0.07771137,0.120616026,1.0313882e-10
464,0,0,1,0.5751333,1.7867686e-11,0.38655216,0.022184659,0.016129931,9.498963e-16
465,0,0,1,0.5467885,2.6791445e-09,0.44713783,0.0028234979,0.0032501267,5.299348e-14
466,0,0,1,0.60090595,2.0158203e-10,0.38433158,0.008467318,0.006295176,1.4390981e-14
467,0,500,0,0.45158017,1.5769576e-12,0.5477051,0.00024600865,0.00046873683,1.2202015e-20
468,0,0,1,0.6188645,9.66021e-12,0.3723167,0.0058256094,0.0029933194,9.070375e-16
469,0,0,1,0.51216793,7.5676565e-10,0.48599672,0.00094016216,0.0008951481,1.3405486e-14
470,0,0,1,0.5027015,1.5869794e-08,0.4247985,0.033327,0.03917298,3.565878e-12
471,0,0,1,0.47129443,6.3991e-08,0.29822004,0.09776198,0.1327235,4.818412e-11
472,0,0,1,0.3777807,1.9989084e-05,0.3014416,0.09711471,0.22364296,3.043566e-08
473,0,0,1,0.54239696,3.3428083e-09,0.3536314,0.049481835,0.05448972,7.772172e-13
474,0,0,1,0.5751355,1.2500481e-10,0.36253008,0.036977034,0.025357354,4.9874615e-14
475,0,0,1,0.5448203,6.3227945e-10,0.3930437,0.03640775,0.02572814,3.1186056e-13
476,0,0,1,0.53125143,3.3334893e-09,0.32045558,0.07194478,0.076348215,1.3679652e-12
477,0,0,1,0.4709717,1.9861877e-08,0.3365642,0.09541796,0.09704614,3.3629845e-11
478,0,1000,0,0.122968204,5.1637753e-11,0.019682644,0.58275634,0.27459276,5.2517673e-12
479,0,0,1,0.60144633,6.216504e-13,0.33803457,0.045878883,0.01464014,1.0893071e-15
480,0,0,1,0.62437564,5.3627235e-14,0.19628507,0.1328389,0.046500444,6.397943e-17
481,0,0,1,0.5635582,9.259788e-11,0.35455015,0.05203634,0.029855302,8.357375e-14
482,0,500,0,0.41285428,5.2538315e-08,0.4964587,0.041328315,0.04935871,3.7551753e-11
483,0,0,1,0.582994,1.0454821e-12,0.20001478,0.15132548,0.065665774,1.9638948e-15
484,0,0,1,0.59866,1.6861556e-12,0.33997178,0.04612037,0.015247808,3.3743857e-15
485,0,1000,0,0.075868934,2.5338814e-08,0.14105898,0.4017382,0.3813338,1.321153e-09
486,0,0,1,0.52713877,2.2912415e-11,0.3969853,0.05292617,0.022949781,4.1212757e-14
487,0,0,1,0.5406759,5.194869e-13,0.26070705,0.15530851,0.043308634,3.807834e-15
488,0,0,1,0.6107497,4.4828765e-13,0.28887242,0.07161129,0.028766667,3.7149978e-16
489,0,0,1,0.6672621,3.4616062e-15,0.2991699,0.027934931,0.0056330794,2.342558e-18
490,0,0,1,0.65136176,3.2469284e-15,0.23677106,0.08518387,0.026683286,1.2706456e-18
491,0,1500,0,0.073474206,2.1006771e-07,0.21298362,0.32732844,0.38621348,8.08486e-09
492,0,500,0,0.15696806,2.274015e-08,0.35749075,0.27072755,0.2148137,5.2877924e-10
493,0,0,1,0.6410288,1.760448e-13,0.3489239,0.007370509,0.002676683,1.6427842e-17
494,0,0,1,0.46737573,9.432031e-09,0.3916338,0.07552233,0.06546816,1.4364918e-11
495,0,0,1,0.63094383,2.492721e-14,0.17589058,0.15189962,0.041265924,1.1528054e-16
496,0,500,0,0.18016313,8.081348e-08,0.3843894,0.23135316,0.20409438,1.4158246e-09
497,0,0,1,0.62011033,4.817536e-13,0.33972698,0.028840257,0.011322418,1.2102507e-16
498,0,0,1,0.55482584,1.6049959e-10,0.31922436,0.07243677,0.053513017,9.513842e-14
499,0,0,1,0.5503645,3.500621e-11,0.2300903,0.13592356,0.083621666,6.2101494e-14
500,100,100,1,5.845124e-06,0.81009907,4.5180586e-06,4.2009606e-06,9.311559e-06,0.18987702
501,100,100,1,2.978627e-05,0.9757959,5.0086323e-06,2.5975573e-06,1.068229e-05,0.024156045
502,100,100,1,2.6183744e-07,0.59154344,5.5771917e-08,5.5927227e-08,1.0078707e-07,0.40845603
503,100,100,1,5.223717e-07,0.65988284,2.097996e-07,1.9404143e-07,3.7639057e-07,0.34011585
504,100,100,1,3.922248e-06,0.81194454,2.6679895e-06,2.0713705e-06,4.576407e-06,0.18804228
505,100,100,1,2.4790226e-05,0.89740306,1.6614287e-05,1.4591709e-05,3.9453564e-05,0.10250145
506,100,100,1,2.0763118e-05,0.98002726,9.834079e-07,7.448823e-07,3.3347799e-06,0.019946886
507,100,2000,0,3.3602547e-07,0.12529822,8.710038e-07,1.7487848e-06,1.4467121e-06,0.8746974
508,100,100,1,1.15357425e-05,0.9613904,2.6932505e-06,1.3974158e-06,4.97026e-06,0.03858914
509,100,100,1,8.356586e-06,0.8182707,8.512088e-06,5.6943013e-06,1.2121145e-05,0.18169473
510,100,2000,0,8.4157807e-07,0.47951645,6.6884473e-07,8.9558864e-07,1.3951772e-06,0.5204798
511,100,100,1,1.9980158e-05,0.96263874,3.008115e-06,1.9834097e-06,7.310316e-06,0.03732899
512,100,100,1,4.4359126e-06,0.90259784,1.7736113e-06,1.153663e-06,3.0153547e-06,0.09739185
513,100,100,1,4.1395692e-06,0.8789789,1.4446111e-06,1.2222711e-06,3.0917515e-06,0.12101104
514,100,100,1,3.6378253e-05,0.9824247,4.902063e-07,6.337773e-07,3.1487182e-06,0.017534694
515,100,100,1,1.8521412e-05,0.9618525,8.304434e-07,8.7478065e-07,3.2274525e-06,0.038123954
516,100,100,1,0.00049190916,0.98729414,0.000116269664,5.1601095e-05,0.00025185195,0.01179415
517,100,2000,0,9.251309e-08,0.019949652,3.2950607e-07,1.1661201e-06,5.255804e-07,0.98004824
518,100,100,1,5.808926e-06,0.9618623,5.0746644e-07,3.453855e-07,1.2312194e-06,0.03812978
519,100,100,1,8.163658e-05,0.91052663,3.2346965e-05,4.4549284e-05,0.00013614008,0.08917883
520,100,100,1,5.1546987e-05,0.9864094,4.185171e-06,2.3963405e-06,1.1888958e-05,0.013520596
521,100,100,1,9.48752e-05,0.6394709,0.00092680776,0.000750447,0.00092781766,0.35782915
522,100,100,1,2.094957e-05,0.9690495,1.7297509e-06,1.1672713e-06,4.348751e-06,0.03092236
523,100,2000,0,8.438978e-06,0.4711194,3.4446017e-05,4.4585384e-05,5.4019623e-05,0.52873904
524,100,100,1,2.1773636e-05,0.9666976,9.211241e-06,3.7651387e-06,1.3760541e-05,0.033253945
525,100,100,1,1.2741955e-05,0.8695996,9.676408e-06,8.989983e-06,2.2416765e-05,0.13034661
526,100,100,1,6.490733e-05,0.93101734,0.00010840118,4.9198956e-05,0.00014388269,0.0686163
527,100,100,1,0.00041659578,0.98476183,0.000109782595,6.248928e-05,0.00030525366,0.0143441
528,100,100,1,8.252087e-05,0.7772944,0.00036087935,0.00031504806,0.000567225,0.22137979
529,100,100,1,1.4570585e-05,0.8085578,3.3748962e-05,2.5259791e-05,5.1997657e-05,0.19131665
530,100,100,1,6.657079e-06,0.98914796,8.273727e-08,5.722687e-08,3.0638074e-07,0.0108449645
531,100,100,1,5.6026656e-05,0.77086496,7.24622e-05,0.00014234491,0.0003006481,0.22856341
532,100,100,1,1.0921962e-05,0.6801158,2.199744e-05,2.2934551e-05,3.782978e-05,0.31979045
533,100,2000,0,9.554727e-08,0.09730803,2.0721001e-07,3.663627e-07,2.9599943e-07,0.902691
534,100,2000,0,9.908489e-07,0.49295703,1.0237047e-06,1.3588138e-06,2.1030553e-06,0.5070375
535,100,100,1,0.00020373186,0.9619429,0.00010569873,7.358539e-05,0.00027248924,0.037401434
536,100,100,1,2.1903566e-05,0.9335862,8.5055835e-06,6.8711106e-06,2.1826456e-05,0.06635467
537,100,100,1,3.509025e-06,0.94135624,1.6588831e-07,1.5321515e-07,4.5579867e-07,0.05863956
538,100,100,1,0.00031466957,0.9979844,1.2615408e-05,3.5306346e-06,3.1388e-05,0.0016532681
539,100,100,1,0.00017452046,0.99078125,1.53999e-05,8.557573e-06,4.8034297e-05,0.008972238
540,100,100,1,9.526455e-05,0.9678728,1.5382926e-05,1.3907551e-05,5.532778e-05,0.03194719
541,100,100,1,6.4982555e-06,0.9895838,1.0478099e-07,5.2786067e-08,2.7244556e-07,0.010409283
542,100,100,1,7.8262465e-06,0.9413776,8.225025e-07,7.431251e-07,2.3690545e-06,0.0586106
543,100,100,1,0.00012515805,0.98948437,1.593633e-05,5.8124388e-06,2.8680824e-05,0.010340077
544,100,100,1,5.2717856e-05,0.8667437,8.482552e-05,7.172562e-05,0.0001731981,0.13287391
545,100,100,1,1.7918966e-06,0.9873444,1.8663773e-08,1.0473142e-08,5.0982305e-08,0.012653884
546,100,100,1,3.7509762e-05,0.9138413,6.735293e-05,3.195e-05,8.647207e-05,0.08593554
547,100,100,1,0.00016721357,0.99406564,1.41721e-05,3.976982e-06,2.2803644e-05,0.005726129
548,100,100,1,3.297319e-05,0.98360574,8.1378056e-07,7.4976987e-07,3.6186948e-06,0.016356176
549,100,2000,0,4.971169e-06,0.21093667,2.2501345e-05,4.0002775e-05,3.178129e-05,0.7889641
550,100,100,1,1.0140795e-05,0.6618485,2.5108095e-05,2.4609126e-05,3.878943e-05,0.33805284
551,100,2000,0,8.8043735e-06,0.42364177,3.1929063e-05,4.7324556e-05,5.2618332e-05,0.5762176
552,100,100,1,0.0001612091,0.99579066,7.4659933e-06,2.9392381e-06,2.0420168e-05,0.004017348
553,100,100,1,2.2962528e-05,0.9895488,8.851674e-07,4.3628611e-07,2.2753075e-06,0.010424541
554,100,100,1,1.0887696e-05,0.87539476,6.9383173e-06,5.6817476e-06,1.4048601e-05,0.1245677
555,100,2000,0,7.990116e-07,0.18805014,2.7988242e-06,3.945714e-06,3.4502311e-06,0.8119389
556,100,100,1,1.952755e-05,0.95370436,8.400096e-06,4.801729e-06,1.6727236e-05,0.046246227
557,100,100,1,1.102815e-06,0.73693556,3.9095258e-07,3.4969244e-07,7.2672697e-07,0.2630619
558,100,100,1,9.063606e-05,0.91152185,6.888458e-05,6.89749e-05,0.0002056604,0.08804388
559,100,100,1,7.1280454e-05,0.9903998,2.505177e-06,1.8434566e-06,1.0478512e-05,0.009514
560,100,100,1,7.3373226e-06,0.71173483,1.3628657e-05,1.3034391e-05,2.3191109e-05,0.288208
561,100,2000,0,1.899486e-06,0.4107184,4.2726783e-06,5.0377876e-06,6.4122637e-06,0.589264
562,100,100,1,2.220644e-05,0.98134273,1.0741153e-06,6.4280664e-07,2.776595e-06,0.01863058
563,100,100,1,5.6063378e-05,0.9642118,6.5774316e-06,5.777314e-06,2.1403512e-05,0.03569845
564,100,100,1,0.00024241951,0.99360967,7.527671e-06,5.4055085e-06,3.5124453e-05,0.0060997205
565,100,100,1,1.8365548e-05,0.51370937,7.129509e-05,0.00010811514,0.00013642879,0.4859565
566,100,100,1,1.3086267e-05,0.9385989,7.013437e-06,3.3181177e-06,9.790614e-06,0.06136785
567,100,100,1,0.040508498,0.9223572,0.010659483,0.0029731449,0.021450978,0.0020507332
568,100,100,1,1.2040847e-05,0.99786025,1.5959489e-07,5.519798e-08,4.863344e-07,0.0021271722
569,100,100,1,5.4265925e-06,0.93259305,1.5874306e-06,9.59896e-07,2.7981644e-06,0.06739622
570,100,100,1,5.685421e-06,0.9266683,1.0825461e-06,7.982857e-07,2.273081e-06,0.07332192
571,100,100,1,7.134584e-05,0.5639047,0.00043611007,0.00065790024,0.00080505596,0.43412483
572,100,100,1,7.395269e-06,0.91380775,2.7907402e-07,5.0156115e-07,1.4596882e-06,0.08618256
573,100,100,1,1.5510921e-05,0.9987847,1.9788828e-07,5.8332777e-08,6.205422e-07,0.0011990246
574,100,100,1,9.338584e-05,0.9782386,3.2175e-05,1.2709021e-05,5.1673185e-05,0.021571448
575,100,100,1,4.6931294e-05,0.99362564,2.886178e-06,9.0319503e-07,5.237404e-06,0.0063184346
576,100,100,1,1.3907388e-05,0.9795328,2.1507003e-06,8.0683265e-07,3.3227e-06,0.020447176
577,100,100,1,1.000341e-05,0.9914888,3.7793902e-07,1.4867614e-07,8.322627e-07,0.008499794
578,100,100,1,2.7064792e-05,0.95428944,1.3036096e-05,6.926403e-06,2.3637444e-05,0.04563978
579,100,100,1,1.076893e-05,0.73202616,5.3469234e-06,1.0773275e-05,2.1927966e-05,0.26792508
580,100,100,1,2.0049252e-05,0.9341539,9.367869e-06,5.2018954e-06,1.5145231e-05,0.065796256
581,100,100,1,0.00052848796,0.9768241,0.00016855549,0.00010929356,0.000467889,0.021901771
582,100,100,1,1.2325003e-05,0.99630284,2.5695667e-07,8.229906e-08,5.8103456e-07,0.0036838746
583,100,100,1,0.00091628096,0.9977512,6.4669315e-05,1.3279896e-05,0.00012894101,0.0011255819
584,100,100,1,0.0009690959,0.99043113,0.00021001685,8.617135e-05,0.00047757398,0.007825993
585,100,100,1,2.9338778e-05,0.9595261,1.9347193e-05,8.057638e-06,2.8050632e-05,0.040389273
586,100,100,1,0.00021108717,0.9230577,0.0004172445,0.00025401945,0.0007659232,0.0752941
587,100,100,1,0.00058835564,0.9764812,0.00055891223,0.00018336717,0.0007458658,0.021442467
588,100,100,1,0.0075045675,0.9898286,0.000765195,0.00011885885,0.0012658174,0.0005169087
589,100,100,1,9.824261e-06,0.54977965,2.5843548e-05,3.968662e-05,5.5011416e-05,0.45009002
590,100,100,1,2.796714e-05,0.88970053,3.0103329e-05,2.1348573e-05,5.4337506e-05,0.11016572
591,100,100,1,4.014e-05,0.9799059,5.4527304e-06,2.709614e-06,1.15001485e-05,0.020034313
592,100,100,1,5.985632e-06,0.7954902,6.4604865e-06,5.1082143e-06,1.0869043e-05,0.20448133
593,100,100,1,2.1719732e-05,0.9263618,3.3889005e-06,4.273941e-06,1.3581961e-05,0.07359518
594,100,100,1,3.8979797e-05,0.9576606,1.4752927e-06,2.5114775e-06,9.47538e-06,0.042286973
595,100,100,1,9.8838624e-05,0.969898,5.0991403e-06,6.464601e-06,2.5945455e-05,0.029965654
596,100,100,1,0.00027874068,0.95594245,0.0002264856,0.00013319787,0.0004592113,0.042959943
597,100,100,1,0.00049628824,0.99460065,1.5167749e-05,1.070824e-05,7.481358e-05,0.0048023784
598,100,100,1,7.1152567e-06,0.959895,5.3179394e-07,3.8426617e-07,1.3332069e-06,0.04009565
599,100,100,1,2.2825534e-05,0.9482059,1.6514095e-05,7.5066896e-06,2.4093766e-05,0.051723205
600,100,100,1,1.3913399e-05,0.9225989,4.7674894e-06,3.2703194e-06,9.107407e-06,0.07736998
601,100,100,1,1.158772e-05,0.98093295,3.5868456e-07,3.1428084e-07,1.478779e-06,0.019053256
602,100,2000,0,1.0692576e-06,0.18830483,2.4722788e-06,5.6415793e-06,5.1039115e-06,0.81168085
603,100,100,1,8.6583605e-06,0.99417394,7.680463e-08,5.0248804e-08,3.3549637e-07,0.005816947
604,100,100,1,4.222141e-05,0.97518855,9.726077e-06,4.9100668e-06,2.006505e-05,0.024734536
605,100,100,1,1.4715376e-06,0.8107383,1.6152502e-07,2.1170496e-07,4.741354e-07,0.18925935
606,100,2000,0,2.0688522e-06,0.29949227,5.9123795e-06,9.432057e-06,9.93895e-06,0.70048034
607,100,100,1,8.795678e-06,0.94084626,2.8063869e-06,1.7725082e-06,5.5588775e-06,0.0591348
608,100,100,1,1.8640592e-05,0.93038064,4.0866685e-06,5.126051e-06,1.7348202e-05,0.06957416
609,100,100,1,5.2745763e-05,0.9791686,4.3462665e-06,2.6357216e-06,1.0959971e-05,0.020760642
610,100,100,1,1.2381864e-06,0.87106603,4.668869e-07,3.3183576e-07,8.5493514e-07,0.12893118
611,100,100,1,5.79485e-06,0.9795949,2.3258694e-07,1.3714296e-07,5.9468084e-07,0.020398391
612,100,2000,0,1.8494154e-07,0.47653615,5.3918257e-08,6.662551e-08,1.1295313e-07,0.5234634
613,100,100,1,2.7095007e-07,0.58041596,6.05636e-08,5.7087508e-08,9.833959e-08,0.41958353
614,100,100,1,2.5767784e-05,0.97460055,2.6448938e-06,2.0456914e-06,8.854543e-06,0.0253601
615,100,100,1,5.337974e-06,0.97377926,1.3050906e-07,1.1129144e-07,4.52447e-07,0.026214724
616,100,100,1,4.848341e-06,0.9551459,2.2856283e-07,2.0754119e-07,7.020452e-07,0.04484805
617,100,100,1,0.00032572445,0.99615294,1.8826666e-05,6.6305415e-06,4.7128487e-05,0.0034486486
618,100,100,1,7.287742e-06,0.929649,9.98087e-07,8.6681644e-07,2.565274e-06,0.070339195
619,100,100,1,4.665127e-05,0.94305956,3.396238e-05,1.817052e-05,5.6374338e-05,0.056785345
620,100,100,1,1.3974104e-05,0.9456332,1.1803719e-06,1.3389914e-06,4.53597e-06,0.054345794
621,100,100,1,2.6112495e-05,0.96051383,9.533985e-06,5.101714e-06,1.8368091e-05,0.039427098
622,100,2000,0,6.2952915e-07,0.35597682,1.0024288e-06,1.4492301e-06,1.8343815e-06,0.64401823
623,100,100,1,0.0021920311,0.9508483,0.0005885088,0.00091957656,0.003605105,0.041846372
624,100,100,1,0.003751555,0.98894626,0.00025450162,0.00020193403,0.0013094968,0.005536207
625,100,100,1,0.00015174353,0.97616166,1.4190955e-05,1.0839922e-05,4.4195018e-05,0.023617344
626,100,100,1,6.0570214e-06,0.9339928,4.541159e-07,4.013782e-07,1.1503962e-06,0.06599914
627,100,100,1,6.1779383e-07,0.6302547,2.6333197e-07,2.4273118e-07,4.5500207e-07,0.36974376
628,100,100,1,1.8620689e-06,0.8931435,5.2415757e-08,6.585252e-08,1.6424998e-07,0.10685436
629,100,100,1,4.4177154e-06,0.94287354,3.8116568e-07,3.024681e-07,9.291845e-07,0.057120554
630,100,100,1,9.493991e-06,0.5533312,3.180812e-05,3.9972565e-05,5.4231314e-05,0.44653332
631,100,100,1,1.0864366e-06,0.77350575,2.8467164e-07,2.5713425e-07,5.4739496e-07,0.22649203
632,100,100,1,1.5579863e-05,0.97544247,9.61862e-07,6.091025e-07,2.469763e-06,0.024538012
633,100,100,1,9.537059e-05,0.9638471,1.1445021e-05,1.07677015e-05,3.9554543e-05,0.035995733
634,100,100,1,9.581116e-05,0.9980769,1.8618789e-06,7.239127e-07,6.6369585e-06,0.0018180474
635,100,100,1,9.856616e-06,0.9182512,4.2368165e-06,2.8489299e-06,8.020475e-06,0.08172381
636,100,100,1,3.154433e-05,0.5356423,0.00013111196,0.00021733467,0.0002687823,0.46370894
637,100,100,1,2.7756057e-06,0.946613,2.3012325e-07,1.8326423e-07,5.8927674e-07,0.05338311
638,100,100,1,9.510217e-06,0.9517318,1.9674408e-06,1.2872779e-06,4.3928917e-06,0.048251074
639,100,100,1,4.1623234e-06,0.8603263,1.1467192e-06,1.0540806e-06,2.5028025e-06,0.13966495
640,100,100,1,1.9458397e-05,0.8556301,1.535241e-05,1.2862086e-05,2.9811534e-05,0.14429238
641,100,100,1,4.989127e-06,0.8794341,3.4480588e-06,2.320155e-06,5.861509e-06,0.120549224
642,100,2000,0,8.8062905e-07,0.04841057,3.5321773e-06,1.7196367e-05,9.698332e-06,0.9515581
643,100,100,1,2.200193e-05,0.88200486,5.9147183e-06,8.513873e-06,2.2946673e-05,0.117935866
644,100,100,1,6.903772e-05,0.82613325,0.00018646481,0.0001597384,0.00034102914,0.1731105
645,100,100,1,2.4170884e-05,0.9426606,6.703024e-06,4.5143393e-06,1.4182442e-05,0.057289753
646,100,100,1,5.7901607e-06,0.83213615,3.9231204e-06,3.8748567e-06,9.012603e-06,0.16784126
647,100,100,1,0.00294045,0.77555555,0.0020645093,0.008305694,0.022992542,0.18814121
648,100,100,1,9.615213e-05,0.92891276,3.1707365e-05,3.97098e-05,0.00012980223,0.07078992
649,100,100,1,0.00021778527,0.9800283,7.220608e-06,9.554701e-06,4.3894826e-05,0.0196932
650,100,100,1,0.00018917411,0.95230836,8.695592e-05,6.879127e-05,0.00023673663,0.04711011
651,100,100,1,1.550386e-05,0.97893643,3.100504e-07,2.5676053e-07,1.0868571e-06,0.02104643
652,100,2000,0,2.0457085e-06,0.13961834,4.783367e-06,2.2436547e-05,1.8076029e-05,0.86033434
653,100,100,1,0.000865862,0.91605103,0.00021605776,0.00053291075,0.0018299723,0.08050407
654,100,100,1,7.666343e-06,0.89273554,1.7832815e-06,1.9927627e-06,5.3662548e-06,0.10724768
655,100,100,1,3.826883e-05,0.9852298,8.3733534e-07,7.070571e-07,3.4575135e-06,0.01472696
656,100,100,1,1.284948e-05,0.98456764,9.6079596e-08,1.1433491e-07,5.8314555e-07,0.015418781
657,100,100,1,1.5154188e-06,0.76870465,3.6269776e-07,4.0493046e-07,8.673949e-07,0.2312922
658,100,100,1,8.451629e-05,0.96812785,2.930232e-05,1.8326451e-05,7.0784154e-05,0.031669226
659,100,100,1,2.5751075e-05,0.91821146,2.1716989e-05,1.2877201e-05,3.5660363e-05,0.08169254
660,100,100,1,0.00018738919,0.922556,0.00060341205,0.00025210826,0.000728125,0.07567298
661,100,100,1,2.0936337e-05,0.98743266,1.6245036e-06,7.370974e-07,3.6594581e-06,0.012540372
662,100,100,1,8.692156e-06,0.9983381,1.002697e-07,3.12176e-08,2.9823758e-07,0.0016527219
663,100,100,1,0.009468872,0.9436329,0.0056225765,0.0037709533,0.016800318,0.020704364
664,100,100,1,3.4257853e-06,0.9546518,2.9380683e-07,1.9219176e-07,6.259809e-07,0.045343608
665,100,100,1,0.00017740855,0.8931781,6.308725e-05,0.000114391834,0.00033654127,0.10613051
666,100,100,1,1.698269e-05,0.9392863,3.6715805e-06,2.9680953e-06,9.431553e-06,0.060680628
667,100,100,1,5.8666487e-06,0.9593424,5.577152e-07,3.7169278e-07,1.2888731e-06,0.040649585
668,100,100,1,5.9500704e-05,0.9625396,5.7411626e-06,5.8734718e-06,2.1950817e-05,0.037367333
669,100,100,1,4.0436557e-06,0.9617661,1.631629e-07,1.2515515e-07,4.3263537e-07,0.038229194
670,100,100,1,5.9101287e-05,0.92709595,4.476038e-05,3.2305034e-05,9.704768e-05,0.07267084
671,100,2000,0,8.5313155e-07,0.39179376,1.0330565e-06,1.6402942e-06,2.2058955e-06,0.6082005
672,100,100,1,0.00059936236,0.9837481,0.0001454035,8.787517e-05,0.0004179101,0.015001275
673,100,100,1,3.2911204e-05,0.9297869,3.1916312e-05,1.922317e-05,5.7694346e-05,0.070071355
674,100,100,1,2.070732e-05,0.97121835,8.3970446e-07,8.1105685e-07,3.2654466e-06,0.028756058
675,100,100,1,1.4293482e-06,0.51973504,2.6421087e-06,2.6073656e-06,3.885586e-06,0.48025432
676,100,100,1,2.6290852e-06,0.76336855,2.2744982e-06,1.8260723e-06,3.8107753e-06,0.23662086
677,100,100,1,1.149509e-05,0.895105,5.2858277e-06,4.9025975e-06,1.3270939e-05,0.10485996
678,100,100,1,4.627161e-06,0.949456,5.1360854e-07,3.81826e-07,1.2579253e-06,0.05053723
679,100,100,1,2.0213515e-06,0.7439266,7.220422e-07,5.7831556e-07,1.1396123e-06,0.2560689
680,100,100,1,3.6500335e-06,0.9508371,2.3695912e-07,1.8443136e-07,5.9840164e-07,0.049158268
681,100,100,1,1.190165e-06,0.92867213,4.7864173e-08,3.7511306e-08,1.0397861e-07,0.071326554
682,100,100,1,1.4582197e-05,0.9593809,1.1735883e-06,7.620163e-07,2.4970454e-06,0.04059998
683,100,100,1,2.791488e-06,0.57081777,2.845492e-06,4.156323e-06,6.6560146e-06,0.42916575
684,100,100,1,6.3017156e-05,0.9665309,2.7199549e-06,4.1114336e-06,1.6875567e-05,0.03338232
685,100,100,1,9.968603e-06,0.9664101,1.7760681e-06,8.290656e-07,3.01441e-06,0.033574343
686,100,100,1,9.213161e-07,0.61513466,9.2544695e-07,8.0719764e-07,1.4278621e-06,0.38486123
687,100,100,1,4.7649584e-05,0.5339983,0.00033568876,0.00037430399,0.0004170219,0.46482706
688,100,100,1,0.000104058454,0.8444369,0.0001285063,0.00018484572,0.00046259892,0.15468308
689,100,100,1,0.0006472048,0.94589967,6.938482e-05,0.00016538493,0.00061512104,0.052603267
690,100,100,1,0.0018532054,0.9900125,0.0001689866,0.00012216339,0.00073626084,0.0071067116
691,100,100,1,5.4838783e-05,0.86144286,0.000108886394,8.9301226e-05,0.00021341826,0.13809077
692,100,100,1,0.00031563552,0.8798428,0.0005459529,0.000666633,0.0019481175,0.116680905
693,100,100,1,4.9249687e-05,0.91978514,5.205863e-05,3.828717e-05,0.00011532652,0.0799599
694,100,100,1,0.00029122483,0.99054503,9.747477e-06,8.06329e-06,4.5171233e-05,0.009100733
695,100,100,1,0.0003349551,0.99152595,2.2305067e-05,1.3157366e-05,7.4886855e-05,0.008028649
696,100,100,1,2.6278929e-05,0.9789317,1.945687e-06,1.2043118e-06,5.125719e-06,0.021033684
697,100,100,1,0.00087779737,0.98833245,0.00010960299,7.241173e-05,0.0003897274,0.010218071
698,100,100,1,5.5753357e-05,0.980993,2.9124124e-06,2.0252708e-06,8.7761e-06,0.0189376
699,100,100,1,1.4822467e-05,0.9059864,1.1101027e-05,7.446689e-06,1.9984536e-05,0.09396026
700,100,100,1,1.8757342e-05,0.96693635,3.2850112e-06,1.8799147e-06,7.1354507e-06,0.033032697
701,100,100,1,0.00033145442,0.9902666,5.1252693e-05,2.1782933e-05,0.000114614995,0.009214179
702,100,100,1,4.1549324e-06,0.6437984,7.75446e-06,7.269886e-06,1.2005235e-05,0.35617048
703,100,100,1,3.8623843e-06,0.9417595,4.6123182e-07,3.6488385e-07,1.156246e-06,0.058234803
704,100,100,1,0.0006179602,0.9929034,0.00023966275,4.7698617e-05,0.0002716947,0.005919586
705,100,100,1,0.0011487184,0.97984856,0.0011942578,0.00036283658,0.0016345789,0.015811065
706,100,100,1,0.00017558664,0.9518064,0.00033407085,0.0001178361,0.00038363886,0.047182348
707,100,100,1,0.00014999468,0.9866384,8.70091e-05,1.9499377e-05,8.980446e-05,0.01301519
708,100,100,1,0.000105536696,0.803673,0.0005766181,0.0003700112,0.00067360664,0.19460113
709,100,100,1,3.5162964e-05,0.98810357,4.343179e-06,1.4679922e-06,7.072005e-06,0.011848346
710,100,100,1,3.9406863e-05,0.91637516,9.42374e-06,1.2285014e-05,3.7779027e-05,0.083526015
711,100,100,1,1.2305792e-05,0.890884,4.4173403e-06,4.411581e-06,1.1683101e-05,0.109083146
712,100,100,1,9.564698e-05,0.96688473,5.1757157e-05,2.8719967e-05,0.00010957053,0.032829475
713,100,2000,0,7.0948367e-06,0.4554925,1.6655791e-05,3.2272885e-05,4.1346673e-05,0.54441005
714,100,100,1,0.00058406487,0.6813355,0.0021547112,0.0055865506,0.009881483,0.30045763
715,100,100,1,6.927743e-05,0.9627396,3.1817915e-05,1.658637e-05,5.859476e-05,0.037083965
716,100,2000,0,4.0722174e-05,0.48972946,0.00011160574,0.00037356993,0.00047360774,0.509271
717,100,100,1,0.0002975522,0.98239547,4.5470206e-05,3.5420948e-05,0.0001700645,0.017056119
718,100,100,1,4.533541e-06,0.89592016,1.789812e-06,1.2816546e-06,3.3061226e-06,0.10406897
719,100,100,1,3.161744e-05,0.9443907,1.301481e-05,9.166603e-06,3.0384686e-05,0.055525076
720,100,100,1,6.672985e-05,0.73560107,0.00033258836,0.00034548333,0.0005906193,0.26306352
721,100,100,1,0.0004605622,0.9714736,0.00022776252,0.0001466316,0.00059232244,0.027099088
722,100,100,1,2.0075456e-06,0.5714585,2.020572e-06,2.9200478e-06,4.801076e-06,0.4285297
723,100,100,1,1.2261456e-05,0.8538267,1.710809e-05,1.0629637e-05,2.4195004e-05,0.14610924
724,100,100,1,8.027335e-05,0.7321132,0.0004389132,0.00038270588,0.00061196275,0.26637292
725,100,100,1,0.000115878975,0.87773883,0.0001944535,0.00018674285,0.00049725553,0.121266924
726,100,100,1,4.343369e-05,0.562916,3.4090877e-05,0.00015828402,0.00025150523,0.43659666
727,100,100,1,1.2607072e-05,0.9378012,1.4072785e-06,1.2533484e-06,3.8466487e-06,0.062179673
728,100,100,1,2.5875373e-05,0.949459,6.657404e-06,5.9991685e-06,2.1450845e-05,0.05048084
729,100,100,1,1.0224013e-05,0.9884362,2.2648507e-07,1.3895759e-07,7.260265e-07,0.011552431
730,100,100,1,1.3335303e-05,0.95393556,4.6112677e-07,6.3622684e-07,2.261166e-06,0.046047766
731,100,100,1,8.804708e-06,0.9051293,1.9520644e-06,1.9125746e-06,5.1911284e-06,0.09485275
732,100,100,1,4.2986026e-06,0.74976796,3.839263e-06,3.6147012e-06,7.282814e-06,0.25021312
733,100,100,1,8.484162e-06,0.9217736,1.4740817e-06,1.568646e-06,4.745564e-06,0.07821022
734,100,100,1,1.6772357e-05,0.97282684,2.7753692e-06,1.385325e-06,5.4637626e-06,0.027146751
735,100,100,1,3.8147773e-06,0.7349199,5.127248e-06,4.1323965e-06,7.8972225e-06,0.26505908
736,100,100,1,1.2177013e-05,0.9098744,6.0418597e-06,5.0764347e-06,1.4559903e-05,0.0900877
737,100,2000,0,3.8376677e-07,0.4726119,3.004442e-07,2.9118357e-07,4.5578258e-07,0.52738667
738,100,100,1,8.322635e-07,0.8683985,1.1452035e-07,8.9527106e-08,2.1713208e-07,0.1316003
739,100,100,1,9.199395e-06,0.966042,8.0322576e-07,5.11702e-07,1.8620286e-06,0.033945717
740,100,2000,0,9.3309905e-07,0.36430734,1.7969135e-06,2.1232972e-06,2.656915e-06,0.63568515
741,100,100,1,1.605483e-05,0.99957794,1.7882601e-07,4.4413323e-08,6.567387e-07,0.00040500145
742,100,100,1,6.227553e-05,0.965901,2.5352017e-05,1.4916052e-05,5.66382e-05,0.03393974
743,100,100,1,7.005713e-05,0.99098176,3.6138044e-06,1.8763785e-06,1.0393895e-05,0.008932208
744,100,100,1,2.420289e-05,0.96428895,2.1351632e-06,1.8245262e-06,6.866555e-06,0.035675842
745,100,100,1,0.00055341725,0.98021495,0.00011960694,9.602644e-05,0.00044556687,0.018570328
746,100,2000,0,4.076495e-07,0.13118729,8.0228745e-07,2.059153e-06,1.7548773e-06,0.86880773
747,100,2000,0,3.9151143e-07,0.10766559,1.1608468e-06,2.206329e-06,1.6253563e-06,0.8923291
748,100,100,1,3.6487687e-05,0.5296882,0.00010306298,0.00025126207,0.0003298588,0.4695912
749,100,100,1,4.3074175e-05,0.9446422,4.1385923e-05,1.4956718e-05,4.4192773e-05,0.055214096
750,100,100,1,3.366952e-05,0.93260777,2.6300992e-05,2.16119e-05,7.20675e-05,0.06723864
751,100,100,1,6.996013e-05,0.8300337,0.000120465964,0.00016008886,0.00037568234,0.16924015
752,100,100,1,6.9320384e-05,0.824833,4.2725012e-05,9.3210074e-05,0.00023579708,0.17472598
753,100,100,1,1.3424575e-05,0.86968404,1.7714661e-05,1.0822963e-05,2.5729982e-05,0.13024832
754,100,100,1,8.4435385e-05,0.774839,0.00045634346,0.0003406748,0.00058608403,0.22369365
755,100,100,1,6.090177e-06,0.920211,8.034884e-07,6.8765206e-07,1.8800016e-06,0.07977947
756,100,100,1,4.3397686e-06,0.6912353,7.758048e-06,6.280676e-06,1.0867621e-05,0.3087354
757,100,100,1,2.1944502e-06,0.7867332,1.6995396e-06,1.2363635e-06,2.6774048e-06,0.213259
758,100,100,1,1.0297812e-05,0.9926709,1.9035481e-07,9.883316e-08,5.954664e-07,0.0073178937
759,100,100,1,0.0072169886,0.99069923,0.00044935467,9.083713e-05,0.0014012314,0.00014236194
760,100,100,1,0.00249976,0.954989,0.006784048,0.0017729468,0.006755737,0.027198464
761,100,100,1,0.005422617,0.8097893,0.00948604,0.016415307,0.051933207,0.10695355
762,100,100,1,0.00074759335,0.84789896,0.0017170142,0.0023725952,0.0063333474,0.14093058
763,100,100,1,0.005955136,0.991597,0.00037319548,0.00011708294,0.0012444548,0.00071314437
764,100,100,1,3.897255e-05,0.99377644,1.9953725e-06,6.3042484e-07,3.6650324e-06,0.006178327
765,100,100,1,1.1711715e-05,0.5654379,3.701695e-05,4.3934368e-05,5.7349436e-05,0.43441212
766,100,100,1,1.8747182e-06,0.6508152,1.7291085e-06,1.5420748e-06,2.7753879e-06,0.3491769
767,100,100,1,0.0004357787,0.9929749,5.7958052e-05,1.9362613e-05,0.00010965399,0.0064024087
768,100,100,1,2.9328115e-05,0.9974837,3.4829955e-07,1.7653218e-07,1.5307025e-06,0.002484937
769,100,2000,0,8.914867e-08,0.09048216,1.4661369e-07,3.400279e-07,2.7398826e-07,0.909517
770,100,100,1,2.6762177e-06,0.98432577,3.1223383e-08,1.9651406e-08,8.9679816e-08,0.015671505
771,100,100,1,3.3006072e-05,0.99833244,4.961692e-07,1.8353535e-07,1.7570555e-06,0.0016321453
772,100,100,1,3.3027507e-06,0.6691076,4.69841e-06,4.85597e-06,8.597818e-06,0.33087096
773,100,100,1,2.4610197e-05,0.98404664,2.5863026e-06,1.1805325e-06,5.409495e-06,0.015919525
774,100,100,1,9.4232404e-05,0.8639677,0.00034726935,0.00023431853,0.00055117003,0.13480523
775,100,100,1,0.00010197213,0.97720045,3.3684275e-06,4.4043118e-06,1.952884e-05,0.02267025
776,100,100,1,5.5410237e-05,0.9660511,1.0536973e-05,7.662047e-06,2.931074e-05,0.033845954
777,100,100,1,0.00010817794,0.8647149,0.0001577609,0.00020287524,0.0005488537,0.13426757
778,100,100,1,1.9237748e-05,0.99222237,6.663123e-07,2.495104e-07,1.374256e-06,0.0077559557
779,100,100,1,2.7873186e-05,0.94733286,1.645304e-05,7.509855e-06,2.324902e-05,0.052591994
780,100,100,1,2.3780845e-05,0.884117,2.2236458e-05,1.9323314e-05,5.025047e-05,0.115767434
781,100,100,1,2.229333e-06,0.5448627,1.7369598e-06,2.7330045e-06,4.4278154e-06,0.4551262
782,100,100,1,3.93408e-05,0.98964864,1.0411056e-06,6.660909e-07,3.5235503e-06,0.0103068305
783,100,100,1,9.753459e-06,0.92980564,4.5085667e-06,2.74788e-06,8.0955615e-06,0.07016915
784,100,100,1,2.4286288e-05,0.9978529,5.308737e-07,1.4928325e-07,1.2530126e-06,0.0021208923
785,100,100,1,1.3900215e-05,0.9793432,5.636361e-07,3.5062004e-07,1.4837505e-06,0.020640474
786,100,100,1,9.820001e-06,0.9864573,4.079094e-07,2.0270504e-07,9.858862e-07,0.013531294
787,100,100,1,8.445265e-06,0.5929061,3.229538e-05,3.3388136e-05,4.8035974e-05,0.40697166
788,100,100,1,3.475221e-05,0.9960756,7.169681e-07,2.8028717e-07,1.9497504e-06,0.0038867737
789,100,100,1,5.7016216e-05,0.94841933,3.779638e-05,1.9168729e-05,6.0586633e-05,0.051406045
790,100,100,1,0.00010356549,0.9958762,2.8966629e-06,1.2252802e-06,8.375667e-06,0.0040077814
791,100,100,1,5.4422985e-06,0.913933,5.2340545e-07,6.2470775e-07,1.7874372e-06,0.08605862
792,100,100,1,7.59929e-06,0.9920465,1.7670932e-07,7.154022e-08,3.9862906e-07,0.007945383
793,100,100,1,4.384396e-05,0.96283805,6.6118514e-06,5.7821862e-06,2.2004915e-05,0.03708365
794,100,100,1,1.0015857e-05,0.9609563,5.0437126e-07,4.9747695e-07,1.8277999e-06,0.039031018
795,100,100,1,1.7180839e-05,0.9692657,1.6884184e-06,1.2364235e-06,4.8821958e-06,0.030709265
796,100,100,1,6.30964e-05,0.97584254,2.3471187e-06,2.681933e-06,1.161565e-05,0.024077797
797,100,100,1,2.437502e-05,0.7219774,6.420419e-05,7.33179e-05,0.00012613297,0.27773446
798,100,2000,0,6.9565945e-06,0.14628686,4.064281e-05,0.000104792955,7.03128e-05,0.8534904
799,100,100,1,7.906462e-06,0.8695895,8.191938e-06,4.893589e-06,1.1734118e-05,0.13037786
800,100,100,1,0.0001449671,0.9469063,0.00020368714,0.00011185024,0.00037847218,0.05225477
801,100,100,1,1.5468944e-05,0.9852245,5.5849745e-07,3.820233e-07,1.8632496e-06,0.01475717
802,100,100,1,3.8834496e-05,0.9870231,4.5999623e-06,1.9324953e-06,9.385256e-06,0.012922113
803,100,100,1,1.8721692e-05,0.89322686,3.3633773e-05,1.8104272e-05,4.6481848e-05,0.10665611
804,100,100,1,6.655582e-06,0.9229129,2.3158143e-06,1.4671914e-06,4.128511e-06,0.07707255
805,100,100,1,0.0002702113,0.9927314,3.818468e-05,1.424357e-05,8.334115e-05,0.006862701
806,100,100,1,8.6008395e-06,0.60564035,2.637251e-05,2.5485024e-05,3.692184e-05,0.39426234
807,100,100,1,0.0002533375,0.995456,3.3180233e-05,7.5330618e-06,4.761977e-05,0.0042023985
808,100,100,1,0.00033432286,0.97426885,2.6507765e-05,3.398922e-05,0.00014395162,0.025192346
809,100,100,1,7.608433e-06,0.8423845,5.4528e-06,5.0375743e-06,1.19532615e-05,0.15758547
810,100,100,1,1.4532333e-06,0.7747423,8.673267e-07,7.108559e-07,1.5709272e-06,0.22525312
811,100,100,1,0.000104947125,0.9636995,1.9631334e-05,1.7898756e-05,6.820266e-05,0.03608967
812,100,100,1,5.8858145e-06,0.89472663,1.7967471e-06,1.4885502e-06,3.832655e-06,0.105260305
813,100,100,1,6.724142e-06,0.9341974,9.301e-07,9.053574e-07,2.866883e-06,0.065791205
814,100,2000,0,6.7152666e-07,0.20458771,1.4289866e-06,2.7311298e-06,2.6399848e-06,0.7954048
815,100,100,1,2.713756e-05,0.89985573,2.4051651e-05,1.9679364e-05,5.4091397e-05,0.10001945
816,100,100,1,6.161214e-05,0.8067313,0.00016076818,0.00016006689,0.00032870087,0.19255759
817,100,100,1,3.679418e-06,0.9830482,6.733281e-08,4.3476653e-08,2.0104493e-07,0.01694775
818,100,100,1,5.3549275e-06,0.7960081,6.4639216e-06,5.0521717e-06,1.0728588e-05,0.20396435
819,100,100,1,6.8096865e-06,0.90076363,3.0660015e-06,2.0285877e-06,5.1945117e-06,0.09921936
820,100,100,1,4.2698734e-06,0.92289245,9.574064e-07,6.239e-07,1.7123047e-06,0.07709981
821,100,100,1,4.174238e-05,0.94507086,9.960555e-06,8.098491e-06,2.640212e-05,0.054842934
822,100,100,1,5.9037134e-06,0.6761245,8.661353e-06,1.0582772e-05,1.8633968e-05,0.32383177
823,100,100,1,7.001711e-05,0.67811805,9.803473e-05,0.0002980895,0.0005282083,0.3208876
824,100,100,1,0.0008778565,0.996766,4.4567416e-05,1.5158888e-05,0.0001221743,0.0021741814
825,100,100,1,3.9227496e-05,0.9856396,5.31471e-06,1.9889683e-06,9.068656e-06,0.014304793
826,100,100,1,0.0006272263,0.9514439,0.00039615072,0.0003336948,0.0011691418,0.046029873
827,100,100,1,5.5971595e-05,0.88675255,6.1182975e-05,4.937041e-05,0.00012608811,0.11295484
828,100,100,1,1.9319228e-05,0.99141073,7.3890766e-07,3.2139857e-07,1.7907325e-06,0.00856716
829,100,100,1,1.1630593e-05,0.97444385,7.499788e-07,4.6266058e-07,1.8530282e-06,0.02554157
830,100,100,1,9.719314e-07,0.87599784,1.10823485e-07,9.819924e-08,2.4778143e-07,0.12400079
831,100,2000,0,1.3319832e-06,0.318782,2.455119e-06,4.1952276e-06,4.915526e-06,0.68120515
832,100,100,1,7.6133685e-05,0.9667233,4.750346e-05,1.8169423e-05,6.405867e-05,0.03307073
833,100,100,1,0.0032618332,0.99297696,0.00013279871,9.837341e-05,0.0007861029,0.0027438223
834,100,100,1,2.708899e-05,0.93964696,1.5282666e-06,2.137473e-06,6.795979e-06,0.060315352
835,100,100,1,4.614525e-05,0.9787377,3.6266879e-06,2.9174125e-06,1.2978123e-05,0.021196615
836,100,100,1,6.090329e-05,0.9654888,1.8196684e-05,1.1188564e-05,4.1935135e-05,0.03437902
837,100,100,1,2.9416507e-05,0.9678068,4.2210663e-06,2.5569705e-06,9.451544e-06,0.032147497
838,100,100,1,4.7116544e-05,0.9932749,3.5768753e-06,1.046586e-06,5.913253e-06,0.006667441
839,100,100,1,4.589215e-05,0.967251,1.018452e-06,1.8866845e-06,7.8054345e-06,0.03269245
840,100,100,1,7.078826e-05,0.986665,9.804319e-07,1.3249692e-06,7.269728e-06,0.013254698
841,100,2000,0,7.15092e-05,0.36271834,0.00041343845,0.0014142703,0.0013189139,0.63406354
842,100,100,1,0.00014333463,0.99269295,5.472201e-06,3.2415105e-06,1.9315126e-05,0.007135759
843,100,100,1,1.1365101e-05,0.6774014,1.4867284e-05,2.1454467e-05,3.731402e-05,0.32251355
844,100,100,1,6.5779794e-05,0.8936366,0.00016742841,0.000108301334,0.00028802324,0.10573384
845,100,100,1,4.5497698e-05,0.88248986,8.596661e-05,4.97603e-05,0.000121375335,0.11720758
846,100,100,1,4.5196914e-05,0.8190789,0.00013280427,0.0001009399,0.00020910226,0.18043298
847,100,100,1,1.3773996e-05,0.9657151,1.6573788e-06,1.0248335e-06,3.7848013e-06,0.03426464
848,100,100,1,0.00027367639,0.99526995,3.4769135e-05,8.417751e-06,5.2648138e-05,0.0043604947
849,100,100,1,8.962319e-05,0.9958774,3.5344713e-06,1.251571e-06,8.482184e-06,0.00401971
850,100,100,1,0.00011240043,0.9893701,1.9146422e-05,7.3799356e-06,3.827983e-05,0.010452586
851,100,100,1,4.069895e-05,0.9673327,1.03909515e-05,5.2061173e-06,1.8874856e-05,0.032592114
852,100,100,1,2.8616798e-05,0.9762731,4.365103e-06,2.0318307e-06,8.137249e-06,0.02368377
853,100,100,1,1.3349759e-05,0.86296123,2.2192073e-05,1.5147396e-05,3.6572947e-05,0.13695142
854,100,100,1,4.714072e-05,0.9868543,4.7246053e-06,2.1669225e-06,1.0578634e-05,0.013081065
855,100,100,1,1.064473e-05,0.93373024,4.860702e-06,2.5675436e-06,7.4693316e-06,0.0662442
856,100,100,1,7.979732e-05,0.99947876,1.2762002e-06,3.437848e-07,5.022769e-06,0.0004347149
857,100,100,1,3.0933417e-05,0.9700814,1.17965465e-05,4.893201e-06,1.8320732e-05,0.029852802
858,100,100,1,1.8153525e-05,0.9872617,1.7836942e-06,7.562576e-07,3.7828604e-06,0.01271386
859,100,100,1,0.0014367708,0.98867536,0.0004403507,0.00017081066,0.00091709243,0.008359584
860,100,100,1,0.0025316486,0.92588544,0.010399674,0.0036841945,0.012719547,0.0447796
861,100,100,1,0.00017940783,0.9824066,5.467957e-05,2.3106884e-05,0.000101100806,0.017235188
862,100,100,1,3.217229e-05,0.9926071,2.8844267e-06,8.7961575e-07,4.9529494e-06,0.007352024
863,100,100,1,0.0001039764,0.99607867,3.4396364e-06,1.4693272e-06,1.0569505e-05,0.003801908
864,100,100,1,2.9588724e-05,0.98548615,4.098344e-06,1.5564951e-06,7.2932853e-06,0.014471292
865,100,100,1,0.0015163885,0.99378973,0.000132229,6.5321416e-05,0.00046037353,0.004035966
866,100,100,1,1.7225186e-05,0.9763248,4.686778e-06,1.952166e-06,8.195188e-06,0.02364325
867,100,2000,0,1.776404e-05,0.33986446,6.1341045e-05,0.00016653247,0.00016518183,0.6597247
868,100,100,1,0.00030393645,0.99641114,2.9798573e-05,6.374212e-06,4.2910764e-05,0.0032057941
869,100,100,1,1.296976e-05,0.9603228,3.1986342e-06,1.6222724e-06,5.6620333e-06,0.039653797
870,100,100,1,5.3787837e-05,0.8124379,0.00020050428,0.0001491443,0.00029202792,0.18686676
871,100,100,1,9.219507e-05,0.9878231,1.0111342e-05,4.0344917e-06,1.9026618e-05,0.012051485
872,100,100,1,6.869582e-05,0.99460065,3.3335587e-06,1.0868486e-06,6.593016e-06,0.005319737
873,100,100,1,0.0002187054,0.99668956,7.0178075e-06,2.9246764e-06,2.2034475e-05,0.0030597677
874,100,100,1,1.5152185e-05,0.9147137,1.4229112e-05,9.521204e-06,2.7644397e-05,0.08521974
875,100,100,1,6.341158e-05,0.80992347,0.00019271861,0.00016826265,0.0003387162,0.18931344
876,100,100,1,8.833548e-05,0.99504083,5.2325836e-06,1.5878959e-06,9.950459e-06,0.004854142
877,100,100,1,7.318984e-05,0.92886657,0.00013354288,6.749371e-05,0.00020075132,0.07065844
878,100,100,1,1.4735134e-05,0.8007043,1.0613228e-05,1.6299935e-05,3.693118e-05,0.19921714
879,100,100,1,0.00013580147,0.99094075,2.777422e-05,7.353613e-06,3.7196936e-05,0.008851134
880,100,100,1,5.0010312e-05,0.8544606,0.00016821419,9.949798e-05,0.00021684865,0.14500481
881,100,100,1,2.612798e-05,0.9864661,2.6130558e-06,1.2274976e-06,6.081183e-06,0.01349795
882,100,100,1,2.224873e-06,0.9244937,2.2935755e-07,1.7029134e-07,4.7748e-07,0.075503275
883,100,100,1,2.8313772e-05,0.9867599,1.491629e-06,7.988791e-07,3.876189e-06,0.013205539
884,100,100,1,1.7158103e-05,0.98887163,4.0054584e-07,2.6813063e-07,1.4366647e-06,0.011109093
885,100,100,1,0.0031160181,0.9940889,0.00055870163,8.48397e-05,0.00069722574,0.0014543404
886,100,100,1,7.977185e-05,0.93546736,3.38609e-05,3.4401513e-05,0.00011274724,0.06427195
887,100,100,1,0.0004299448,0.99819607,1.8232635e-05,4.8195798e-06,4.5757348e-05,0.0013050959
888,100,100,1,0.00030331188,0.9865219,7.501384e-05,3.7505684e-05,0.00018773312,0.012874513
889,100,100,1,1.5081647e-05,0.9864058,8.2514555e-07,3.7892406e-07,1.8102178e-06,0.013576247
890,100,100,1,3.1102645e-05,0.9712152,7.3210654e-06,3.5915962e-06,1.37580455e-05,0.028728949
891,100,100,1,9.569756e-06,0.97554195,7.194463e-07,3.74224e-07,1.4844837e-06,0.02444596
892,100,100,1,9.708084e-05,0.98294556,4.2540437e-06,3.88079e-06,1.8088816e-05,0.01693116
893,100,100,1,0.0076911105,0.96523905,0.0035066055,0.0019758584,0.010619093,0.010968264
894,100,100,1,6.56178e-06,0.9926185,9.324186e-08,4.768818e-08,2.8026884e-07,0.007374696
895,100,100,1,5.4505244e-06,0.9849368,2.2609876e-07,1.0379423e-07,4.805919e-07,0.015057048
896,100,100,1,2.2314525e-05,0.86724144,4.122998e-05,3.1174957e-05,7.639027e-05,0.1325874
897,100,100,1,3.53311e-05,0.88296473,6.4223816e-05,4.5901095e-05,0.000116500654,0.11677336
898,100,100,1,4.5158893e-05,0.94248664,2.4266907e-05,1.3623112e-05,4.1832438e-05,0.057388492
899,100,100,1,2.370448e-06,0.7853277,8.8188943e-07,8.939697e-07,1.9429613e-06,0.21466623
900,100,100,1,0.0001992482,0.98999923,1.815246e-05,1.0014296e-05,5.446161e-05,0.009718944
901,100,100,1,6.075554e-06,0.9444694,8.9537536e-07,6.0215484e-07,1.8813902e-06,0.05552118
902,100,100,1,2.3378525e-05,0.98659027,3.5143132e-06,1.1748596e-06,5.5671926e-06,0.013376046
903,100,100,1,6.5043632e-06,0.7523111,1.4579472e-05,1.0349906e-05,1.9393032e-05,0.24763806
904,100,100,1,1.0689204e-05,0.96129024,3.2641979e-06,1.4977746e-06,5.2760597e-06,0.03868909
905,100,100,1,3.9874925e-05,0.90296113,9.927628e-05,4.69386e-05,0.00012261311,0.09673024
906,100,100,1,0.00013070912,0.99702626,6.1443657e-06,1.7409949e-06,1.290001e-05,0.0028220883
907,100,2000,0,1.8286521e-06,0.36405987,4.1357266e-06,5.4127613e-06,6.4654514e-06,0.6359223
908,100,100,1,3.5058856e-05,0.92409027,3.6288387e-05,2.3116338e-05,6.81865e-05,0.07574707
909,100,100,1,4.24039e-05,0.7272702,0.00023644454,0.00017407612,0.0002701818,0.27200675
910,100,100,1,4.9434635e-05,0.96522117,2.4416855e-05,9.03528e-06,3.0627172e-05,0.034665264
911,100,100,1,0.0003468587,0.98497033,0.00021211417,6.843445e-05,0.0003179553,0.014084419
912,100,100,1,1.9535142e-05,0.89045936,2.071542e-05,1.4667064e-05,3.787806e-05,0.10944792
913,100,100,1,4.747386e-06,0.7457972,2.2842075e-06,3.3204926e-06,6.920844e-06,0.25418547
914,100,100,1,0.000477324,0.9877466,0.0001521886,5.9244303e-05,0.00029229812,0.011272424
915,100,100,1,4.2539003e-05,0.8419455,0.00013990393,8.813e-05,0.00018698232,0.15759687
916,100,100,1,0.00023826335,0.9355245,0.00015415,0.00016300267,0.00055084436,0.06336933
917,100,100,1,0.0003533353,0.9871781,4.2966505e-05,2.663664e-05,0.0001337139,0.012265447
918,100,2000,0,1.6937258e-07,0.15280339,3.2102182e-07,5.158338e-07,4.895353e-07,0.84719515
919,100,100,1,0.0007970941,0.99310195,0.00021121292,6.2568295e-05,0.00038440732,0.005442699
920,100,100,1,5.1892122e-05,0.9059776,0.00012279615,6.224121e-05,0.00016495718,0.093620576
921,100,100,1,0.00027184057,0.99578214,1.3039564e-05,5.522131e-06,3.882154e-05,0.0038886464
922,100,100,1,2.1276534e-05,0.98388934,2.6316304e-06,1.1722377e-06,5.4903207e-06,0.016080119
923,100,2000,0,4.745851e-07,0.073286735,1.4339939e-06,3.713606e-06,2.4845385e-06,0.9267051
924,100,100,1,1.2684908e-05,0.9368045,8.145359e-06,4.3501573e-06,1.3249131e-05,0.06315699
925,100,100,1,0.0006595121,0.99142027,0.000120287994,4.1137864e-05,0.00022010537,0.007538789
926,100,100,1,7.1432274e-05,0.9839819,1.338471e-05,6.253874e-06,2.9249117e-05,0.015897838
927,100,100,1,4.6747928e-06,0.8359945,1.9374065e-06,1.6967475e-06,3.816728e-06,0.1639934
928,100,100,1,3.618429e-06,0.7213342,3.266507e-06,3.0479787e-06,5.9590598e-06,0.27864993
929,100,2000,0,1.962951e-07,0.038701918,6.5933506e-07,1.9317915e-06,1.0649997e-06,0.96129423
930,100,100,1,2.4269316e-06,0.55379236,5.2333357e-06,4.373191e-06,6.3424427e-06,0.44618928
931,100,100,1,0.00015864332,0.9956584,1.4172003e-05,4.051358e-06,2.716061e-05,0.004137588
932,100,100,1,0.004437565,0.99188894,0.0004938941,0.00013959437,0.0011086197,0.0019313339
933,100,100,1,0.00010391431,0.96494615,0.0001453838,4.498981e-05,0.00015958778,0.034600057
934,100,100,1,0.00017156526,0.99124724,5.6176425e-05,1.38295245e-05,7.3781135e-05,0.008437574
935,100,100,1,3.5264187e-05,0.9583489,2.6478212e-05,1.2655133e-05,4.5460325e-05,0.041531146
936,100,100,1,6.4758347e-06,0.9513031,4.5257076e-07,3.621298e-07,1.1672271e-06,0.048688464
937,100,100,1,1.4706001e-05,0.88026404,9.8554e-06,8.756183e-06,2.2349166e-05,0.11968042
938,100,100,1,2.5441526e-05,0.8007468,2.5017705e-05,3.1781958e-05,6.84279e-05,0.19910249
939,100,100,1,8.3072875e-05,0.99421245,6.469682e-06,2.04162e-06,1.2375396e-05,0.005683599
940,100,100,1,0.00013266408,0.84629756,0.00010919812,0.00019591994,0.0005134361,0.15275128
941,100,100,1,6.418664e-06,0.99355125,1.0658947e-07,4.5368182e-08,2.7301868e-07,0.006441983
942,100,100,1,5.6795845e-05,0.9758902,4.173848e-05,1.3464849e-05,5.436165e-05,0.023943435
943,100,2000,0,1.4737566e-05,0.24777022,0.00010064636,0.00018273361,0.00013971044,0.75179195
944,100,100,1,7.421588e-05,0.9393155,0.00016740443,5.217329e-05,0.00015090883,0.060239717
945,100,100,1,0.0008318157,0.9162959,0.0034730956,0.0016306232,0.0050287554,0.07273984
946,100,100,1,0.00017297015,0.9804012,0.00017535505,4.326147e-05,0.00018032681,0.01902694
947,100,100,1,7.5500386e-05,0.98054355,2.5751291e-05,1.0681754e-05,4.6682602e-05,0.019297976
948,100,100,1,1.5879887e-05,0.9093994,1.9847757e-05,9.885326e-06,2.6252965e-05,0.09052891
949,100,100,1,6.320547e-05,0.9604067,3.5769208e-05,1.8447738e-05,6.485695e-05,0.039411113
950,100,100,1,2.3904156e-05,0.7687417,9.501604e-05,6.8257716e-05,0.00012179446,0.23094927
951,100,100,1,9.7865435e-05,0.98339415,1.8750941e-05,7.1951545e-06,3.1116095e-05,0.016450927
952,100,100,1,0.00016425604,0.9244912,0.0003536472,0.00018014672,0.0005257617,0.07428493
953,100,100,1,5.7062566e-06,0.98216194,1.3819897e-07,9.675551e-08,4.449518e-07,0.017831612
954,100,100,1,1.7183519e-06,0.7282326,1.1686691e-06,9.273349e-07,1.8584847e-06,0.27176166
955,100,100,1,0.00014166537,0.928007,0.00021173441,0.00014016776,0.0004373024,0.07106211
956,100,100,1,9.227453e-05,0.99426347,2.6185007e-06,1.3849841e-06,8.736755e-06,0.0056313574
957,100,2000,0,2.211319e-06,0.25952867,2.8626582e-06,1.0029446e-05,1.0645443e-05,0.7404457
958,100,100,1,2.6148582e-05,0.9738773,5.1992447e-07,6.5028064e-07,2.7470082e-06,0.026092585
959,100,100,1,0.0015975947,0.9897793,0.00059061876,0.00016957811,0.00093408785,0.0069288104
960,100,100,1,3.6543774e-05,0.96914387,1.1029756e-05,5.675542e-06,2.155474e-05,0.0307814
961,100,2000,0,2.3942766e-07,0.08739763,6.272571e-07,1.3784958e-06,1.0151778e-06,0.9125991
962,100,100,1,1.8956744e-05,0.9070301,7.1737436e-06,7.07414e-06,2.0035035e-05,0.09291677
963,100,100,1,0.0006448371,0.9981059,4.51004e-05,7.9199235e-06,7.4281656e-05,0.0011218961
964,100,100,1,2.3537821e-05,0.86104923,4.7907783e-05,3.3156153e-05,7.876077e-05,0.13876745
965,100,100,1,1.2508644e-05,0.91114664,5.241671e-06,4.919466e-06,1.4502976e-05,0.08881625
966,100,100,1,5.014506e-05,0.90764797,7.069874e-05,4.405302e-05,0.0001184277,0.09206868
967,100,100,1,2.1849726e-05,0.91274136,3.503147e-05,2.075346e-05,5.9959933e-05,0.08712103
968,100,100,1,1.42254485e-05,0.9961494,3.5074305e-07,1.01313645e-07,6.898512e-07,0.0038352036
969,100,100,1,1.8799536e-05,0.91256475,2.6856462e-05,1.4724943e-05,4.0681265e-05,0.08733422
970,100,2000,0,4.2757287e-07,0.3025435,4.6452715e-07,8.6692194e-07,1.0847558e-06,0.6974537
971,100,100,1,0.00017600747,0.972486,7.146835e-05,4.5827677e-05,0.0001895733,0.027031211
972,100,100,1,3.249743e-05,0.55540043,0.00010056809,0.00023915361,0.00032723637,0.44390008
973,100,100,1,4.6122645e-05,0.9970866,7.3342176e-07,3.9920195e-07,3.3524916e-06,0.0028629543
974,100,100,1,6.403577e-05,0.5994724,0.00037992475,0.0005027678,0.0006412053,0.3989397
975,100,100,1,5.805777e-06,0.7975157,5.986823e-06,5.142147e-06,1.1202813e-05,0.2024562
976,100,100,1,0.0026708227,0.8564289,0.0013302666,0.0045807464,0.015645519,0.119343735
977,100,100,1,4.4696458e-07,0.80758977,1.8360462e-08,2.5733375e-08,5.7151038e-08,0.1924096
978,100,100,1,0.0006042395,0.53639185,0.0034626313,0.012449248,0.0152515285,0.43184042
979,100,100,1,1.1001009e-05,0.9474059,9.906812e-07,1.0050372e-06,3.451284e-06,0.052577656
980,100,2000,0,1.4709345e-06,0.2145252,2.5421966e-06,8.176182e-06,8.0657965e-06,0.7854545
981,100,2000,0,3.1140746e-07,0.37262723,3.5922926e-07,4.3787023e-07,6.0278455e-07,0.627371
982,100,100,1,0.026280453,0.821777,0.008983385,0.01939327,0.08717919,0.03638686
983,100,100,1,0.014018086,0.9354272,0.009541051,0.004687862,0.023634212,0.0126916105
984,100,100,1,5.0634517e-05,0.87224686,3.8445876e-05,4.761965e-05,0.00012555119,0.12749094
985,100,100,1,0.00028590008,0.57099944,0.0015204028,0.0041148276,0.0054889857,0.41759047
986,100,100,1,0.00011758813,0.9795649,4.9192047e-05,1.4900761e-05,5.868458e-05,0.020194694
987,100,100,1,3.4215725e-05,0.8147128,5.818165e-05,5.777217e-05,0.0001235053,0.18501349
988,100,100,1,1.5920481e-05,0.5180688,6.221709e-06,3.3025623e-05,5.263245e-05,0.48182335
989,100,2000,0,2.7083132e-07,0.11837372,4.4002041e-07,1.3054431e-06,1.1178406e-06,0.88162315
990,100,100,1,4.4111355e-05,0.9993174,6.340795e-07,1.7657713e-07,2.2522775e-06,0.00063551374
991,100,100,1,8.618781e-06,0.98013544,3.212111e-07,1.9801325e-07,8.6120724e-07,0.0198545
992,100,100,1,1.712716e-05,0.95451695,3.1953332e-06,1.8608022e-06,6.127798e-06,0.045454767
993,100,2000,0,6.8214223e-07,0.31174394,9.955827e-07,1.8908123e-06,2.3059285e-06,0.6882502
994,100,100,1,1.5457395e-05,0.9306476,6.164491e-06,4.725776e-06,1.463908e-05,0.06931132
995,100,100,1,2.50335e-05,0.990625,1.5011092e-06,5.9293603e-07,3.1515758e-06,0.0093445415
996,100,100,1,8.96387e-06,0.9838134,3.4603633e-07,2.0174382e-07,9.4703836e-07,0.016176136
997,100,100,1,5.5652924e-07,0.6218969,2.529383e-07,2.792279e-07,5.374523e-07,0.37810147
998,100,100,1,1.420289e-06,0.6519106,1.5813824e-06,1.27177e-06,2.27902e-06,0.34808296
999,100,100,1,4.62092e-06,0.91832674,5.021827e-07,5.225062e-07,1.4780029e-06,0.08166603
1000,1000,1000,1,0.34671682,9.286029e-14,0.0472534,0.43059972,0.17543001,1.5970123e-15
1001,1000,1000,1,0.16034411,1.7658914e-18,0.004516093,0.8084236,0.026716243,3.4373777e-19
1002,1000,0,0,0.3483119,2.7441518e-11,0.119144306,0.34204727,0.19049652,4.086688e-13
1003,1000,1000,1,0.014807278,4.802324e-08,0.011770178,0.54833055,0.42509192,2.0485402e-08
1004,1000,1000,1,0.023573868,5.5870277e-11,0.022307392,0.83733386,0.11678492,3.918561e-11
1005,1000,1000,1,0.012469394,1.8253992e-09,0.019277947,0.8076716,0.16058107,2.0525708e-09
1006,1000,1500,0,0.20561212,2.2430317e-08,0.024857683,0.30237478,0.46715537,3.8497844e-10
1007,1000,1000,1,0.06356068,1.3493064e-07,0.17060052,0.3951374,0.37070125,9.573716e-09
1008,1000,0,0,0.51840365,3.0974816e-14,0.094737336,0.29697916,0.08987982,2.9967787e-16
1009,1000,1000,1,0.22225785,9.680753e-12,0.07749726,0.5482205,0.15202446,7.327175e-13
1010,1000,1000,1,0.00961122,1.1648929e-06,0.026722817,0.5030807,0.46058357,5.2931273e-07
1011,1000,1500,0,0.31605932,5.918006e-11,0.037602726,0.27828395,0.36805403,6.5890076e-14
1012,1000,1500,0,0.08657009,6.6344796e-06,0.29611742,0.23658079,0.38072485,1.5796842e-07
1013,1000,1500,0,0.014715799,2.6709708e-06,0.050860673,0.39662537,0.5377949,6.032288e-07
1014,1000,0,0,0.4285202,1.5564777e-11,0.14433925,0.2308306,0.19630997,8.887834e-15
1015,1000,1500,0,0.24857238,1.5744606e-09,0.017994983,0.28237268,0.45105988,1.2197146e-11
1016,1000,1000,1,0.20576039,2.2581858e-12,0.031674758,0.5637746,0.19879037,1.3165193e-13
1017,1000,1500,0,0.11794512,7.936626e-09,0.06283971,0.37044874,0.44876644,1.7578694e-10
1018,1000,1500,0,0.2969353,5.4034333e-09,0.044907343,0.25691593,0.4012414,1.7502923e-11
1019,1000,1000,1,0.07310203,6.077987e-13,0.011047369,0.8057666,0.11008394,2.0263367e-13
1020,1000,1500,0,0.10194052,2.5615455e-07,0.022394916,0.2904496,0.5852147,6.547969e-09
1021,1000,1000,1,0.11554715,4.8664437e-09,0.14935948,0.44897,0.28612345,2.9878178e-10
1022,1000,1500,0,0.21741007,2.1997693e-09,0.052748583,0.34569642,0.38414493,3.1510808e-11
1023,1000,1500,0,0.012030878,3.1913246e-06,0.048690952,0.4187392,0.52053493,8.830823e-07
1024,1000,500,0,0.018689055,8.601223e-06,0.43935892,0.28653696,0.25540474,1.715978e-06
1025,1000,1500,0,0.062145777,2.2228676e-07,0.11112041,0.37610576,0.45062792,1.353942e-08
1026,1000,1000,1,0.233707,2.0220605e-09,0.23699963,0.31279492,0.21649846,3.531726e-11
1027,1000,1000,1,0.2535248,4.5426137e-12,0.024603413,0.41075033,0.31112137,8.294972e-14
1028,1000,1000,1,0.033422146,2.7474158e-08,0.07943615,0.52698654,0.36015508,4.6858806e-09
1029,1000,1000,1,0.22692584,1.9364696e-11,0.070735775,0.49593115,0.20640716,1.0080932e-12
1030,1000,1000,1,0.113575816,4.784702e-11,0.07271527,0.6057674,0.20794153,4.8002943e-12
1031,1000,1000,1,0.06885952,1.0642638e-09,0.24043508,0.56739557,0.12330984,2.166691e-10
1032,1000,0,0,0.43216932,2.487441e-12,0.079435095,0.30613044,0.18226519,1.3416267e-14
1033,1000,1000,1,0.07566788,3.4736078e-10,0.022441939,0.5406305,0.36125967,3.502359e-11
1034,1000,1500,0,0.01998515,2.4084882e-06,0.09788716,0.43597373,0.44615105,5.338913e-07
1035,1000,1500,0,0.1835531,6.677096e-07,0.24713081,0.23308256,0.33623293,5.530563e-09
1036,1000,1000,1,0.3313443,1.10325585e-11,0.0667985,0.36235526,0.23950186,1.2952814e-13
1037,1000,1500,0,0.29196337,3.2778455e-05,0.04522486,0.14532045,0.51745844,5.959139e-08
1038,1000,1500,0,0.13314785,0.0003689892,0.0390312,0.19001435,0.6374303,7.2890844e-06
1039,1000,1500,0,0.13920595,3.9238903e-06,0.060192842,0.2505029,0.5500943,4.5621306e-08
1040,1000,1500,0,0.062072992,0.000120415505,0.016469559,0.21907037,0.7022583,8.4092e-06
1041,1000,1500,0,0.028363576,0.00069894147,0.068714276,0.20817205,0.6939999,5.1180145e-05
1042,1000,1500,0,0.36774254,6.2020085e-06,0.08396798,0.13070208,0.41758117,1.6211593e-09
1043,1000,0,0,0.45564756,5.161321e-07,0.3486186,0.040396422,0.1553369,4.132442e-12
1044,1000,1500,0,0.09068648,0.00014620197,0.091687255,0.21254148,0.60493577,2.7937579e-06
1045,1000,0,0,0.54812723,8.0539964e-11,0.27594998,0.10259177,0.07333102,4.903041e-14
1046,1000,1500,0,0.037758708,1.1463105e-06,0.19802298,0.3693327,0.39488435,1.1402238e-07
1047,1000,1000,1,0.249404,1.1853899e-09,0.26804405,0.30544382,0.17710805,2.7894985e-11
1048,1000,0,0,0.4396163,8.13809e-09,0.17116962,0.17287691,0.21633714,9.04912e-12
1049,1000,1500,0,0.067438915,8.333913e-07,0.03622966,0.3095502,0.5867803,3.8588432e-08
1050,1000,1000,1,0.22439863,2.551872e-11,0.09998633,0.45994642,0.21566863,8.607937e-13
1051,1000,1000,1,0.059513707,9.498582e-11,0.005004259,0.63367516,0.301807,2.5921954e-11
1052,1000,1500,0,0.11863177,2.506951e-06,0.08979268,0.26901492,0.5225581,3.7368494e-08
1053,1000,1500,0,0.15175304,9.2038285e-08,0.10941155,0.32876828,0.41006705,1.884049e-09
1054,1000,0,0,0.5135432,3.2207347e-12,0.33844838,0.091756865,0.05625156,3.0136373e-16
1055,1000,1500,0,0.1090405,3.5741678e-08,0.04665508,0.37191647,0.4723879,1.4640535e-09
1056,1000,1000,1,0.19277705,1.6855447e-12,0.026391627,0.5911677,0.18966365,1.3530713e-13
1057,1000,0,0,0.3996525,2.4169566e-08,0.13233773,0.19457355,0.27343616,3.9821996e-11
1058,1000,1000,1,0.18038057,5.567968e-15,0.021723367,0.74001426,0.057881806,8.002867e-16
1059,1000,1000,1,0.23415646,4.5087736e-12,0.029727949,0.47048563,0.26563,1.566931e-13
1060,1000,1000,1,0.16317907,1.8094254e-11,0.096083745,0.57845604,0.16228117,1.3389709e-12
1061,1000,1000,1,0.021069758,7.915898e-08,0.030708792,0.5324089,0.4158124,2.283804e-08
1062,1000,1500,0,0.104843065,1.492931e-07,0.15179087,0.35558727,0.38777867,6.1493055e-09
1063,1000,0,0,0.42412323,1.0289576e-09,0.14024265,0.2170485,0.2185856,2.3722057e-12
1064,1000,1000,1,0.11493698,1.6345025e-09,0.11124214,0.4910189,0.28280205,1.0867858e-10
1065,1000,1500,0,0.18000008,7.924353e-06,0.02940805,0.21799284,0.57259107,9.488551e-08
1066,1000,1500,0,0.06684656,3.610168e-06,0.040586703,0.2809638,0.6115992,1.4089858e-07
1067,1000,1500,0,0.15009825,5.6587947e-08,0.11106417,0.32409042,0.41474712,8.7946206e-10
1068,1000,1500,0,0.004789066,0.00029096322,0.02227215,0.4123547,0.55995464,0.00033840156
1069,1000,1500,0,0.04229101,2.693715e-05,0.114328995,0.2659612,0.57739055,1.4102176e-06
1070,1000,0,0,0.44933173,3.906641e-08,0.22327164,0.12566419,0.20173244,7.2345333e-12
1071,1000,1500,0,0.05694249,1.6056789e-05,0.106754996,0.25889686,0.5773891,4.774263e-07
1072,1000,1500,0,0.037403062,0.00028547796,0.05595664,0.23219712,0.6741375,2.024085e-05
1073,1000,1500,0,0.15212417,8.6361375e-05,0.18317404,0.19721411,0.46740052,8.106752e-07
1074,1000,1000,1,0.12274111,2.781996e-08,0.2184616,0.3934948,0.26530248,1.8401053e-09
1075,1000,1000,1,0.07053546,3.2088865e-09,0.12311393,0.49363795,0.31271264,2.5793706e-10
1076,1000,1500,0,0.2675077,2.91631e-10,0.026751274,0.3262345,0.3795066,2.998791e-12
1077,1000,1000,1,0.003449679,4.656722e-05,0.006409317,0.5186529,0.4713303,0.00011121552
1078,1000,1000,1,0.09325221,3.8584043e-09,0.10768916,0.4814675,0.3175911,2.684459e-10
1079,1000,1500,0,0.009228665,2.480708e-05,0.050641436,0.38440567,0.5556897,9.761957e-06
1080,1000,1000,1,0.07659202,1.37437076e-11,0.022787748,0.71926314,0.18135715,2.7961687e-12
1081,1000,1000,1,0.013722462,6.184121e-08,0.01640393,0.5603695,0.40950412,2.6358796e-08
1082,1000,1000,1,0.037618555,3.8396694e-10,0.05063703,0.72752804,0.18421637,1.3052386e-10
1083,1000,0,0,0.47650328,1.5371583e-13,0.07900468,0.29892215,0.14556983,6.652364e-16
1084,1000,1000,1,0.008458714,7.99136e-09,0.02173694,0.7947129,0.17509142,1.10582485e-08
1085,1000,1500,0,0.31231073,2.9879413e-08,0.039073043,0.21802114,0.43059513,3.6690616e-11
1086,1000,1000,1,0.02050316,3.127409e-10,0.009326833,0.7469031,0.22326687,1.7336542e-10
1087,1000,1000,1,0.009327901,1.0074282e-06,0.02764615,0.4990296,0.4639948,4.473566e-07
1088,1000,1500,0,0.092941254,1.1430382e-07,0.07381962,0.35617882,0.47706023,4.221346e-09
1089,1000,1500,0,0.10141537,0.00045491976,0.023068987,0.20493095,0.6701073,2.2483937e-05
1090,1000,1500,0,0.097131334,0.0058070044,0.077159,0.15651472,0.66325474,0.00013321896
1091,1000,1500,0,0.26954827,1.2152621e-05,0.05710115,0.17859338,0.49474505,3.7951665e-08
1092,1000,1500,0,0.012627475,0.002290839,0.1295895,0.21012607,0.64495146,0.0004146554
1093,1000,1500,0,0.042030554,0.0011003556,0.027776508,0.20213306,0.7268529,0.000106545674
1094,1000,1500,0,0.004051536,0.00034803216,0.03855755,0.38799924,0.56872755,0.000316146
1095,1000,1500,0,0.04427237,3.8645052e-05,0.038196158,0.23617056,0.6813206,1.7333704e-06
1096,1000,1500,0,0.04460484,5.915737e-06,0.2817189,0.27403367,0.39963633,3.5131384e-07
1097,1000,1500,0,0.022958852,5.04703e-06,0.1347029,0.36945224,0.47288036,7.0790327e-07
1098,1000,500,0,0.09310384,5.4011634e-06,0.5985124,0.122001395,0.18637685,6.996694e-08
1099,1000,500,0,0.109805785,1.6515949e-06,0.35043034,0.23345512,0.3063071,3.360935e-08
1100,1000,0,0,0.5011415,4.518726e-07,0.34957832,0.050224405,0.09905531,6.4598375e-11
1101,1000,1500,0,0.041685566,0.00020905434,0.03628339,0.21608272,0.7057271,1.2179325e-05
1102,1000,0,0,0.49514493,2.886096e-08,0.35326657,0.05164939,0.099939115,7.393455e-13
1103,1000,1500,0,0.03744439,7.865281e-06,0.17312233,0.29573578,0.49368915,5.0230165e-07
1104,1000,1000,1,0.14339906,4.821936e-10,0.11041717,0.47499633,0.27118745,2.4471774e-11
1105,1000,1000,1,0.2929888,6.3500294e-09,0.1285511,0.30274302,0.2757171,7.9055505e-11
1106,1000,1500,0,0.17490847,8.0831114e-07,0.14530474,0.26120958,0.41857642,7.61584e-09
1107,1000,1500,0,0.100260265,2.2628124e-06,0.03791027,0.26962167,0.5922054,5.151711e-08
1108,1000,1500,0,0.017553313,7.479598e-06,0.16135812,0.34012592,0.48095414,1.0180875e-06
1109,1000,1000,1,0.17141376,1.0639305e-16,0.015907165,0.7786677,0.034011293,1.6251796e-17
1110,1000,1500,0,0.25678077,3.0913462e-08,0.071518674,0.29221272,0.37948778,3.1736108e-10
1111,1000,1000,1,0.028205475,6.9261404e-07,0.29016027,0.4045878,0.27704573,1.13957164e-07
1112,1000,1000,1,0.03064719,9.3491263e-07,0.1504598,0.4117115,0.40718046,1.3885253e-07
1113,1000,0,0,0.5772739,1.9392693e-12,0.23529817,0.120000914,0.06742701,1.09329e-15
1114,1000,1000,1,0.0125517165,2.824996e-09,0.012553792,0.734803,0.24009153,2.0732314e-09
1115,1000,1000,1,0.18152626,6.274316e-09,0.16766873,0.36182916,0.2889759,1.7489327e-10
1116,1000,0,0,0.3439316,3.1721188e-11,0.29763675,0.24998878,0.108442955,3.8272358e-13
1117,1000,1500,0,0.012465104,4.31649e-06,0.079537675,0.38268968,0.52530235,8.524798e-07
1118,1000,1500,0,0.013414587,1.7297858e-05,0.11311843,0.33086997,0.5425768,2.9741739e-06
1119,1000,500,0,0.1501116,2.3365956e-07,0.580053,0.13722433,0.13261092,2.8250542e-09
1120,1000,0,0,0.420819,1.4169257e-09,0.15274146,0.18782935,0.2386102,4.4689602e-13
1121,1000,0,0,0.36033675,1.40574015e-08,0.07231645,0.2159991,0.35134766,1.3068225e-11
1122,1000,1000,1,0.13903151,7.32697e-18,0.0076628122,0.8331647,0.020141033,1.9402617e-18
1123,1000,1000,1,0.11318157,4.3446035e-11,0.055740662,0.6186487,0.21242908,4.626524e-12
1124,1000,1000,1,0.3134975,6.3942827e-12,0.14208333,0.39678246,0.14763662,1.6932849e-13
1125,1000,1000,1,0.045784295,3.6254516e-08,0.13018857,0.4860707,0.3379564,4.2030455e-09
1126,1000,1500,0,0.049534705,1.692949e-05,0.34551063,0.22343884,0.3814982,7.054782e-07
1127,1000,1000,1,0.057494782,1.7522911e-09,0.15378402,0.56299126,0.22573002,2.2695487e-10
1128,1000,1000,1,0.06891035,3.1412664e-08,0.26529613,0.41690558,0.24888788,2.9832878e-09
1129,1000,1000,1,0.009964331,1.1191972e-08,0.014205743,0.7266648,0.24916513,9.802374e-09
1130,1000,0,0,0.5552751,4.5056348e-11,0.26702967,0.104546994,0.073148236,2.889669e-14
1131,1000,500,0,0.040701084,3.2995664e-05,0.4641687,0.17786895,0.3172269,1.344716e-06
1132,1000,500,0,0.056159377,0.00019347458,0.61312574,0.09781963,0.2326985,3.3202712e-06
1133,1000,1500,0,0.099086374,0.00014238963,0.042109527,0.19949116,0.65916795,2.707417e-06
1134,1000,500,0,0.29628715,0.0001279602,0.40905565,0.056473706,0.23805542,7.092259e-08
1135,1000,500,0,0.052666735,7.1247528e-06,0.6022963,0.14851333,0.1965164,2.2422077e-07
1136,1000,500,0,0.43555585,2.3633672e-06,0.48350576,0.025393477,0.05554258,4.3337836e-10
1137,1000,1500,0,0.0998764,5.919766e-08,0.13664305,0.36821297,0.39526755,2.2200592e-09
1138,1000,1000,1,0.3674262,5.3618096e-16,0.02197694,0.49372134,0.11687548,9.056354e-18
1139,1000,1000,1,0.113119245,3.9984998e-09,0.26600385,0.41499949,0.20587745,2.466614e-10
1140,1000,0,0,0.42355695,5.933836e-11,0.11683108,0.271225,0.18838704,3.2563177e-13
1141,1000,0,0,0.36807135,1.2608371e-08,0.08815416,0.20362501,0.34014943,8.47058e-12
1142,1000,0,0,0.52406067,1.8289677e-10,0.34070593,0.064235575,0.07099781,8.282053e-15
1143,1000,0,0,0.5250615,1.7368499e-13,0.1314156,0.25675085,0.08677208,1.0131022e-15
1144,1000,0,0,0.6596531,2.0392495e-17,0.09757691,0.22729142,0.015478476,3.1699632e-19
1145,1000,1500,0,0.024506925,3.497574e-05,0.085127495,0.3062316,0.58409464,4.4379476e-06
1146,1000,1500,0,0.3242746,9.5545275e-08,0.058047395,0.17389117,0.44378674,1.5217777e-11
1147,1000,0,0,0.410503,2.3745413e-06,0.17612994,0.12321088,0.29015383,1.195402e-09
1148,1000,500,0,0.27249178,3.1325573e-09,0.3077869,0.24696308,0.17275822,4.300576e-11
1149,1000,1500,0,0.052230716,0.00016869593,0.23311393,0.20558259,0.50889784,6.2480713e-06
1150,1000,1500,0,0.026345149,2.3036444e-06,0.0426053,0.3446114,0.58643556,2.7215012e-07
1151,1000,0,0,0.51140684,4.7565873e-10,0.3094934,0.05280038,0.12629946,8.130218e-16
1152,1000,1000,1,0.37128478,2.726955e-12,0.114101306,0.3718961,0.14271785,5.4515562e-14
1153,1000,1000,1,0.017098041,5.7538756e-08,0.08318523,0.63133466,0.26838204,2.3883963e-08
1154,1000,500,0,0.23762493,2.955647e-08,0.4644468,0.15616709,0.14176121,1.8310611e-10
1155,1000,1000,1,0.04797424,2.7106452e-07,0.20209268,0.38061878,0.369314,1.9909852e-08
1156,1000,1500,0,0.34469873,2.141948e-07,0.06782863,0.18853505,0.39893746,1.1247218e-10
1157,1000,1500,0,0.05958221,1.918298e-06,0.19763389,0.285194,0.457588,5.3989968e-08
1158,1000,500,0,0.030741172,8.399318e-06,0.4966052,0.20088282,0.27176192,5.177392e-07
1159,1000,1500,0,0.015578051,3.8510207e-06,0.05775624,0.3914964,0.5351646,8.4811217e-07
1160,1000,1500,0,0.021304356,0.00019645283,0.15086661,0.2559893,0.5716224,2.0924264e-05
1161,1000,1000,1,0.10978898,1.7209205e-08,0.2700121,0.3815633,0.23863558,1.1204476e-09
1162,1000,0,0,0.48524445,1.174685e-10,0.23464844,0.15207191,0.12803516,4.8305178e-14
1163,1000,1000,1,0.08458271,1.6992792e-09,0.045763455,0.47124892,0.39840487,1.0001209e-10
1164,1000,1000,1,0.14238736,9.798898e-09,0.09714803,0.3972343,0.36323038,3.5653358e-10
1165,1000,1500,0,0.064829275,2.0039226e-07,0.1184003,0.37402278,0.44274753,1.1569518e-08
1166,1000,1500,0,0.013020243,1.5853802e-05,0.0609147,0.37124947,0.55479574,3.957245e-06
1167,1000,1500,0,0.042274553,0.00048698467,0.30374324,0.1825384,0.47093529,2.154672e-05
1168,1000,1000,1,0.13036585,4.39484e-19,0.0029657593,0.8470449,0.019623514,1.1477052e-19
1169,1000,1000,1,0.008384462,5.3092432e-14,0.0024825833,0.9648654,0.024267556,2.2340302e-13
1170,1000,1500,0,0.06623696,0.0004936679,0.019644229,0.20270228,0.71088797,3.4954886e-05
1171,1000,1500,0,0.0069083828,0.040208176,0.09135529,0.32719985,0.502361,0.031967316
1172,1000,1500,0,0.117828295,0.0005583593,0.13775344,0.1925297,0.55132115,9.026673e-06
1173,1000,1500,0,0.15745056,0.00036207805,0.08037236,0.19051634,0.57129437,4.3118475e-06
1174,1000,1500,0,0.28970024,0.0006066306,0.049482353,0.14348873,0.51671875,3.249793e-06
1175,1000,1500,0,0.06968097,0.00017420777,0.16601707,0.20844407,0.5556796,4.007885e-06
1176,1000,1500,0,0.014270645,0.005640748,0.06623557,0.20517151,0.70747185,0.0012097415
1177,1000,1500,0,0.028362734,0.0014357878,0.13736953,0.1941948,0.6385376,9.957919e-05
1178,1000,1500,0,0.07786553,8.6757757e-07,0.28533688,0.25266925,0.38412747,1.511824e-08
1179,1000,1500,0,0.0123982495,1.3848832e-05,0.0884642,0.3600541,0.53906643,3.2266312e-06
1180,1000,0,0,0.40139055,9.2212986e-08,0.15597022,0.17001781,0.27262127,1.10880416e-10
1181,1000,1500,0,0.055892702,5.310985e-06,0.23370412,0.2637225,0.44667512,1.835528e-07
1182,1000,500,0,0.07477645,7.287664e-07,0.34929106,0.26649985,0.30943194,2.7591284e-08
1183,1000,500,0,0.31765854,2.683951e-08,0.4057335,0.14683557,0.12977242,1.4735885e-10
1184,1000,500,0,0.41107863,5.64225e-07,0.42255968,0.06648407,0.099877164,5.0808197e-10
1185,1000,1500,0,0.0307982,6.3126768e-06,0.1813697,0.32894567,0.4588795,6.478542e-07
1186,1000,0,0,0.51371056,3.0081194e-11,0.19938515,0.17121957,0.11568462,3.6370294e-14
1187,1000,1000,1,0.08284689,5.178442e-17,0.007639477,0.8930534,0.016460292,3.4635495e-17
1188,1000,1000,1,0.010742684,1.9485148e-15,0.004407897,0.974742,0.010107367,1.03644095e-14
1189,1000,1000,1,0.012699212,3.056689e-15,0.0013608786,0.96261543,0.023324504,9.4457e-15
1190,1000,1000,1,0.012441748,6.884778e-12,0.012926832,0.91960484,0.05502655,1.3061624e-11
1191,1000,1000,1,0.0035768254,5.8341607e-09,0.016277682,0.89097214,0.08917334,2.4484384e-08
1192,1000,1000,1,0.015228899,2.3396836e-07,0.050971642,0.5627178,0.37108138,9.255584e-08
1193,1000,1000,1,0.0131715685,1.5396622e-12,0.010019861,0.93626934,0.040539246,3.5540375e-12
1194,1000,1000,1,0.017039185,1.4552591e-12,0.016511811,0.93082625,0.03562275,2.9846084e-12
1195,1000,1000,1,0.024064055,5.555434e-13,0.011072986,0.9074334,0.057429574,5.7038743e-13
1196,1000,1000,1,0.06763013,5.9246196e-17,0.0022314058,0.89429027,0.035848226,2.7840044e-17
1197,1000,1000,1,0.010772588,8.0907625e-10,0.030065624,0.8540829,0.10507886,1.1844602e-09
1198,1000,1000,1,0.00610905,3.9113234e-14,0.0016890944,0.968844,0.02335792,2.0954432e-13
1199,1000,1000,1,0.23673843,4.2619923e-18,0.010524321,0.72684264,0.025894644,5.49604e-19
1200,1000,1000,1,0.11987901,2.953219e-25,0.0010345206,0.87826514,0.0008213635,3.2494083e-25
1201,1000,1000,1,0.12077782,2.2448865e-19,0.00931157,0.86668855,0.0032221028,2.977624e-19
1202,1000,1000,1,0.14148533,7.09074e-19,0.004638749,0.8379332,0.015942706,2.122968e-19
1203,1000,1000,1,0.0064838184,4.2957288e-07,0.054996263,0.7067448,0.23177418,5.5051146e-07
1204,1000,1000,1,0.00965563,1.1405998e-05,0.27133012,0.45713195,0.2618638,7.0635824e-06
1205,1000,1000,1,0.05764146,1.1251262e-08,0.11051269,0.5196648,0.312181,1.3946999e-09
1206,1000,1000,1,0.010579791,7.5904325e-07,0.03480223,0.5515942,0.40302268,4.0743353e-07
1207,1000,0,0,0.38206193,9.2032076e-11,0.37841055,0.16402656,0.07550093,8.149757e-13
1208,1000,0,0,0.44100618,1.03626654e-07,0.4237716,0.06127699,0.07394509,9.399555e-11
1209,1000,1500,0,0.064324215,1.6794509e-06,0.07950851,0.3045947,0.5515709,6.1284005e-08
1210,1000,1000,1,0.034046255,9.2208325e-07,0.24923736,0.37507722,0.34163818,1.15211e-07
1211,1000,1000,1,0.017735038,6.13761e-08,0.023725819,0.59595174,0.3625874,2.6274412e-08
1212,1000,1500,0,0.18151265,2.3598268e-07,0.24105562,0.26322907,0.3142024,2.9057134e-09
1213,1000,1000,1,0.022200683,8.965428e-08,0.05842966,0.5729353,0.34643427,2.5397199e-08
1214,1000,1000,1,0.16751125,3.454602e-10,0.08738622,0.47891587,0.2661867,1.4869985e-11
1215,1000,1500,0,0.013743695,5.3498963e-05,0.08830097,0.30203855,0.5958539,9.3471945e-06
1216,1000,500,0,0.26614687,6.55202e-07,0.2879508,0.19027402,0.25562763,3.2379246e-09
1217,1000,1000,1,0.0384152,5.607473e-10,0.023429062,0.68402725,0.25412846,1.5527021e-10
1218,1000,1500,0,0.013559393,0.00017715334,0.058674365,0.28991795,0.6376274,4.3737557e-05
1219,1000,1500,0,0.007950901,0.0001311673,0.033235915,0.35313597,0.605479,6.6985005e-05
1220,1000,1500,0,0.011103211,0.00033597974,0.10380179,0.26313135,0.62155616,7.142995e-05
1221,1000,1000,1,0.049445502,3.0602425e-08,0.12869819,0.47012955,0.3517268,3.0693192e-09
1222,1000,1500,0,0.030400708,2.4335739e-06,0.16626331,0.36094207,0.44239122,2.5354404e-07
1223,1000,1500,0,0.010017623,1.7118595e-05,0.036876738,0.37147194,0.58161086,5.6983376e-06
1224,1000,1500,0,0.0062731304,0.00017481839,0.023225112,0.36264607,0.60756177,0.000119160315
1225,1000,1000,1,0.08948345,1.4491245e-12,0.010771016,0.7675955,0.13215004,3.8300545e-13
1226,1000,0,0,0.38425595,1.58383e-11,0.07568394,0.31797522,0.22208486,9.338752e-14
1227,1000,1500,0,0.3021298,2.450887e-05,0.095237486,0.16549142,0.4371167,5.7421985e-08
1228,1000,0,0,0.49161905,2.782172e-13,0.1888188,0.19351968,0.1260425,4.650063e-17
1229,1000,1500,0,0.04357951,7.364141e-08,0.044005338,0.4288985,0.48351654,7.773874e-09
1230,1000,1500,0,0.20509814,4.8142497e-06,0.16661282,0.22436848,0.40391576,3.254041e-08
1231,1000,1500,0,0.02416587,1.4512187e-05,0.13863575,0.29476762,0.5424151,1.1816323e-06
1232,1000,1000,1,0.0047529764,6.513275e-07,0.030895678,0.6833828,0.28096697,8.753477e-07
1233,1000,1500,0,0.05145362,7.544284e-05,0.30688813,0.18204376,0.45953706,1.9212841e-06
1234,1000,1500,0,0.35436964,1.5053429e-08,0.07658408,0.16454875,0.40449747,1.3153144e-12
1235,1000,1500,0,0.06527003,8.420466e-05,0.074233025,0.21768422,0.6427267,1.8654274e-06
1236,1000,1500,0,0.009702396,0.00039453988,0.019389002,0.28751814,0.6828155,0.00018049972
1237,1000,0,0,0.39712465,1.0596014e-05,0.18450275,0.11608139,0.30228063,9.7127115e-09
1238,1000,1500,0,0.012377808,0.000628816,0.12132138,0.24028128,0.62528163,0.00010904001
1239,1000,1500,0,0.036898658,0.00015134616,0.32820383,0.18594597,0.44879377,6.376464e-06
1240,1000,1500,0,0.031215047,0.00012740225,0.09861736,0.24538566,0.62464607,8.481095e-06
1241,1000,1500,0,0.003012946,0.00018693192,0.043622393,0.47002125,0.4829031,0.00025340318
1242,1000,1500,0,0.32785898,0.0002693282,0.13010232,0.11821995,0.4235489,4.844905e-07
1243,1000,1500,0,0.011564071,8.196944e-06,0.051801298,0.4089248,0.5276992,2.5002223e-06
1244,1000,1500,0,0.27843338,7.570988e-07,0.051213797,0.23520891,0.43514326,4.5749498e-09
1245,1000,1500,0,0.21169616,2.0112262e-07,0.04947239,0.2936379,0.44519338,3.0894447e-09
1246,1000,1500,0,0.03469909,9.1803395e-06,0.047874376,0.29418555,0.62323105,7.563631e-07
1247,1000,1500,0,0.005064354,0.00012200676,0.035037678,0.37665486,0.5830437,7.7393284e-05
1248,1000,1500,0,0.068460934,0.000113430724,0.1761979,0.21684131,0.5383838,2.6981124e-06
1249,1000,1500,0,0.0106874285,6.022719e-06,0.045798417,0.43501058,0.50849545,2.0462132e-06
1250,1000,1000,1,0.112060584,9.029273e-09,0.13910061,0.3815252,0.36731365,2.5427255e-10
1251,1000,1000,1,0.0069022924,1.6514767e-09,0.008961453,0.86746377,0.11667246,4.036543e-09
1252,1000,1500,0,0.027035808,2.6212435e-06,0.06696526,0.36017206,0.5458239,3.192092e-07
1253,1000,1000,1,0.075188875,4.8606548e-08,0.16832213,0.44775364,0.3087353,4.494537e-09
1254,1000,1500,0,0.035599586,0.00016744384,0.119461134,0.2557607,0.5889987,1.245178e-05
1255,1000,1500,0,0.25431755,1.361234e-12,0.010691311,0.34027928,0.39471185,6.0633346e-15
1256,1000,1000,1,0.003710001,2.6785742e-08,0.023835778,0.8378277,0.13462634,7.263919e-08
1257,1000,1500,0,0.30877072,3.5825738e-06,0.09419019,0.18466344,0.41237202,8.168243e-09
1258,1000,1000,1,0.13457279,5.0493043e-10,0.07546096,0.44065636,0.34930983,1.695044e-11
1259,1000,1000,1,0.067680255,1.505587e-10,0.069585696,0.66788954,0.1948445,2.3605421e-11
1260,1000,1000,1,0.12575702,2.30123e-17,0.0062971073,0.834899,0.03304676,5.2372506e-18
1261,1000,1000,1,0.026045106,1.0615757e-12,0.010044956,0.89213127,0.0717786,9.877043e-13
1262,1000,1000,1,0.034091342,8.646201e-11,0.019787462,0.7563284,0.18979274,2.985102e-11
1263,1000,1000,1,0.13285014,9.298104e-25,0.0011401821,0.8622111,0.0037985889,1.5898629e-25
1264,1000,1000,1,0.2691069,4.7021196e-19,0.0070062084,0.6704263,0.053460576,1.6601019e-20
1265,1000,1000,1,0.047276713,3.0907355e-14,0.012991996,0.9015348,0.038196538,2.2476466e-14
1266,1000,1000,1,0.017314238,1.3599622e-08,0.10556312,0.7515599,0.12556273,1.29518005e-08
1267,1000,1000,1,0.119854026,1.1848118e-19,0.008291317,0.86775494,0.0040997383,1.182739e-19
1268,1000,1000,1,0.10077051,2.0368017e-12,0.0035222352,0.67961466,0.21609265,4.584559e-13
1269,1000,1000,1,0.0338992,2.300927e-14,0.0023037756,0.9091642,0.05463281,2.7078884e-14
1270,1000,1000,1,0.0043806843,4.3064152e-10,0.0099581415,0.9100391,0.07562203,1.6457496e-09
1271,1000,1000,1,0.11906411,8.555888e-18,0.0049135704,0.8525434,0.023478942,2.8975887e-18
1272,1000,1000,1,0.07976918,2.3114488e-35,9.10201e-05,0.9200682,7.1498114e-05,9.969368e-36
1273,1000,1000,1,0.008738707,2.6512567e-15,0.0022642023,0.97624743,0.012749659,1.4146868e-14
1274,1000,1000,1,0.009487728,1.4832541e-07,0.04752234,0.6586696,0.28432012,9.813879e-08
1275,1000,1000,1,0.011379239,4.391632e-15,0.0036764822,0.97179776,0.0131464405,1.9525858e-14
1276,1000,1000,1,0.009707818,7.594276e-13,0.006832342,0.9467038,0.036756046,2.0862713e-12
1277,1000,1000,1,0.19906798,5.877812e-14,0.030892288,0.6815592,0.08848057,6.7796555e-15
1278,1000,1000,1,0.25775713,1.2576893e-18,0.0078045744,0.6931497,0.041288596,7.378441e-20
1279,1000,1000,1,0.017595444,6.5904e-41,3.3407641e-06,0.9823957,5.5135183e-06,2.60515e-40
1280,1000,1000,1,0.0045886817,3.9581934e-14,0.0017892823,0.9753525,0.01826957,2.9429063e-13
1281,1000,1000,1,0.11824049,1.1936992e-11,0.10455097,0.65133554,0.12587298,1.3646332e-12
1282,1000,1000,1,0.0480144,1.0912245e-13,0.0044600056,0.8538067,0.09371899,5.6822497e-14
1283,1000,1000,1,0.012848097,1.7147019e-07,0.09141596,0.65010273,0.24563295,1.0611419e-07
1284,1000,0,0,0.49966216,2.1550951e-16,0.0476911,0.3944711,0.058175668,3.635632e-18
1285,1000,1000,1,0.003379784,2.7317215e-08,0.008857982,0.8299276,0.15783447,9.562711e-08
1286,1000,1000,1,0.025494473,5.948945e-18,0.00086805085,0.9617831,0.011854404,1.36680644e-17
1287,1000,1000,1,0.10712812,2.1946027e-22,0.0014428144,0.88828045,0.0031485397,1.3508748e-22
1288,1000,1000,1,0.05011969,2.7874046e-12,0.029444184,0.8278923,0.0925438,1.1040597e-12
1289,1000,500,0,0.059196085,1.05134404e-07,0.37460515,0.32899415,0.23720449,7.980721e-09
1290,1000,1000,1,0.005472314,1.4476504e-08,0.004082254,0.7590904,0.23135507,3.0800294e-08
1291,1000,1000,1,0.09994753,3.378619e-14,0.014240192,0.7969595,0.088852756,6.5601664e-15
1292,1000,1000,1,0.0038807804,4.4201056e-11,0.0021639653,0.92074716,0.07320803,2.211613e-10
1293,1000,1000,1,0.010725609,1.0817893e-18,0.0005981825,0.984287,0.0043891426,7.773938e-18
1294,1000,1000,1,0.02488337,4.185547e-22,0.0003043673,0.9732981,0.0015141971,2.4171393e-21
1295,1000,1000,1,0.014128824,4.2620273e-17,0.0009352044,0.9722446,0.01269136,1.4277644e-16
1296,1000,1000,1,0.009275836,2.4176522e-17,0.0005694526,0.9810967,0.009057976,1.4340743e-16
1297,1000,1000,1,0.041768394,4.8540716e-26,0.00018413135,0.9572518,0.0007956569,1.1110911e-25
1298,1000,1000,1,0.10538978,3.7304614e-21,0.0014241813,0.8831562,0.01002989,1.2426982e-21
1299,1000,1000,1,0.020423174,5.11755e-10,0.02238495,0.78187734,0.17531453,3.1159808e-10
1300,1000,1000,1,0.006400406,4.527456e-13,0.0034234785,0.9618728,0.028303403,2.2472e-12
1301,1000,1000,1,0.018548515,9.853746e-15,0.005707636,0.9549736,0.02077036,2.1170625e-14
1302,1000,1000,1,0.010469643,3.5310315e-09,0.023783606,0.8247863,0.14096043,4.8846363e-09
1303,1000,1000,1,0.005660419,1.5914103e-11,0.0075665433,0.9360683,0.050704733,5.200338e-11
1304,1000,1000,1,0.0058267084,3.828238e-12,0.0053702425,0.9471799,0.041623157,1.4172664e-11
1305,1000,1000,1,0.16713603,4.1119168e-15,0.0071581868,0.701285,0.124420725,3.9239156e-16
1306,1000,1000,1,0.0140244365,1.0111946e-06,0.117267475,0.5134157,0.355291,3.2180768e-07
1307,1000,1500,0,0.005488346,1.15534085e-05,0.0063644703,0.48739386,0.50072664,1.516282e-05
1308,1000,1500,0,0.06173097,5.6173994e-06,0.112453505,0.28616866,0.5396411,1.9348863e-07
1309,1000,1000,1,0.017996483,2.5959232e-06,0.09351146,0.47025812,0.4182307,7.179474e-07
1310,1000,1500,0,0.07800946,0.00016993344,0.067060485,0.2205414,0.6342142,4.548253e-06
1311,1000,1000,1,0.035245333,1.0001284e-07,0.10293977,0.48201603,0.37979874,1.5407572e-08
1312,1000,1500,0,0.04903519,1.0801551e-06,0.033415608,0.3288007,0.5887473,8.433096e-08
1313,1000,1000,1,0.009354208,6.886185e-13,0.008777473,0.9524687,0.029399585,2.212267e-12
1314,1000,1000,1,0.007672109,4.372152e-12,0.008076632,0.9441659,0.0400854,1.5228936e-11
1315,1000,1000,1,0.02727596,8.950607e-16,0.0039762515,0.95038044,0.018367326,1.6526235e-15
1316,1000,1000,1,0.009299802,5.989577e-15,0.001501642,0.9619225,0.027275985,1.7955533e-14
1317,1000,1000,1,0.015224605,6.890237e-10,0.017681587,0.78505546,0.18203837,5.10248e-10
1318,1000,1000,1,0.011912714,2.4822914e-14,0.0038902028,0.9641278,0.020069236,9.396829e-14
1319,1000,1000,1,0.008640956,7.526973e-13,0.0072835693,0.9576035,0.02647188,3.0626356e-12
1320,1000,1000,1,0.010321509,2.208699e-06,0.043084506,0.5279276,0.418663,1.23904e-06
1321,1000,1000,1,0.01516243,1.3142557e-23,0.00012478775,0.98364913,0.0010636558,8.501061e-23
1322,1000,1000,1,0.006331207,5.0917414e-14,0.0017373394,0.96525073,0.026680615,2.295611e-13
1323,1000,1000,1,0.018920697,8.485508e-13,0.011705677,0.9112449,0.058128715,8.526537e-13
1324,1000,1000,1,0.0325258,4.835308e-17,0.002699916,0.9497354,0.015038903,7.206512e-17
1325,1000,1000,1,0.038148746,1.1056809e-25,0.00012994058,0.96088624,0.0008350099,3.3456528e-25
1326,1000,1000,1,0.027645549,6.426377e-27,0.00015325878,0.9719997,0.00020146716,6.2618244e-26
1327,1000,1000,1,0.062208544,1.5388049e-13,0.008024401,0.8582457,0.07152146,9.978267e-14
1328,1000,1000,1,0.048750196,1.1666823e-26,0.0002629018,0.95052516,0.0004617277,2.9687902e-26
1329,1000,1000,1,0.038401663,1.09069044e-16,0.0034283425,0.9409377,0.017232299,1.4511609e-16
1330,1000,1000,1,0.04979032,4.9723752e-26,0.00018968475,0.94912285,0.00089707697,8.307997e-26
1331,1000,1000,1,0.17160165,9.46378e-16,0.0109831495,0.7534713,0.06394387,1.1948965e-16
1332,1000,1000,1,0.008520803,3.5421024e-11,0.0049093403,0.89998615,0.08658372,8.081428e-11
1333,1000,1000,1,0.15334313,8.87819e-13,0.05080949,0.68306226,0.11278519,9.707708e-14
1334,1000,1000,1,0.050862618,2.8538588e-10,0.08494628,0.738005,0.12618609,8.9086016e-11
1335,1000,1000,1,0.18386258,1.9085222e-13,0.0331608,0.6855547,0.09742196,2.218205e-14
1336,1000,1000,1,0.040423125,4.8585342e-20,0.00075739564,0.9529529,0.0058666235,8.5370183e-20
1337,1000,1000,1,0.14068125,1.05327564e-14,0.0068465397,0.7425459,0.109926246,1.4824974e-15
1338,1000,1000,1,0.13308403,7.7284845e-11,0.05458865,0.62006694,0.19226034,8.863552e-12
1339,1000,1000,1,0.23409659,4.098382e-11,0.039619595,0.41921064,0.30707318,1.0348857e-12
1340,1000,1000,1,0.0052251853,7.316271e-10,0.0058684135,0.898727,0.09017941,2.7019795e-09
1341,1000,1000,1,0.27959582,2.9169392e-14,0.028753392,0.60457903,0.08707175,1.8559157e-15
1342,1000,1000,1,0.03674875,2.1719348e-16,0.0015162192,0.93481165,0.026923407,2.7013773e-16
1343,1000,1500,0,0.19386274,2.64595e-08,0.023677891,0.3069613,0.475498,5.171904e-10
1344,1000,1500,0,0.044350717,3.5647012e-05,0.08295565,0.28066406,0.59199125,2.5805132e-06
1345,1000,1000,1,0.040187426,1.3626023e-09,0.15048262,0.67787933,0.13145067,4.9146065e-10
1346,1000,1000,1,0.09934781,7.638738e-22,0.0012128332,0.8931775,0.0062618214,3.2885024e-22
1347,1000,1000,1,0.013412057,3.1054978e-10,0.017705046,0.84355086,0.12533201,3.5541606e-10
1348,1000,1000,1,0.0717406,1.0274096e-08,0.37606752,0.39335826,0.15883367,1.116977e-09
1349,1000,1000,1,0.025372194,3.1360386e-18,0.0016434574,0.9646212,0.00836328,6.793323e-18
1350,1000,1000,1,0.29877803,1.0084917e-18,0.016360017,0.66792995,0.016932117,9.259731e-20
1351,1000,1000,1,0.08483876,3.3647468e-33,0.00011074967,0.91500384,4.66521e-05,8.533646e-33
1352,1000,1000,1,0.11299703,1.4789146e-21,0.0020286995,0.8788417,0.006132572,5.623615e-22
1353,1000,1000,1,0.059985314,5.3902575e-13,0.017357182,0.85166204,0.07099543,2.6655783e-13
1354,1000,0,0,0.4842985,1.422334e-14,0.083450556,0.30455175,0.12769912,2.9776712e-17
1355,1000,1000,1,0.0068975207,1.7417105e-10,0.00994323,0.91274494,0.07041439,5.541324e-10
1356,1000,1000,1,0.043485947,8.119662e-24,0.0003723454,0.95463395,0.0015077243,1.5176644e-23
1357,1000,1000,1,0.015478806,4.4685194e-07,0.069270395,0.5179606,0.3972896,1.294726e-07
1358,1000,1000,1,0.0648942,1.9878513e-12,0.006846992,0.75778747,0.1704713,5.440436e-13
1359,1000,1000,1,0.18108414,9.181244e-12,0.029750662,0.5304026,0.2587626,4.525908e-13
1360,1000,1000,1,0.028302113,6.7964706e-10,0.020360505,0.72675204,0.22458541,2.9126904e-10
1361,1000,1000,1,0.030190928,1.1062754e-10,0.01850394,0.7897342,0.16157094,5.2525154e-11
1362,1000,1000,1,0.022599898,1.0164731e-08,0.037566427,0.65464425,0.28518945,3.9668926e-09
1363,1000,1000,1,0.0059157405,4.3905024e-07,0.016442498,0.643651,0.33398992,4.842286e-07
1364,1000,1000,1,0.1369417,9.234025e-24,0.0013520682,0.85618037,0.005525852,1.4016802e-24
1365,1000,1000,1,0.0072443327,4.092188e-14,0.0020076146,0.97141224,0.019335845,2.4595267e-13
1366,1000,1000,1,0.05418626,2.104345e-10,0.0304859,0.6761284,0.23919943,4.5657807e-11
1367,1000,1000,1,0.0058788974,5.7891465e-09,0.013530893,0.8233439,0.1572463,1.0882719e-08
1368,1000,1000,1,0.06468788,4.0589105e-09,0.028297087,0.49093825,0.41607672,4.2819953e-10
1369,1000,1000,1,0.38249537,8.921015e-16,0.043287605,0.5265743,0.047642805,3.7505858e-17
1370,1000,1500,0,0.0067962604,0.00021699544,0.096444935,0.38382116,0.51260793,0.00011273626
1371,1000,1500,0,0.10272439,2.983524e-08,0.06753104,0.37764972,0.45209488,1.0203139e-09
1372,1000,1000,1,0.23423927,1.4936878e-12,0.022121452,0.464256,0.27938327,3.5977125e-14
1373,1000,1000,1,0.011380691,3.188655e-07,0.09508698,0.6294792,0.26405266,1.8082204e-07
1374,1000,1000,1,0.18338154,2.3895534e-09,0.08811059,0.39303643,0.33547145,6.6592315e-11
1375,1000,1000,1,0.0070741824,1.6791128e-08,0.017898956,0.8005648,0.17446196,2.701491e-08
1376,1000,1000,1,0.24008106,2.4949503e-11,0.020055063,0.37670696,0.36315694,4.350166e-13
1377,1000,1000,1,0.031603787,4.861943e-07,0.14608642,0.45509556,0.36721364,8.1214964e-08
1378,1000,1000,1,0.004721266,1.6558342e-05,0.041144807,0.503402,0.45070195,1.3391208e-05
1379,1000,1000,1,0.0074404445,1.22034735e-05,0.043433063,0.4745598,0.47454715,7.240393e-06
1380,1000,1000,1,0.013821271,1.0697297e-09,0.019084835,0.79769474,0.16939911,9.691244e-10
1381,1000,500,0,0.03423082,2.8690872e-06,0.35728565,0.28239077,0.32608968,2.2346337e-07
1382,1000,1000,1,0.17009163,5.0553446e-12,0.0368604,0.5723409,0.22070716,2.9394667e-13
1383,1000,1000,1,0.022449445,5.6660642e-08,0.018132316,0.49370205,0.46571618,1.3856886e-08
1384,1000,1000,1,0.41167763,2.7682228e-17,0.02973192,0.45976508,0.0988253,1.7861042e-19
1385,1000,1000,1,0.034087844,5.0513773e-07,0.10039353,0.43400162,0.43151638,7.196403e-08
1386,1000,1000,1,0.0074750097,4.2698084e-10,0.007331163,0.86018294,0.12501082,8.2603724e-10
1387,1000,1000,1,0.002765245,1.8658942e-07,0.020618087,0.8174607,0.15915503,6.6027906e-07
1388,1000,1000,1,0.0024997578,4.633767e-12,0.0024019026,0.96744865,0.027649587,4.957872e-11
1389,1000,1000,1,0.016841583,2.0096235e-11,0.0064602494,0.86546975,0.11122839,2.5451552e-11
1390,1000,1000,1,0.0056999964,4.3104263e-11,0.00810472,0.9313099,0.054885298,1.590956e-10
1391,1000,1000,1,0.13683861,1.3351005e-21,0.0015178784,0.8444911,0.017152403,1.5919308e-22
1392,1000,1000,1,0.02570773,5.5533143e-09,0.034892228,0.65703183,0.28236815,1.7981374e-09
1393,1000,1000,1,0.123507835,2.3681829e-17,0.0030455969,0.8316696,0.04177698,5.4951287e-18
1394,1000,1000,1,0.12264887,1.2279563e-17,0.002805033,0.83079207,0.04375408,2.4963438e-18
1395,1000,1000,1,0.008744882,1.6979425e-20,0.00034857847,0.98896897,0.0019375908,1.8462033e-19
1396,1000,1000,1,0.0047408077,3.5424337e-11,0.0049596885,0.9295294,0.060770057,1.3964228e-10
1397,1000,1000,1,0.01784993,2.1634227e-11,0.014452074,0.8887885,0.07890954,2.932565e-11
1398,1000,1000,1,0.036956783,5.90662e-10,0.051654525,0.72282296,0.18856561,2.0133825e-10
1399,1000,1000,1,0.009847975,9.633968e-12,0.009348453,0.931648,0.049155477,2.5304012e-11
1400,1000,1000,1,0.05118524,1.6148385e-14,0.022125961,0.9035813,0.023107354,1.663689e-14
1401,1000,1000,1,0.043554705,9.3445295e-18,0.0032159097,0.9415998,0.011629611,1.1756669e-17
1402,1000,1000,1,0.012927051,3.8091928e-18,0.0011621211,0.9805398,0.0053710933,2.1148131e-17
1403,1000,1000,1,0.029625982,1.5160301e-20,0.0012930344,0.966396,0.002685091,4.9547414e-20
1404,1000,1000,1,0.035866663,6.3552993e-16,0.0071214605,0.9409953,0.016016617,8.99282e-16
1405,1000,1000,1,0.0038084798,2.6135085e-23,3.608498e-05,0.99545985,0.0006955337,8.500185e-22
1406,1000,1000,1,0.0046908697,3.148021e-11,0.0077389944,0.9370487,0.050521463,1.332001e-10
1407,1000,1000,1,0.021550681,1.4930594e-08,0.039931074,0.65747684,0.28104138,5.5645635e-09
1408,1000,1000,1,0.025106281,1.5563945e-09,0.018524176,0.7179285,0.23844104,7.126726e-10
1409,1000,1000,1,0.005568907,1.6660323e-10,0.0065202066,0.9054583,0.08245264,5.459772e-10
1410,1000,1000,1,0.09068039,2.0064978e-17,0.0026710804,0.8797238,0.026924757,9.7423265e-18
1411,1000,1000,1,0.13254865,7.1407645e-23,0.0012430239,0.8570043,0.009204008,1.0908232e-23
1412,1000,1000,1,0.3896049,1.7982471e-17,0.023702854,0.49220878,0.09448353,1.4216882e-19
1413,1000,500,0,0.047443394,1.0958704e-06,0.34129235,0.3199815,0.29128152,9.3583225e-08
1414,1000,1000,1,0.016945587,1.6653184e-11,0.004732558,0.86130345,0.117018454,1.8606198e-11
1415,1000,1000,1,0.18219368,4.601415e-13,0.01595009,0.6248438,0.17701246,3.705097e-14
1416,1000,1000,1,0.07401646,4.752073e-11,0.0568629,0.73060215,0.13851854,1.1490918e-11
1417,1000,1000,1,0.0070710084,1.8631425e-11,0.00517691,0.92555606,0.062196013,6.379222e-11
1418,1000,1500,0,0.015423237,0.0019167273,0.22726566,0.20777345,0.5472956,0.00032531857
1419,1000,1500,0,0.030504944,4.0938303e-06,0.07212406,0.33352372,0.56384283,4.0577999e-07
1420,1000,0,0,0.42771512,1.0123693e-15,0.041130822,0.4213891,0.10976492,1.0356211e-17
1421,1000,1000,1,0.17523491,2.931453e-11,0.0687683,0.54821485,0.2077819,1.9356728e-12
1422,1000,1000,1,0.19316174,9.0318714e-13,0.016540263,0.58255804,0.20773995,6.598271e-14
1423,1000,1500,0,0.043126117,1.8917687e-07,0.032732148,0.38977686,0.53436464,1.9622892e-08
1424,1000,1000,1,0.062417388,1.7274043e-10,0.016503764,0.6658843,0.2551945,3.7557422e-11
1425,1000,1000,1,0.2587169,2.4584586e-16,0.0107303355,0.6311704,0.0993823,9.6040186e-18
1426,1000,1500,0,0.025395334,8.750352e-06,0.22360417,0.31032047,0.44067046,8.902525e-07
1427,1000,1000,1,0.020948952,8.260169e-09,0.042688943,0.738685,0.19767709,4.7856736e-09
1428,1000,1000,1,0.007098489,1.9427598e-12,0.0051984196,0.95654434,0.031158704,9.921704e-12
1429,1000,1000,1,0.31195015,2.7738636e-12,0.035134148,0.35610387,0.29681182,1.4366605e-14
1430,1000,1000,1,0.1903995,6.589419e-17,0.00821157,0.7527395,0.048649482,7.089747e-18
1431,1000,1000,1,0.019262213,7.400513e-12,0.03618375,0.9029811,0.041572884,1.2194892e-11
1432,1000,1000,1,0.20914933,2.989967e-21,0.006285482,0.7782284,0.0063367765,6.690199e-22
1433,1000,1000,1,0.015300108,2.0511538e-14,0.0060057044,0.95206064,0.02663355,3.9924563e-14
1434,1000,1000,1,0.06422137,2.1258631e-14,0.018659275,0.87534064,0.041778687,1.0301141e-14
1435,1000,1000,1,0.08804152,2.1799733e-31,0.0001862093,0.9116965,7.57125e-05,5.8138277e-31
1436,1000,1000,1,0.011087905,7.582062e-16,0.0022004864,0.9742768,0.012434787,3.1766186e-15
1437,1000,1000,1,0.06637561,3.7912662e-10,0.13812512,0.651699,0.14380023,8.537393e-11
1438,1000,1000,1,0.116800725,1.5713694e-19,0.005171524,0.87014467,0.00788314,8.7249615e-20
1439,1000,1000,1,0.26236102,7.2955204e-11,0.08031661,0.42953452,0.2277879,2.4001823e-12
1440,1000,1000,1,0.011355321,6.710035e-09,0.008621883,0.72723764,0.25278512,6.1176255e-09
1441,1000,1000,1,0.15196797,9.3787515e-21,0.0030021092,0.8347926,0.010237353,2.2031408e-21
1442,1000,1000,1,0.009351835,5.1040147e-06,0.018050108,0.5091946,0.46339458,3.7392695e-06
1443,1000,1500,0,0.02553649,0.00029001723,0.06966695,0.24246742,0.66200846,3.065032e-05
1444,1000,1000,1,0.00876936,7.1633e-08,0.025235942,0.6951851,0.27080935,6.137388e-08
1445,1000,1000,1,0.17950363,2.4450218e-12,0.050297618,0.63266444,0.13753425,2.2395512e-13
1446,1000,1500,0,0.013293648,2.597117e-05,0.17353146,0.3557799,0.45736235,6.6090797e-06
1447,1000,1500,0,0.015380643,2.63603e-06,0.06422294,0.41852137,0.5018718,6.052637e-07
1448,1000,1000,1,0.0043596956,2.754591e-07,0.0077604624,0.72801816,0.25986072,6.5290055e-07
1449,1000,1500,0,0.18418814,2.43501e-10,0.0135904625,0.37989235,0.4223291,9.2615915e-12
1450,1000,0,0,0.46684957,4.8828485e-15,0.06867839,0.36033082,0.104141206,3.3544798e-17
1451,1000,1000,1,0.010392396,7.6779327e-07,0.06138592,0.5975015,0.3307188,4.7156166e-07
1452,1000,1000,1,0.19003995,2.7695195e-16,0.011630294,0.7424919,0.055837896,3.2279053e-17
1453,1000,1000,1,0.010453377,8.8977653e-10,0.007436582,0.79330355,0.18880656,1.0246072e-09
1454,1000,1000,1,0.003411151,7.13234e-10,0.0072434507,0.91940975,0.06993561,3.9097303e-09
1455,1000,1000,1,0.19333304,1.38941765e-08,0.20131409,0.31967312,0.28567976,2.2938557e-10
1456,1000,1000,1,0.29653782,4.6111974e-17,0.021932302,0.65154725,0.029982636,4.352522e-18
1457,1000,1000,1,0.13635658,4.2694702e-11,0.02028143,0.49351394,0.34984803,2.317421e-12
1458,1000,1000,1,0.117931046,4.6082187e-21,0.0017367726,0.8729287,0.0074035507,2.1891593e-21
1459,1000,1000,1,0.018282043,6.142604e-10,0.02830397,0.8227655,0.1306485,5.633621e-10
1460,1000,1000,1,0.0071018925,6.5320225e-09,0.019595293,0.8264201,0.14688267,1.1806103e-08
1461,1000,1000,1,0.22348595,3.413769e-25,0.0024715331,0.7728438,0.0011987287,1.1014732e-25
1462,1000,1000,1,0.22614875,1.0536852e-16,0.0078022955,0.6592464,0.10680255,5.048523e-18
1463,1000,1000,1,0.18128169,4.6515995e-19,0.0049476726,0.79338676,0.02038398,7.7546186e-20
1464,1000,1000,1,0.26104712,2.083083e-12,0.08208097,0.5214414,0.1354305,1.1177318e-13
1465,1000,1000,1,0.020057756,1.3354547e-10,0.016620768,0.82750684,0.13581462,1.0629439e-10
1466,1000,1000,1,0.003658403,3.280662e-13,0.003205174,0.9761372,0.016999295,3.3733955e-12
1467,1000,1000,1,0.19036801,7.351263e-18,0.00610036,0.77283496,0.030696675,1.2310996e-18
1468,1000,1000,1,0.048452634,2.1938078e-21,0.0007845154,0.9472444,0.003518438,3.897749e-21
1469,1000,1000,1,0.10355647,1.3286433e-25,0.00056712155,0.8943474,0.001528997,7.4345e-26
1470,1000,1000,1,0.0090524955,1.6969508e-08,0.05830392,0.79952776,0.13311577,2.5114922e-08
1471,1000,1000,1,0.017495625,2.0368617e-11,0.019519111,0.89018345,0.07280181,2.5555327e-11
1472,1000,1000,1,0.02726383,4.6836526e-13,0.0015570852,0.8521816,0.11899745,3.9180806e-13
1473,1000,1000,1,0.0057330336,3.9126768e-08,0.016735839,0.77439004,0.20314096,6.427505e-08
1474,1000,1000,1,0.38841093,8.2188894e-14,0.05771478,0.43433967,0.119534686,1.92276e-15
1475,1000,0,0,0.5763457,7.042693e-19,0.050134704,0.33101106,0.042508494,2.9186874e-21
1476,1000,1000,1,0.019359669,3.9311896e-09,0.019688703,0.7105674,0.2503842,2.0670365e-09
1477,1000,1000,1,0.23293875,6.7020087e-12,0.04214571,0.48195472,0.24296074,2.377621e-13
1478,1000,1500,0,0.116291195,1.3084434e-05,0.038640734,0.22787414,0.6171806,2.0710549e-07
1479,1000,1000,1,0.08796714,1.7680203e-28,0.00028735315,0.9111053,0.0006403216,1.0203515e-28
1480,1000,1000,1,0.017814247,1.1187332e-10,0.033524115,0.8535269,0.09513482,9.93285e-11
1481,1000,1000,1,0.0093230605,9.738638e-13,0.0041077975,0.93711704,0.049452133,2.2751673e-12
1482,1000,1000,1,0.026308458,1.4987987e-14,0.0061371378,0.93741584,0.030138608,2.102796e-14
1483,1000,1000,1,0.041766442,1.9241978e-15,0.017130356,0.9272249,0.013878282,2.9876087e-15
1484,1000,1000,1,0.008863952,5.241612e-25,3.2395557e-05,0.9904206,0.00068299205,6.434127e-24
1485,1000,1000,1,0.007860458,9.586536e-14,0.005190887,0.96787196,0.019076694,4.7456093e-13
1486,1000,1000,1,0.1316194,1.09648574e-16,0.00886153,0.83197325,0.027545888,3.3623333e-17
1487,1000,1000,1,0.059362136,5.9656584e-24,0.00044645692,0.93856585,0.0016255602,8.769143e-24
1488,1000,1000,1,0.01816205,1.749458e-08,0.033151723,0.597741,0.35094512,5.5512013e-09
1489,1000,1000,1,0.066373855,2.046977e-09,0.13568187,0.6322729,0.16567138,4.719766e-10
1490,1000,1500,0,0.041865624,2.012441e-06,0.14349338,0.34724718,0.4673917,1.6158414e-07
1491,1000,1500,0,0.16650018,3.7001263e-10,0.017967243,0.40232953,0.41320303,1.5194842e-11
1492,1000,1000,1,0.056734513,1.8927933e-09,0.028503152,0.5558298,0.35893255,2.6332656e-10
1493,1000,1000,1,0.023455858,4.0790612e-15,0.0045911106,0.9457867,0.026166322,6.1181427e-15
1494,1000,1000,1,0.19786142,3.6318754e-11,0.03310263,0.44765773,0.32137817,1.2336669e-12
1495,1000,1500,0,0.042137485,1.0008974e-07,0.039920572,0.38406438,0.5338775,8.1253e-09
1496,1000,1000,1,0.2882835,2.045289e-17,0.013677606,0.64444906,0.05358979,9.767499e-19
1497,1000,1000,1,0.002606559,2.7017235e-09,0.005917699,0.88151604,0.109959684,1.2089661e-08
1498,1000,1000,1,0.011728328,5.3555214e-09,0.047256585,0.8291711,0.111844,8.078356e-09
1499,1000,1000,1,0.15481216,4.4263668e-10,0.044742,0.4515946,0.3488513,2.0594639e-11
1500,1500,0,0,0.436936,3.9422424e-08,0.18614456,0.15390708,0.22301242,2.406561e-11
1501,1500,500,0,0.25624207,3.0383646e-07,0.46574914,0.12062524,0.1573832,9.408384e-10
1502,1500,1500,1,0.2090035,6.759846e-07,0.18049358,0.23797369,0.3725286,4.540662e-09
1503,1500,1500,1,0.19297671,3.9359184e-06,0.2813966,0.18968908,0.33593363,2.2580165e-08
1504,1500,1500,1,0.05906194,1.4452646e-05,0.0937692,0.2752887,0.5718652,5.173564e-07
1505,1500,0,0,0.41180617,3.2795273e-07,0.18919381,0.15619662,0.24280304,3.452837e-10
1506,1500,500,0,0.3487637,6.2305035e-06,0.4390341,0.080646835,0.13154913,1.14018235e-08
1507,1500,1500,1,0.20065354,0.0019661272,0.079138726,0.12860627,0.58962506,1.0251033e-05
1508,1500,0,0,0.4385843,1.0304117e-05,0.32918066,0.063217245,0.16900754,4.031551e-09
1509,1500,0,0,0.45388967,1.6435155e-05,0.31447652,0.04892055,0.1826968,2.615143e-09
1510,1500,0,0,0.3396012,2.9553282e-08,0.14233038,0.23137243,0.2866959,9.709689e-11
1511,1500,1000,0,0.14377116,2.4058192e-08,0.17397428,0.34865722,0.33359733,6.2954447e-10
1512,1500,0,0,0.43380976,4.7705845e-10,0.16065416,0.22050814,0.18502799,1.4484569e-12
1513,1500,1500,1,0.068841234,1.0363619e-06,0.09226523,0.29525805,0.54363436,2.3164452e-08
1514,1500,500,0,0.10643387,1.3072175e-05,0.48572686,0.14107764,0.26674843,1.3039589e-07
1515,1500,500,0,0.36919174,8.296387e-08,0.5965891,0.014495864,0.019723305,2.2037781e-11
1516,1500,0,0,0.4666015,1.830032e-06,0.28478616,0.07203638,0.17657417,3.1304076e-10
1517,1500,1500,1,0.026297934,0.0014208112,0.3733918,0.14466612,0.4541478,7.553975e-05
1518,1500,1500,1,0.032030504,0.00031941372,0.29730096,0.18331316,0.48702064,1.5298761e-05
1519,1500,500,0,0.16178158,4.2128846e-07,0.7870744,0.022116095,0.029027633,6.357066e-10
1520,1500,500,0,0.4612684,5.243597e-06,0.4645457,0.012858695,0.061322033,5.6653092e-11
1521,1500,1500,1,0.31561226,6.7281517e-06,0.052744493,0.16546988,0.46616665,1.1622681e-08
1522,1500,0,0,0.3330136,2.0430693e-09,0.09915373,0.28131175,0.28652093,1.2322675e-11
1523,1500,1500,1,0.2137684,1.5288343e-07,0.025069015,0.29653552,0.46462694,4.2539647e-09
1524,1500,1500,1,0.057039578,7.809761e-07,0.05939116,0.3172171,0.56635135,3.1213787e-08
1525,1500,1500,1,0.3399294,8.007788e-07,0.05561991,0.16430084,0.440149,4.1042178e-10
1526,1500,1000,0,0.19680473,7.064601e-10,0.042446192,0.38463923,0.3761098,1.658557e-11
1527,1500,500,0,0.19156723,7.4101685e-09,0.34282437,0.27523047,0.19037794,1.6514455e-10
1528,1500,1500,1,0.026874516,8.8672823e-07,0.21195841,0.3748387,0.38632745,9.5676825e-08
1529,1500,1500,1,0.26664746,8.050867e-11,0.021098983,0.32919282,0.3830607,7.7994696e-13
1530,1500,1500,1,0.23100908,1.9610652e-06,0.02679365,0.21801694,0.5241784,1.43019e-08
1531,1500,1000,0,0.009669166,1.9890288e-07,0.026344148,0.6319717,0.33201456,1.3199113e-07
1532,1500,1500,1,0.09461233,2.0338673e-06,0.08886748,0.26214164,0.5543765,2.6879736e-08
1533,1500,1500,1,0.18736851,1.0194015e-07,0.04133288,0.30856028,0.46273825,1.9496007e-09
1534,1500,1000,0,0.08728205,2.3906217e-08,0.2682117,0.38304457,0.26146168,1.4622102e-09
1535,1500,0,0,0.29225585,2.950352e-07,0.26129177,0.1858197,0.26063234,1.0124952e-09
1536,1500,0,0,0.5153952,4.994773e-12,0.15633743,0.21007447,0.118192844,1.0550408e-14
1537,1500,1500,1,0.021218505,5.946981e-06,0.035055507,0.30747658,0.63624287,7.09096e-07
1538,1500,1500,1,0.10393957,7.7086514e-07,0.053913992,0.27279088,0.5693547,9.939734e-09
1539,1500,1500,1,0.13972215,4.0669415e-09,0.05873765,0.37556148,0.42597866,8.7111776e-11
1540,1500,1500,1,0.012021207,1.42704375e-05,0.038754124,0.32856852,0.62063915,2.844376e-06
1541,1500,0,0,0.38302317,2.7263368e-06,0.10727158,0.13557191,0.37413067,1.0056453e-09
1542,1500,500,0,0.24952866,3.8225567e-06,0.31297308,0.15923592,0.2782585,1.607052e-08
1543,1500,1500,1,0.053432535,2.7394695e-05,0.13319226,0.26203415,0.5513127,1.0385747e-06
1544,1500,1000,0,0.004828443,8.813046e-08,0.012385546,0.75093806,0.23184766,1.6090186e-07
1545,1500,1000,0,0.35382858,5.3578143e-13,0.054831956,0.40310997,0.18822947,9.185544e-15
1546,1500,1500,1,0.21398781,1.8949038e-09,0.030784203,0.3274678,0.42776018,2.6028948e-11
1547,1500,1000,0,0.0040864176,5.9358265e-09,0.014010009,0.8552256,0.12667792,1.714322e-08
1548,1500,1000,0,0.040266015,1.09323594e-07,0.2081354,0.49398044,0.25761798,2.1445294e-08
1549,1500,1000,0,0.08153299,3.183932e-11,0.08786322,0.7104352,0.12016859,6.9292658e-12
1550,1500,1000,0,0.012047682,1.816821e-07,0.05633832,0.6404439,0.2911698,1.0132819e-07
1551,1500,1500,1,0.04120235,1.7534768e-06,0.038240116,0.3407508,0.5798047,1.8840453e-07
1552,1500,1500,1,0.05128134,5.416242e-05,0.10897153,0.24434458,0.59534657,1.7908654e-06
1553,1500,1500,1,0.03307011,1.4560761e-05,0.061845828,0.28102395,0.6240445,1.0062834e-06
1554,1500,1000,0,0.1082968,3.5190882e-12,0.0046567167,0.6265811,0.2604654,5.42155e-13
1555,1500,500,0,0.33960456,1.8092479e-10,0.42982885,0.15917405,0.07139258,2.0603484e-12
1556,1500,1500,1,0.19705851,6.72679e-07,0.049156882,0.24445847,0.5093255,4.0984265e-09
1557,1500,1500,1,0.06949479,4.346072e-09,0.02082259,0.45229328,0.45738938,3.9073264e-10
1558,1500,1500,1,0.07482489,3.4001667e-07,0.04730489,0.32743,0.55043983,1.2008866e-08
1559,1500,1500,1,0.01710995,9.478627e-06,0.09585492,0.37178257,0.51524115,1.8944169e-06
1560,1500,1500,1,0.32362828,3.523783e-06,0.044350784,0.16767952,0.46433792,4.7319175e-09
1561,1500,1500,1,0.12350012,2.885966e-07,0.030142419,0.30345097,0.5429062,7.42835e-09
1562,1500,1500,1,0.12225253,1.095681e-06,0.09911983,0.27378315,0.5048434,1.2890544e-08
1563,1500,1500,1,0.17147832,1.4266674e-10,0.019819815,0.389035,0.41966683,3.6123968e-12
1564,1500,0,0,0.34827122,3.983629e-13,0.047604073,0.33315444,0.2709703,4.4388174e-16
1565,1500,0,0,0.38106972,9.853541e-07,0.11252568,0.15542232,0.3509813,5.5263466e-10
1566,1500,1500,1,0.072050445,1.4239774e-05,0.066346936,0.25981355,0.60177445,4.0501791e-07
1567,1500,500,0,0.14833538,2.0297842e-08,0.33249155,0.2848774,0.23429559,4.717729e-10
1568,1500,1500,1,0.2898577,1.4550099e-06,0.02620184,0.19327503,0.49066404,3.7457117e-09
1569,1500,1500,1,0.34060335,5.318398e-05,0.08470467,0.13467933,0.43995938,7.44594e-08
1570,1500,1500,1,0.0109030055,9.487936e-06,0.021788435,0.4172578,0.55003715,4.127466e-06
1571,1500,1500,1,0.011006173,4.1401603e-05,0.119463116,0.3557168,0.5137607,1.1909342e-05
1572,1500,0,0,0.4868034,1.4510958e-07,0.42086768,0.03868289,0.053645916,4.0956877e-11
1573,1500,1500,1,0.038752537,0.000105493564,0.29440603,0.19869334,0.46803787,4.827777e-06
1574,1500,1500,1,0.041380335,0.00071584055,0.04349847,0.20817067,0.706189,4.575074e-05
1575,1500,1500,1,0.0900913,2.127598e-07,0.042951297,0.34871837,0.51823884,9.9272786e-09
1576,1500,1500,1,0.010471223,0.009605829,0.06578614,0.22617452,0.68491054,0.0030517492
1577,1500,0,0,0.40541622,3.0646225e-07,0.2040249,0.15128645,0.23927224,3.7801748e-10
1578,1500,1500,1,0.32164255,4.919832e-10,0.08138281,0.21802992,0.3789447,3.5645884e-14
1579,1500,1500,1,0.020416228,1.827663e-05,0.06224179,0.28938022,0.62794155,1.8399144e-06
1580,1500,1500,1,0.1564687,0.0005768602,0.041026972,0.18318938,0.618727,1.097651e-05
1581,1500,1500,1,0.06712894,7.0664782e-06,0.102497905,0.2640108,0.5663552,1.4493318e-07
1582,1500,1500,1,0.31751564,7.13686e-08,0.11315632,0.21673174,0.35259628,1.456788e-10
1583,1500,1500,1,0.25093096,0.0073062624,0.05346058,0.097666465,0.5906027,3.2990447e-05
1584,1500,1500,1,0.009540273,0.017336434,0.09371058,0.24342345,0.6296926,0.006296728
1585,1500,1500,1,0.26587456,1.4449653e-05,0.057491064,0.18185727,0.49476266,4.9753645e-08
1586,1500,1500,1,0.26935536,5.3376044e-07,0.060553923,0.24804807,0.42204207,3.6710188e-09
1587,1500,1500,1,0.028392788,6.819931e-05,0.12957656,0.3131769,0.5287766,8.945206e-06
1588,1500,1500,1,0.031930402,7.769599e-05,0.188823,0.28580108,0.49335936,8.504618e-06
1589,1500,1500,1,0.022690048,3.1024312e-05,0.018633647,0.25499463,0.7036461,4.5706956e-06
1590,1500,1500,1,0.071979165,4.591734e-06,0.045389302,0.27527574,0.60735106,1.4151861e-07
1591,1500,1500,1,0.11394807,0.00010062222,0.057378113,0.22345759,0.6051131,2.4226667e-06
1592,1500,1500,1,0.013496697,7.4773525e-05,0.040741134,0.26885763,0.67681676,1.3000569e-05
1593,1500,1500,1,0.2115197,1.5743402e-09,0.013355003,0.3033554,0.47176987,2.1444986e-11
1594,1500,1500,1,0.018889762,1.5123727e-06,0.09063788,0.44218516,0.4482853,3.0308178e-07
1595,1500,1500,1,0.016835058,0.0001623237,0.061062027,0.2663462,0.65556943,2.500731e-05
1596,1500,1500,1,0.07631473,8.040838e-06,0.105601676,0.27073127,0.54734415,1.9086984e-07
1597,1500,1500,1,0.0590253,5.064103e-06,0.043763418,0.26292682,0.63427925,1.5593923e-07
1598,1500,1500,1,0.013686969,3.1330124e-05,0.05548251,0.308862,0.6219318,5.4295147e-06
1599,1500,1500,1,0.237469,0.00017743492,0.06042403,0.15538053,0.54654825,7.2078683e-07
1600,1500,1500,1,0.23275277,1.1620286e-05,0.05587436,0.19243215,0.518929,4.8337604e-08
1601,1500,1500,1,0.1289787,1.2707494e-07,0.09997807,0.32539937,0.4456437,2.405507e-09
1602,1500,1500,1,0.09318138,8.3918836e-05,0.17593354,0.20631884,0.52448106,1.2741042e-06
1603,1500,1500,1,0.24177387,2.1017115e-06,0.053051494,0.22747569,0.4776969,1.2088559e-08
1604,1500,1500,1,0.028709669,0.00013766585,0.013085835,0.23633847,0.7217025,2.5931506e-05
1605,1500,1500,1,0.025713123,0.0024523467,0.23859219,0.16212066,0.5709577,0.00016395717
1606,1500,1500,1,0.02354552,0.00023813287,0.03962524,0.23615874,0.7004043,2.8039809e-05
1607,1500,1500,1,0.21320122,0.00010512315,0.05536592,0.16753586,0.56379133,5.4592954e-07
1608,1500,1500,1,0.18959637,7.588711e-08,0.03521587,0.29402703,0.48116073,1.060811e-09
1609,1500,1500,1,0.26670203,2.3474938e-09,0.0620251,0.3246188,0.34665406,2.771978e-11
1610,1500,1000,0,0.02665292,6.967175e-08,0.09517038,0.55106366,0.32711297,1.6884282e-08
1611,1500,1000,0,0.03993037,1.3352353e-07,0.13621016,0.42071927,0.4031401,1.24918325e-08
1612,1500,1000,0,0.027577614,1.9183024e-07,0.054820642,0.48144376,0.43615776,3.950314e-08
1613,1500,1500,1,0.29037935,9.1543756e-10,0.03510281,0.28937826,0.3851396,5.1948827e-12
1614,1500,1500,1,0.30638006,7.2290623e-10,0.029557576,0.25992364,0.40413877,1.9156478e-12
1615,1500,1500,1,0.11120612,2.0715724e-08,0.0248256,0.35870415,0.50526416,8.814352e-10
1616,1500,1500,1,0.03313285,9.3369323e-07,0.1015893,0.40036434,0.46491247,1.1626246e-07
1617,1500,1500,1,0.013463668,5.840969e-05,0.06942007,0.28000522,0.63704354,9.085537e-06
1618,1500,1500,1,0.29208684,2.3170301e-09,0.03849699,0.27169192,0.39772424,9.817202e-12
1619,1500,1500,1,0.10581604,2.4358644e-07,0.14015691,0.34359294,0.4104339,8.836122e-09
1620,1500,1500,1,0.023735365,0.00032560376,0.2656551,0.20855612,0.5016986,2.916505e-05
1621,1500,1500,1,0.011543203,0.000229913,0.042224813,0.27865845,0.66728395,5.9640526e-05
1622,1500,1500,1,0.0842573,0.00017623881,0.053193893,0.21333855,0.6490294,4.6442083e-06
1623,1500,1500,1,0.0553318,0.0010692647,0.17488869,0.16556355,0.6031252,2.1499716e-05
1624,1500,0,0,0.46965197,5.7560133e-05,0.20360008,0.05612002,0.27057037,6.3641656e-09
1625,1500,1500,1,0.03518696,2.826473e-06,0.21126659,0.33968124,0.41386214,2.3273748e-07
1626,1500,1500,1,0.13693881,4.6408127e-07,0.046131987,0.27869633,0.5382324,6.0214913e-09
1627,1500,1500,1,0.034183916,8.771479e-05,0.050912883,0.25502604,0.65978205,7.4199993e-06
1628,1500,500,0,0.056410182,3.2373373e-07,0.37405086,0.29363936,0.27589926,1.7450347e-08
1629,1500,1500,1,0.033529337,8.66347e-08,0.03792364,0.45760822,0.47093877,1.3399324e-08
1630,1500,1500,1,0.30321965,1.823008e-05,0.10516344,0.17843407,0.41316453,5.140495e-08
1631,1500,1500,1,0.013943444,0.02447203,0.1117999,0.21493314,0.62898636,0.0058651124
1632,1500,1000,0,0.35449758,9.254884e-14,0.039693147,0.35776535,0.24804392,1.7996984e-16
1633,1500,0,0,0.4350028,7.286387e-08,0.16519101,0.13924006,0.26056603,2.8240991e-11
1634,1500,1500,1,0.029373867,2.0855252e-05,0.019296361,0.2724721,0.67883384,2.929723e-06
1635,1500,1500,1,0.28872055,0.00010003154,0.026037104,0.1502689,0.534873,3.9455344e-07
1636,1500,1000,0,0.32206014,2.6774544e-10,0.067226276,0.32311198,0.28760156,2.4306878e-12
1637,1500,1500,1,0.114793465,5.296227e-06,0.056122832,0.23363438,0.5954439,5.892572e-08
1638,1500,1500,1,0.08341463,1.09384196e-07,0.13653724,0.37479785,0.40525022,5.284863e-09
1639,1500,1500,1,0.025614604,4.5661265e-05,0.31871447,0.25717384,0.39844665,4.883674e-06
1640,1500,1000,0,0.049619026,2.1376545e-10,0.067722656,0.70837903,0.1742793,5.00651e-11
1641,1500,1500,1,0.046940383,0.0002736367,0.11595365,0.2166101,0.62021184,1.0334447e-05
1642,1500,0,0,0.33825144,1.0005062e-09,0.077568576,0.27801532,0.30616462,4.209696e-12
1643,1500,0,0,0.40012497,1.9841452e-06,0.101211295,0.10033017,0.39833152,1.5558323e-10
1644,1500,1500,1,0.08350107,6.4688666e-06,0.06317365,0.2669493,0.5863694,1.505134e-07
1645,1500,1500,1,0.32231197,9.397067e-07,0.056075465,0.19591476,0.42569682,1.3113225e-09
1646,1500,1500,1,0.120909825,5.4796346e-06,0.13712347,0.25509602,0.48686504,7.5878575e-08
1647,1500,1500,1,0.052569583,2.4013916e-06,0.05975155,0.28209218,0.60558426,7.584908e-08
1648,1500,1000,0,0.047409985,2.34018e-10,0.05956092,0.7220831,0.17094608,5.914758e-11
1649,1500,1500,1,0.013502316,1.9310788e-05,0.137936,0.3760091,0.47252846,4.81768e-06
1650,1500,1500,1,0.08581162,0.003166233,0.12590453,0.16151042,0.62354887,5.8248486e-05
1651,1500,1500,1,0.007069267,0.0010388964,0.12243324,0.27776057,0.59131485,0.00038315155
1652,1500,0,0,0.45063594,2.4864718e-11,0.37317565,0.05981365,0.11637465,1.1052322e-17
1653,1500,1000,0,0.09283692,2.8742072e-08,0.18367718,0.3801,0.34338585,1.2937208e-09
1654,1500,500,0,0.20177296,8.285981e-09,0.30403575,0.27945912,0.21473213,1.4575657e-10
1655,1500,0,0,0.31424034,6.618194e-09,0.18352522,0.2623501,0.23988436,5.3364674e-11
1656,1500,1500,1,0.08343299,3.0679032e-06,0.209278,0.27494618,0.43233958,7.9858765e-08
1657,1500,1500,1,0.30239442,1.8852847e-06,0.13186371,0.18049671,0.3852433,3.731812e-09
1658,1500,1500,1,0.42457134,0.007523676,0.07014561,0.049668994,0.4480879,2.4565331e-06
1659,1500,1500,1,0.06278268,0.0002522775,0.09227916,0.19590436,0.6487769,4.6189825e-06
1660,1500,1500,1,0.017607551,0.00043482913,0.15784201,0.22918929,0.5948772,4.9157767e-05
1661,1500,1500,1,0.011639465,0.0022758201,0.1370327,0.2429092,0.6055271,0.0006157326
1662,1500,1500,1,0.13966016,0.00046584403,0.1094584,0.1690873,0.5813244,3.9443817e-06
1663,1500,1500,1,0.025546728,0.005399015,0.04589087,0.1873257,0.7350949,0.0007428323
1664,1500,1500,1,0.05652365,0.00018207464,0.045674346,0.22759567,0.6700158,8.435408e-06
1665,1500,1500,1,0.046281256,0.00012212472,0.055285916,0.21292773,0.6853792,3.7961192e-06
1666,1500,1500,1,0.20832267,0.004028768,0.058692098,0.11812915,0.6108026,2.47161e-05
1667,1500,100,0,0.012380322,0.5561013,0.08439902,0.06941633,0.20849195,0.06921106
1668,1500,0,0,0.38615537,1.506644e-12,0.14601982,0.36048087,0.10734397,3.3459116e-14
1669,1500,1500,1,0.24086495,7.866775e-10,0.028549116,0.329366,0.40121996,1.0567675e-11
1670,1500,1000,0,0.053293753,1.2896119e-10,0.03728602,0.6583612,0.25105906,2.065019e-11
1671,1500,1500,1,0.027023284,9.165978e-07,0.028938755,0.38389257,0.5601443,1.4971184e-07
1672,1500,500,0,0.10408044,3.8352796e-06,0.4063324,0.20624422,0.283339,7.6441204e-08
1673,1500,0,0,0.38223475,1.8361327e-07,0.14638962,0.11209592,0.35927945,3.276238e-12
1674,1500,1500,1,0.3463266,0.0028579186,0.025219638,0.100382715,0.52520275,1.0417581e-05
1675,1500,1500,1,0.05085111,0.00054361974,0.20946346,0.2021164,0.53700364,2.1798658e-05
1676,1500,1500,1,0.34527943,1.00079184e-07,0.08724859,0.1927401,0.37473178,6.2998544e-11
1677,1500,1500,1,0.3183355,1.1938986e-06,0.049082074,0.17289764,0.4596836,1.2805796e-09
1678,1500,1500,1,0.019272393,0.029743483,0.0497242,0.20375103,0.6901553,0.0073536257
1679,1500,1500,1,0.2004419,0.00055702316,0.06696347,0.15255338,0.57948077,3.5103515e-06
1680,1500,0,0,0.4588297,9.478983e-06,0.21946652,0.049276,0.2724183,1.0600492e-10
1681,1500,1500,1,0.16781677,0.00079240015,0.055972967,0.16320072,0.6122091,8.079136e-06
1682,1500,1500,1,0.19499235,2.930482e-05,0.05386311,0.190831,0.560284,1.7860539e-07
1683,1500,1500,1,0.0062985,5.070707e-05,0.011605219,0.39693695,0.58506876,3.985262e-05
1684,1500,1500,1,0.32445464,1.1469498e-06,0.07003836,0.19373356,0.41177225,1.9149549e-09
1685,1500,500,0,0.053998455,4.4440794e-06,0.5608788,0.1518292,0.233289,9.410914e-08
1686,1500,1500,1,0.045638744,5.6275007e-06,0.1337405,0.2872349,0.53338,2.3260833e-07
1687,1500,1500,1,0.08099798,1.3681948e-07,0.020997288,0.360256,0.53774863,1.0518348e-08
1688,1500,1500,1,0.012884247,0.00040793943,0.14331211,0.26576054,0.5775492,8.589338e-05
1689,1500,1500,1,0.16405022,2.6867647e-05,0.03935511,0.2023907,0.59417677,2.713967e-07
1690,1500,1500,1,0.08015496,0.00025699646,0.07424464,0.20758446,0.63775307,5.8812852e-06
1691,1500,1500,1,0.04059596,0.0029199256,0.13793294,0.16663827,0.6517827,0.00013024388
1692,1500,1500,1,0.04916121,7.3316265e-08,0.03992696,0.4067344,0.50417733,6.736465e-09
1693,1500,1000,0,0.0082017295,4.2235615e-07,0.042378876,0.6321342,0.3172845,3.2052998e-07
1694,1500,1000,0,0.17580323,7.7725196e-13,0.014556222,0.5968557,0.21278492,6.134111e-14
1695,1500,1000,0,0.07835584,1.0385479e-08,0.12391095,0.4674706,0.3302626,8.550992e-10
1696,1500,0,0,0.5939431,2.5166791e-16,0.12096655,0.22282289,0.062267415,2.396505e-19
1697,1500,1500,1,0.092046194,1.3402433e-07,0.16802688,0.34851623,0.39141053,4.765225e-09
1698,1500,1500,1,0.17329729,3.3824572e-06,0.057345245,0.25199848,0.5173556,4.5967468e-08
1699,1500,0,0,0.36437494,4.933436e-12,0.07066319,0.28554657,0.27941525,2.7171909e-15
1700,1500,0,0,0.35971054,1.3968208e-09,0.0893447,0.25766897,0.29327574,4.4456387e-12
1701,1500,1500,1,0.015703104,9.546393e-05,0.13127764,0.26558658,0.5873258,1.1366257e-05
1702,1500,1000,0,0.0053202873,5.8629075e-06,0.038798112,0.5678931,0.3879769,5.697974e-06
1703,1500,1500,1,0.11010253,1.7311621e-06,0.0780119,0.29745364,0.51443017,4.058758e-08
1704,1500,1500,1,0.07622406,5.433402e-07,0.05495124,0.31884363,0.54998046,1.8215896e-08
1705,1500,1500,1,0.015902884,0.00011694722,0.08597375,0.2645374,0.6334537,1.5353457e-05
1706,1500,1500,1,0.031218635,6.071658e-05,0.21916035,0.23240893,0.517148,3.397591e-06
1707,1500,1000,0,0.004477796,3.9420316e-05,0.023264838,0.5040878,0.46808213,4.8034468e-05
1708,1500,1500,1,0.08112698,5.4236363e-05,0.2980287,0.18711968,0.4336696,8.5810245e-07
1709,1500,1500,1,0.00985303,0.0006189387,0.06990947,0.25937068,0.66008484,0.00016314212
1710,1500,1500,1,0.011923678,8.840344e-06,0.0930661,0.41301042,0.48198822,2.7661824e-06
1711,1500,1500,1,0.025284398,0.0021433944,0.31438458,0.16404967,0.4939509,0.00018704373
1712,1500,500,0,0.057937,0.00023081544,0.45414189,0.14435771,0.34332696,5.7052694e-06
1713,1500,500,0,0.24018998,4.758953e-06,0.37073392,0.13595323,0.25311813,1.5713532e-08
1714,1500,1500,1,0.28830466,0.0009455503,0.1428292,0.10485849,0.4630604,1.8138156e-06
1715,1500,1500,1,0.023392122,0.0037807343,0.16229527,0.17890553,0.6312685,0.000357801
1716,1500,1000,0,0.022704376,4.7252193e-09,0.077208936,0.7321706,0.16791615,2.7332192e-09
1717,1500,1000,0,0.021546787,5.9222893e-10,0.036437355,0.7816101,0.16040587,3.3348e-10
1718,1500,1000,0,0.021494439,1.085475e-08,0.03641769,0.62328017,0.31880778,3.6425982e-09
1719,1500,1000,0,0.17075254,1.9587724e-10,0.08719139,0.4400463,0.30200982,6.2279053e-12
1720,1500,1000,0,0.013139134,8.640756e-08,0.05343108,0.6548161,0.2786135,5.033182e-08
1721,1500,1000,0,0.006131779,1.4534287e-06,0.03468454,0.6223668,0.33681396,1.4986733e-06
1722,1500,1000,0,0.027679,9.213916e-08,0.110698424,0.55667603,0.30494648,2.4983196e-08
1723,1500,0,0,0.29336202,1.1442105e-08,0.16431423,0.28828648,0.25403723,1.5128444e-10
1724,1500,1000,0,0.08506102,3.522574e-09,0.0813998,0.47335654,0.3601826,2.4636493e-10
1725,1500,1000,0,0.12056233,3.6841198e-13,0.01598658,0.7204071,0.14304398,5.922772e-14
1726,1500,1500,1,0.014192926,0.00013636323,0.08515476,0.28746852,0.613021,2.6434764e-05
1727,1500,1500,1,0.055512782,4.7892723e-08,0.06099537,0.41637853,0.46711323,3.776518e-09
1728,1500,1000,0,0.018807642,5.5269e-07,0.06574684,0.49329624,0.42214864,1.3934533e-07
1729,1500,1500,1,0.2754368,3.193264e-08,0.088186026,0.27730104,0.35907614,2.4254432e-10
1730,1500,1000,0,0.095468715,1.8083968e-10,0.047831293,0.5880325,0.26866752,1.7318019e-11
1731,1500,500,0,0.08151236,0.000354599,0.4961761,0.11331777,0.30863467,4.47612e-06
1732,1500,1500,1,0.031930912,0.0001044996,0.3669404,0.2047652,0.39625207,6.8924046e-06
1733,1500,500,0,0.051134113,0.00040068853,0.4078648,0.15068735,0.389901,1.1989498e-05
1734,1500,1500,1,0.025511123,9.047778e-05,0.33786646,0.21417983,0.42234516,6.9843863e-06
1735,1500,1500,1,0.033459228,0.0020625482,0.29521346,0.16582032,0.503314,0.00013042502
1736,1500,500,0,0.050170273,1.607746e-06,0.8130492,0.05941787,0.07736101,2.0856715e-08
1737,1500,500,0,0.21846732,0.00010141484,0.46885052,0.07853362,0.23404685,1.8356752e-07
1738,1500,0,0,0.47233722,2.8020154e-06,0.38949776,0.038917277,0.099244915,3.5063888e-10
1739,1500,1500,1,0.025510997,0.013223563,0.25766012,0.15271558,0.54978746,0.001102343
1740,1500,1500,1,0.0070668845,0.00049260777,0.05592107,0.31635767,0.6199513,0.00021043743
1741,1500,1500,1,0.07259981,0.0039026085,0.15045892,0.15817007,0.6147739,9.4671865e-05
1742,1500,1500,1,0.015017008,0.005720403,0.119220674,0.1965747,0.6625553,0.000911834
1743,1500,1500,1,0.055757005,1.6474929e-05,0.10176174,0.26377422,0.57869,5.7356965e-07
1744,1500,1500,1,0.18205611,4.5440033e-06,0.23174208,0.21055283,0.37564442,3.009386e-08
1745,1500,1500,1,0.16440743,3.044924e-05,0.049295112,0.19923481,0.587032,2.4466627e-07
1746,1500,1500,1,0.014619018,5.6964825e-05,0.048019487,0.28835446,0.64893967,1.0402836e-05
1747,1500,1500,1,0.020784292,9.00349e-06,0.033397496,0.30251417,0.6432938,1.195034e-06
1748,1500,1500,1,0.15776329,1.45517e-06,0.2260506,0.22011667,0.39606798,8.81959e-09
1749,1500,1500,1,0.018394135,6.530639e-05,0.024383614,0.27201003,0.68513465,1.2237192e-05
1750,1500,0,0,0.36822996,2.4141357e-06,0.20690386,0.13873915,0.28612468,3.2156564e-09
1751,1500,1500,1,0.11091553,6.4058113e-06,0.0470248,0.23675658,0.6052966,8.728901e-08
1752,1500,0,0,0.3220429,7.0392093e-07,0.19558069,0.16917263,0.3132031,1.1168098e-09
1753,1500,1500,1,0.07612298,0.0012361585,0.058871556,0.18243815,0.6812983,3.2820586e-05
1754,1500,1500,1,0.07496518,4.8172074e-06,0.11699217,0.28881273,0.519225,1.4588885e-07
1755,1500,1500,1,0.31019002,1.6072355e-09,0.042964417,0.25784385,0.38900173,3.632312e-12
1756,1500,1500,1,0.011320271,2.936676e-05,0.050431848,0.3347667,0.6034444,7.424315e-06
1757,1500,1500,1,0.06260739,0.00019737807,0.31145218,0.16335987,0.46237954,3.660537e-06
1758,1500,1500,1,0.029983869,5.529326e-05,0.16141033,0.27725217,0.53129345,4.8700012e-06
1759,1500,1500,1,0.1942617,7.617135e-06,0.09236606,0.208471,0.5048936,3.706684e-08
1760,1500,1500,1,0.0095909,0.00041983093,0.051877365,0.25817132,0.679835,0.000105615705
1761,1500,1500,1,0.28370947,6.3119583e-06,0.04473048,0.17638431,0.49516943,1.6517975e-08
1762,1500,500,0,0.030521087,1.8357052e-06,0.4300866,0.27622682,0.26316348,1.8602715e-07
1763,1500,0,0,0.3806944,1.086087e-06,0.19144587,0.13423452,0.29362404,7.757853e-10
1764,1500,1500,1,0.009116802,0.00097213156,0.058046017,0.26573396,0.6658067,0.00032440238
1765,1500,1500,1,0.024866724,2.0190962e-05,0.03510475,0.27229178,0.66771436,2.1277037e-06
1766,1500,1500,1,0.014815925,6.560453e-05,0.27968925,0.27336615,0.43205136,1.1712891e-05
1767,1500,1500,1,0.06946431,0.00044742343,0.17650375,0.18890712,0.5646682,9.204881e-06
1768,1500,1500,1,0.30392388,6.9131456e-06,0.14412165,0.17551611,0.37643147,1.6773138e-08
1769,1500,0,0,0.31014553,3.2748269e-09,0.21339405,0.2641496,0.21231084,2.8162063e-11
1770,1500,0,0,0.4006839,1.4848841e-08,0.16849762,0.20492578,0.22589266,3.6397288e-11
1771,1500,0,0,0.36867583,3.3638267e-07,0.23667085,0.17178947,0.22286342,1.1592978e-09
1772,1500,0,0,0.52760845,2.9734657e-09,0.38436422,0.04126921,0.046758097,3.3628737e-13
1773,1500,1500,1,0.07187458,3.5572657e-07,0.20849042,0.33606434,0.38357028,1.6571015e-08
1774,1500,0,0,0.48689112,1.2943412e-11,0.22777219,0.16390708,0.121429615,4.5847518e-15
1775,1500,500,0,0.18801942,1.1190397e-05,0.359104,0.148297,0.30456823,5.1234004e-08
1776,1500,1500,1,0.16891786,7.40522e-06,0.10298938,0.21664682,0.5114385,4.6751236e-08
1777,1500,1000,0,0.029168362,2.8340532e-08,0.017404212,0.5358121,0.41761532,7.4081026e-09
1778,1500,1500,1,0.03299799,2.4379167e-05,0.060011804,0.26685503,0.6401091,1.713277e-06
1779,1500,1500,1,0.19600908,7.7730346e-07,0.13626157,0.24517672,0.42255178,4.856291e-09
1780,1500,0,0,0.42397863,1.5941707e-09,0.19360684,0.14768377,0.2347308,9.1340394e-14
1781,1500,1500,1,0.033328846,3.0708907e-06,0.036733508,0.32212356,0.6078107,3.1323503e-07
1782,1500,0,0,0.2874177,3.4521906e-07,0.2628802,0.18939589,0.26030576,1.4677449e-09
1783,1500,1000,0,0.13191126,1.05687655e-11,0.026902474,0.61736834,0.22381787,9.669182e-13
1784,1500,1000,0,0.10058863,5.341733e-12,0.0055409493,0.632994,0.26087645,8.3034084e-13
1785,1500,1000,0,0.25177544,2.495041e-12,0.038456146,0.50498396,0.20478444,8.718645e-14
1786,1500,1000,0,0.018757047,2.0917242e-10,0.0047529587,0.7841926,0.19229735,1.9565559e-10
1787,1500,1000,0,0.019613536,1.0746551e-07,0.008919955,0.49144775,0.48001873,4.0501806e-08
1788,1500,0,0,0.41073763,6.991549e-12,0.08767332,0.28413126,0.21745785,1.1666358e-14
1789,1500,1000,0,0.018250853,1.637181e-08,0.004018388,0.6260663,0.35166442,1.2130279e-08
1790,1500,1500,1,0.056650486,4.45132e-07,0.044910487,0.3595285,0.5389099,3.5684995e-08
1791,1500,1000,0,0.018020647,9.138359e-08,0.05438232,0.60357434,0.3240225,3.4337877e-08
1792,1500,1000,0,0.12383119,1.962993e-10,0.10969421,0.54560864,0.22086595,1.6107051e-11
1793,1500,1500,1,0.022546105,2.0375087e-06,0.052000944,0.3751827,0.5502678,3.17597e-07
1794,1500,1500,1,0.26243123,6.321198e-08,0.033967283,0.25916263,0.4444388,4.3745127e-10
1795,1500,1000,0,0.05914727,3.9642293e-11,0.033962585,0.75118405,0.15570606,1.1423361e-11
1796,1500,0,0,0.43368053,5.7317623e-12,0.08964173,0.29020876,0.18646899,1.9188435e-14
1797,1500,1000,0,0.22817746,3.2137484e-13,0.013144233,0.529788,0.22889036,1.7188696e-14
1798,1500,1500,1,0.064636156,4.2712227e-08,0.036232334,0.3776478,0.52148366,2.4289983e-09
1799,1500,1000,0,0.14366989,1.0489183e-11,0.03713874,0.6090191,0.2101722,9.271386e-13
1800,1500,0,0,0.522552,6.6956987e-13,0.15206963,0.21510565,0.11027271,9.795049e-16
1801,1500,1000,0,0.20192626,2.781404e-12,0.010129795,0.44169593,0.34624803,9.123482e-14
1802,1500,1000,0,0.09612875,2.1018529e-13,0.012198443,0.78190666,0.10976615,5.2782933e-14
1803,1500,1000,0,0.009575621,1.2525528e-06,0.023328258,0.49009717,0.47699714,5.4561923e-07
1804,1500,1500,1,0.019710677,5.4086136e-06,0.10381373,0.36144307,0.5150264,7.7174565e-07
1805,1500,1500,1,0.02037661,4.822064e-05,0.035173938,0.25975114,0.68464416,5.9944946e-06
1806,1500,1500,1,0.2993242,7.3597404e-09,0.07608353,0.263455,0.36113727,2.492539e-11
1807,1500,1500,1,0.03268267,3.7445257e-05,0.0614853,0.253559,0.6522335,2.1605563e-06
1808,1500,1500,1,0.030432893,0.0003530518,0.05824391,0.21464843,0.69629973,2.2005783e-05
1809,1500,1500,1,0.012336182,0.0002835447,0.029825326,0.28702846,0.67043966,8.681562e-05
1810,1500,1500,1,0.05081288,0.0037574398,0.051392842,0.17910661,0.714728,0.00020224269
1811,1500,1000,0,0.020628436,1.3216728e-06,0.13592775,0.43957165,0.40387058,2.6104775e-07
1812,1500,1500,1,0.024518872,1.7816795e-06,0.11218721,0.39559296,0.46769893,2.549539e-07
1813,1500,1500,1,0.043105014,4.628016e-06,0.13252823,0.291058,0.5333039,1.9777666e-07
1814,1500,1000,0,0.0034024885,2.6254207e-05,0.030647086,0.5334551,0.43243253,3.6522244e-05
1815,1500,1000,0,0.011586299,9.064352e-07,0.061813124,0.5345756,0.39202377,3.8018007e-07
1816,1500,1500,1,0.022611694,8.092922e-06,0.14853248,0.34571108,0.48313555,1.1294788e-06
1817,1500,500,0,0.059625972,5.8598518e-05,0.42549208,0.16603465,0.34878713,1.5486519e-06
1818,1500,1500,1,0.024644468,4.1177515e-05,0.14453061,0.26516747,0.5656129,3.2842208e-06
1819,1500,1500,1,0.009294256,1.8003428e-05,0.026999228,0.3738013,0.58988035,6.839433e-06
1820,1500,500,0,0.25337166,2.9127905e-09,0.5550051,0.11614956,0.075473785,1.955583e-11
1821,1500,1500,1,0.18655178,3.404561e-05,0.20185061,0.17143469,0.44012862,1.6776713e-07
1822,1500,1500,1,0.03399753,9.744821e-07,0.07156897,0.3660834,0.52834904,8.929496e-08
1823,1500,1000,0,0.028472215,2.463296e-08,0.03225751,0.5163902,0.42288008,4.758107e-09
1824,1500,500,0,0.1999591,1.0427917e-08,0.3087583,0.26076823,0.23051435,1.3262255e-10
1825,1500,1000,0,0.11185357,1.7534051e-13,0.009866822,0.72232765,0.15595187,2.713142e-14
1826,1500,1000,0,0.037082,2.5444962e-07,0.1488534,0.44317684,0.37088752,3.5775766e-08
1827,1500,1500,1,0.045568854,7.7074006e-08,0.04527818,0.43176344,0.47738948,8.519903e-09
1828,1500,0,0,0.33787882,7.067529e-11,0.056726843,0.2836048,0.3217896,9.2328265e-14
1829,1500,1000,0,0.025584506,1.826173e-07,0.16447738,0.5389822,0.27095562,5.4368332e-08
1830,1500,1000,0,0.03721081,1.1578898e-09,0.09504053,0.72960556,0.1381431,4.8564736e-10
1831,1500,1500,1,0.08254907,4.1375526e-07,0.03868491,0.2920938,0.5866718,8.179504e-09
1832,1500,1500,1,0.15573518,1.9514749e-07,0.024882754,0.27310956,0.5462723,2.5286349e-09
1833,1500,1500,1,0.3061441,1.2820851e-06,0.037129447,0.19713476,0.45959044,2.7650826e-09
1834,1500,1500,1,0.07253878,2.3005146e-06,0.1052492,0.31288123,0.5093284,8.538169e-08
1835,1500,1000,0,0.048623372,3.355154e-09,0.039754424,0.57486737,0.33675486,5.3134563e-10
1836,1500,1500,1,0.049314607,7.2199014e-06,0.13044566,0.27729732,0.5429349,2.6305187e-07
1837,1500,1500,1,0.070559576,0.00087919156,0.031528037,0.19375381,0.7032386,4.0718143e-05
1838,1500,1500,1,0.011601032,0.0003298966,0.11753614,0.27491906,0.5955445,6.932883e-05
1839,1500,1500,1,0.06492801,0.0020025389,0.15821554,0.1923906,0.58239293,7.03872e-05
1840,1500,1500,1,0.049232706,6.3114174e-05,0.087082475,0.25590947,0.60770917,3.137359e-06
1841,1500,1500,1,0.030470528,1.4836763e-06,0.109967336,0.4003582,0.4592023,2.0361453e-07
1842,1500,1500,1,0.02421539,8.284148e-07,0.038790904,0.36847413,0.56851864,1.004526e-07
1843,1500,1500,1,0.031348012,3.2545777e-06,0.24539389,0.34519744,0.37805703,3.532755e-07
1844,1500,500,0,0.34895194,4.55944e-08,0.44889054,0.094943725,0.10721366,7.818207e-11
1845,1500,500,0,0.08981393,1.3309275e-06,0.3689387,0.2285115,0.31273454,2.728246e-08
1846,1500,1000,0,0.09649415,5.0008875e-10,0.056487255,0.56053174,0.28648686,4.9622233e-11
1847,1500,1500,1,0.13371962,4.6326586e-05,0.23368348,0.17349714,0.45905316,2.844094e-07
1848,1500,500,0,0.2618956,1.2488208e-07,0.42504865,0.16072084,0.15233476,8.536994e-10
1849,1500,1500,1,0.08347337,0.0023327833,0.123345695,0.17770259,0.6130804,6.512795e-05
1850,1500,1500,1,0.2726939,0.00026776112,0.095121555,0.14269622,0.48921975,7.780393e-07
1851,1500,1500,1,0.14498076,3.756e-05,0.21588688,0.18483691,0.4542577,2.495989e-07
1852,1500,1500,1,0.007142623,0.00071288936,0.09086391,0.30992442,0.591052,0.00030426736
1853,1500,1500,1,0.33220303,4.514764e-07,0.14222403,0.17760497,0.34796754,5.909151e-10
1854,1500,500,0,0.23289981,6.659174e-06,0.40115982,0.105077244,0.2608565,9.417824e-09
1855,1500,1500,1,0.061542757,0.0005143947,0.047813766,0.21855727,0.6715473,2.4573583e-05
1856,1500,1500,1,0.17802101,5.494942e-05,0.24026789,0.15912206,0.4225339,2.2912903e-07
1857,1500,1500,1,0.027568065,4.371552e-05,0.120562315,0.28255147,0.56927073,3.7610687e-06
1858,1500,0,0,0.36067486,1.8421947e-10,0.09000677,0.28428736,0.26503107,6.771544e-13
1859,1500,1500,1,0.057995796,1.4900966e-05,0.12494109,0.27022013,0.54682755,5.385161e-07
1860,1500,1500,1,0.29425696,1.8868435e-06,0.22739716,0.15601094,0.32233304,3.4042873e-09
1861,1500,0,0,0.31072146,8.729673e-08,0.2117908,0.18355554,0.29393214,1.6698905e-10
1862,1500,1500,1,0.02276363,0.00011483301,0.1612473,0.25357315,0.56229055,1.0552206e-05
1863,1500,1000,0,0.029094793,1.710064e-09,0.028329873,0.68720937,0.25536597,6.079769e-10
1864,1500,1500,1,0.15475307,1.9544241e-07,0.24623637,0.28347647,0.31553388,3.2215937e-09
1865,1500,1500,1,0.30336276,2.5984777e-06,0.16076122,0.17760076,0.3582726,5.657863e-09
1866,1500,1500,1,0.07837967,1.6734475e-05,0.36082256,0.19098331,0.36979744,2.9950874e-07
1867,1500,1000,0,0.19231784,1.2156131e-08,0.23764288,0.31172648,0.25831285,2.3183208e-10
1868,1500,1500,1,0.013139854,5.994467e-05,0.034236096,0.3119044,0.6406444,1.5354713e-05
1869,1500,1500,1,0.012634678,0.0010645402,0.1321895,0.23941664,0.6144847,0.00020992548
1870,1500,1500,1,0.04716431,4.7013968e-05,0.32227308,0.20928566,0.42122802,1.92316e-06
1871,1500,1500,1,0.0146843465,0.00016645281,0.0584838,0.23252782,0.6941195,1.8051203e-05
1872,1500,0,0,0.3458324,1.320171e-06,0.12383618,0.19286196,0.33746815,3.5037704e-09
1873,1500,1500,1,0.07008897,7.8814836e-08,0.03425645,0.40087473,0.49477977,7.18257e-09
1874,1500,0,0,0.57953274,1.4557383e-13,0.32961255,0.07275283,0.018101964,5.916058e-16
1875,1500,1500,1,0.048906237,2.009462e-06,0.11807255,0.29357618,0.53944296,6.348511e-08
1876,1500,1500,1,0.06959628,1.963204e-05,0.16060588,0.24385412,0.5259236,4.44107e-07
1877,1500,500,0,0.16048457,9.879547e-10,0.3634374,0.33786914,0.13820888,4.9397215e-11
1878,1500,500,0,0.11753616,7.8158257e-07,0.6403192,0.10886287,0.13328098,7.55468e-09
1879,1500,1500,1,0.017096685,0.0001313648,0.087760195,0.24438225,0.6506168,1.27306785e-05
1880,1500,1500,1,0.06472807,9.206387e-07,0.036272347,0.30451754,0.5944811,3.6335198e-08
1881,1500,0,0,0.47195965,4.035958e-10,0.17654526,0.18274252,0.1687526,5.180644e-13
1882,1500,1500,1,0.057958845,1.0395053e-07,0.15349025,0.38798344,0.40056735,6.001539e-09
1883,1500,1000,0,0.04047372,6.8258768e-09,0.02833246,0.5680361,0.36315775,1.3350017e-09
1884,1500,1000,0,0.108345486,1.3217655e-15,0.010853825,0.8338656,0.046935033,3.3779497e-16
1885,1500,1500,1,0.02440126,1.4347204e-06,0.16524215,0.4014451,0.4089098,2.1456673e-07
1886,1500,1000,0,0.017757941,5.5753198e-08,0.022262406,0.59185946,0.36812,2.2291424e-08
1887,1500,1000,0,0.10032281,3.7016427e-08,0.2245421,0.35908282,0.3160522,1.4776017e-09
1888,1500,1500,1,0.14515999,1.0170712e-05,0.30598766,0.18423814,0.36460397,7.837536e-08
1889,1500,1500,1,0.015443962,4.1313295e-05,0.2236823,0.31306246,0.44776148,8.473232e-06
1890,1500,1500,1,0.021371216,2.8415678e-05,0.1709277,0.3057265,0.50194246,3.756875e-06
1891,1500,1500,1,0.04529923,0.0003477452,0.062130604,0.20673911,0.6854693,1.4002994e-05
1892,1500,1500,1,0.052132722,4.8454836e-05,0.3489325,0.19384176,0.40504304,1.5088692e-06
1893,1500,1500,1,0.090189725,0.0005222715,0.15919521,0.1690233,0.58106375,5.717483e-06
1894,1500,0,0,0.40507123,4.185272e-06,0.37528473,0.06484385,0.1547959,1.99924e-09
1895,1500,1500,1,0.018596489,1.4982027e-05,0.050497327,0.340753,0.59013534,2.852082e-06
1896,1500,500,0,0.1338587,2.1967129e-07,0.64496374,0.10735908,0.11381833,1.6130994e-09
1897,1500,1500,1,0.08184986,0.00033944112,0.23019497,0.18537122,0.5022381,6.425153e-06
1898,1500,1500,1,0.043459214,1.3092024e-05,0.17561242,0.29318792,0.48772657,8.108578e-07
1899,1500,1500,1,0.015046345,0.006518016,0.14315902,0.19323543,0.6409619,0.0010793654
1900,1500,500,0,0.052276306,0.004250377,0.51391006,0.09660502,0.33285034,0.00010793152
1901,1500,1500,1,0.2436967,0.0015900515,0.20441455,0.087287985,0.46300793,2.731086e-06
1902,1500,1500,1,0.09081743,0.01041803,0.23918253,0.12445205,0.53494936,0.00018068647
1903,1500,1000,0,0.003518582,8.347018e-08,0.011160032,0.7719727,0.21334846,2.0087086e-07
1904,1500,1000,0,0.10678183,5.066181e-09,0.14991891,0.3916948,0.35160443,1.5240204e-10
1905,1500,1500,1,0.03866444,3.9865904e-06,0.09501958,0.29483098,0.57148075,1.9213587e-07
1906,1500,1000,0,0.078456685,4.69387e-08,0.13001868,0.39761347,0.39391112,2.5134672e-09
1907,1500,1500,1,0.0116266515,0.00022554364,0.07210892,0.26551113,0.65048444,4.3266315e-05
1908,1500,1500,1,0.014528991,0.00022105395,0.055009264,0.27120012,0.6589966,4.3965414e-05
1909,1500,1500,1,0.023545919,0.00011498249,0.038769733,0.24054235,0.6970158,1.1113245e-05
1910,1500,1500,1,0.009209231,0.0066760927,0.17807044,0.274331,0.52855325,0.0031600115
1911,1500,1500,1,0.2965951,0.0017940009,0.29121366,0.07292581,0.33746877,2.6241105e-06
1912,1500,500,0,0.2987492,1.4377576e-06,0.5271128,0.067468464,0.106668204,1.9088788e-09
1913,1500,500,0,0.017529747,0.00023194858,0.576304,0.13316332,0.27275297,1.8034505e-05
1914,1500,500,0,0.062902614,0.00026652415,0.39642987,0.15827307,0.3821213,6.5871627e-06
1915,1500,500,0,0.0387142,0.000110444045,0.56533337,0.13356723,0.2622704,4.295539e-06
1916,1500,1500,1,0.12180667,0.01257764,0.191102,0.10435438,0.5700515,0.000107853295
1917,1500,1000,0,0.0072434233,3.8283774e-06,0.07205495,0.52664375,0.39405182,2.290395e-06
1918,1500,1500,1,0.018026803,1.3609675e-06,0.017339034,0.42776364,0.53686875,4.4556603e-07
1919,1500,1500,1,0.04371888,0.000121809106,0.0874782,0.24716303,0.6215115,6.584241e-06
1920,1500,1500,1,0.09960018,1.0119728e-05,0.3236291,0.20271958,0.37404084,1.4250853e-07
1921,1500,1500,1,0.014458654,1.4173849e-06,0.019940436,0.40426263,0.56133646,3.7317753e-07
1922,1500,1500,1,0.031243078,4.6959526e-06,0.17743763,0.33179727,0.4595169,4.6237767e-07
1923,1500,1500,1,0.040670846,1.2593001e-05,0.047169823,0.26213753,0.6500086,6.32094e-07
1924,1500,1500,1,0.037355766,2.200908e-05,0.041252583,0.25789636,0.6634718,1.4663076e-06
1925,1500,0,0,0.34096172,6.893187e-09,0.1477817,0.25486138,0.25639522,3.8230016e-11
1926,1500,500,0,0.09319342,2.2721393e-07,0.44030282,0.23386408,0.2326394,6.1978453e-09
1927,1500,1500,1,0.009481571,3.134309e-05,0.18503231,0.3778101,0.4276337,1.1027565e-05
1928,1500,1500,1,0.033198617,0.00015147083,0.2614612,0.21859038,0.48658824,1.0083846e-05
1929,1500,1500,1,0.09221544,2.750305e-07,0.107870735,0.32597238,0.47394112,7.1297754e-09
1930,1500,1500,1,0.13755995,1.399004e-06,0.23013934,0.24424645,0.38805288,1.5415115e-08
1931,1500,1500,1,0.024490245,1.7073005e-06,0.09268458,0.38678423,0.496039,2.377557e-07
1932,1500,1500,1,0.036606055,0.00038599464,0.13950168,0.20328644,0.6202014,1.8416265e-05
1933,1500,1500,1,0.010455479,1.5049866e-05,0.041936703,0.33921218,0.6083768,3.777088e-06
1934,1500,1500,1,0.024570487,3.502885e-05,0.035389077,0.26033285,0.6796689,3.7084371e-06
1935,1500,1500,1,0.0037525285,0.0001565423,0.05060578,0.46043926,0.48488352,0.00016244079
1936,1500,1500,1,0.23784162,0.00024378624,0.118976355,0.13106583,0.51187176,5.8391663e-07
1937,1500,500,0,0.3007084,1.7113865e-06,0.36906302,0.12765744,0.20256944,4.6932387e-09
1938,1500,1500,1,0.27515852,5.663636e-06,0.07636514,0.17385751,0.47461316,1.116825e-08
1939,1500,0,0,0.35091105,8.127415e-06,0.22478373,0.13218044,0.2921166,1.1867474e-08
1940,1500,1500,1,0.18475161,1.5788053e-06,0.24976031,0.20243888,0.3630477,7.750283e-09
1941,1500,1500,1,0.016744459,8.932352e-05,0.050982557,0.2551127,0.67706,1.1014514e-05
1942,1500,500,0,0.017892618,0.00014674531,0.39143118,0.210535,0.37997597,1.8515184e-05
1943,1500,1500,1,0.011219975,8.368048e-05,0.1423125,0.29784754,0.54851747,1.884768e-05
1944,1500,1500,1,0.04174035,2.2591369e-06,0.044109594,0.30103686,0.61311084,1.375787e-07
1945,1500,1500,1,0.0131830275,1.3387938e-05,0.06438306,0.38791847,0.53449816,3.809254e-06
1946,1500,1500,1,0.01732016,0.00017033122,0.09134576,0.2521262,0.63901633,2.1167063e-05
1947,1500,1500,1,0.01860251,6.5037326e-05,0.085409515,0.25625274,0.63966405,6.1527176e-06
1948,1500,1500,1,0.057711832,5.7134097e-05,0.1885165,0.229987,0.5237258,1.7145599e-06
1949,1500,1500,1,0.0071962005,5.981004e-05,0.06715964,0.3752161,0.5503432,2.4971298e-05
1950,1500,1500,1,0.020813208,3.5081295e-05,0.038654044,0.29286313,0.6476291,5.5053133e-06
1951,1500,1500,1,0.032451034,1.7545588e-06,0.20164156,0.36729568,0.3986098,2.0474688e-07
1952,1500,1500,1,0.008438042,2.519916e-05,0.016336858,0.3270898,0.64810103,9.1169795e-06
1953,1500,1500,1,0.03267515,0.00022643655,0.07181351,0.22828926,0.66698086,1.4793432e-05
1954,1500,1500,1,0.027214283,1.0229776e-05,0.19280548,0.31991994,0.46004885,1.1572498e-06
1955,1500,1000,0,0.00951428,5.712052e-07,0.026661957,0.573067,0.39075583,3.194377e-07
1956,1500,1000,0,0.05941816,1.1011822e-08,0.07535672,0.4754346,0.38979042,9.65285e-10
1957,1500,1000,0,0.007471439,8.70317e-07,0.021020854,0.58934224,0.3821639,7.529524e-07
1958,1500,1000,0,0.03866889,5.4202886e-08,0.047756206,0.48277125,0.4308036,7.7951245e-09
1959,1500,1500,1,0.053488716,4.924024e-07,0.13769941,0.35053897,0.45827243,2.5254497e-08
1960,1500,1500,1,0.018226393,2.448938e-06,0.071221195,0.41983837,0.49071103,5.4176604e-07
1961,1500,1000,0,0.013619055,6.161139e-08,0.050435893,0.65081155,0.2851335,3.4138605e-08
1962,1500,1500,1,0.058339465,9.802546e-06,0.21648693,0.2680496,0.45711392,3.8142696e-07
1963,1500,1500,1,0.0382258,7.7846096e-05,0.06828266,0.24798393,0.6454247,5.0308668e-06
1964,1500,1500,1,0.011887667,1.9707679e-05,0.070208624,0.35690135,0.5609775,5.0790236e-06
1965,1500,1500,1,0.076191545,0.0026331192,0.035028994,0.17229548,0.7137476,0.00010319391
1966,1500,1500,1,0.027210765,0.0018892697,0.061139666,0.20690893,0.70264614,0.00020520634
1967,1500,1500,1,0.0248089,0.00026002075,0.071129225,0.22230329,0.6814786,1.9948358e-05
1968,1500,1500,1,0.017828112,0.00019941627,0.17802787,0.26262605,0.5412881,3.0534193e-05
1969,1500,1500,1,0.034388985,0.0002415202,0.101511344,0.237695,0.6261464,1.6773163e-05
1970,1500,1500,1,0.019724088,0.00033049702,0.20319284,0.21974955,0.5569707,3.2296528e-05
1971,1500,1500,1,0.016022127,2.8592964e-05,0.07719096,0.32072076,0.5860325,5.134039e-06
1972,1500,0,0,0.3780625,2.8237366e-05,0.20835583,0.11237538,0.30117795,3.4369325e-08
1973,1500,1500,1,0.07074035,0.00029385474,0.33731055,0.16136983,0.43027854,6.8395893e-06
1974,1500,500,0,0.06336862,1.3361639e-05,0.7177858,0.08230896,0.13652308,1.8650258e-07
1975,1500,500,0,0.019285567,0.00020389848,0.46956939,0.17591506,0.3350053,2.0802205e-05
1976,1500,500,0,0.3017844,9.190306e-08,0.5818111,0.055101104,0.061303344,1.5948105e-10
1977,1500,500,0,0.06439808,5.3186108e-05,0.5635506,0.117420435,0.2545769,8.9825323e-07
1978,1500,500,0,0.24410583,2.187536e-07,0.7002046,0.026595011,0.029094392,3.5917555e-10
1979,1500,500,0,0.07456806,0.00013511755,0.5705382,0.10249576,0.25226116,1.6825755e-06
1980,1500,1500,1,0.06673971,0.00029796516,0.30708316,0.14916071,0.47671425,4.2230245e-06
1981,1500,1500,1,0.018189615,8.925811e-05,0.2832984,0.25978297,0.4386265,1.33083195e-05
1982,1500,500,0,0.022013694,4.062786e-05,0.42471787,0.23097236,0.32225028,5.1389216e-06
1983,1500,1500,1,0.12926026,4.615676e-05,0.34979075,0.14538114,0.37552145,2.6454407e-07
1984,1500,1500,1,0.041833147,1.1079602e-05,0.21235454,0.28817433,0.45762616,6.5924615e-07
1985,1500,0,0,0.46043792,2.2725835e-06,0.42364457,0.02226921,0.09364611,2.9222944e-11
1986,1500,1500,1,0.0034674024,0.00022415271,0.03354178,0.4676118,0.4948518,0.00030310714
1987,1500,500,0,0.22556414,3.969359e-09,0.4884678,0.1735207,0.11244741,4.7433075e-11
1988,1500,500,0,0.055157475,3.837411e-06,0.5142039,0.18308431,0.24755035,1.3028216e-07
1989,1500,1500,1,0.07294972,1.4599584e-07,0.20742828,0.3367391,0.38288274,5.055343e-09
1990,1500,1500,1,0.03373206,1.8001307e-05,0.06938323,0.2703988,0.626467,9.991712e-07
1991,1500,500,0,0.059101477,1.6238083e-06,0.35918033,0.25154743,0.33016902,5.619875e-08
1992,1500,0,0,0.3736488,5.186154e-09,0.100043535,0.22788323,0.29842442,8.995002e-12
1993,1500,1500,1,0.048489243,1.3740137e-06,0.29656053,0.30894846,0.34600025,8.8147914e-08
1994,1500,1000,0,0.07745935,1.4868676e-08,0.12286822,0.47566321,0.32400924,1.2857456e-09
1995,1500,1500,1,0.33479312,4.672555e-07,0.04992086,0.17153291,0.44375265,2.3648739e-10
1996,1500,1500,1,0.014546404,1.3870654e-05,0.06904807,0.33892214,0.5774669,2.537953e-06
1997,1500,1500,1,0.044427305,2.4212783e-05,0.05812137,0.23938134,0.658045,8.0118315e-07
1998,1500,0,0,0.37342516,1.1673669e-10,0.09664691,0.22676666,0.30316126,2.6656437e-14
1999,1500,1000,0,0.0031357207,2.5746844e-05,0.01511572,0.5527041,0.4289699,4.889705e-05
2000,2000,2000,1,3.8218596e-07,0.14603077,8.5350973e-07,1.5367953e-06,1.3760066e-06,0.85396504
2001,2000,2000,1,5.9242034e-08,0.03348562,1.6608027e-07,4.61987e-07,2.6084325e-07,0.96651345
2002,2000,2000,1,1.214968e-06,0.4315973,2.1070125e-06,2.8067966e-06,3.849975e-06,0.5683927
2003,2000,2000,1,1.0690209e-07,0.023212025,4.1669225e-07,1.2322939e-06,5.729546e-07,0.97678566
2004,2000,2000,1,4.817269e-07,0.19010852,9.770783e-07,2.0197535e-06,2.019553e-06,0.809886
2005,2000,2000,1,1.0204959e-07,0.33211175,8.652118e-08,1.01123035e-07,1.4008621e-07,0.6678878
2006,2000,2000,1,2.8938973e-07,0.03261325,9.326527e-07,4.3175546e-06,2.2368547e-06,0.9673789
2007,2000,100,0,3.8004669e-06,0.9132098,8.452472e-07,6.791817e-07,1.8794309e-06,0.086783096
2008,2000,2000,1,7.4035313e-07,0.05882159,2.8392467e-06,9.464309e-06,5.5618543e-06,0.9411598
2009,2000,2000,1,7.540708e-07,0.05035719,3.7515706e-06,9.500471e-06,4.9814785e-06,0.94962376
2010,2000,2000,1,1.4870773e-07,0.02890856,5.993733e-07,1.6670438e-06,8.2370934e-07,0.97108823
2011,2000,2000,1,1.2323113e-07,0.044286463,3.8559952e-07,9.683936e-07,5.699606e-07,0.95571154
2012,2000,100,0,1.7269882e-06,0.8228075,6.6780177e-07,5.0807796e-07,1.145605e-06,0.17718837
2013,2000,2000,1,4.010378e-08,0.06666212,7.5708655e-08,1.5926412e-07,1.18688035e-07,0.9333375
2014,2000,2000,1,1.9540705e-06,0.3324201,5.440463e-06,7.672452e-06,8.394256e-06,0.66755646
2015,2000,2000,1,1.878016e-08,0.006045012,7.798129e-08,3.3157428e-07,1.09163324e-07,0.9939545
2016,2000,2000,1,2.8298513e-07,0.06946986,9.25256e-07,1.8692682e-06,1.2335493e-06,0.9305258
2017,2000,2000,1,5.4280513e-08,0.0144644985,2.2752874e-07,7.4073864e-07,3.04243e-07,0.9855342
2018,2000,100,0,8.4814474e-07,0.515615,9.5060204e-07,1.0711242e-06,1.6798808e-06,0.48438054
2019,2000,2000,1,1.9438717e-07,0.064637534,4.3073655e-07,1.1881805e-06,8.2863136e-07,0.93535984
2020,2000,2000,1,4.6360456e-06,0.28457618,1.4291824e-05,3.39589e-05,3.3693632e-05,0.7153373
2021,2000,100,0,2.308332e-05,0.7530592,5.8183407e-05,6.426616e-05,0.00012074085,0.2466746
2022,2000,100,0,7.855164e-07,0.7109781,1.6683255e-07,1.8494775e-07,3.6921548e-07,0.28902045
2023,2000,2000,1,2.3097097e-07,0.0655001,5.853039e-07,1.5925951e-06,1.079312e-06,0.9344964
2024,2000,2000,1,2.132519e-05,0.23875055,6.993274e-05,0.00037305377,0.00031725902,0.7604678
2025,2000,2000,1,6.429148e-08,0.066189915,1.1696691e-07,2.747369e-07,2.018139e-07,0.9338094
2026,2000,2000,1,2.8370508e-07,0.2338973,2.284908e-07,5.8220826e-07,6.896792e-07,0.766101
2027,2000,2000,1,8.394615e-07,0.17886132,1.5719158e-06,4.5112033e-06,4.2257075e-06,0.8211276
2028,2000,100,0,2.5136335e-06,0.8042336,7.201413e-07,8.340968e-07,1.910396e-06,0.19576028
2029,2000,100,0,6.325514e-07,0.7517605,1.0242565e-07,1.1553735e-07,2.4564474e-07,0.24823847
2030,2000,2000,1,7.4921694e-08,0.03391235,2.2278097e-07,6.074695e-07,3.396065e-07,0.9660863
2031,2000,2000,1,1.6702066e-07,0.023346627,8.336392e-07,2.5204113e-06,1.1484917e-06,0.97664875
2032,2000,2000,1,8.026947e-07,0.082842484,3.319094e-06,8.122903e-06,5.2982346e-06,0.91714
2033,2000,2000,1,1.6556818e-07,0.08305199,3.8467059e-07,9.261163e-07,6.9237467e-07,0.9169459
2034,2000,2000,1,6.8468715e-08,0.07949878,1.3752329e-07,2.9724785e-07,2.3392698e-07,0.92050046
2035,2000,2000,1,1.1634511e-06,0.037623096,3.4524132e-06,3.0554427e-05,1.6349819e-05,0.9623254
2036,2000,2000,1,4.478182e-07,0.057958845,1.3117124e-06,4.7353574e-06,2.923725e-06,0.94203174
2037,2000,2000,1,1.7082128e-06,0.08907023,1.01571195e-05,2.2286595e-05,1.379212e-05,0.9108819
2038,2000,2000,1,9.2249735e-08,0.020339496,3.2672574e-07,1.1992931e-06,5.6075237e-07,0.97965837
2039,2000,2000,1,4.3883946e-07,0.029266592,2.18517e-06,6.676819e-06,3.1426741e-06,0.970721
2040,2000,2000,1,2.8244367e-06,0.05235895,1.6889151e-05,6.941332e-05,3.5605768e-05,0.94751626
2041,2000,100,0,2.0357527e-05,0.9550136,3.0033655e-06,2.3619189e-06,8.224855e-06,0.04495253
2042,2000,2000,1,3.2394119e-06,0.45643842,6.499664e-06,1.0110991e-05,1.3437135e-05,0.5435282
2043,2000,2000,1,1.4213832e-07,0.05619453,4.4011344e-07,9.818016e-07,6.176245e-07,0.9438033
2044,2000,2000,1,4.4316866e-06,0.07618845,2.14685e-05,0.00011055407,6.335401e-05,0.92361176
2045,2000,2000,1,8.713951e-08,0.018430904,4.39946e-07,1.2982641e-06,5.595706e-07,0.9815668
2046,2000,2000,1,4.01173e-08,0.08912291,6.145647e-08,1.2614485e-07,1.04101424e-07,0.9108767
2047,2000,100,0,1.5428619e-05,0.6832727,9.624305e-06,2.3812729e-05,4.4753953e-05,0.31663382
2048,2000,2000,1,1.8712969e-07,0.049635608,6.484386e-07,1.5027011e-06,8.668887e-07,0.9503612
2049,2000,2000,1,1.410859e-06,0.100579515,5.998401e-06,1.4225192e-05,9.5807745e-06,0.89938927
2050,2000,2000,1,4.7737194e-07,0.065501586,1.6178883e-06,4.175325e-06,2.5880076e-06,0.93448955
2051,2000,100,0,7.0905963e-07,0.7912993,9.642608e-08,8.935696e-08,1.8979175e-07,0.20869961
2052,2000,2000,1,8.17433e-08,0.06824048,1.8218022e-07,3.9259803e-07,2.8413072e-07,0.93175864
2053,2000,2000,1,8.401153e-07,0.12707923,3.4736938e-06,5.7255634e-06,4.248256e-06,0.8729065
2054,2000,100,0,0.0011195694,0.86853015,0.00833238,0.003649456,0.008622483,0.1097461
2055,2000,2000,1,1.4478484e-06,0.18078141,5.8222945e-06,8.742767e-06,7.189101e-06,0.8191954
2056,2000,2000,1,8.179e-08,0.1932397,1.0773909e-07,1.5206997e-07,1.6277895e-07,0.8067598
2057,2000,2000,1,3.0713746e-08,0.016377715,7.921191e-08,3.064787e-07,1.4149089e-07,0.98362166
2058,2000,2000,1,4.9235194e-07,0.23089002,9.7106e-07,1.7023643e-06,1.8411389e-06,0.76910496
2059,2000,2000,1,2.616153e-07,0.02418009,1.1039339e-06,5.0193744e-06,2.3541854e-06,0.97581124
2060,2000,2000,1,2.5585126e-07,0.21011007,3.349616e-07,6.827029e-07,7.456167e-07,0.7898879
2061,2000,100,0,0.00010492101,0.69956154,0.0008600011,0.0007261884,0.0010564029,0.297691
2062,2000,100,0,1.645141e-05,0.9760222,3.1662373e-06,1.5379763e-06,6.4552137e-06,0.023950327
2063,2000,2000,1,1.3917902e-07,0.28660122,1.5627678e-07,1.9881034e-07,2.4818775e-07,0.71339804
2064,2000,2000,1,1.513793e-07,0.20729685,1.8516981e-07,3.347618e-07,3.6233993e-07,0.79270214
2065,2000,100,0,1.5094854e-05,0.6575511,3.6860583e-05,4.1330266e-05,6.5637e-05,0.34228995
2066,2000,2000,1,2.297852e-06,0.49276355,3.901084e-06,5.054197e-06,7.012281e-06,0.5072182
2067,2000,2000,1,3.1373805e-08,0.015548125,1.08492884e-07,3.489701e-07,1.5321383e-07,0.9844512
2068,2000,2000,1,9.600627e-07,0.09961848,3.9184356e-06,7.991619e-06,5.4068537e-06,0.90036327
2069,2000,2000,1,1.3316519e-07,0.032023806,4.7725825e-07,1.468446e-06,7.4633147e-07,0.96797335
2070,2000,100,0,4.80916e-07,0.5117807,4.2502535e-07,4.7484647e-07,7.8181733e-07,0.48821718
2071,2000,2000,1,5.2808684e-07,0.044043217,1.8453236e-06,6.9006974e-06,3.7754003e-06,0.95594376
2072,2000,2000,1,9.566745e-07,0.4022268,1.419055e-06,2.144138e-06,2.927131e-06,0.59776574
2073,2000,2000,1,5.96938e-07,0.14065714,1.6794824e-06,3.4103007e-06,2.852507e-06,0.8593343
2074,2000,2000,1,3.5291927e-07,0.119389296,1.080614e-06,1.9055398e-06,1.5069288e-06,0.8806058
2075,2000,2000,1,1.117864e-07,0.021015497,4.2450887e-07,1.6037826e-06,7.483689e-07,0.9789817
2076,2000,2000,1,2.3463691e-07,0.05628177,6.7939004e-07,1.9863883e-06,1.2542602e-06,0.943714
2077,2000,2000,1,1.6457925e-08,0.003958878,9.264362e-08,4.165988e-07,1.18306e-07,0.99604046
2078,2000,2000,1,1.4296471e-07,0.04011948,4.8400466e-07,1.2162586e-06,6.7837544e-07,0.95987797
2079,2000,2000,1,1.7834094e-07,0.04830707,6.3661906e-07,1.6212373e-06,9.581369e-07,0.9516895
2080,2000,2000,1,9.587488e-07,0.3784017,1.3824335e-06,2.359657e-06,3.0677297e-06,0.62159055
2081,2000,2000,1,1.2096876e-07,0.015457925,3.5395013e-07,2.6609475e-06,1.1620274e-06,0.9845377
2082,2000,100,0,2.6204218e-06,0.8146594,9.538985e-07,9.754212e-07,2.2353095e-06,0.18533386
2083,2000,2000,1,7.036622e-08,0.089466006,1.4346128e-07,2.6772562e-07,2.1324846e-07,0.91053337
2084,2000,2000,1,2.6344212e-08,0.008674668,1.035813e-07,3.993074e-07,1.4566488e-07,0.99132466
2085,2000,2000,1,5.7759456e-07,0.08701112,1.5789166e-06,5.2775254e-06,3.765413e-06,0.9129777
2086,2000,2000,1,6.080818e-08,0.01104726,2.6149644e-07,9.4357364e-07,3.5350047e-07,0.98895115
2087,2000,2000,1,9.0548596e-08,0.025796564,3.0520428e-07,8.837503e-07,4.3293466e-07,0.9742017
2088,2000,100,0,6.2883423e-06,0.62689936,1.3311087e-05,1.4859635e-05,2.3658242e-05,0.37304246
2089,2000,2000,1,2.2599322e-07,0.15008238,3.699506e-07,8.3942405e-07,7.98015e-07,0.8499154
2090,2000,2000,1,1.9371647e-07,0.025031498,5.895167e-07,3.0270755e-06,1.5080218e-06,0.97496325
2091,2000,2000,1,5.0859633e-08,0.023502333,1.607768e-07,5.058394e-07,2.5217102e-07,0.97649676
2092,2000,100,0,3.6700038e-07,0.6285177,5.7700685e-08,6.6213495e-08,1.2197715e-07,0.3714817
2093,2000,100,0,1.888313e-05,0.8912895,1.254038e-05,1.1629954e-05,3.1613432e-05,0.10863581
2094,2000,2000,1,7.1635105e-07,0.10820983,2.6115692e-06,4.694087e-06,3.3625088e-06,0.89177877
2095,2000,2000,1,1.8467729e-06,0.17788607,5.3262966e-06,1.4829568e-05,1.2836099e-05,0.82207906
2096,2000,2000,1,2.3187108e-07,0.09537471,6.5135185e-07,1.1993524e-06,8.956387e-07,0.9046223
2097,2000,2000,1,1.4339005e-07,0.035863146,4.9844937e-07,1.4448499e-06,7.752347e-07,0.96413404
2098,2000,2000,1,1.657882e-07,0.05414795,5.3411696e-07,1.2070893e-06,7.3896695e-07,0.9458494
2099,2000,2000,1,4.2311594e-08,0.017292406,1.4570192e-07,4.635302e-07,2.0926143e-07,0.9827068
2100,2000,2000,1,1.00166154e-07,0.028526794,3.6195476e-07,9.80652e-07,4.9500346e-07,0.9714713
2101,2000,2000,1,6.415729e-06,0.34439057,2.5561647e-05,3.844096e-05,3.895616e-05,0.6555
2102,2000,2000,1,5.231965e-07,0.095035754,1.7113384e-06,3.5459723e-06,2.5434897e-06,0.90495586
2103,2000,2000,1,1.0608802e-07,0.09047675,2.0499749e-07,4.0623388e-07,3.1843516e-07,0.90952224
2104,2000,2000,1,3.013474e-07,0.10299187,7.800376e-07,1.6366835e-06,1.2883037e-06,0.89700407
2105,2000,2000,1,1.153023e-07,0.031041333,3.8418784e-07,1.1347905e-06,5.972317e-07,0.9689565
2106,2000,2000,1,1.5442631e-06,0.32594353,4.3396344e-06,5.045734e-06,5.536752e-06,0.67404
2107,2000,2000,1,3.9735614e-06,0.29414707,1.747595e-05,2.778747e-05,2.6000926e-05,0.70577765
2108,2000,2000,1,5.063296e-07,0.07149006,1.5894997e-06,4.7230033e-06,3.105318e-06,0.92850006
2109,2000,2000,1,1.0319053e-06,0.11052664,2.1009894e-06,9.847942e-06,7.4256736e-06,0.889453
2110,2000,100,0,7.278474e-06,0.8931464,3.4137017e-06,2.4988183e-06,6.3924253e-06,0.1068341
2111,2000,2000,1,3.106547e-08,0.021098318,8.472687e-08,2.7593507e-07,1.3469358e-07,0.97890115
2112,2000,2000,1,6.2871294e-08,0.019420829,2.2250771e-07,7.058499e-07,3.1909408e-07,0.9805778
2113,2000,2000,1,3.0457363e-07,0.08079278,7.230095e-07,2.2687702e-06,1.6637855e-06,0.9192023
2114,2000,2000,1,1.1945325e-07,0.070798054,2.720669e-07,6.294645e-07,4.5431946e-07,0.9292005
2115,2000,2000,1,2.863424e-06,0.49596417,5.8383102e-06,6.8168683e-06,9.511498e-06,0.5040108
2116,2000,2000,1,8.081444e-08,0.035022918,2.570679e-07,6.279443e-07,3.4096166e-07,0.9649758
2117,2000,2000,1,0.00026923523,0.18901913,0.0023973377,0.014171299,0.008748924,0.7853941
2118,2000,2000,1,9.106244e-08,0.048061598,2.3752759e-07,6.0814773e-07,3.8025567e-07,0.95193714
2119,2000,2000,1,1.1714809e-06,0.4701209,1.3768736e-06,1.950035e-06,2.882784e-06,0.52987164
2120,2000,2000,1,4.600998e-07,0.06109006,2.0878695e-06,4.6483106e-06,2.6989499e-06,0.93890005
2121,2000,2000,1,3.077916e-08,0.018652037,9.1842814e-08,2.9110805e-07,1.3479371e-07,0.98134744
2122,2000,2000,1,4.980929e-07,0.123218946,1.2355036e-06,2.6178518e-06,2.1360966e-06,0.87677455
2123,2000,2000,1,2.6984335e-07,0.06445261,8.039771e-07,2.0785974e-06,1.3697152e-06,0.9355429
2124,2000,2000,1,6.151516e-07,0.15592378,1.586021e-06,2.7582328e-06,2.3879988e-06,0.8440689
2125,2000,2000,1,1.15530206e-07,0.039700426,3.0884866e-07,9.290823e-07,5.4150524e-07,0.96029764
2126,2000,2000,1,1.4412889e-06,0.10439245,4.6489226e-06,1.558688e-05,1.0825359e-05,0.89557505
2127,2000,2000,1,2.2879842e-06,0.36957255,4.108482e-06,7.2494367e-06,8.988259e-06,0.63040483
2128,2000,2000,1,4.8833126e-08,0.017692365,1.3462676e-07,5.586897e-07,2.6279776e-07,0.98230666
2129,2000,2000,1,2.9119356e-08,0.011493938,1.15654124e-07,3.8519403e-07,1.5106758e-07,0.98850536
2130,2000,2000,1,4.8494206e-07,0.028889155,1.9877996e-06,8.831737e-06,4.15255e-06,0.9710953
2131,2000,100,0,3.5776745e-06,0.7002253,3.9744605e-06,3.891266e-06,7.234576e-06,0.29975587
2132,2000,2000,1,1.8634678e-07,0.025345376,7.477502e-07,2.6989762e-06,1.3020305e-06,0.97464967
2133,2000,2000,1,1.473191e-07,0.025992448,5.283716e-07,2.0784032e-06,1.0241071e-06,0.97400373
2134,2000,2000,1,7.2872507e-07,0.21665865,1.224283e-06,2.9036219e-06,2.9893542e-06,0.7833335
2135,2000,2000,1,1.2553792e-07,0.022536023,4.2821947e-07,1.8283463e-06,8.5615267e-07,0.97746074
2136,2000,2000,1,8.826186e-08,0.018375631,2.987113e-07,1.1688832e-06,5.2182247e-07,0.9816222
2137,2000,100,0,3.2167838e-05,0.8855598,3.8180383e-06,9.160534e-06,2.6758564e-05,0.1143683
2138,2000,2000,1,9.5886286e-08,0.026811738,2.839749e-07,1.0702587e-06,5.4052697e-07,0.9731863
2139,2000,2000,1,2.0522181e-07,0.020161081,8.27552e-07,4.009208e-06,1.8015269e-06,0.9798321
2140,2000,2000,1,1.903205e-07,0.026632916,6.447898e-07,2.6522869e-06,1.3055057e-06,0.9733623
2141,2000,2000,1,1.4652023e-05,0.059342936,8.872983e-05,0.0007682754,0.0003833754,0.939402
2142,2000,100,0,7.2466246e-06,0.5653803,1.4657401e-05,2.5422973e-05,3.7992922e-05,0.43453443
2143,2000,2000,1,1.8339579e-06,0.35816985,5.3188423e-06,6.4653827e-06,7.4615364e-06,0.641809
2144,2000,2000,1,9.282149e-08,0.066530816,2.3021526e-07,4.2778996e-07,2.9592718e-07,0.93346816
2145,2000,2000,1,5.7811718e-08,0.010680651,2.6967953e-07,1.0032671e-06,3.724269e-07,0.9893176
2146,2000,2000,1,1.3249037e-07,0.031503897,5.5616135e-07,1.4916843e-06,7.5922173e-07,0.9684931
2147,2000,2000,1,4.8849714e-08,0.0252736,1.5748593e-07,4.3692552e-07,2.1739689e-07,0.97472554
2148,2000,2000,1,1.0565796e-05,0.1519848,2.9751098e-05,0.0002039212,0.0001488405,0.84762216
2149,2000,2000,1,1.3565689e-07,0.100995846,2.3158313e-07,5.0278504e-07,4.163848e-07,0.89900285
2150,2000,2000,1,1.6679863e-06,0.12144096,5.9811955e-06,1.6413009e-05,1.1939681e-05,0.87852305
2151,2000,2000,1,1.4238283e-06,0.48342893,1.2940387e-06,2.0976217e-06,3.229627e-06,0.516563
2152,2000,2000,1,9.77335e-07,0.034484055,3.6567722e-06,2.3862598e-05,1.1956296e-05,0.9654755
2153,2000,2000,1,9.380801e-08,0.019828573,3.764719e-07,1.2515038e-06,5.6581564e-07,0.9801691
2154,2000,2000,1,1.0081976e-07,0.01619844,3.9290416e-07,1.6630399e-06,7.2064074e-07,0.9837986
2155,2000,2000,1,1.4678568e-07,0.031814404,5.6371135e-07,1.5209598e-06,7.78044e-07,0.9681826
2156,2000,2000,1,6.7114975e-08,0.014594153,2.9275697e-07,9.409491e-07,3.8670723e-07,0.9854042
2157,2000,2000,1,6.475788e-08,0.01615162,2.6082424e-07,8.570378e-07,3.665206e-07,0.98384684
2158,2000,2000,1,2.000302e-06,0.33692113,4.5159854e-06,8.30979e-06,9.689831e-06,0.6630544
2159,2000,2000,1,3.3950025e-07,0.17416729,7.7956815e-07,1.228745e-06,1.1579939e-06,0.8258292
2160,2000,2000,1,8.808978e-06,0.12918475,3.6699883e-05,0.00017011008,0.00011675552,0.8704829
2161,2000,2000,1,4.874362e-07,0.09751752,1.2956096e-06,3.413138e-06,2.5557324e-06,0.9024747
2162,2000,100,0,6.7986457e-07,0.6648533,2.3272484e-07,2.1552677e-07,4.1595132e-07,0.33514518
2163,2000,2000,1,2.8827583e-07,0.11881309,7.3385723e-07,1.4669874e-06,1.1988353e-06,0.88118327
2164,2000,2000,1,7.7054004e-08,0.17900503,9.994588e-08,1.4471095e-07,1.5200503e-07,0.8209945
2165,2000,2000,1,3.2462628e-07,0.050973475,1.0292858e-06,3.3629499e-06,1.9739412e-06,0.9490198
2166,2000,2000,1,2.6028158e-06,0.11862073,9.118685e-06,2.943146e-05,2.077953e-05,0.8813174
2167,2000,2000,1,2.2430689e-07,0.080459766,4.7674578e-07,1.2824692e-06,9.579965e-07,0.9195373
2168,2000,2000,1,6.2056745e-07,0.28094143,7.682479e-07,1.573592e-06,1.868685e-06,0.7190538
2169,2000,2000,1,1.0175378e-05,0.43575412,1.6439346e-05,4.88913e-05,6.256019e-05,0.56410784
2170,2000,2000,1,6.0778194e-07,0.104839474,1.286294e-06,4.5285237e-06,3.533012e-06,0.89515054
2171,2000,2000,1,3.658545e-07,0.0376143,1.4810935e-06,4.8827424e-06,2.5017025e-06,0.9623764
2172,2000,100,0,3.6318937e-07,0.63422847,4.9173156e-08,6.3893594e-08,1.1981741e-07,0.36577088
2173,2000,2000,1,2.905523e-07,0.24956772,5.8030963e-07,8.289104e-07,9.3886746e-07,0.75042963
2174,2000,2000,1,6.3653005e-08,0.039839704,1.1928748e-07,4.5636338e-07,2.8885128e-07,0.96015936
2175,2000,2000,1,4.2252842e-07,0.3433297,6.1380683e-07,7.482738e-07,9.612837e-07,0.6566675
2176,2000,2000,1,1.3278871e-07,0.047357228,4.5355026e-07,1.1179558e-06,6.677396e-07,0.95264035
2177,2000,2000,1,1.5485512e-06,0.24471262,3.768577e-06,8.3390705e-06,8.332655e-06,0.75526536
2178,2000,2000,1,1.2666867e-07,0.06556215,3.221588e-07,7.537007e-07,5.2681867e-07,0.93443614
2179,2000,2000,1,3.141101e-07,0.14888825,6.351543e-07,1.3064589e-06,1.1989152e-06,0.8511083
2180,2000,2000,1,4.1829345e-08,0.013620969,1.7634744e-07,5.5530444e-07,2.2431816e-07,0.9863781
2181,2000,2000,1,6.999211e-08,0.01966868,2.4141536e-07,7.9620395e-07,3.5811243e-07,0.9803299
2182,2000,2000,1,4.932012e-07,0.10389433,1.4665451e-06,3.1044242e-06,2.3274733e-06,0.89609826
2183,2000,2000,1,3.1080495e-07,0.08201531,7.999075e-07,2.1903018e-06,1.5969349e-06,0.91797984
2184,2000,100,0,9.19378e-06,0.9503883,3.465989e-07,4.178652e-07,1.4076924e-06,0.04960043
2185,2000,2000,1,7.1659116e-08,0.02507333,2.682855e-07,7.347977e-07,3.6314609e-07,0.9749253
2186,2000,2000,1,7.589721e-08,0.024071448,2.11655e-07,8.58141e-07,4.4074258e-07,0.975927
2187,2000,2000,1,2.8503715e-08,0.020757467,8.540695e-08,2.5989402e-07,1.2821909e-07,0.97924197
2188,2000,2000,1,2.982228e-07,0.41666493,2.9049164e-07,3.1150464e-07,4.5511726e-07,0.5833338
2189,2000,2000,1,2.8738585e-08,0.033607926,6.410871e-08,1.6915753e-07,9.724939e-08,0.96639174
2190,2000,100,0,7.844582e-07,0.86901796,2.823356e-08,3.384178e-08,8.155655e-08,0.13098106
2191,2000,2000,1,5.664297e-07,0.12983285,1.4495138e-06,3.6322042e-06,3.0371887e-06,0.8701585
2192,2000,2000,1,1.3484687e-07,0.11333175,2.5190096e-07,4.8175804e-07,4.1282587e-07,0.88666695
2193,2000,2000,1,8.351391e-07,0.07533013,3.3270946e-06,8.930325e-06,5.6540166e-06,0.92465115
2194,2000,2000,1,5.849882e-07,0.12771825,1.7917051e-06,3.6288345e-06,2.9769694e-06,0.8722728
2195,2000,100,0,2.2328425e-07,0.5490025,7.030415e-08,7.2095425e-08,1.2889419e-07,0.45099697
2196,2000,2000,1,4.7524304e-07,0.050618853,1.6992706e-06,5.9123554e-06,3.38601e-06,0.9493697
2197,2000,2000,1,1.1716827e-07,0.17090756,1.2651935e-07,2.4889877e-07,2.5747994e-07,0.82909167
2198,2000,2000,1,8.236368e-06,0.14613685,2.85665e-05,0.00014601692,0.000104916486,0.8535754
2199,2000,2000,1,2.3555952e-08,0.014393405,6.982533e-08,2.4902133e-07,1.106639e-07,0.98560613
2200,2000,2000,1,8.4620964e-08,0.03792826,2.2515826e-07,6.6781064e-07,3.867366e-07,0.96207035
2201,2000,2000,1,3.2209144e-05,0.37451214,0.00016258164,0.00037731274,0.0003590494,0.6245568
2202,2000,2000,1,3.5752719e-06,0.073921956,2.089998e-05,7.680689e-05,4.3998094e-05,0.92593277
2203,2000,2000,1,1.14330724e-07,0.07388114,2.7508636e-07,5.8229506e-07,4.2601252e-07,0.9261175
2204,2000,2000,1,3.1916193e-07,0.15295535,5.26445e-07,1.3697594e-06,1.3068541e-06,0.8470411
2205,2000,2000,1,2.9706584e-07,0.09735141,6.7340795e-07,1.6935869e-06,1.3319917e-06,0.9026446
2206,2000,2000,1,4.1384724e-06,0.38493532,5.7365673e-06,1.604158e-05,2.0439044e-05,0.61501825
2207,2000,2000,1,5.76126e-07,0.110754535,1.6464145e-06,4.015858e-06,3.0864471e-06,0.8892361
2208,2000,2000,1,1.8623274e-07,0.05216557,5.2579e-07,1.4334047e-06,8.8270775e-07,0.94783133
2209,2000,2000,1,3.5247024e-07,0.046622984,1.1430125e-06,3.841701e-06,2.235668e-06,0.95336944
2210,2000,2000,1,2.2887242e-07,0.10428753,5.3325533e-07,1.157208e-06,9.2299734e-07,0.89570963
2211,2000,100,0,1.301955e-06,0.59730196,4.897468e-07,7.724008e-07,1.4206911e-06,0.40269408
2212,2000,2000,1,1.5793425e-07,0.02270025,6.457057e-07,2.4476192e-06,1.1272407e-06,0.9772954
2213,2000,2000,1,2.8438976e-07,0.15319516,6.1790826e-07,1.1259242e-06,1.016191e-06,0.84680176
2214,2000,100,0,8.696392e-06,0.7601238,1.1028511e-05,1.3521437e-05,2.7835567e-05,0.23981515
2215,2000,2000,1,9.830064e-08,0.032317217,2.920838e-07,8.540234e-07,4.5999417e-07,0.9676811
2216,2000,2000,1,1.0496362e-07,0.055084214,3.0280177e-07,6.6059056e-07,4.2018976e-07,0.9449143
2217,2000,2000,1,6.4862616e-06,0.26213667,3.100191e-05,5.42094e-05,4.6228764e-05,0.73772544
2218,2000,2000,1,7.0639373e-07,0.027414571,3.0636302e-06,1.6407215e-05,7.5306352e-06,0.9725577
2219,2000,2000,1,9.656644e-08,0.04493991,3.2026773e-07,7.364566e-07,4.309932e-07,0.95505846
2220,2000,2000,1,2.759161e-07,0.04264272,9.606679e-07,3.29526e-06,1.8547404e-06,0.95735085
2221,2000,2000,1,9.700001e-08,0.06872172,2.0941275e-07,4.965953e-07,3.5458532e-07,0.9312771
2222,2000,2000,1,1.0811689e-06,0.31090495,2.1489843e-06,3.552184e-06,4.0954774e-06,0.68908423
2223,2000,2000,1,2.4283372e-07,0.050836254,4.8385965e-07,2.3957643e-06,1.5237877e-06,0.9491591
2224,2000,2000,1,1.2593247e-07,0.028737698,3.438889e-07,1.5325586e-06,8.0672413e-07,0.9712595
2225,2000,2000,1,6.562348e-07,0.21229796,1.5937286e-06,2.6416647e-06,2.6264242e-06,0.7876945
2226,2000,2000,1,1.4479235e-07,0.22549452,1.723191e-07,2.7760774e-07,3.1824456e-07,0.7745046
2227,2000,2000,1,1.0314319e-07,0.036696535,1.9122355e-07,9.297835e-07,5.4979307e-07,0.96330166
2228,2000,2000,1,4.612947e-07,0.04359184,2.0085904e-06,6.443606e-06,3.3849853e-06,0.9563958
2229,2000,2000,1,9.9458084e-08,0.05863061,2.396845e-07,5.8443226e-07,3.9241866e-07,0.94136804
2230,2000,2000,1,5.4969693e-08,0.04782506,1.31369e-07,3.009112e-07,1.9066506e-07,0.9521743
2231,2000,100,0,3.0566975e-05,0.9977047,4.5295158e-07,1.8461046e-07,1.6186544e-06,0.0022623383
2232,2000,100,0,0.00011845467,0.6415094,0.0007055604,0.0010301208,0.0013923843,0.35524416
2233,2000,2000,1,2.0969655e-06,0.301007,2.924148e-06,8.548013e-06,9.891247e-06,0.6989696
2234,2000,100,0,3.7724047e-05,0.63592017,0.00015920542,0.00018184446,0.00025894085,0.36344206
2235,2000,2000,1,9.838445e-06,0.16198483,6.895872e-05,0.00012107237,7.941741e-05,0.8377359
2236,2000,100,0,2.7228403e-05,0.878229,3.104991e-05,2.6854497e-05,6.849484e-05,0.121617354
2237,2000,2000,1,3.5091418e-08,0.0074736113,1.6177404e-07,6.680984e-07,2.2742026e-07,0.9925252
2238,2000,2000,1,7.891656e-06,0.24869008,3.7495272e-05,7.652822e-05,6.461436e-05,0.75112337
2239,2000,2000,1,9.0361375e-08,0.047905203,2.472413e-07,6.68251e-07,4.1942968e-07,0.95209336
2240,2000,2000,1,6.058049e-08,0.01836886,2.5178593e-07,7.598238e-07,3.3508044e-07,0.9816297
2241,2000,2000,1,5.7161583e-06,0.184316,2.6620062e-05,5.642899e-05,4.1100247e-05,0.81555414
2242,2000,2000,1,2.8510065e-08,0.010079907,1.07316716e-07,3.9868056e-07,1.5236121e-07,0.9899194
2243,2000,2000,1,6.747512e-07,0.027365152,3.0943418e-06,1.586582e-05,7.3393007e-06,0.9726079
2244,2000,2000,1,6.935236e-07,0.22137141,1.975501e-06,2.8988816e-06,2.8558334e-06,0.7786202
2245,2000,2000,1,1.4948968e-07,0.14480726,2.8161625e-07,4.68987e-07,4.3910106e-07,0.85519135
2246,2000,2000,1,9.253865e-08,0.18572013,9.051188e-08,1.6507106e-07,1.7682436e-07,0.8142793
2247,2000,2000,1,2.848275e-08,0.014416157,8.8087006e-08,3.0883447e-07,1.3318271e-07,0.9855833
2248,2000,2000,1,1.2296181e-07,0.050628435,3.6126218e-07,8.429706e-07,5.150741e-07,0.9493697
2249,2000,2000,1,8.365249e-08,0.017561076,4.0096714e-07,1.1467646e-06,4.7766025e-07,0.9824368
2250,2000,100,0,4.1800213e-06,0.54755497,1.3213287e-05,1.2209727e-05,1.6506327e-05,0.45239896
2251,2000,2000,1,1.5018466e-08,0.0061420323,6.731284e-08,2.696417e-07,8.9473865e-08,0.99385756
2252,2000,2000,1,2.2897543e-08,0.016324027,6.887023e-08,2.2425935e-07,1.0126116e-07,0.98367554
2253,2000,2000,1,2.1804867e-08,0.012716498,7.1874965e-08,2.545454e-07,1.0724506e-07,0.987283
2254,2000,100,0,1.2614402e-06,0.8147105,3.2296086e-07,2.9366012e-07,6.5925997e-07,0.18528697
2255,2000,2000,1,2.496758e-08,0.008609924,1.0208289e-07,3.794692e-07,1.3615174e-07,0.99138945
2256,2000,2000,1,6.134857e-08,0.13154462,9.2061924e-08,1.5988303e-07,1.5330117e-07,0.868455
2257,2000,100,0,1.8781046e-07,0.7564888,1.964384e-08,1.8124595e-08,3.803249e-08,0.24351105
2258,2000,100,0,2.6465668e-06,0.9863776,2.9948744e-08,1.8951226e-08,9.2101295e-08,0.0136196185
2259,2000,2000,1,7.103983e-07,0.10670794,2.5848315e-06,5.343737e-06,3.9222664e-06,0.8932795
2260,2000,100,0,3.1156372e-07,0.80991805,1.7357538e-08,1.8096276e-08,3.9214196e-08,0.19008169
2261,2000,2000,1,4.1715165e-07,0.056740068,1.6792625e-06,4.1563967e-06,2.4050173e-06,0.94325125
2262,2000,2000,1,4.246798e-05,0.25269744,0.00039124064,0.0007045099,0.0005059584,0.7456584
2263,2000,2000,1,1.5356945e-07,0.0727339,4.1071218e-07,9.493699e-07,6.820276e-07,0.9272639
2264,2000,2000,1,2.7881669e-07,0.124586985,7.1100084e-07,1.2116743e-06,1.0036276e-06,0.8754098
2265,2000,100,0,4.229181e-05,0.9662402,9.036525e-06,6.5129743e-06,2.5284027e-05,0.033676572
2266,2000,2000,1,4.3950953e-07,0.25923675,4.5474118e-07,9.475668e-07,1.1236699e-06,0.74076027
2267,2000,2000,1,9.940386e-07,0.34891146,1.7851158e-06,2.2523623e-06,2.7139463e-06,0.6510808
2268,2000,2000,1,4.33508e-06,0.23210646,1.8854846e-05,3.7458667e-05,3.2456563e-05,0.7678005
2269,2000,2000,1,6.516465e-08,0.02427373,2.02825e-07,6.5663437e-07,3.2400806e-07,0.97572505
2270,2000,2000,1,6.527521e-07,0.113022886,1.7028486e-06,4.8855527e-06,3.7272605e-06,0.8869661
2271,2000,2000,1,1.4891218e-07,0.027829304,6.39033e-07,1.6655289e-06,8.1083266e-07,0.97216743
2272,2000,100,0,6.816241e-07,0.5772162,2.9337602e-07,4.0314745e-07,7.338616e-07,0.42278165
2273,2000,100,0,2.5965464e-06,0.58875215,5.7879656e-06,4.964799e-06,7.551407e-06,0.411227
2274,2000,2000,1,1.5553564e-07,0.02928994,7.0135064e-07,1.8027615e-06,8.6144365e-07,0.9707065
2275,2000,2000,1,3.5806158e-07,0.089160904,8.2027583e-07,2.6089078e-06,1.9397855e-06,0.9108334
2276,2000,2000,1,3.6424268e-07,0.36871484,2.77286e-07,4.3086874e-07,6.1070244e-07,0.63128346
2277,2000,2000,1,1.8086787e-06,0.43076035,3.9361666e-06,4.21275e-06,5.4101292e-06,0.56922436
2278,2000,100,0,0.00025275667,0.7168949,0.0013836266,0.0018365559,0.0030196696,0.27661255
2279,2000,2000,1,2.7962196e-07,0.017887976,1.1954917e-06,6.820108e-06,2.886934e-06,0.9821008
2280,2000,100,0,4.0973612e-07,0.58693624,2.2967987e-07,2.2294458e-07,4.1002735e-07,0.41306242
2281,2000,2000,1,6.162564e-08,0.050104994,1.1429409e-07,3.2698762e-07,2.2059356e-07,0.9498943
2282,2000,2000,1,2.5278702e-08,0.02254803,6.644837e-08,1.956186e-07,9.941292e-08,0.9774516
2283,2000,2000,1,2.2505805e-07,0.33405527,2.3592133e-07,2.8185534e-07,3.7467933e-07,0.6659436
2284,2000,2000,1,8.247526e-08,0.016067656,2.9336215e-07,1.2607624e-06,5.5141703e-07,0.9839302
2285,2000,100,0,4.467036e-06,0.84139186,1.5841965e-06,1.4103256e-06,3.2313847e-06,0.15859744
2286,2000,2000,1,7.714095e-07,0.42810756,1.1286111e-06,1.2937603e-06,1.7947768e-06,0.57188743
2287,2000,2000,1,1.8578645e-07,0.14527287,3.8568345e-07,6.294528e-07,5.708165e-07,0.85472536
2288,2000,2000,1,1.8860595e-07,0.09247941,3.9173608e-07,1.0226169e-06,7.8974614e-07,0.9075182
2289,2000,100,0,7.594632e-07,0.6857948,3.6664454e-07,3.2390443e-07,6.395449e-07,0.3142032
2290,2000,2000,1,2.3166763e-06,0.47299114,5.105272e-06,5.5129967e-06,7.3062233e-06,0.5269886
2291,2000,2000,1,8.920635e-08,0.045027886,1.946815e-07,5.8218575e-07,3.639704e-07,0.95497096
2292,2000,2000,1,4.789174e-07,0.10199042,1.6562951e-06,3.097449e-06,2.2544116e-06,0.898002
2293,2000,2000,1,4.0425618e-07,0.041917585,2.0938132e-06,5.197016e-06,2.6644777e-06,0.95807207
2294,2000,2000,1,4.090265e-07,0.042188194,1.5266353e-06,5.808698e-06,3.25698e-06,0.9578008
2295,2000,2000,1,4.5434115e-07,0.28995317,8.767173e-07,1.1867959e-06,1.4063368e-06,0.71004295
2296,2000,100,0,4.415148e-06,0.92086625,9.527033e-07,7.6876256e-07,2.202944e-06,0.079125404
2297,2000,2000,1,1.0549938e-06,0.14773917,3.137419e-06,7.654502e-06,6.2819663e-06,0.8522427
2298,2000,2000,1,1.6523916e-05,0.23659113,7.688415e-05,0.00028655285,0.00022729435,0.76280165
2299,2000,100,0,1.3771563e-05,0.89251703,6.007177e-06,6.792161e-06,1.8979274e-05,0.10743751
2300,2000,2000,1,6.100756e-08,0.050358523,1.1747488e-07,3.275554e-07,2.2203554e-07,0.94964075
2301,2000,2000,1,1.2685437e-06,0.17807798,4.696171e-06,7.731904e-06,6.3243147e-06,0.821902
2302,2000,2000,1,3.1401646e-07,0.05509912,9.87645e-07,3.3116605e-06,2.0659159e-06,0.9448942
2303,2000,2000,1,2.1555103e-07,0.05254765,5.845566e-07,1.8807879e-06,1.1895365e-06,0.94744843
2304,2000,2000,1,1.4409154e-07,0.02485169,5.789361e-07,1.8261537e-06,8.594321e-07,0.9751449
2305,2000,100,0,2.5189025e-05,0.60478836,9.807176e-05,0.00014707707,0.00020777616,0.39473358
2306,2000,2000,1,5.5878775e-07,0.04777227,2.611841e-06,7.4207137e-06,3.954567e-06,0.9522132
2307,2000,2000,1,6.398986e-07,0.27418157,1.2698008e-06,1.7319809e-06,1.8942653e-06,0.72581285
2308,2000,2000,1,8.71537e-08,0.019640949,3.6694266e-07,1.1663494e-06,5.20005e-07,0.9803569
2309,2000,100,0,5.750314e-07,0.51068616,3.96594e-07,4.526819e-07,7.446208e-07,0.48931175
2310,2000,2000,1,6.691648e-08,0.035285704,1.6537649e-07,4.9209274e-07,2.7940854e-07,0.9647132
2311,2000,2000,1,2.8458115e-07,0.04284958,1.1466597e-06,3.1214627e-06,1.7164435e-06,0.9571442
2312,2000,2000,1,1.8359928e-07,0.08042376,4.993379e-07,1.0333288e-06,7.504547e-07,0.91957384
2313,2000,2000,1,9.095169e-08,0.04621334,2.5209843e-07,6.0501634e-07,3.6384074e-07,0.95378536
2314,2000,2000,1,3.2357613e-07,0.20763645,4.6736662e-07,9.295928e-07,9.828303e-07,0.7923608
2315,2000,2000,1,3.4337674e-07,0.07342441,8.2255775e-07,2.4492906e-06,1.6877628e-06,0.9265703
2316,2000,2000,1,9.301336e-06,0.14087391,6.443342e-05,0.00012150223,7.367122e-05,0.85885715
2317,2000,2000,1,1.2481486e-07,0.21774122,1.8455766e-07,2.652136e-07,2.9079888e-07,0.782258
2318,2000,2000,1,0.0036731276,0.34575817,0.013629312,0.11457937,0.16219975,0.36016023
2319,2000,100,0,1.9052617e-06,0.79883546,6.5385404e-07,6.137296e-07,1.3575059e-06,0.2011601
2320,2000,2000,1,7.6332935e-07,0.062013447,3.802866e-06,9.357427e-06,5.418381e-06,0.9379672
2321,2000,2000,1,2.2899417e-06,0.365594,6.2494987e-06,8.525514e-06,9.89509e-06,0.634379
2322,2000,2000,1,7.3184104e-08,0.02177561,2.591041e-07,8.619499e-07,4.1150966e-07,0.97822285
2323,2000,2000,1,1.7917628e-06,0.3057589,3.9366128e-06,7.365413e-06,8.329916e-06,0.6942197
2324,2000,2000,1,2.0489786e-06,0.24116635,7.887401e-06,1.3504264e-05,1.2313468e-05,0.7587979
2325,2000,2000,1,8.4101976e-07,0.119199775,3.3542985e-06,5.561758e-06,4.0356404e-06,0.8807864
2326,2000,2000,1,1.1340759e-07,0.046064842,3.4624438e-07,8.680368e-07,5.1500894e-07,0.9539333
2327,2000,2000,1,9.764954e-08,0.016196255,4.908098e-07,1.5137555e-06,6.0784157e-07,0.98380107
2328,2000,2000,1,1.4863019e-07,0.018310195,6.888832e-07,2.2340832e-06,9.333397e-07,0.98168576
2329,2000,2000,1,1.2433546e-06,0.30722868,3.4984562e-06,4.563774e-06,5.0691315e-06,0.6927569
2330,2000,2000,1,6.952035e-07,0.23332876,1.3482219e-06,2.4559208e-06,2.5921272e-06,0.7666642
2331,2000,100,0,8.355286e-06,0.93416286,2.0090201e-06,1.5296565e-06,4.7213803e-06,0.06582048
2332,2000,2000,1,2.791901e-07,0.01582425,1.1972248e-06,7.6019032e-06,3.0702608e-06,0.9841636
2333,2000,2000,1,1.3676907e-07,0.048134528,4.1083135e-07,9.653133e-07,5.767547e-07,0.95186335
2334,2000,100,0,3.0884953e-06,0.7869969,2.5424515e-06,2.074663e-06,4.4472845e-06,0.212991
2335,2000,2000,1,7.3209894e-06,0.4085724,2.6643316e-05,3.7699225e-05,4.2803193e-05,0.5913131
2336,2000,2000,1,1.4054253e-06,0.31508002,4.376165e-06,5.4489533e-06,5.998927e-06,0.6849027
2337,2000,2000,1,8.2480955e-07,0.10381105,3.1989423e-06,7.3134775e-06,5.1175925e-06,0.89617246
2338,2000,100,0,6.36169e-07,0.5923096,5.568124e-07,5.89786e-07,1.0686898e-06,0.40768763
2339,2000,2000,1,2.3120854e-06,0.19249126,7.172647e-06,1.6723283e-05,1.4551502e-05,0.807468
2340,2000,2000,1,2.8391982e-08,0.009866517,1.2411402e-07,4.2877386e-07,1.6030667e-07,0.9901328
2341,2000,2000,1,1.6922438e-06,0.1254755,6.4245987e-06,1.4704033e-05,1.05138915e-05,0.87449116
2342,2000,2000,1,4.6091907e-07,0.049161583,1.6852613e-06,5.2541636e-06,3.0029053e-06,0.950828
2343,2000,2000,1,3.0014294e-07,0.045751803,7.765014e-07,3.8456456e-06,2.2793433e-06,0.95424104
2344,2000,2000,1,5.9816574e-07,0.052066997,2.3015125e-06,7.2938383e-06,4.2304255e-06,0.94791853
2345,2000,2000,1,5.03292e-07,0.17195372,9.1173695e-07,2.242878e-06,2.1922135e-06,0.8280405
2346,2000,100,0,5.3833573e-06,0.69805396,4.273379e-06,6.4370533e-06,1.2577588e-05,0.3019174
2347,2000,2000,1,2.773006e-07,0.050251868,9.4894204e-07,2.7044578e-06,1.5790223e-06,0.94974256
2348,2000,100,0,2.6081372e-05,0.62449425,0.00014319537,0.00012485721,0.0001667961,0.3750449
2349,2000,2000,1,6.4968765e-07,0.272141,1.6055284e-06,2.0507289e-06,2.1971819e-06,0.72785246
2350,2000,2000,1,2.1309656e-07,0.031712964,9.3112885e-07,2.6454732e-06,1.2978993e-06,0.9682819
2351,2000,100,0,4.9647597e-06,0.70304763,9.055681e-06,8.7641865e-06,1.584178e-05,0.2969137
2352,2000,2000,1,1.2348228e-08,0.0034803618,6.139249e-08,2.8512898e-07,7.885539e-08,0.9965192
2353,2000,2000,1,7.9239115e-08,0.048687,2.4353935e-07,5.448511e-07,3.4138628e-07,0.95131177
2354,2000,2000,1,6.514566e-07,0.11348104,1.9024023e-06,4.521376e-06,3.447116e-06,0.8865085
2355,2000,2000,1,3.020091e-07,0.40681738,1.7562054e-07,2.4369132e-07,3.6989874e-07,0.5931815
2356,2000,2000,1,9.0228724e-08,0.14662205,1.0866155e-07,2.0056412e-07,1.9683797e-07,0.85337734
2357,2000,2000,1,1.0737522e-07,0.022003224,4.809223e-07,1.337161e-06,6.109558e-07,0.97799426
2358,2000,2000,1,8.210803e-06,0.4847717,2.8521725e-05,3.9837734e-05,5.00307e-05,0.51510173
2359,2000,2000,1,1.3275576e-06,0.18342994,3.2101796e-06,9.160025e-06,8.318731e-06,0.81654805
2360,2000,2000,1,1.4131172e-07,0.023336386,5.923092e-07,1.8734684e-06,8.6967975e-07,0.97666013
2361,2000,2000,1,4.4474426e-08,0.008532846,1.9927492e-07,8.3181095e-07,2.915001e-07,0.9914658
2362,2000,2000,1,4.2194966e-08,0.014411349,1.6844811e-07,5.517063e-07,2.3019034e-07,0.9855877
2363,2000,2000,1,2.1523236e-07,0.1380164,5.427598e-07,8.690541e-07,7.5703076e-07,0.8619812
2364,2000,2000,1,1.665878e-07,0.086902276,4.838847e-07,9.2907146e-07,6.734566e-07,0.9130955
2365,2000,2000,1,1.1378888e-06,0.21535702,2.9958169e-06,6.9367793e-06,6.8054387e-06,0.78462505
2366,2000,2000,1,4.6404807e-07,0.0734029,1.6013132e-06,4.2657157e-06,2.7710778e-06,0.926588
2367,2000,2000,1,1.3416852e-07,0.06406374,3.5820332e-07,8.22484e-07,5.598593e-07,0.9359344
2368,2000,2000,1,8.91255e-07,0.37200373,1.6329386e-06,2.1011726e-06,2.657882e-06,0.627989
2369,2000,2000,1,2.7781897e-07,0.037207335,1.1954721e-06,3.7487255e-06,1.9331192e-06,0.96278554
2370,2000,2000,1,5.0744035e-08,0.025963448,1.130876e-07,4.62297e-07,2.507351e-07,0.97403574
2371,2000,2000,1,4.785572e-08,0.034986023,1.1004281e-07,3.0310022e-07,1.7676662e-07,0.9650133
2372,2000,2000,1,7.0533126e-08,0.022834824,2.697272e-07,7.6956417e-07,3.6707112e-07,0.9771637
2373,2000,2000,1,8.3117094e-08,0.030971183,2.2345982e-07,7.856047e-07,4.304106e-07,0.96902734
2374,2000,2000,1,3.399303e-07,0.05077184,1.337894e-06,3.8422677e-06,2.248771e-06,0.9492204
2375,2000,2000,1,7.823913e-08,0.06953344,1.857964e-07,4.0112621e-07,2.8768505e-07,0.9304656
2376,2000,2000,1,1.6402166e-05,0.48990154,3.3324694e-05,8.938286e-05,0.00011755724,0.5098418
2377,2000,2000,1,7.8944214e-07,0.030281844,2.753727e-06,1.992905e-05,9.6335025e-06,0.9696851
2378,2000,2000,1,4.1344606e-07,0.11100006,9.392026e-07,2.6539562e-06,2.1460892e-06,0.8889938
2379,2000,2000,1,2.8464726e-07,0.0424389,8.5641585e-07,3.4079403e-06,1.9312995e-06,0.9575547
2380,2000,2000,1,4.6817245e-06,0.19736114,1.829925e-05,4.53269e-05,3.6807378e-05,0.8025338
2381,2000,2000,1,1.19845845e-05,0.45213312,2.5656387e-05,6.610616e-05,8.224314e-05,0.5476809
2382,2000,2000,1,1.8195443e-06,0.07624971,1.17134105e-05,2.5460236e-05,1.4302084e-05,0.923697
2383,2000,2000,1,1.10985675e-05,0.3756285,4.0677714e-05,7.921096e-05,8.4392916e-05,0.6241561
2384,2000,2000,1,1.0735023e-06,0.20725046,8.8481585e-07,4.02293e-06,4.2094416e-06,0.7927394
2385,2000,2000,1,4.5809497e-06,0.1461058,1.0447558e-05,5.7707766e-05,4.4414723e-05,0.85377705
2386,2000,2000,1,4.3088807e-08,0.011341553,1.2673759e-07,6.711321e-07,2.7554503e-07,0.9886573
2387,2000,2000,1,4.957579e-07,0.03679371,1.9209663e-06,8.068864e-06,4.1843314e-06,0.96319157
2388,2000,2000,1,3.9833165e-07,0.027914645,1.0122827e-06,8.14487e-06,4.214323e-06,0.9720715
2389,2000,100,0,1.2760647e-05,0.740478,1.4894512e-05,2.1282709e-05,4.2109317e-05,0.25943092
2390,2000,100,0,9.4713397e-07,0.8189785,9.3892254e-08,1.0667162e-07,2.4146905e-07,0.18102023
2391,2000,2000,1,1.3505688e-07,0.028584735,3.7004224e-07,1.5514554e-06,8.113465e-07,0.97141236
2392,2000,2000,1,9.841158e-08,0.029641667,3.7237461e-07,1.0601311e-06,5.488486e-07,0.9703563
2393,2000,100,0,6.2483855e-06,0.8682429,7.5755554e-07,1.2571983e-06,3.2201501e-06,0.13174568
2394,2000,2000,1,5.3295373e-08,0.01421595,2.1577567e-07,7.624696e-07,3.2109116e-07,0.98578274
2395,2000,2000,1,7.791577e-06,0.31872576,3.4131346e-05,5.8159905e-05,5.4810585e-05,0.6811193
2396,2000,2000,1,9.425038e-06,0.09808621,3.250009e-05,0.0002792391,0.0001749925,0.9014177
2397,2000,100,0,3.9071156e-06,0.88397264,8.446379e-07,6.9791867e-07,1.7055354e-06,0.11602014
2398,2000,2000,1,5.2545727e-07,0.18505834,1.3574e-06,2.1627839e-06,2.0714092e-06,0.8149355
2399,2000,2000,1,6.029896e-08,0.020710612,2.2489473e-07,6.2049133e-07,2.8121576e-07,0.97928816
2400,2000,2000,1,3.5925706e-07,0.058414694,9.61442e-07,3.5443504e-06,2.236844e-06,0.9415782
2401,2000,2000,1,4.0113596e-07,0.14958905,1.1053877e-06,1.8076987e-06,1.5991697e-06,0.8504061
2402,2000,2000,1,1.3187164e-07,0.051315814,4.0144027e-07,8.89412e-07,5.4400147e-07,0.94868225
2403,2000,2000,1,9.6974425e-08,0.03223696,2.876358e-07,8.5491416e-07,4.6229772e-07,0.9677614
2404,2000,2000,1,6.695682e-08,0.047254097,1.5718665e-07,3.817722e-07,2.3851265e-07,0.9527451
2405,2000,2000,1,3.4141696e-08,0.017816799,8.528471e-08,3.7163363e-07,1.8072723e-07,0.98218256
2406,2000,2000,1,1.5974769e-06,0.20836048,5.2798923e-06,9.206707e-06,8.27601e-06,0.7916151
2407,2000,2000,1,2.4637215e-08,0.00914789,9.358499e-08,3.655289e-07,1.3707164e-07,0.99085146
2408,2000,2000,1,1.563333e-06,0.110548384,7.737587e-06,1.535405e-05,1.03453895e-05,0.8894167
2409,2000,2000,1,8.465726e-08,0.016329478,3.366632e-07,1.2542957e-06,5.2960814e-07,0.98366827
2410,2000,2000,1,1.931378e-07,0.026655847,8.647304e-07,2.5860857e-06,1.1931483e-06,0.9733393
2411,2000,2000,1,6.5836844e-07,0.21698508,1.8688681e-06,2.5661896e-06,2.5570307e-06,0.78300726
2412,2000,2000,1,2.0618499e-07,0.0442747,6.584594e-07,1.938593e-06,1.1068124e-06,0.9557213
2413,2000,2000,1,5.2546433e-08,0.026495874,1.5601172e-07,4.5353727e-07,2.3218404e-07,0.97350323
2414,2000,100,0,4.0900267e-07,0.55883205,2.3698318e-07,2.3916098e-07,4.29126e-07,0.44116664
2415,2000,2000,1,1.8233592e-07,0.09324636,5.251948e-07,9.558677e-07,7.2781717e-07,0.9067513
2416,2000,2000,1,7.700911e-08,0.04300809,2.0661685e-07,5.319201e-07,3.2202152e-07,0.9569908
2417,2000,2000,1,3.318526e-06,0.19308184,1.3508201e-05,3.0453484e-05,2.5002117e-05,0.8068459
2418,2000,2000,1,1.7635335e-07,0.05026843,4.9085395e-07,1.48075e-06,9.109179e-07,0.9497285
2419,2000,2000,1,8.9506145e-08,0.20112756,3.8787462e-08,9.83541e-08,1.1879007e-07,0.79887205
2420,2000,2000,1,6.9711695e-07,0.09276686,1.5217172e-06,5.847965e-06,4.2296256e-06,0.9072208
2421,2000,2000,1,2.5778905e-07,0.043729875,1.0204412e-06,2.5942877e-06,1.4392367e-06,0.9562648
2422,2000,2000,1,5.6745307e-07,0.1441884,1.5997211e-06,3.043181e-06,2.5355005e-06,0.85580385
2423,2000,2000,1,2.262618e-05,0.47876322,0.00011697134,0.00016121785,0.00018003673,0.52075595
2424,2000,2000,1,1.7022246e-07,0.027175229,7.949431e-07,2.103847e-06,9.74334e-07,0.97282076
2425,2000,2000,1,1.2123245e-07,0.025350092,4.714201e-07,1.2864853e-06,6.10291e-07,0.9746474
2426,2000,2000,1,2.908369e-07,0.08273801,7.974416e-07,2.0143389e-06,1.4372674e-06,0.9172574
2427,2000,2000,1,1.142139e-06,0.15891065,3.6945396e-06,7.872579e-06,6.751991e-06,0.8410699
2428,2000,2000,1,1.409034e-07,0.108682334,2.6175945e-07,6.0496035e-07,5.2826607e-07,0.8913162
2429,2000,2000,1,2.6189204e-08,0.010959932,1.0308521e-07,3.5014244e-07,1.3598765e-07,0.9890394
2430,2000,2000,1,2.602991e-08,0.012350563,9.220242e-08,3.0515648e-07,1.2316168e-07,0.9876489
2431,2000,2000,1,7.006927e-08,0.08771229,1.339084e-07,2.560047e-07,2.0500583e-07,0.91228706
2432,2000,2000,1,9.891323e-09,0.010127312,2.5720425e-08,1.0209889e-07,4.1840362e-08,0.98987246
2433,2000,2000,1,9.071659e-08,0.03720205,2.6527067e-07,8.017076e-07,4.6265833e-07,0.9627964
2434,2000,2000,1,4.6881883e-06,0.3553996,2.1191288e-05,2.6395504e-05,2.6224436e-05,0.64452183
2435,2000,2000,1,1.3922769e-06,0.40615544,2.771021e-06,3.3965216e-06,4.4374e-06,0.5938326
2436,2000,2000,1,1.6689896e-07,0.040616058,6.0919643e-07,1.4806149e-06,8.1025917e-07,0.9593809
2437,2000,100,0,2.0789983e-05,0.92338586,2.491106e-05,1.1716906e-05,3.2903583e-05,0.076523796
2438,2000,2000,1,1.0482022e-06,0.14234859,4.2618462e-06,7.501304e-06,5.861956e-06,0.85763276
2439,2000,2000,1,1.4745453e-07,0.0441371,4.6650624e-07,1.0939383e-06,6.349635e-07,0.9558605
2440,2000,2000,1,2.6051913e-07,0.05686005,8.972036e-07,2.1655967e-06,1.3168284e-06,0.9431354
2441,2000,2000,1,1.0401284e-06,0.20499578,3.2643572e-06,4.815761e-06,4.4704893e-06,0.79499066
2442,2000,100,0,4.9854566e-07,0.62066746,2.8050925e-07,2.3015077e-07,4.27489e-07,0.37933108
2443,2000,2000,1,8.435369e-08,0.018178536,3.77336e-07,1.1461401e-06,4.99382e-07,0.9818194
2444,2000,2000,1,3.593944e-06,0.12598918,8.767444e-06,5.2769876e-05,3.8162794e-05,0.87390757
2445,2000,2000,1,2.8343636e-06,0.120854475,1.0965952e-05,3.290383e-05,2.3209186e-05,0.8790756
2446,2000,2000,1,9.474575e-07,0.0807837,3.592446e-06,1.0817792e-05,6.8395625e-06,0.91919416
2447,2000,2000,1,3.624864e-07,0.07242262,1.1702645e-06,2.5427298e-06,1.6568376e-06,0.9275716
2448,2000,100,0,1.0356946e-05,0.5725241,3.4548317e-05,4.1081443e-05,5.7247595e-05,0.42733273
2449,2000,2000,1,4.1090684e-07,0.12722352,1.1994282e-06,2.1748147e-06,1.803284e-06,0.8727709
2450,2000,2000,1,4.579654e-07,0.11908909,1.4774537e-06,2.8828929e-06,2.245559e-06,0.8809039
2451,2000,2000,1,2.3450002e-06,0.36438036,4.317453e-06,9.302931e-06,1.1481301e-05,0.63559216
2452,2000,2000,1,6.2950996e-08,0.021475598,2.1822805e-07,6.9222756e-07,3.321927e-07,0.9785231
2453,2000,2000,1,1.2544204e-07,0.050147403,3.2632965e-07,8.9732913e-07,5.720691e-07,0.9498507
2454,2000,2000,1,7.51905e-08,0.033352703,2.3990458e-07,6.533577e-07,3.496141e-07,0.966646
2455,2000,2000,1,1.4729126e-07,0.021581559,6.2184455e-07,2.0710763e-06,9.2167113e-07,0.9784146
2456,2000,2000,1,1.03581634e-07,0.066835225,2.600612e-07,5.3560444e-07,3.7529006e-07,0.9331635
2457,2000,2000,1,1.6584858e-07,0.06287883,4.7912e-07,1.2575991e-06,8.5130677e-07,0.9371184
2458,2000,2000,1,9.317608e-08,0.029900284,3.0131494e-07,8.3723825e-07,4.339415e-07,0.9700981
2459,2000,2000,1,5.226373e-07,0.2796127,6.386916e-07,1.3429051e-06,1.6099023e-06,0.7203831
2460,2000,100,0,1.3941621e-05,0.6764498,4.0399125e-05,4.175191e-05,6.729268e-05,0.32338682
2461,2000,2000,1,7.004154e-07,0.16123535,1.502774e-06,3.2526323e-06,2.875364e-06,0.83875626
2462,2000,100,0,5.7277343e-06,0.9414677,6.385025e-07,4.8127345e-07,1.4640607e-06,0.05852405
2463,2000,2000,1,2.5315027e-08,0.0108356625,8.9342386e-08,3.4606146e-07,1.391765e-07,0.98916376
2464,2000,100,0,3.8079856e-06,0.68591654,3.91628e-06,3.9068905e-06,7.0792303e-06,0.3140646
2465,2000,2000,1,8.152628e-06,0.43915635,1.656104e-05,3.9760616e-05,5.006412e-05,0.5607291
2466,2000,100,0,2.2574448e-05,0.5220308,0.000101878366,0.00014318047,0.00017762836,0.47752395
2467,2000,2000,1,5.476267e-06,0.12908392,3.9409086e-05,7.738179e-05,4.8097325e-05,0.8707458
2468,2000,2000,1,3.122363e-07,0.46074995,1.4093108e-07,1.9177777e-07,3.181979e-07,0.5392491
2469,2000,2000,1,4.7209202e-08,0.10315905,4.445828e-08,1.2197209e-07,1.1541766e-07,0.89684063
2470,2000,2000,1,5.495997e-07,0.12619908,1.038864e-06,3.7226469e-06,3.100106e-06,0.87379247
2471,2000,2000,1,4.078273e-08,0.06801098,7.319703e-08,1.4980432e-07,1.1123257e-07,0.93198866
2472,2000,2000,1,3.2248496e-07,0.10148898,5.096829e-07,2.0265577e-06,1.6110276e-06,0.8985065
2473,2000,2000,1,1.9200788e-06,0.3128474,3.0510703e-06,7.330796e-06,8.554555e-06,0.6871318
2474,2000,100,0,3.6727663e-06,0.7240851,4.696931e-06,3.7543741e-06,7.172599e-06,0.2758957
2475,2000,2000,1,2.4780147e-07,0.1712735,5.726132e-07,8.4360914e-07,8.113451e-07,0.828724
2476,2000,2000,1,2.3802413e-07,0.11274202,4.8415336e-07,1.0132677e-06,8.508476e-07,0.88725543
2477,2000,2000,1,1.308456e-07,0.036031492,4.1914421e-07,1.1780576e-06,6.456325e-07,0.96396613
2478,2000,2000,1,7.261755e-08,0.047401898,2.0360466e-07,4.7105183e-07,2.9311045e-07,0.9525971
2479,2000,2000,1,3.731291e-07,0.13047469,1.2119813e-06,1.9346398e-06,1.5817983e-06,0.8695202
2480,2000,2000,1,1.1919594e-07,0.027338086,4.7565476e-07,1.2315868e-06,5.964745e-07,0.97265947
2481,2000,2000,1,1.2442669e-05,0.45551723,3.9098024e-05,7.753763e-05,9.497609e-05,0.5442588
2482,2000,2000,1,7.1453584e-08,0.01421814,2.2797606e-07,1.1191472e-06,4.7078396e-07,0.98577994
2483,2000,2000,1,2.2661647e-05,0.26100913,7.501319e-05,0.00036553334,0.0003232876,0.7382044
2484,2000,2000,1,6.6306934e-06,0.1219783,2.3220728e-05,0.00012593139,8.522553e-05,0.87778074
2485,2000,100,0,1.2339376e-05,0.50993246,2.2131311e-05,5.5303826e-05,7.6346216e-05,0.4899014
2486,2000,2000,1,4.88994e-05,0.20637514,0.0001534256,0.0013284447,0.0010542575,0.7910398
2487,2000,2000,1,2.0633972e-06,0.1843773,6.1534547e-06,1.5036973e-05,1.2956267e-05,0.8155865
2488,2000,2000,1,1.8921833e-08,0.0045171943,8.502025e-08,4.2590227e-07,1.2761565e-07,0.9954822
2489,2000,2000,1,8.558948e-07,0.45677745,7.006239e-07,1.1184007e-06,1.6965637e-06,0.5432182
2490,2000,2000,1,8.966256e-07,0.13232067,2.5065847e-06,7.013351e-06,5.7698444e-06,0.86766315
2491,2000,2000,1,9.598638e-07,0.070504315,3.7791622e-06,1.2247335e-05,7.813485e-06,0.9294709
2492,2000,100,0,9.117564e-07,0.5763102,8.6431925e-07,9.607775e-07,1.6648055e-06,0.42368543
2493,2000,100,0,4.2678195e-07,0.5651835,1.2718756e-07,1.681146e-07,3.06322e-07,0.4348155
2494,2000,2000,1,6.217148e-08,0.014351111,2.0453635e-07,8.899291e-07,3.8047332e-07,0.9856473
2495,2000,2000,1,5.021462e-08,0.023896549,1.10890845e-07,4.8274745e-07,2.574864e-07,0.9761026
2496,2000,2000,1,2.757848e-07,0.03981636,1.1702041e-06,3.3562753e-06,1.8204125e-06,0.96017706
2497,2000,2000,1,4.9820056e-08,0.009813292,2.3850058e-07,8.456951e-07,3.0330526e-07,0.99018526
2498,2000,2000,1,9.406122e-08,0.04292903,2.5911118e-07,6.0935434e-07,3.6108005e-07,0.95706964
2499,2000,100,0,7.927343e-06,0.8770358,2.8972183e-06,2.5272204e-06,6.202633e-06,0.12294464
2500,500,500,1,0.3951618,1.6531634e-09,0.5751276,0.007450085,0.022260549,2.8503156e-16
2501,500,0,0,0.45871815,3.298303e-10,0.2554728,0.13687113,0.1489379,3.8332784e-14
2502,500,500,1,0.09089317,1.317561e-06,0.75619125,0.07051796,0.08239633,1.3540244e-08
2503,500,500,1,0.022183346,9.582515e-05,0.52510357,0.1679767,0.28463262,8.035999e-06
2504,500,500,1,0.13973244,1.2258974e-05,0.711759,0.061534777,0.08696149,7.9699106e-08
2505,500,0,0,0.45485902,0.00074728695,0.26084313,0.04417155,0.23937888,1.6775684e-07
2506,500,500,1,0.4000182,5.648747e-07,0.56229335,0.0058559515,0.031831957,5.857047e-13
2507,500,500,1,0.47972852,2.994876e-08,0.49288794,0.008941046,0.0184425,2.9946458e-13
2508,500,1500,0,0.024538042,0.00068260136,0.2067324,0.20380637,0.56418663,5.3915515e-05
2509,500,500,1,0.2963588,2.6231668e-05,0.33768135,0.10394324,0.2619903,4.077872e-08
2510,500,500,1,0.30538583,1.779081e-05,0.3466216,0.10080377,0.24717097,2.6758805e-08
2511,500,1500,0,0.060744166,6.497507e-05,0.35096893,0.17568693,0.41253358,1.3655717e-06
2512,500,500,1,0.29410237,6.040658e-08,0.44844818,0.11753484,0.13991454,1.2944398e-10
2513,500,0,0,0.58640945,5.6657765e-11,0.40535516,0.0041070385,0.004128403,3.0936873e-16
2514,500,0,0,0.45765418,7.741842e-12,0.340901,0.15015638,0.051288474,6.112671e-14
2515,500,0,0,0.59665775,5.0988705e-13,0.3917288,0.0071696634,0.0044437707,4.4771676e-18
2516,500,500,1,0.11111708,2.6183505e-07,0.4259112,0.22793911,0.23503229,6.360719e-09
2517,500,500,1,0.01132694,0.0011268809,0.54139674,0.1546867,0.29125482,0.00020793061
2518,500,0,0,0.44828722,0.00069350476,0.23147558,0.047060613,0.27248284,2.1191423e-07
2519,500,500,1,0.3631657,0.000100011224,0.4837482,0.037854638,0.115131244,7.009678e-08
2520,500,500,1,0.45849532,4.1896047e-07,0.50575006,0.0108277565,0.024926376,1.1955275e-11
2521,500,500,1,0.028430073,0.001183197,0.6273925,0.08378295,0.2591737,3.7699858e-05
2522,500,0,0,0.5923441,3.238985e-10,0.40377203,0.0020142954,0.0018695974,4.3165252e-15
2523,500,500,1,0.34288308,1.8308139e-06,0.56214106,0.04066707,0.05430701,2.2159936e-09
2524,500,500,1,0.27711803,2.0160123e-05,0.5968499,0.03704366,0.08896831,1.670102e-08
2525,500,0,0,0.47739232,2.6700428e-07,0.43032694,0.03342649,0.05885401,2.0636522e-11
2526,500,500,1,0.20639028,2.5389961e-06,0.74178636,0.019874725,0.031946138,2.4834594e-09
2527,500,1500,0,0.22139178,0.007037974,0.32391334,0.07769506,0.3699332,2.864216e-05
2528,500,500,1,0.021438267,1.5636651e-05,0.66640425,0.14424641,0.16789405,1.3572115e-06
2529,500,500,1,0.111647666,1.379936e-06,0.70852864,0.07671604,0.103106216,8.654917e-09
2530,500,0,0,0.5037477,2.2243814e-08,0.4761911,0.009526637,0.010534554,2.9124836e-12
2531,500,500,1,0.4099085,2.131823e-05,0.48176545,0.0280981,0.08020665,5.943201e-09
2532,500,0,0,0.54605603,2.6501817e-12,0.45356497,0.00015842101,0.00022061267,1.2923918e-19
2533,500,500,1,0.11196574,1.8243421e-06,0.37699708,0.20683429,0.30420107,2.4421125e-08
2534,500,500,1,0.20725575,3.507747e-08,0.7527533,0.021544222,0.018446568,7.8951595e-11
2535,500,500,1,0.20957635,1.3303109e-06,0.6806101,0.04901665,0.060795505,3.957028e-09
2536,500,0,0,0.44630197,1.3814584e-07,0.40114856,0.06772644,0.08482287,1.2192972e-10
2537,500,500,1,0.18180914,6.9597e-08,0.6427394,0.09060653,0.08484486,3.8120118e-10
2538,500,1500,0,0.08368178,7.5579607e-07,0.30183718,0.28492817,0.32955217,2.3823617e-08
2539,500,0,0,0.5950991,1.2612411e-11,0.37815508,0.016151818,0.010594036,1.1852127e-15
2540,500,1500,0,0.012255245,2.0092753e-05,0.18716481,0.35338813,0.4471666,5.2369205e-06
2541,500,0,0,0.61350834,1.8256074e-13,0.37707362,0.0061034937,0.003314623,1.8184368e-18
2542,500,500,1,0.21780008,2.1136806e-08,0.58721006,0.09981802,0.09517179,7.6764664e-11
2543,500,0,0,0.53084743,1.3614868e-12,0.4329728,0.020796275,0.01538347,9.523376e-18
2544,500,0,0,0.58004576,3.825614e-16,0.41425508,0.004161388,0.0015377231,5.0635974e-22
2545,500,500,1,0.34463903,1.0506673e-08,0.41873017,0.12368201,0.11294884,2.7490833e-11
2546,500,500,1,0.18016009,3.4919378e-09,0.6310145,0.11348346,0.07534196,3.5911038e-11
2547,500,0,0,0.5939107,2.6638906e-12,0.33483693,0.04922311,0.022029225,1.592106e-15
2548,500,0,0,0.47244596,6.063897e-12,0.15578663,0.2395393,0.13222805,2.3930505e-14
2549,500,500,1,0.2778947,3.3705644e-10,0.33427492,0.26289862,0.124931775,7.998111e-12
2550,500,1000,0,0.042861123,2.8210717e-08,0.2349918,0.50104135,0.2211057,4.6878705e-09
2551,500,0,0,0.54481286,5.186969e-10,0.33957428,0.06451498,0.05109796,4.0403802e-13
2552,500,0,0,0.53111,1.9979807e-10,0.4061155,0.028599514,0.034175016,3.9970583e-15
2553,500,500,1,0.43890747,8.989109e-09,0.5359848,0.01259234,0.012515384,2.3857472e-12
2554,500,500,1,0.13524881,2.038954e-08,0.5082363,0.21447371,0.14204119,5.985685e-10
2555,500,500,1,0.1032757,1.3725236e-06,0.57646894,0.13045174,0.1898022,1.210989e-08
2556,500,500,1,0.3219053,1.4350167e-09,0.6064056,0.045287203,0.02640182,4.290917e-12
2557,500,0,0,0.46443257,5.0567003e-08,0.3297309,0.09233125,0.11350523,3.833803e-11
2558,500,1000,0,0.031237144,1.6041995e-06,0.29715654,0.3558589,0.3157456,2.2260116e-07
2559,500,0,0,0.60689723,1.3479573e-13,0.26406902,0.10072675,0.028307026,4.9534074e-16
2560,500,500,1,0.32278106,5.6353734e-08,0.41608816,0.12954128,0.1315894,1.9206552e-10
2561,500,1500,0,0.14338896,2.784078e-08,0.19646123,0.32348004,0.33666977,4.9608323e-10
2562,500,1000,0,0.028509414,4.683178e-07,0.24692927,0.4234751,0.30108562,7.704371e-08
2563,500,0,0,0.56535333,3.1220976e-10,0.39958706,0.018811267,0.016248262,2.6128027e-14
2564,500,0,0,0.5148542,1.7914868e-08,0.4156991,0.032605596,0.036841143,3.430323e-12
2565,500,500,1,0.2612235,8.815867e-07,0.59153706,0.064535834,0.08270281,2.4319076e-09
2566,500,500,1,0.34622607,1.3007866e-08,0.46364358,0.10639859,0.083731696,4.675201e-11
2567,500,0,0,0.59762174,5.0148373e-13,0.35822493,0.033025466,0.011127857,4.1438707e-16
2568,500,1000,0,0.013644527,2.1232174e-06,0.06684435,0.50984937,0.40965888,8.035533e-07
2569,500,0,0,0.46476647,9.1987596e-07,0.37237224,0.061045807,0.10181451,4.2316387e-10
2570,500,0,0,0.5901218,1.27606085e-11,0.29885492,0.07391095,0.037112292,1.5387451e-14
2571,500,0,0,0.628213,8.9742065e-20,0.3626257,0.008140988,0.0010202812,7.709215e-25
2572,500,1500,0,0.05346743,7.0530537e-06,0.30519298,0.23512754,0.40620482,2.2381215e-07
2573,500,500,1,0.09037438,1.1980045e-06,0.5417993,0.17124642,0.19657871,2.748593e-08
2574,500,1500,0,0.03017943,4.9787513e-06,0.30184448,0.30914068,0.35882995,5.182419e-07
2575,500,0,0,0.53610826,1.396868e-10,0.3961037,0.04348018,0.024307864,1.4938894e-13
2576,500,1500,0,0.10991166,4.401175e-06,0.17700471,0.26079622,0.4522829,6.549575e-08
2577,500,500,1,0.09379988,1.5790933e-07,0.5436509,0.1909812,0.17156787,4.6101656e-09
2578,500,1500,0,0.06722147,1.45029135e-05,0.3229071,0.21854024,0.3913163,3.4565264e-07
2579,500,0,0,0.58396125,2.439042e-10,0.41355836,0.0012268558,0.0012535625,1.1671948e-15
2580,500,0,0,0.63108534,7.81182e-13,0.36762312,0.0007467338,0.0005447436,6.0498475e-19
2581,500,500,1,0.23612282,2.101177e-08,0.6249822,0.076864205,0.062030807,8.86979e-11
2582,500,500,1,0.453247,7.966634e-10,0.53608155,0.006312845,0.004358713,1.896184e-13
2583,500,0,0,0.7373508,1.9695295e-16,0.26262638,1.7258591e-05,5.5739074e-06,1.312085e-23
2584,500,0,0,0.6946548,1.1308807e-19,0.3053316,1.06996595e-05,2.894911e-06,2.6724524e-28
2585,500,0,0,0.64630544,3.3803873e-13,0.35314804,0.0003859135,0.00016062862,3.539257e-18
2586,500,0,0,0.6528696,1.2291533e-12,0.34551194,0.0010728963,0.0005455613,1.3232156e-17
2587,500,0,0,0.7329993,5.5994756e-22,0.2669992,1.2370677e-06,2.2505056e-07,1.4010685e-31
2588,500,0,0,0.5931666,3.0424326e-11,0.4030468,0.0018561451,0.0019303828,5.577726e-17
2589,500,500,1,0.37001538,1.7337389e-09,0.61387664,0.009424047,0.006684014,9.041221e-13
2590,500,500,1,0.3803645,3.9151546e-06,0.5595302,0.018081926,0.042019486,6.6584216e-10
2591,500,0,0,0.58765554,1.3776891e-12,0.39385322,0.012104634,0.006386555,4.5215496e-17
2592,500,0,0,0.48559028,7.945055e-08,0.4782947,0.015791679,0.02032323,1.1971667e-11
2593,500,500,1,0.126854,1.7548472e-06,0.76883477,0.044571776,0.05973763,7.418191e-09
2594,500,500,1,0.46801183,1.4578953e-08,0.51130605,0.00997165,0.01071042,2.5425584e-12
2595,500,500,1,0.056322884,2.6171523e-05,0.8117026,0.045125667,0.08682232,2.479196e-07
2596,500,500,1,0.17296408,0.000914915,0.38568306,0.088774465,0.3516603,3.1717113e-06
2597,500,0,0,0.5143388,4.8572877e-12,0.48406327,0.0007107876,0.0008870668,5.698896e-19
2598,500,0,0,0.5168598,9.148143e-09,0.4516609,0.0152506195,0.016228622,1.3235127e-12
2599,500,0,0,0.5776001,2.1090506e-10,0.38645092,0.021893652,0.014055299,6.4185534e-14
2600,500,500,1,0.29662228,1.882885e-07,0.51065654,0.08548176,0.10723925,3.8113623e-10
2601,500,0,0,0.5208787,9.423943e-09,0.4025079,0.034256164,0.042357232,1.164592e-12
2602,500,0,0,0.6344849,1.7579818e-14,0.35515815,0.007944426,0.002412568,9.55789e-19
2603,500,1500,0,0.050147817,4.7418336e-05,0.13570215,0.2496962,0.5644046,1.7949691e-06
2604,500,500,1,0.09583743,5.271102e-06,0.46105322,0.16484359,0.27826035,6.840843e-08
2605,500,500,1,0.06934144,1.5752306e-06,0.6245319,0.14076252,0.16536246,3.9803517e-08
2606,500,0,0,0.47771263,6.6044485e-08,0.45245814,0.03198125,0.037847813,2.118763e-11
2607,500,500,1,0.28692612,1.9826847e-09,0.43454596,0.16364963,0.114878334,1.2145444e-11
2608,500,1500,0,0.02373315,0.00022937382,0.34838805,0.19195776,0.43567353,1.8177652e-05
2609,500,500,1,0.2552368,8.9002796e-08,0.37047672,0.17364734,0.20063908,4.0875717e-10
2610,500,500,1,0.39558068,9.4315865e-08,0.47333893,0.057095896,0.0739844,6.477547e-11
2611,500,500,1,0.07017584,1.3400156e-05,0.43374714,0.18724574,0.30881757,3.4660738e-07
2612,500,1000,0,0.07350806,1.46267825e-08,0.25280064,0.44488436,0.22880699,1.4518625e-09
2613,500,0,0,0.6158425,1.7591906e-15,0.3430695,0.03230314,0.008784899,1.7556071e-19
2614,500,0,0,0.6413993,5.0068054e-15,0.31494442,0.036520068,0.007136092,8.937541e-18
2615,500,1000,0,0.026044743,3.1937748e-07,0.1427974,0.4419574,0.38920006,4.6830014e-08
2616,500,500,1,0.33336255,1.5391517e-08,0.5769839,0.046434615,0.04321893,1.9486569e-11
2617,500,0,0,0.520012,9.068982e-10,0.41197327,0.03235952,0.035655193,4.039578e-14
2618,500,1000,0,0.23721635,2.8734295e-09,0.27502993,0.27529135,0.21246237,3.309174e-11
2619,500,1500,0,0.24344993,5.8889106e-07,0.15653837,0.22113326,0.37887782,2.7787785e-09
2620,500,0,0,0.5848333,5.405723e-11,0.38501704,0.018488737,0.011660902,7.279983e-15
2621,500,500,1,0.11380278,2.5488148e-07,0.74275804,0.07349936,0.069939576,2.5888416e-09
2622,500,0,0,0.63015723,2.012246e-15,0.3697423,6.471275e-05,3.5751276e-05,3.9080374e-23
2623,500,1500,0,0.02387719,0.0069980137,0.11112686,0.18274806,0.6744767,0.00077314785
2624,500,500,1,0.24363005,3.1514293e-08,0.636214,0.06560973,0.054546166,1.0984626e-10
2625,500,500,1,0.4381942,2.7247891e-08,0.44181308,0.059027884,0.060964767,2.0727569e-11
2626,500,1500,0,0.018379135,0.0022174532,0.18341404,0.19935445,0.596364,0.00027095046
2627,500,0,0,0.53884095,1.2303099e-09,0.45651925,0.0019422235,0.0026976357,4.8123567e-15
2628,500,500,1,0.29550835,1.507669e-08,0.6325791,0.03593233,0.03598018,1.623982e-11
2629,500,1000,0,0.2640765,4.89987e-09,0.17706409,0.28549966,0.27335972,3.958137e-11
2630,500,0,0,0.47142828,9.398951e-07,0.41495758,0.02395802,0.08965511,1.38312296e-11
2631,500,0,0,0.5563417,4.5084148e-10,0.42035487,0.012515367,0.010787961,4.074357e-14
2632,500,500,1,0.18696769,3.0086514e-06,0.6231983,0.077585444,0.11224566,1.1513641e-08
2633,500,0,0,0.55493265,1.1691109e-14,0.38684666,0.036954638,0.021265987,5.9288655e-20
2634,500,0,0,0.606314,3.7748927e-12,0.33559528,0.040489025,0.01760168,1.9879361e-15
2635,500,500,1,0.0774698,5.567701e-07,0.46258387,0.23105119,0.22889464,2.235413e-08
2636,500,500,1,0.3415183,3.7415533e-09,0.5577367,0.058849256,0.041895676,8.744775e-12
2637,500,500,1,0.15863256,2.7325893e-08,0.54492646,0.1703242,0.1261167,4.618125e-10
2638,500,1500,0,0.2431407,1.786471e-06,0.2876472,0.17384169,0.2953687,7.0071713e-09
2639,500,1500,0,0.021964375,6.1422156e-06,0.10982243,0.3489473,0.51925904,7.8230164e-07
2640,500,500,1,0.053815432,1.7111608e-07,0.4071648,0.3231649,0.21585469,1.6495187e-08
2641,500,500,1,0.106102936,1.0451896e-06,0.53954214,0.16559936,0.18875451,1.9593923e-08
2642,500,1000,0,0.0347355,1.5815946e-06,0.16049966,0.4104284,0.39433473,2.1069656e-07
2643,500,0,0,0.68554676,2.7984088e-15,0.19151932,0.10023456,0.022699347,8.7333175e-18
2644,500,500,1,0.3406261,1.801614e-10,0.52306867,0.09672187,0.039583337,1.8167332e-12
2645,500,0,0,0.4761072,1.5377333e-09,0.26170966,0.13307303,0.12911011,6.770809e-13
2646,500,0,0,0.54630685,5.9146815e-10,0.38517576,0.038080968,0.030436438,1.7518887e-13
2647,500,500,1,0.37373358,1.007397e-09,0.38573685,0.15169147,0.088838,6.657186e-12
2648,500,500,1,0.16596305,6.1761574e-07,0.46854407,0.1697851,0.19570713,5.520976e-09
2649,500,1000,0,0.0073087746,1.3064019e-07,0.045515385,0.73096675,0.21620879,1.5432362e-07
2650,500,500,1,0.13106693,6.832885e-07,0.49926668,0.16465956,0.2050061,7.801114e-09
2651,500,500,1,0.10369686,1.0902905e-08,0.4443985,0.28698072,0.164924,4.916703e-10
2652,500,500,1,0.27234814,5.827374e-10,0.5623473,0.11131459,0.05399009,5.7608284e-12
2653,500,1500,0,0.26418975,4.166179e-06,0.09394196,0.18840733,0.4534569,1.0161955e-08
2654,500,1500,0,0.0925088,8.29398e-08,0.1014313,0.39242125,0.41363856,4.816877e-09
2655,500,500,1,0.15307707,3.7526463e-06,0.39199433,0.17747015,0.27745476,3.3334256e-08
2656,500,1000,0,0.05736858,4.3582606e-08,0.15612699,0.4370313,0.3494731,3.7998182e-09
2657,500,0,0,0.5102283,2.0308055e-13,0.14577474,0.26408595,0.07991098,2.01583e-15
2658,500,0,0,0.50595707,7.319692e-14,0.414047,0.05012872,0.029867264,5.8530974e-19
2659,500,1500,0,0.17807633,4.536448e-07,0.20796534,0.26888415,0.3450737,5.7220046e-09
2660,500,500,1,0.44799736,4.657674e-10,0.48709556,0.040438928,0.02446806,6.449311e-13
2661,500,1500,0,0.095094934,2.251426e-07,0.10762588,0.34977403,0.447505,8.4659835e-09
2662,500,1000,0,0.026790053,3.45062e-08,0.24460451,0.5972504,0.13135493,1.5302604e-08
2663,500,1000,0,0.010713663,7.994163e-09,0.05970182,0.8040545,0.12553,1.0147036e-08
2664,500,1000,0,0.27145994,5.1925166e-09,0.19381991,0.30282375,0.2318964,7.6596306e-11
2665,500,0,0,0.43147987,1.6945289e-11,0.15823302,0.2759498,0.13433741,1.6845501e-13
2666,500,0,0,0.5109725,5.1453806e-13,0.31650516,0.12161432,0.050908074,1.5398171e-16
2667,500,0,0,0.5776062,1.0430426e-12,0.37489003,0.03201104,0.01549276,8.018683e-17
2668,500,0,0,0.4761597,5.18109e-09,0.26543236,0.116204455,0.14220347,1.2121925e-12
2669,500,0,0,0.5248693,2.0865788e-13,0.32028672,0.097524434,0.05731947,8.087354e-18
2670,500,0,0,0.51358795,1.3585327e-13,0.18058127,0.25088686,0.054943938,2.3400765e-15
2671,500,1500,0,0.05932178,1.4235043e-05,0.3332828,0.21391258,0.39346823,3.3760844e-07
2672,500,500,1,0.47547153,1.8235557e-08,0.4959623,0.015643487,0.012922599,9.129193e-12
2673,500,500,1,0.22718914,0.000102741156,0.44196138,0.08405324,0.24669328,1.9627218e-07
2674,500,1500,0,0.3320722,0.009423041,0.18762265,0.07491793,0.39594358,2.0625099e-05
2675,500,0,0,0.39271706,7.474881e-05,0.39060658,0.056744814,0.15985669,5.887416e-08
2676,500,500,1,0.3378331,0.00012326747,0.43855527,0.05469836,0.1687899,1.274732e-07
2677,500,1500,0,0.09485673,0.0005056388,0.3178654,0.15767026,0.42909205,9.961661e-06
2678,500,0,0,0.4952597,9.483005e-13,0.12463711,0.27291808,0.10718513,8.52606e-15
2679,500,0,0,0.5938695,1.585272e-11,0.4028867,0.0020340688,0.0012097296,5.5778237e-16
2680,500,500,1,0.36345908,2.0058744e-08,0.53009164,0.056334212,0.050115034,3.186519e-11
2681,500,500,1,0.26510966,1.614331e-06,0.5777888,0.061507642,0.09559224,2.4878597e-09
2682,500,0,0,0.5882477,2.3831286e-11,0.40689996,0.0023908531,0.0024616097,5.0019225e-17
2683,500,500,1,0.31061137,8.3749785e-07,0.57402027,0.04760497,0.067762494,1.1105498e-09
2684,500,500,1,0.13066609,1.8917307e-06,0.54486734,0.13739397,0.18707068,1.9366507e-08
2685,500,500,1,0.12857643,1.1600837e-07,0.51879865,0.17926192,0.17336282,1.7041071e-09
2686,500,0,0,0.59859055,7.0113636e-13,0.3626884,0.02735119,0.011369838,9.9066154e-17
2687,500,0,0,0.5554188,3.1757468e-12,0.27557635,0.1131161,0.05588875,2.1467946e-15
2688,500,0,0,0.4585435,8.308201e-09,0.23991542,0.14131676,0.16022421,4.7117397e-12
2689,500,0,0,0.5332802,8.350351e-13,0.38652265,0.047490634,0.03270643,1.617311e-17
2690,500,1500,0,0.16183269,1.5057197e-05,0.2806617,0.18342327,0.3740672,1.1108327e-07
2691,500,500,1,0.30587575,1.0995091e-06,0.46366158,0.09044109,0.1400204,2.0702433e-09
2692,500,0,0,0.5603388,2.4179445e-15,0.3872321,0.041051716,0.011377375,1.4261586e-19
2693,500,0,0,0.5023017,1.7292399e-08,0.31693688,0.086352974,0.09440841,1.1013505e-11
2694,500,0,0,0.6108124,2.6855598e-14,0.33913156,0.036858946,0.013197078,4.2268077e-18
2695,500,500,1,0.3501577,9.442522e-06,0.42641088,0.06633384,0.15708815,9.1130605e-09
2696,500,500,1,0.19757088,0.00049671327,0.44755432,0.08222569,0.27215093,1.5052684e-06
2697,500,0,0,0.46953672,5.6233915e-09,0.26721802,0.12887974,0.13436553,3.9509333e-12
2698,500,0,0,0.44034263,6.175144e-08,0.43304542,0.062274124,0.06433774,7.5194004e-11
2699,500,500,1,0.05980236,1.1195829e-05,0.7004211,0.093824804,0.14594033,2.1578033e-07
2700,500,500,1,0.06352273,2.9708713e-06,0.45540464,0.21715881,0.2639108,1.08287686e-07
2701,500,0,0,0.5326873,1.1818311e-09,0.43764332,0.012727228,0.016942224,1.5124319e-14
2702,500,0,0,0.54651535,6.7316184e-09,0.4399089,0.0063411607,0.00723454,2.2329865e-13
2703,500,0,0,0.4930463,4.9288915e-09,0.4236796,0.037043754,0.04623041,1.7424205e-13
2704,500,0,0,0.5679045,7.54268e-12,0.40634987,0.015949132,0.009796538,2.5756236e-16
2705,500,500,1,0.2145567,1.6109787e-08,0.3828959,0.23921463,0.16333276,3.301459e-10
2706,500,0,0,0.5577051,3.410104e-10,0.4045612,0.022547506,0.0151861645,9.8681954e-14
2707,500,500,1,0.0579144,1.3373301e-06,0.6889392,0.117173105,0.13597198,3.0926437e-08
2708,500,0,0,0.44221714,3.9052825e-06,0.26773033,0.088195525,0.20185307,1.4034549e-09
2709,500,0,0,0.5626126,5.331909e-10,0.41613385,0.010690483,0.010563039,1.7790741e-14
2710,500,0,0,0.46493778,9.031405e-07,0.27163985,0.07783898,0.1855825,1.5919005e-10
2711,500,500,1,0.3029064,3.272969e-08,0.6778508,0.009802796,0.009440047,1.8546201e-11
2712,500,0,0,0.5479357,4.361394e-14,0.14204606,0.2352773,0.07474099,2.1576981e-16
2713,500,0,0,0.5591006,1.2232432e-09,0.4083598,0.018007003,0.014532597,2.1773748e-13
2714,500,500,1,0.37066546,7.0314304e-10,0.62403643,0.0031115348,0.0021864641,1.4106224e-13
2715,500,0,0,0.65112865,1.1256135e-12,0.34721926,0.0011160817,0.0005360159,1.7637216e-17
2716,500,500,1,0.07433207,8.499224e-05,0.6043452,0.09965666,0.22158003,1.0622429e-06
2717,500,0,0,0.52429,1.460886e-08,0.4443248,0.014459513,0.016925741,1.614529e-12
2718,500,500,1,0.09566433,4.2566277e-05,0.4758967,0.13756973,0.29082617,4.9069985e-07
2719,500,0,0,0.52473205,1.1986511e-09,0.37524486,0.056542277,0.043480795,4.2846485e-13
2720,500,1500,0,0.06184743,0.0003241993,0.39713222,0.14174788,0.39894256,5.6989975e-06
2721,500,500,1,0.14228715,4.936464e-05,0.619537,0.07358322,0.16454309,1.8761628e-07
2722,500,500,1,0.42127308,2.7564984e-06,0.5289238,0.0145273935,0.03527297,2.78323e-10
2723,500,500,1,0.027668087,3.7300848e-05,0.4078263,0.22931296,0.33515188,3.5064686e-06
2724,500,500,1,0.36710554,7.5804064e-07,0.5492499,0.03316211,0.050481666,4.0775514e-10
2725,500,500,1,0.18749078,1.3644848e-07,0.7928074,0.009529575,0.010172079,1.5511238e-10
2726,500,500,1,0.077945195,4.098057e-06,0.78829545,0.056264076,0.07749119,3.950651e-08
2727,500,500,1,0.21609746,1.9648105e-06,0.67362386,0.04328741,0.06698944,2.8257796e-09
2728,500,500,1,0.2650111,1.2676055e-08,0.72341263,0.006183311,0.005392914,6.671245e-12
2729,500,0,0,0.5727099,5.689483e-12,0.41763496,0.0049740365,0.004681031,1.3535186e-17
2730,500,500,1,0.04307738,1.47030805e-05,0.7586163,0.07497551,0.123315774,2.6974072e-07
2731,500,0,0,0.5630542,1.2123531e-12,0.4225787,0.008978868,0.005388197,1.024119e-17
2732,500,500,1,0.2547196,1.1944794e-06,0.36986881,0.14060937,0.234801,3.425878e-09
2733,500,500,1,0.26735392,3.0628514e-06,0.6444913,0.03520186,0.052949935,4.0910755e-09
2734,500,1500,0,0.13318379,3.2157453e-07,0.15564278,0.30106878,0.4101044,5.9308998e-09
2735,500,1000,0,0.059922203,1.889171e-07,0.1956301,0.3823371,0.36211044,1.2245569e-08
2736,500,0,0,0.5453444,2.246394e-09,0.41108888,0.020461818,0.023104826,1.6028579e-13
2737,500,0,0,0.6162996,1.5003744e-14,0.33569103,0.03575369,0.012255648,1.9248768e-18
2738,500,500,1,0.35283464,1.6939666e-05,0.36820048,0.08082603,0.19812195,1.7033988e-08
2739,500,0,0,0.5779677,1.1007007e-11,0.36346698,0.04013188,0.0184334,6.3750855e-15
2740,500,500,1,0.38502875,1.7861223e-09,0.56972307,0.027803725,0.017444417,2.5253742e-12
2741,500,500,1,0.27033034,3.1182804e-08,0.676153,0.03069389,0.022822704,9.3187784e-11
2742,500,0,0,0.512003,3.319953e-11,0.28764638,0.07825159,0.12209899,1.9095916e-16
2743,500,0,0,0.5357875,5.7289146e-10,0.45825234,0.0023425904,0.0036175798,1.1398315e-15
2744,500,500,1,0.38045266,7.372625e-07,0.45529553,0.063814186,0.10043693,5.944243e-10
2745,500,500,1,0.31785956,2.683717e-08,0.42505205,0.1404793,0.1166091,1.4950118e-10
2746,500,0,0,0.5060329,3.5052961e-15,0.48992252,0.0025092692,0.0015353124,3.2416718e-22
2747,500,0,0,0.6508752,1.5370469e-12,0.34856203,0.0003441967,0.00021855149,3.0436599e-18
2748,500,500,1,0.396502,2.0708768e-08,0.5747373,0.014178537,0.014582091,7.2631584e-12
2749,500,0,0,0.5748139,3.0137826e-10,0.4156057,0.004763439,0.004816976,4.2879823e-15
2750,500,500,1,0.36442024,1.7774424e-09,0.6258962,0.0021066028,0.0075769452,1.333912e-16
2751,500,0,0,0.5466496,1.08924e-09,0.44365373,0.0050931526,0.0046035144,6.745054e-14
2752,500,1500,0,0.0835747,0.00016401708,0.08557184,0.21654828,0.6141375,3.6974438e-06
2753,500,500,1,0.3421837,1.4760441e-08,0.6391349,0.0031116523,0.015569764,1.3302941e-15
2754,500,0,0,0.50915384,1.4420691e-08,0.46209636,0.011067838,0.017681962,2.551805e-13
2755,500,0,0,0.5979232,2.4841713e-12,0.39115635,0.006803423,0.0041169953,3.256063e-17
2756,500,0,0,0.57776064,1.806944e-10,0.41034997,0.005992273,0.005897197,1.8025575e-15
2757,500,0,0,0.5305596,4.3141832e-09,0.40735182,0.032181494,0.029907143,9.993613e-13
2758,500,500,1,0.3759031,1.2391313e-06,0.5099698,0.0418267,0.072299145,5.702667e-10
2759,500,0,0,0.56310904,1.9685278e-11,0.42854995,0.0042597065,0.0040812395,4.4434065e-17
2760,500,0,0,0.53816235,4.7891592e-14,0.44358233,0.012291254,0.005964019,2.24417e-19
2761,500,0,0,0.5125748,2.965467e-10,0.27084425,0.12051929,0.096061684,1.6949178e-13
2762,500,500,1,0.20885059,2.3445809e-08,0.7735917,0.009030533,0.008527177,1.9081141e-11
2763,500,0,0,0.57227194,1.5519488e-18,0.427725,1.8280488e-06,1.2048616e-06,5.412631e-29
2764,500,500,1,0.45232287,2.0507304e-07,0.5219916,0.008975561,0.01670977,1.03855995e-11
2765,500,0,0,0.64178026,2.9793032e-14,0.3578107,0.0002608278,0.00014829115,5.8538805e-21
2766,500,0,0,0.57553977,3.208758e-14,0.42408916,0.00029146453,7.968972e-05,8.038995e-19
2767,500,0,0,0.7782638,2.2659108e-26,0.22173537,7.2166984e-07,4.669386e-08,7.661814e-36
2768,500,500,1,0.11462092,3.4872e-07,0.82392883,0.028613068,0.0328369,1.2380618e-09
2769,500,0,0,0.43033475,1.1243586e-05,0.16395211,0.08986608,0.31583577,1.97784e-09
2770,500,0,0,0.566681,5.4607274e-12,0.43199036,0.0008785515,0.0004500807,1.616881e-16
2771,500,0,0,0.5899434,5.226507e-13,0.40960988,0.0003239709,0.00012274644,1.0550259e-17
2772,500,0,0,0.55248064,2.7173586e-10,0.433207,0.008379288,0.005933057,3.938289e-14
2773,500,500,1,0.06666353,4.790521e-06,0.81960154,0.046964243,0.06676577,5.091227e-08
2774,500,500,1,0.12776092,4.094222e-08,0.8363751,0.019054115,0.016809857,1.3455716e-10
2775,500,500,1,0.053847875,6.423238e-05,0.6647377,0.094265886,0.18708314,1.1701752e-06
2776,500,0,0,0.5359933,2.4621025e-10,0.46011877,0.0022646843,0.001623271,1.5821359e-14
2777,500,0,0,0.5331192,2.3535263e-10,0.4658097,0.00038392155,0.0006871902,1.160532e-16
2778,500,0,0,0.5644495,8.849106e-10,0.43129474,0.002101737,0.002154008,1.27808945e-14
2779,500,0,0,0.5794291,9.9563996e-11,0.3966951,0.012900575,0.010975242,3.9516666e-15
2780,500,0,0,0.50046027,2.3531578e-11,0.49718404,0.0015275466,0.0008282504,1.568103e-15
2781,500,0,0,0.6886336,3.541405e-15,0.31132057,3.0534535e-05,1.5263375e-05,1.5935231e-22
2782,500,0,0,0.5056951,1.44732475e-08,0.4302339,0.026202235,0.037868753,1.2804427e-12
2783,500,500,1,0.11886216,1.689443e-07,0.80072796,0.039987173,0.040422488,8.783039e-10
2784,500,0,0,0.6405894,1.0928948e-12,0.35896322,0.0002555685,0.00019174887,5.911561e-19
2785,500,500,1,0.19052614,6.028058e-06,0.72386223,0.029876666,0.05572893,7.085667e-09
2786,500,500,1,0.02835427,0.0004698302,0.4030487,0.17557189,0.39252067,3.4550347e-05
2787,500,0,0,0.5482181,1.819699e-14,0.45168057,5.0588227e-05,5.0686212e-05,8.435408e-23
2788,500,0,0,0.60944456,3.6903328e-12,0.35634494,0.02318737,0.011023171,8.0955095e-16
2789,500,500,1,0.44815853,1.9433724e-09,0.51855415,0.018858045,0.014429242,9.318771e-13
2790,500,500,1,0.09687202,9.416778e-06,0.65523374,0.087030075,0.1608547,5.363513e-08
2791,500,0,0,0.67273766,3.5106255e-13,0.32652313,0.00048521993,0.00025410045,1.1617684e-18
2792,500,500,1,0.22362429,7.674407e-06,0.43406066,0.123479016,0.21882828,3.4313203e-08
2793,500,500,1,0.16758248,7.5301023e-06,0.6888926,0.053164646,0.090352744,1.9890695e-08
2794,500,500,1,0.2758641,9.426064e-07,0.46275046,0.08712079,0.17426375,8.01116e-10
2795,500,0,0,0.55213773,2.7008595e-12,0.2962575,0.115159065,0.036445692,1.8162602e-14
2796,500,0,0,0.5046178,4.1437545e-08,0.33662802,0.06691327,0.09184085,1.1651075e-11
2797,500,500,1,0.31156492,6.958329e-11,0.5061656,0.13273658,0.04953279,9.014481e-13
2798,500,1500,0,0.3482392,3.3365853e-07,0.049910706,0.16129264,0.44055706,1.5903738e-10
2799,500,0,0,0.5592866,1.0695338e-10,0.39360014,0.02462138,0.022491906,5.057171e-15
2800,500,500,1,0.4268992,3.3227266e-07,0.5611294,0.0044054934,0.0075656297,2.597558e-11
2801,500,0,0,0.47032276,0.00011595703,0.24799006,0.03477137,0.2467999,3.265357e-09
2802,500,500,1,0.45295483,1.7341585e-09,0.54360515,0.0019318386,0.0015081749,1.7465131e-13
2803,500,500,1,0.30886668,5.668471e-08,0.6793619,0.0055850386,0.0061863624,1.7038974e-11
2804,500,0,0,0.5895723,5.3492655e-10,0.40730625,0.001663026,0.0014583623,8.307062e-15
2805,500,0,0,0.51537025,4.930255e-12,0.48365268,0.0004140407,0.00056301075,3.6649315e-19
2806,500,500,1,0.24344514,0.0001366356,0.5105272,0.05967017,0.18622068,2.1096491e-07
2807,500,500,1,0.37659192,3.324565e-09,0.61048025,0.0070901485,0.0058376193,9.975116e-13
2808,500,0,0,0.61815786,7.859459e-21,0.38183683,4.1994576e-06,1.1205001e-06,6.131134e-31
2809,500,0,0,0.7182997,5.1202773e-15,0.2816225,5.6955694e-05,2.0850512e-05,2.9634707e-21
2810,500,0,0,0.5667995,2.8545203e-15,0.4302872,0.0018366869,0.0010765862,6.142518e-22
2811,500,500,1,0.40011522,3.0526403e-06,0.58350027,0.0027062518,0.013675236,7.6842005e-12
2812,500,0,0,0.65497094,2.7154938e-15,0.34497267,3.5320663e-05,2.1072154e-05,4.7607147e-23
2813,500,500,1,0.41080654,6.8440515e-09,0.50079423,0.047256425,0.041142754,6.6681795e-12
2814,500,500,1,0.16937454,2.3356843e-07,0.74090207,0.043385018,0.04633812,7.389568e-10
2815,500,500,1,0.4743681,3.0424443e-12,0.51198494,0.006046947,0.0076000113,6.1761084e-19
2816,500,500,1,0.4200009,1.6689636e-08,0.56490785,0.007442656,0.0076486203,3.2857963e-12
2817,500,0,0,0.49707955,2.1127577e-10,0.4911111,0.007399068,0.0044102394,6.133192e-14
2818,500,0,0,0.67527026,3.381039e-21,0.3247267,2.4708625e-06,5.470653e-07,5.267483e-31
2819,500,500,1,0.43303642,1.9716569e-10,0.55236655,0.008791747,0.0058053588,5.4286247e-14
2820,500,0,0,0.71534765,2.5711984e-21,0.28464064,1.0124984e-05,1.5290202e-06,1.2209257e-29
2821,500,0,0,0.48284283,5.522518e-06,0.34803364,0.027644906,0.14147313,6.478951e-11
2822,500,500,1,0.3736514,1.2246676e-11,0.62119615,0.0036241447,0.0015283229,4.554559e-15
2823,500,0,0,0.56080854,1.0744164e-09,0.43468854,0.0023243169,0.002178641,2.7490173e-14
2824,500,0,0,0.53880423,7.465812e-10,0.4075401,0.02571141,0.027944198,3.1437736e-14
2825,500,500,1,0.34127536,8.474945e-10,0.50675213,0.094209515,0.05776304,2.842389e-12
2826,500,0,0,0.62384623,5.82243e-17,0.37340054,0.0022691535,0.00048412415,2.0171529e-22
2827,500,0,0,0.38709244,2.3144548e-06,0.20637316,0.13824959,0.26828253,2.7135687e-09
2828,500,0,0,0.52507466,2.473917e-09,0.41903463,0.025443776,0.030446928,8.423903e-14
2829,500,0,0,0.6216804,8.545799e-16,0.3753869,0.002318822,0.00061392534,3.803074e-21
2830,500,0,0,0.5812263,1.0354632e-17,0.4180519,0.00051886897,0.00020286256,2.9542188e-25
2831,500,0,0,0.7529121,6.379583e-30,0.24708788,3.2930092e-08,1.6674659e-09,5.165e-42
2832,500,0,0,0.6194439,1.6257603e-11,0.37813646,0.0014635831,0.00095615204,2.2763653e-16
2833,500,0,0,0.5743347,1.1559646e-15,0.2545466,0.119976655,0.051142097,5.2357735e-20
2834,500,0,0,0.56750804,6.714908e-12,0.4317775,0.00046249924,0.00025197284,1.0775281e-16
2835,500,0,0,0.49605608,7.263362e-10,0.3502304,0.09453026,0.059183177,1.7778071e-12
2836,500,500,1,0.38546154,1.1594056e-10,0.4849888,0.08737196,0.042177707,4.1824744e-13
2837,500,0,0,0.5632055,8.282716e-12,0.42252257,0.00750937,0.00676264,3.771817e-17
2838,500,500,1,0.47792253,2.1009262e-11,0.48375747,0.026440758,0.011879262,1.728505e-14
2839,500,0,0,0.51627177,6.0545544e-12,0.47009882,0.0102064125,0.0034229618,4.669701e-15
2840,500,0,0,0.6442815,6.116359e-17,0.35518697,0.00041438348,0.00011722907,2.0921153e-23
2841,500,0,0,0.55304176,7.856877e-12,0.37998897,0.04059668,0.026372528,5.802575e-16
2842,500,0,0,0.48982617,4.2399298e-10,0.24683791,0.15402184,0.10931412,7.3494433e-13
2843,500,0,0,0.61582685,2.4207028e-14,0.17394422,0.15871578,0.051513113,4.593137e-17
2844,500,0,0,0.2928999,8.5948193e-07,0.27600658,0.15829541,0.27279717,1.768083e-09
2845,500,0,0,0.36482653,1.2144615e-07,0.34322596,0.12941542,0.162532,2.4137195e-10
2846,500,500,1,0.35518867,8.6218685e-11,0.46868744,0.12685995,0.049263943,8.2664854e-13
2847,500,1000,0,0.08054921,2.7253137e-07,0.2791672,0.32546896,0.3148143,1.2117618e-08
2848,500,0,0,0.6876776,2.4834972e-16,0.2587028,0.045927223,0.0076924004,2.3895643e-19
2849,500,0,0,0.57829154,6.282473e-15,0.22569498,0.146183,0.049830455,2.3490362e-18
2850,500,0,0,0.32758477,6.196616e-08,0.19474237,0.21775264,0.25992018,2.277645e-10
2851,500,0,0,0.50158226,1.692608e-09,0.31975058,0.09232881,0.08633834,5.482209e-13
2852,500,0,0,0.53801745,7.240419e-10,0.39344126,0.034032647,0.034508582,4.1574332e-14
2853,500,1000,0,0.011450843,9.743352e-08,0.04784928,0.6983721,0.24232751,6.801469e-08
2854,500,0,0,0.383978,3.7005215e-08,0.21798216,0.19380496,0.20423485,1.1946141e-10
2855,500,0,0,0.43228817,2.5257965e-10,0.3067202,0.1680528,0.09293879,1.5884775e-12
2856,500,500,1,0.10078538,4.1345565e-06,0.62419504,0.11447618,0.16053906,4.674694e-08
2857,500,0,0,0.53169274,9.439903e-10,0.3318812,0.057634894,0.07879117,4.7412788e-14
2858,500,0,0,0.5696489,7.163509e-14,0.41918144,0.0074918005,0.0036778804,3.560825e-19
2859,500,500,1,0.17812496,9.11154e-07,0.38585332,0.18933217,0.2466886,7.701114e-09
2860,500,500,1,0.14007193,5.0174176e-08,0.66144305,0.1083688,0.09011616,5.795321e-10
2861,500,0,0,0.5841375,1.486253e-13,0.19886051,0.15877707,0.058224827,2.9267926e-16
2862,500,0,0,0.50877583,1.642532e-09,0.2862447,0.094500445,0.11047905,3.0896433e-13
2863,500,0,0,0.48137012,1.878405e-11,0.18973531,0.22348215,0.1054124,1.1411447e-13
2864,500,1000,0,0.011767575,6.2933873e-06,0.18744116,0.46209803,0.33868426,2.6827083e-06
2865,500,500,1,0.07435078,8.642604e-08,0.66649455,0.14324056,0.11591403,2.4559632e-09
2866,500,1500,0,0.074949816,2.6434384e-07,0.09500722,0.34762448,0.48241827,1.0707386e-08
2867,500,1500,0,0.039309725,8.783937e-06,0.26730758,0.27843457,0.41493872,5.810367e-07
2868,500,1000,0,0.01899821,2.2380668e-07,0.081792705,0.48014656,0.41906235,4.3554643e-08
2869,500,500,1,0.1680798,2.1494905e-07,0.59902287,0.119379826,0.11351726,1.889379e-09
2870,500,0,0,0.5516855,2.7277113e-11,0.25519228,0.12408479,0.069037445,4.1550703e-14
2871,500,0,0,0.32267693,5.3308263e-10,0.2802688,0.25024804,0.14680627,6.802766e-12
2872,500,1500,0,0.016962929,2.856283e-05,0.2000034,0.3096093,0.47339085,4.919658e-06
2873,500,1000,0,0.11781827,3.882872e-09,0.29661515,0.38103142,0.20453523,1.9379305e-10
2874,500,1000,0,0.02318452,5.1393382e-08,0.08737697,0.60237664,0.28706178,1.6744828e-08
2875,500,0,0,0.53841835,8.651839e-12,0.24956247,0.1407052,0.07131399,1.5114097e-14
2876,500,500,1,0.27112404,4.075392e-09,0.5323502,0.11383527,0.08269047,1.9977619e-11
2877,500,1000,0,0.14082474,1.0674176e-09,0.17037727,0.42966512,0.25913295,4.1187224e-11
2878,500,1000,0,0.069968335,1.01210915e-07,0.34143588,0.34392703,0.24466863,7.485709e-09
2879,500,1000,0,0.14190091,1.6964417e-09,0.08164905,0.40503255,0.37141752,4.595974e-11
2880,500,0,0,0.47216,3.4898469e-12,0.10689595,0.28095135,0.13999271,3.2739494e-14
2881,500,0,0,0.5077579,2.8824488e-12,0.34157056,0.08224148,0.068430126,7.505145e-17
2882,500,1500,0,0.011399001,5.2473217e-05,0.09607121,0.38694263,0.5055173,1.7343315e-05
2883,500,0,0,0.520734,1.3046216e-14,0.0984296,0.2733041,0.10753227,3.3216725e-17
2884,500,0,0,0.4773778,1.5403808e-18,0.052259766,0.38092086,0.08944161,1.8445271e-21
2885,500,1500,0,0.02608344,4.7472145e-06,0.21241336,0.33125183,0.43024608,5.0676323e-07
2886,500,1000,0,0.0879722,1.1404905e-11,0.03632809,0.7370402,0.13865946,2.5498458e-12
2887,500,0,0,0.6907616,6.9302317e-17,0.12762107,0.17043485,0.011182513,1.0697403e-18
2888,500,0,0,0.6205468,6.3709556e-14,0.22212453,0.12704115,0.030287506,3.233089e-16
2889,500,0,0,0.34970182,1.8358084e-11,0.07382018,0.3321318,0.24434622,1.0809455e-13
2890,500,0,0,0.6559764,1.0179091e-14,0.21628846,0.10145907,0.026275998,2.0673828e-17
2891,500,0,0,0.32427183,5.6335583e-08,0.27475107,0.19235593,0.2086211,2.3172524e-10
2892,500,0,0,0.695737,2.8425387e-17,0.18824361,0.10103918,0.014980277,3.882543e-20
2893,500,0,0,0.34218514,3.9662678e-09,0.14439195,0.24873726,0.26468566,1.42263415e-11
2894,500,0,0,0.2913926,2.4577806e-09,0.19197969,0.28247494,0.23415276,2.2979162e-11
2895,500,1000,0,0.2797905,1.4594138e-09,0.12091183,0.34839132,0.2509064,3.1063218e-11
2896,500,0,0,0.47799024,2.9557665e-10,0.22701725,0.14810137,0.14689112,9.613302e-14
2897,500,0,0,0.44171068,5.3430703e-08,0.2658723,0.14407347,0.14834347,1.2757584e-10
2898,500,500,1,0.09085814,3.0434103e-06,0.5289477,0.16976428,0.21042675,6.724064e-08
2899,500,1000,0,0.07786318,6.0357486e-08,0.18050805,0.38844594,0.35318285,2.9122953e-09
2900,500,0,0,0.42939556,4.5561412e-11,0.3539481,0.15063149,0.06602483,3.0673695e-13
2901,500,1000,0,0.021505196,2.6148723e-06,0.1780181,0.40270644,0.39776716,4.524577e-07
2902,500,0,0,0.63459253,1.0197531e-19,0.30821043,0.050546285,0.0066507068,5.750894e-24
2903,500,0,0,0.42931736,7.7304263e-10,0.39286295,0.1128829,0.064936794,2.7285483e-12
2904,500,1500,0,0.105828464,5.00656e-07,0.20409192,0.29840493,0.39167416,1.0352435e-08
2905,500,500,1,0.14385377,1.617607e-08,0.32470408,0.3229271,0.20851505,6.5772504e-10
2906,500,0,0,0.5583271,5.032817e-10,0.4272308,0.0075870184,0.006855205,3.2016897e-14
2907,500,0,0,0.54239476,2.2647921e-09,0.40882915,0.02319465,0.025581338,1.4007456e-13
2908,500,500,1,0.10387193,1.5184646e-06,0.82020414,0.03022806,0.0456944,4.5663153e-09
2909,500,500,1,0.03305813,9.93361e-05,0.4523883,0.16904098,0.34540787,5.3282934e-06
2910,500,500,1,0.21215454,9.844597e-07,0.71173763,0.0329203,0.043186568,1.92681e-09
2911,500,0,0,0.54785764,4.572405e-10,0.44267207,0.0040698065,0.0054005897,1.4651647e-15
2912,500,500,1,0.12229068,4.9927085e-06,0.425934,0.17941704,0.27235317,6.899642e-08
2913,500,500,1,0.14812511,0.00015808719,0.5473131,0.08150524,0.22289781,6.355387e-07
2914,500,0,0,0.4872908,8.956176e-08,0.44291243,0.024299867,0.045496807,4.425728e-12
2915,500,500,1,0.35108092,3.4998335e-09,0.6061792,0.025127247,0.017612701,4.488712e-12
2916,500,500,1,0.40702912,1.0219251e-07,0.5446483,0.008804209,0.039518263,9.4075647e-14
2917,500,0,0,0.43759707,1.1896446e-06,0.43116942,0.043796834,0.087435424,3.3808922e-10
2918,500,500,1,0.30940375,6.950828e-08,0.6048931,0.04110118,0.044601914,9.398286e-11
2919,500,0,0,0.41593212,7.4697033e-07,0.14067702,0.122661754,0.32072836,1.4086386e-10
2920,500,500,1,0.23339015,6.6350134e-07,0.6022514,0.07152666,0.09283108,1.7281532e-09
2921,500,500,1,0.056692094,1.51000195e-05,0.66718775,0.10310672,0.172998,2.8372352e-07
2922,500,500,1,0.28445706,7.4460665e-08,0.6339633,0.0387883,0.042791296,8.471326e-11
2923,500,500,1,0.40434635,8.910132e-09,0.58519524,0.00536062,0.0050977636,1.6605819e-12
2924,500,0,0,0.56566846,2.1603966e-10,0.43064988,0.0021913599,0.0014902866,1.1524927e-14
2925,500,500,1,0.04272009,8.330805e-06,0.6492591,0.12398404,0.18402825,2.424681e-07
2926,500,0,0,0.72652817,2.8387277e-17,0.27341816,4.1565992e-05,1.2099774e-05,2.8709632e-24
2927,500,0,0,0.48306715,0.00082777446,0.4031503,0.016276812,0.09667783,1.0496452e-07
2928,500,500,1,0.1277261,7.607282e-07,0.8224572,0.022140272,0.027675586,2.0610722e-09
2929,500,1500,0,0.025780186,0.00040620725,0.25820574,0.20568368,0.5098926,3.161656e-05
2930,500,0,0,0.51569396,3.805281e-09,0.45031518,0.018467363,0.015523462,1.1843792e-12
2931,500,0,0,0.6223261,1.7133312e-13,0.3771824,0.00026758265,0.00022387673,1.9060807e-20
2932,500,500,1,0.31020972,3.9820557e-07,0.5672006,0.050699838,0.071889386,4.267502e-10
2933,500,0,0,0.56679714,2.3704066e-10,0.42492402,0.0044854125,0.0037935197,9.053062e-15
2934,500,0,0,0.5152508,9.051783e-13,0.44894496,0.021799741,0.014004412,7.187432e-18
2935,500,500,1,0.1057725,2.1940522e-07,0.845479,0.024226347,0.024521897,1.1012068e-09
2936,500,500,1,0.03539611,2.7345366e-05,0.64610946,0.11428718,0.20417902,8.715861e-07
2937,500,500,1,0.073573284,3.0833703e-06,0.7875875,0.05851088,0.08032527,3.026903e-08
2938,500,500,1,0.13356042,4.0691793e-07,0.7043214,0.07847906,0.083638735,3.4130996e-09
2939,500,500,1,0.1860441,2.7784436e-06,0.62675667,0.07324768,0.11394883,8.288317e-09
2940,500,500,1,0.20093061,1.681279e-07,0.31851536,0.21571851,0.26483533,1.0295511e-09
2941,500,500,1,0.03586187,1.1705692e-05,0.48748332,0.20322688,0.27341557,7.411338e-07
2942,500,500,1,0.21861771,1.3148677e-09,0.4899474,0.18475457,0.10668038,1.6982402e-11
2943,500,500,1,0.3148426,1.4152904e-08,0.41264448,0.1418411,0.13067183,5.1047527e-11
2944,500,500,1,0.38330856,1.7236959e-08,0.5602238,0.027380975,0.029086571,8.869564e-12
2945,500,500,1,0.46279925,5.6205834e-10,0.46905014,0.02549032,0.042660188,1.1730677e-15
2946,500,0,0,0.6041123,9.137537e-13,0.37201974,0.016188568,0.0076793786,5.739135e-17
2947,500,500,1,0.059727084,1.1682044e-06,0.36848658,0.26717144,0.30461356,5.009139e-08
2948,500,1000,0,0.18699022,1.5084656e-09,0.2413248,0.35181287,0.21987213,3.7954185e-11
2949,500,500,1,0.4043636,7.96741e-10,0.4481317,0.09318185,0.054322835,2.5339375e-12
2950,500,500,1,0.04471667,4.881767e-06,0.8024482,0.064195685,0.08863447,9.333971e-08
2951,500,500,1,0.13829276,1.6098785e-06,0.8211682,0.016973995,0.023563473,3.1973921e-09
2952,500,500,1,0.08639783,0.000107057145,0.67864835,0.0704213,0.16442467,7.9107497e-07
2953,500,500,1,0.29144147,2.2516108e-06,0.6737174,0.011677,0.023161897,6.105803e-10
2954,500,500,1,0.49156186,6.8198607e-09,0.5037406,0.0020647177,0.002632795,1.6434701e-13
2955,500,500,1,0.060407273,0.00024518935,0.47992998,0.14449088,0.31491882,7.906026e-06
2956,500,1500,0,0.042222038,9.64308e-05,0.2492681,0.22275956,0.48564908,4.7976655e-06
2957,500,1500,0,0.036153644,4.2727064e-05,0.27620742,0.24638663,0.44120678,2.8764473e-06
2958,500,500,1,0.47572052,1.2655788e-09,0.5115053,0.003263752,0.00951039,6.1949073e-16
2959,500,500,1,0.2674732,7.3561374e-08,0.6254728,0.05355353,0.053500377,1.6486444e-10
2960,500,0,0,0.59848773,1.2028598e-12,0.3929289,0.005138565,0.0034447894,8.024055e-18
2961,500,0,0,0.5264792,9.156585e-10,0.33659545,0.072551236,0.06437413,3.956948e-13
2962,500,1500,0,0.04370417,1.8643179e-05,0.16540459,0.2967622,0.49410895,1.3585772e-06
2963,500,0,0,0.5839815,1.9941897e-13,0.22749472,0.13989863,0.048625123,3.111053e-16
2964,500,1500,0,0.024214547,0.000116654315,0.18338539,0.2369247,0.55534995,8.796427e-06
2965,500,1500,0,0.04864636,1.0540429e-05,0.34648028,0.25610375,0.34875843,5.848429e-07
2966,500,500,1,0.41375875,8.475659e-09,0.5833103,0.0013987302,0.0015322774,4.4172966e-13
2967,500,500,1,0.09943996,2.4078304e-07,0.68967324,0.103173666,0.10771292,2.7434766e-09
2968,500,1500,0,0.027495805,0.00039238637,0.111914255,0.22250646,0.6376645,2.656911e-05
2969,500,0,0,0.52405465,1.2302346e-09,0.47060543,0.0029764916,0.0023634285,1.0603705e-13
2970,500,500,1,0.18612415,5.479957e-07,0.72529763,0.03930712,0.049270563,1.3818116e-09
2971,500,500,1,0.15736392,9.839298e-08,0.7404459,0.054113213,0.048076887,5.9595834e-10
2972,500,500,1,0.028040782,0.0026877872,0.4958958,0.11888336,0.35430554,0.00018671162
2973,500,500,1,0.08458403,1.43204925e-05,0.6629154,0.08600432,0.16648182,1.0739954e-07
2974,500,1500,0,0.09112387,0.0022597553,0.32817203,0.12741964,0.4509869,3.7731304e-05
2975,500,500,1,0.05295762,4.459266e-06,0.815773,0.05734348,0.073921345,7.3929016e-08
2976,500,0,0,0.64268446,2.7954388e-12,0.3562631,0.0006329867,0.00041948253,6.768985e-18
2977,500,0,0,0.5139862,2.0028643e-09,0.47942463,0.0036574027,0.0029317706,2.026732e-13
2978,500,500,1,0.49742395,1.2115379e-11,0.5001894,0.000950096,0.0014366024,1.27658e-18
2979,500,500,1,0.03289798,0.0001017874,0.58423895,0.1369095,0.24584684,4.947844e-06
2980,500,500,1,0.030472089,3.170237e-05,0.4455165,0.1870176,0.33696052,1.6262964e-06
2981,500,0,0,0.55334955,5.792151e-10,0.4318482,0.006630734,0.008171525,4.3174404e-15
2982,500,0,0,0.5393686,1.0856113e-11,0.40046942,0.03281241,0.02734958,2.0930361e-16
2983,500,500,1,0.46704906,9.545374e-08,0.4968512,0.013283885,0.022815736,8.148449e-12
2984,500,500,1,0.086649604,1.7228718e-05,0.7681107,0.0520298,0.093192704,1.1143445e-07
2985,500,0,0,0.55688715,5.0221237e-11,0.40528277,0.02399521,0.013834889,2.1426569e-14
2986,500,0,0,0.6464551,1.4204013e-12,0.35062653,0.0019176678,0.0010006573,2.1418156e-17
2987,500,1500,0,0.08761797,2.4774843e-05,0.3213305,0.20769584,0.38333043,4.990134e-07
2988,500,0,0,0.64193255,6.1393295e-12,0.3566894,0.0008115588,0.0005664918,2.3534698e-17
2989,500,0,0,0.4225669,1.9113558e-07,0.17725144,0.118796654,0.28138474,1.3682867e-11
2990,500,0,0,0.5584261,2.3279e-10,0.3409468,0.0596128,0.04101429,1.2612791e-13
2991,500,500,1,0.0296238,2.452158e-06,0.6987725,0.13504688,0.13655415,1.5157651e-07
2992,500,500,1,0.123397596,3.705314e-07,0.68527675,0.09284411,0.098481104,3.277999e-09
2993,500,0,0,0.517429,1.5035709e-13,0.43540424,0.023330009,0.023836788,1.1271182e-19
2994,500,0,0,0.5288227,1.6663867e-09,0.41648832,0.022968447,0.03172049,3.0059746e-14
2995,500,1000,0,0.13449644,6.072986e-09,0.27887496,0.37138444,0.2152442,2.7937627e-10
2996,500,500,1,0.07876224,9.801086e-07,0.6482369,0.1274369,0.14556295,1.8530514e-08
2997,500,1500,0,0.11025301,4.7140847e-07,0.16488014,0.27154353,0.4533228,5.3898743e-09
2998,500,1000,0,0.12797274,4.905908e-10,0.15838456,0.47873056,0.23491223,2.899554e-11
2999,500,0,0,0.5695621,5.844501e-14,0.21197206,0.18120852,0.037257373,6.282438e-16
